ISO-10303-21;
HEADER;
FILE_DESCRIPTION(('Open CASCADE Model'),'2;1');
FILE_NAME('Open CASCADE Shape Model','2026-10-08T06:09:49',('Author'),(
    'Open CASCADE'),'Open CASCADE STEP processor 8.0','Open CASCADE 8.0'
  ,'Unknown');
FILE_SCHEMA(('AUTOMOTIVE_DESIGN { 1 0 10303 214 1 1 1 1 }'));
ENDSEC;
DATA;
#1 = APPLICATION_PROTOCOL_DEFINITION('international standard',
  'automotive_design',2000,#2);
#2 = APPLICATION_CONTEXT(
  'core data for automotive mechanical design processes');
#3 = SHAPE_DEFINITION_REPRESENTATION(#4,#10);
#4 = PRODUCT_DEFINITION_SHAPE('','',#5);
#5 = PRODUCT_DEFINITION('design','',#6,#9);
#6 = PRODUCT_DEFINITION_FORMATION('','',#7);
#7 = PRODUCT('\X2\0418043704340435043B04380435\X0\ 3 (328) - \X2\0434043504420430043B0438\X0\',
  '\X2\0418043704340435043B04380435\X0\ 3 (328) - \X2\0434043504420430043B0438\X0\','',(#8));
#8 = PRODUCT_CONTEXT('',#2,'mechanical');
#9 = PRODUCT_DEFINITION_CONTEXT('part definition',#2,'design');
#10 = SHAPE_REPRESENTATION('',(#11,#15,#19,#23,#27,#31,#35,#39,#43),#47
  );
#11 = AXIS2_PLACEMENT_3D('',#12,#13,#14);
#12 = CARTESIAN_POINT('',(0.,0.,0.));
#13 = DIRECTION('',(0.,0.,1.));
#14 = DIRECTION('',(1.,0.,-0.));
#15 = AXIS2_PLACEMENT_3D('',#16,#17,#18);
#16 = CARTESIAN_POINT('',(20.,0.,20.));
#17 = DIRECTION('',(0.,0.,1.));
#18 = DIRECTION('',(1.,0.,0.));
#19 = AXIS2_PLACEMENT_3D('',#20,#21,#22);
#20 = CARTESIAN_POINT('',(140.,0.,20.));
#21 = DIRECTION('',(0.,0.,1.));
#22 = DIRECTION('',(1.,0.,0.));
#23 = AXIS2_PLACEMENT_3D('',#24,#25,#26);
#24 = CARTESIAN_POINT('',(250.,0.,20.));
#25 = DIRECTION('',(0.,0.,1.));
#26 = DIRECTION('',(1.,0.,0.));
#27 = AXIS2_PLACEMENT_3D('',#28,#29,#30);
#28 = CARTESIAN_POINT('',(350.,-3.979039320257E-13,20.));
#29 = DIRECTION('',(0.,0.,1.));
#30 = DIRECTION('',(1.,0.,0.));
#31 = AXIS2_PLACEMENT_3D('',#32,#33,#34);
#32 = CARTESIAN_POINT('',(450.,-3.979039320257E-13,20.));
#33 = DIRECTION('',(0.,0.,1.));
#34 = DIRECTION('',(1.,0.,0.));
#35 = AXIS2_PLACEMENT_3D('',#36,#37,#38);
#36 = CARTESIAN_POINT('',(550.,0.,20.));
#37 = DIRECTION('',(0.,0.,1.));
#38 = DIRECTION('',(1.,0.,0.));
#39 = AXIS2_PLACEMENT_3D('',#40,#41,#42);
#40 = CARTESIAN_POINT('',(650.,8.526512829121E-14,20.));
#41 = DIRECTION('',(0.,0.,1.));
#42 = DIRECTION('',(1.,0.,0.));
#43 = AXIS2_PLACEMENT_3D('',#44,#45,#46);
#44 = CARTESIAN_POINT('',(750.,2.273736754432E-13,20.000000000001));
#45 = DIRECTION('',(0.,0.,1.));
#46 = DIRECTION('',(1.,0.,0.));
#47 = ( GEOMETRIC_REPRESENTATION_CONTEXT(3) 
GLOBAL_UNCERTAINTY_ASSIGNED_CONTEXT((#51)) GLOBAL_UNIT_ASSIGNED_CONTEXT(
(#48,#49,#50)) REPRESENTATION_CONTEXT('Context #1',
  '3D Context with UNIT and UNCERTAINTY') );
#48 = ( LENGTH_UNIT() NAMED_UNIT(*) SI_UNIT(.MILLI.,.METRE.) );
#49 = ( NAMED_UNIT(*) PLANE_ANGLE_UNIT() SI_UNIT($,.RADIAN.) );
#50 = ( NAMED_UNIT(*) SI_UNIT($,.STERADIAN.) SOLID_ANGLE_UNIT() );
#51 = UNCERTAINTY_MEASURE_WITH_UNIT(LENGTH_MEASURE(2.E-07),#48,
  'distance_accuracy_value','confusion accuracy');
#52 = PRODUCT_RELATED_PRODUCT_CATEGORY('part',$,(#7));
#53 = SHAPE_DEFINITION_REPRESENTATION(#54,#60);
#54 = PRODUCT_DEFINITION_SHAPE('','',#55);
#55 = PRODUCT_DEFINITION('design','',#56,#59);
#56 = PRODUCT_DEFINITION_FORMATION('','',#57);
#57 = PRODUCT('\X2\0414043504420430043B044C\X0\ 1 40\X2\0445\X0\40\X2\0445\X0\1,5 L=800 (8 \X2\044804420443043A\X0\)',
  '\X2\0414043504420430043B044C\X0\ 1 40\X2\0445\X0\40\X2\0445\X0\1,5 L=800 (8 \X2\044804420443043A\X0\)','',(#58));
#58 = PRODUCT_CONTEXT('',#2,'mechanical');
#59 = PRODUCT_DEFINITION_CONTEXT('part definition',#2,'design');
#60 = ADVANCED_BREP_SHAPE_REPRESENTATION('',(#11,#61),#2051);
#61 = MANIFOLD_SOLID_BREP('',#62);
#62 = CLOSED_SHELL('',(#63,#179,#261,#669,#719,#1016,#1167,#1194,#1221,
    #1248,#1395,#1442,#1469,#1616,#1643,#1670,#1697,#1828,#1835,#1862,
    #1889,#1916,#1943,#1970,#1997,#2024));
#63 = ADVANCED_FACE('',(#64),#78,.T.);
#64 = FACE_BOUND('',#65,.T.);
#65 = EDGE_LOOP('',(#66,#101,#127,#155));
#66 = ORIENTED_EDGE('',*,*,#67,.F.);
#67 = EDGE_CURVE('',#68,#70,#72,.T.);
#68 = VERTEX_POINT('',#69);
#69 = CARTESIAN_POINT('',(20.,0.,17.));
#70 = VERTEX_POINT('',#71);
#71 = CARTESIAN_POINT('',(20.,800.,17.));
#72 = SURFACE_CURVE('',#73,(#77,#89),.PCURVE_S1.);
#73 = LINE('',#74,#75);
#74 = CARTESIAN_POINT('',(20.,-140.,17.));
#75 = VECTOR('',#76,1.);
#76 = DIRECTION('',(0.,1.,0.));
#77 = PCURVE('',#78,#83);
#78 = PLANE('',#79);
#79 = AXIS2_PLACEMENT_3D('',#80,#81,#82);
#80 = CARTESIAN_POINT('',(20.,-140.,-17.));
#81 = DIRECTION('',(1.,0.,0.));
#82 = DIRECTION('',(0.,0.,1.));
#83 = DEFINITIONAL_REPRESENTATION('',(#84),#88);
#84 = LINE('',#85,#86);
#85 = CARTESIAN_POINT('',(34.,0.));
#86 = VECTOR('',#87,1.);
#87 = DIRECTION('',(0.,-1.));
#88 = ( GEOMETRIC_REPRESENTATION_CONTEXT(2) 
PARAMETRIC_REPRESENTATION_CONTEXT() REPRESENTATION_CONTEXT('2D SPACE',''
  ) );
#89 = PCURVE('',#90,#95);
#90 = CYLINDRICAL_SURFACE('',#91,3.);
#91 = AXIS2_PLACEMENT_3D('',#92,#93,#94);
#92 = CARTESIAN_POINT('',(17.,-140.,17.));
#93 = DIRECTION('',(0.,-1.,0.));
#94 = DIRECTION('',(1.,0.,0.));
#95 = DEFINITIONAL_REPRESENTATION('',(#96),#100);
#96 = LINE('',#97,#98);
#97 = CARTESIAN_POINT('',(0.,0.));
#98 = VECTOR('',#99,1.);
#99 = DIRECTION('',(0.,-1.));
#100 = ( GEOMETRIC_REPRESENTATION_CONTEXT(2) 
PARAMETRIC_REPRESENTATION_CONTEXT() REPRESENTATION_CONTEXT('2D SPACE',''
  ) );
#101 = ORIENTED_EDGE('',*,*,#102,.T.);
#102 = EDGE_CURVE('',#68,#103,#105,.T.);
#103 = VERTEX_POINT('',#104);
#104 = CARTESIAN_POINT('',(20.,0.,-17.));
#105 = SURFACE_CURVE('',#106,(#110,#116),.PCURVE_S1.);
#106 = LINE('',#107,#108);
#107 = CARTESIAN_POINT('',(20.,0.,4.9915E+03));
#108 = VECTOR('',#109,1.);
#109 = DIRECTION('',(0.,0.,-1.));
#110 = PCURVE('',#78,#111);
#111 = DEFINITIONAL_REPRESENTATION('',(#112),#115);
#112 = B_SPLINE_CURVE_WITH_KNOTS('',1,(#113,#114),.UNSPECIFIED.,.F.,.F.,
  (2,2),(4.9745E+03,5.0085E+03),.PIECEWISE_BEZIER_KNOTS.);
#113 = CARTESIAN_POINT('',(34.,-140.));
#114 = CARTESIAN_POINT('',(0.,-140.));
#115 = ( GEOMETRIC_REPRESENTATION_CONTEXT(2) 
PARAMETRIC_REPRESENTATION_CONTEXT() REPRESENTATION_CONTEXT('2D SPACE',''
  ) );
#116 = PCURVE('',#117,#122);
#117 = PLANE('',#118);
#118 = AXIS2_PLACEMENT_3D('',#119,#120,#121);
#119 = CARTESIAN_POINT('',(-9.98E+03,0.,1.E+04));
#120 = DIRECTION('',(0.,-1.,0.));
#121 = DIRECTION('',(0.,0.,-1.));
#122 = DEFINITIONAL_REPRESENTATION('',(#123),#126);
#123 = B_SPLINE_CURVE_WITH_KNOTS('',1,(#124,#125),.UNSPECIFIED.,.F.,.F.,
  (2,2),(4.9745E+03,5.0085E+03),.PIECEWISE_BEZIER_KNOTS.);
#124 = CARTESIAN_POINT('',(9.983E+03,1.E+04));
#125 = CARTESIAN_POINT('',(1.0017E+04,1.E+04));
#126 = ( GEOMETRIC_REPRESENTATION_CONTEXT(2) 
PARAMETRIC_REPRESENTATION_CONTEXT() REPRESENTATION_CONTEXT('2D SPACE',''
  ) );
#127 = ORIENTED_EDGE('',*,*,#128,.T.);
#128 = EDGE_CURVE('',#103,#129,#131,.T.);
#129 = VERTEX_POINT('',#130);
#130 = CARTESIAN_POINT('',(20.,800.,-17.));
#131 = SURFACE_CURVE('',#132,(#136,#143),.PCURVE_S1.);
#132 = LINE('',#133,#134);
#133 = CARTESIAN_POINT('',(20.,-140.,-17.));
#134 = VECTOR('',#135,1.);
#135 = DIRECTION('',(0.,1.,0.));
#136 = PCURVE('',#78,#137);
#137 = DEFINITIONAL_REPRESENTATION('',(#138),#142);
#138 = LINE('',#139,#140);
#139 = CARTESIAN_POINT('',(0.,0.));
#140 = VECTOR('',#141,1.);
#141 = DIRECTION('',(0.,-1.));
#142 = ( GEOMETRIC_REPRESENTATION_CONTEXT(2) 
PARAMETRIC_REPRESENTATION_CONTEXT() REPRESENTATION_CONTEXT('2D SPACE',''
  ) );
#143 = PCURVE('',#144,#149);
#144 = CYLINDRICAL_SURFACE('',#145,3.);
#145 = AXIS2_PLACEMENT_3D('',#146,#147,#148);
#146 = CARTESIAN_POINT('',(17.,-140.,-17.));
#147 = DIRECTION('',(0.,-1.,0.));
#148 = DIRECTION('',(0.,0.,-1.));
#149 = DEFINITIONAL_REPRESENTATION('',(#150),#154);
#150 = LINE('',#151,#152);
#151 = CARTESIAN_POINT('',(1.570796326795,0.));
#152 = VECTOR('',#153,1.);
#153 = DIRECTION('',(0.,-1.));
#154 = ( GEOMETRIC_REPRESENTATION_CONTEXT(2) 
PARAMETRIC_REPRESENTATION_CONTEXT() REPRESENTATION_CONTEXT('2D SPACE',''
  ) );
#155 = ORIENTED_EDGE('',*,*,#156,.T.);
#156 = EDGE_CURVE('',#129,#70,#157,.T.);
#157 = SURFACE_CURVE('',#158,(#162,#168),.PCURVE_S1.);
#158 = LINE('',#159,#160);
#159 = CARTESIAN_POINT('',(20.,800.,-5.0085E+03));
#160 = VECTOR('',#161,1.);
#161 = DIRECTION('',(0.,0.,1.));
#162 = PCURVE('',#78,#163);
#163 = DEFINITIONAL_REPRESENTATION('',(#164),#167);
#164 = B_SPLINE_CURVE_WITH_KNOTS('',1,(#165,#166),.UNSPECIFIED.,.F.,.F.,
  (2,2),(4.9915E+03,5.0255E+03),.PIECEWISE_BEZIER_KNOTS.);
#165 = CARTESIAN_POINT('',(0.,-940.));
#166 = CARTESIAN_POINT('',(34.,-940.));
#167 = ( GEOMETRIC_REPRESENTATION_CONTEXT(2) 
PARAMETRIC_REPRESENTATION_CONTEXT() REPRESENTATION_CONTEXT('2D SPACE',''
  ) );
#168 = PCURVE('',#169,#174);
#169 = PLANE('',#170);
#170 = AXIS2_PLACEMENT_3D('',#171,#172,#173);
#171 = CARTESIAN_POINT('',(-9.98E+03,800.,-1.E+04));
#172 = DIRECTION('',(0.,1.,0.));
#173 = DIRECTION('',(0.,0.,1.));
#174 = DEFINITIONAL_REPRESENTATION('',(#175),#178);
#175 = B_SPLINE_CURVE_WITH_KNOTS('',1,(#176,#177),.UNSPECIFIED.,.F.,.F.,
  (2,2),(4.9915E+03,5.0255E+03),.PIECEWISE_BEZIER_KNOTS.);
#176 = CARTESIAN_POINT('',(9.983E+03,1.E+04));
#177 = CARTESIAN_POINT('',(1.0017E+04,1.E+04));
#178 = ( GEOMETRIC_REPRESENTATION_CONTEXT(2) 
PARAMETRIC_REPRESENTATION_CONTEXT() REPRESENTATION_CONTEXT('2D SPACE',''
  ) );
#179 = ADVANCED_FACE('',(#180),#90,.T.);
#180 = FACE_BOUND('',#181,.T.);
#181 = EDGE_LOOP('',(#182,#206,#207,#235));
#182 = ORIENTED_EDGE('',*,*,#183,.F.);
#183 = EDGE_CURVE('',#68,#184,#186,.T.);
#184 = VERTEX_POINT('',#185);
#185 = CARTESIAN_POINT('',(17.,0.,20.));
#186 = SURFACE_CURVE('',#187,(#192,#199),.PCURVE_S1.);
#187 = CIRCLE('',#188,3.);
#188 = AXIS2_PLACEMENT_3D('',#189,#190,#191);
#189 = CARTESIAN_POINT('',(17.,0.,17.));
#190 = DIRECTION('',(0.,-1.,0.));
#191 = DIRECTION('',(1.,0.,0.));
#192 = PCURVE('',#90,#193);
#193 = DEFINITIONAL_REPRESENTATION('',(#194),#198);
#194 = LINE('',#195,#196);
#195 = CARTESIAN_POINT('',(0.,-140.));
#196 = VECTOR('',#197,1.);
#197 = DIRECTION('',(1.,0.));
#198 = ( GEOMETRIC_REPRESENTATION_CONTEXT(2) 
PARAMETRIC_REPRESENTATION_CONTEXT() REPRESENTATION_CONTEXT('2D SPACE',''
  ) );
#199 = PCURVE('',#117,#200);
#200 = DEFINITIONAL_REPRESENTATION('',(#201),#205);
#201 = CIRCLE('',#202,3.);
#202 = AXIS2_PLACEMENT_2D('',#203,#204);
#203 = CARTESIAN_POINT('',(9.983E+03,9.997E+03));
#204 = DIRECTION('',(0.,1.));
#205 = ( GEOMETRIC_REPRESENTATION_CONTEXT(2) 
PARAMETRIC_REPRESENTATION_CONTEXT() REPRESENTATION_CONTEXT('2D SPACE',''
  ) );
#206 = ORIENTED_EDGE('',*,*,#67,.T.);
#207 = ORIENTED_EDGE('',*,*,#208,.T.);
#208 = EDGE_CURVE('',#70,#209,#211,.T.);
#209 = VERTEX_POINT('',#210);
#210 = CARTESIAN_POINT('',(17.,800.,20.));
#211 = SURFACE_CURVE('',#212,(#217,#224),.PCURVE_S1.);
#212 = CIRCLE('',#213,3.);
#213 = AXIS2_PLACEMENT_3D('',#214,#215,#216);
#214 = CARTESIAN_POINT('',(17.,800.,17.));
#215 = DIRECTION('',(0.,-1.,0.));
#216 = DIRECTION('',(1.,0.,0.));
#217 = PCURVE('',#90,#218);
#218 = DEFINITIONAL_REPRESENTATION('',(#219),#223);
#219 = LINE('',#220,#221);
#220 = CARTESIAN_POINT('',(0.,-940.));
#221 = VECTOR('',#222,1.);
#222 = DIRECTION('',(1.,0.));
#223 = ( GEOMETRIC_REPRESENTATION_CONTEXT(2) 
PARAMETRIC_REPRESENTATION_CONTEXT() REPRESENTATION_CONTEXT('2D SPACE',''
  ) );
#224 = PCURVE('',#169,#225);
#225 = DEFINITIONAL_REPRESENTATION('',(#226),#234);
#226 = ( BOUNDED_CURVE() B_SPLINE_CURVE(2,(#227,#228,#229,#230,#231,#232
,#233),.UNSPECIFIED.,.T.,.F.) B_SPLINE_CURVE_WITH_KNOTS((1,2,2,2,2,1),(
    -2.094395102393,0.,2.094395102393,4.188790204786,6.28318530718,
8.377580409573),.UNSPECIFIED.) CURVE() GEOMETRIC_REPRESENTATION_ITEM() 
RATIONAL_B_SPLINE_CURVE((1.,0.5,1.,0.5,1.,0.5,1.)) REPRESENTATION_ITEM(
  '') );
#227 = CARTESIAN_POINT('',(1.0017E+04,1.E+04));
#228 = CARTESIAN_POINT('',(1.002219615242E+04,1.E+04));
#229 = CARTESIAN_POINT('',(1.001959807621E+04,9.9955E+03));
#230 = CARTESIAN_POINT('',(1.0017E+04,9.991E+03));
#231 = CARTESIAN_POINT('',(1.001440192379E+04,9.9955E+03));
#232 = CARTESIAN_POINT('',(1.001180384758E+04,1.E+04));
#233 = CARTESIAN_POINT('',(1.0017E+04,1.E+04));
#234 = ( GEOMETRIC_REPRESENTATION_CONTEXT(2) 
PARAMETRIC_REPRESENTATION_CONTEXT() REPRESENTATION_CONTEXT('2D SPACE',''
  ) );
#235 = ORIENTED_EDGE('',*,*,#236,.F.);
#236 = EDGE_CURVE('',#184,#209,#237,.T.);
#237 = SURFACE_CURVE('',#238,(#242,#249),.PCURVE_S1.);
#238 = LINE('',#239,#240);
#239 = CARTESIAN_POINT('',(17.,-140.,20.));
#240 = VECTOR('',#241,1.);
#241 = DIRECTION('',(0.,1.,0.));
#242 = PCURVE('',#90,#243);
#243 = DEFINITIONAL_REPRESENTATION('',(#244),#248);
#244 = LINE('',#245,#246);
#245 = CARTESIAN_POINT('',(1.570796326795,0.));
#246 = VECTOR('',#247,1.);
#247 = DIRECTION('',(0.,-1.));
#248 = ( GEOMETRIC_REPRESENTATION_CONTEXT(2) 
PARAMETRIC_REPRESENTATION_CONTEXT() REPRESENTATION_CONTEXT('2D SPACE',''
  ) );
#249 = PCURVE('',#250,#255);
#250 = PLANE('',#251);
#251 = AXIS2_PLACEMENT_3D('',#252,#253,#254);
#252 = CARTESIAN_POINT('',(17.,-140.,20.));
#253 = DIRECTION('',(0.,-0.,1.));
#254 = DIRECTION('',(-1.,0.,0.));
#255 = DEFINITIONAL_REPRESENTATION('',(#256),#260);
#256 = LINE('',#257,#258);
#257 = CARTESIAN_POINT('',(0.,0.));
#258 = VECTOR('',#259,1.);
#259 = DIRECTION('',(0.,-1.));
#260 = ( GEOMETRIC_REPRESENTATION_CONTEXT(2) 
PARAMETRIC_REPRESENTATION_CONTEXT() REPRESENTATION_CONTEXT('2D SPACE',''
  ) );
#261 = ADVANCED_FACE('',(#262,#431),#169,.T.);
#262 = FACE_BOUND('',#263,.T.);
#263 = EDGE_LOOP('',(#264,#265,#293,#319,#352,#378,#411,#430));
#264 = ORIENTED_EDGE('',*,*,#156,.F.);
#265 = ORIENTED_EDGE('',*,*,#266,.F.);
#266 = EDGE_CURVE('',#267,#129,#269,.T.);
#267 = VERTEX_POINT('',#268);
#268 = CARTESIAN_POINT('',(17.,800.,-20.));
#269 = SURFACE_CURVE('',#270,(#275,#286),.PCURVE_S1.);
#270 = CIRCLE('',#271,3.);
#271 = AXIS2_PLACEMENT_3D('',#272,#273,#274);
#272 = CARTESIAN_POINT('',(17.,800.,-17.));
#273 = DIRECTION('',(0.,-1.,0.));
#274 = DIRECTION('',(0.,0.,-1.));
#275 = PCURVE('',#169,#276);
#276 = DEFINITIONAL_REPRESENTATION('',(#277),#285);
#277 = ( BOUNDED_CURVE() B_SPLINE_CURVE(2,(#278,#279,#280,#281,#282,#283
,#284),.UNSPECIFIED.,.T.,.F.) B_SPLINE_CURVE_WITH_KNOTS((1,2,2,2,2,1),(
    -2.094395102393,0.,2.094395102393,4.188790204786,6.28318530718,
8.377580409573),.UNSPECIFIED.) CURVE() GEOMETRIC_REPRESENTATION_ITEM() 
RATIONAL_B_SPLINE_CURVE((1.,0.5,1.,0.5,1.,0.5,1.)) REPRESENTATION_ITEM(
  '') );
#278 = CARTESIAN_POINT('',(9.98E+03,9.997E+03));
#279 = CARTESIAN_POINT('',(9.98E+03,1.000219615242E+04));
#280 = CARTESIAN_POINT('',(9.9845E+03,9.999598076211E+03));
#281 = CARTESIAN_POINT('',(9.989E+03,9.997E+03));
#282 = CARTESIAN_POINT('',(9.9845E+03,9.994401923789E+03));
#283 = CARTESIAN_POINT('',(9.98E+03,9.991803847577E+03));
#284 = CARTESIAN_POINT('',(9.98E+03,9.997E+03));
#285 = ( GEOMETRIC_REPRESENTATION_CONTEXT(2) 
PARAMETRIC_REPRESENTATION_CONTEXT() REPRESENTATION_CONTEXT('2D SPACE',''
  ) );
#286 = PCURVE('',#144,#287);
#287 = DEFINITIONAL_REPRESENTATION('',(#288),#292);
#288 = LINE('',#289,#290);
#289 = CARTESIAN_POINT('',(0.,-940.));
#290 = VECTOR('',#291,1.);
#291 = DIRECTION('',(1.,0.));
#292 = ( GEOMETRIC_REPRESENTATION_CONTEXT(2) 
PARAMETRIC_REPRESENTATION_CONTEXT() REPRESENTATION_CONTEXT('2D SPACE',''
  ) );
#293 = ORIENTED_EDGE('',*,*,#294,.F.);
#294 = EDGE_CURVE('',#295,#267,#297,.T.);
#295 = VERTEX_POINT('',#296);
#296 = CARTESIAN_POINT('',(-17.,800.,-20.));
#297 = SURFACE_CURVE('',#298,(#302,#308),.PCURVE_S1.);
#298 = LINE('',#299,#300);
#299 = CARTESIAN_POINT('',(-4.9985E+03,800.,-20.));
#300 = VECTOR('',#301,1.);
#301 = DIRECTION('',(1.,-0.,0.));
#302 = PCURVE('',#169,#303);
#303 = DEFINITIONAL_REPRESENTATION('',(#304),#307);
#304 = B_SPLINE_CURVE_WITH_KNOTS('',1,(#305,#306),.UNSPECIFIED.,.F.,.F.,
  (2,2),(4.9815E+03,5.0155E+03),.PIECEWISE_BEZIER_KNOTS.);
#305 = CARTESIAN_POINT('',(9.98E+03,9.963E+03));
#306 = CARTESIAN_POINT('',(9.98E+03,9.997E+03));
#307 = ( GEOMETRIC_REPRESENTATION_CONTEXT(2) 
PARAMETRIC_REPRESENTATION_CONTEXT() REPRESENTATION_CONTEXT('2D SPACE',''
  ) );
#308 = PCURVE('',#309,#314);
#309 = PLANE('',#310);
#310 = AXIS2_PLACEMENT_3D('',#311,#312,#313);
#311 = CARTESIAN_POINT('',(-17.,-140.,-20.));
#312 = DIRECTION('',(0.,0.,-1.));
#313 = DIRECTION('',(1.,0.,0.));
#314 = DEFINITIONAL_REPRESENTATION('',(#315),#318);
#315 = B_SPLINE_CURVE_WITH_KNOTS('',1,(#316,#317),.UNSPECIFIED.,.F.,.F.,
  (2,2),(4.9815E+03,5.0155E+03),.PIECEWISE_BEZIER_KNOTS.);
#316 = CARTESIAN_POINT('',(0.,-940.));
#317 = CARTESIAN_POINT('',(34.,-940.));
#318 = ( GEOMETRIC_REPRESENTATION_CONTEXT(2) 
PARAMETRIC_REPRESENTATION_CONTEXT() REPRESENTATION_CONTEXT('2D SPACE',''
  ) );
#319 = ORIENTED_EDGE('',*,*,#320,.F.);
#320 = EDGE_CURVE('',#321,#295,#323,.T.);
#321 = VERTEX_POINT('',#322);
#322 = CARTESIAN_POINT('',(-20.,800.,-17.));
#323 = SURFACE_CURVE('',#324,(#329,#340),.PCURVE_S1.);
#324 = CIRCLE('',#325,3.);
#325 = AXIS2_PLACEMENT_3D('',#326,#327,#328);
#326 = CARTESIAN_POINT('',(-17.,800.,-17.));
#327 = DIRECTION('',(0.,-1.,0.));
#328 = DIRECTION('',(-1.,0.,0.));
#329 = PCURVE('',#169,#330);
#330 = DEFINITIONAL_REPRESENTATION('',(#331),#339);
#331 = ( BOUNDED_CURVE() B_SPLINE_CURVE(2,(#332,#333,#334,#335,#336,#337
,#338),.UNSPECIFIED.,.T.,.F.) B_SPLINE_CURVE_WITH_KNOTS((1,2,2,2,2,1),(
    -2.094395102393,0.,2.094395102393,4.188790204786,6.28318530718,
8.377580409573),.UNSPECIFIED.) CURVE() GEOMETRIC_REPRESENTATION_ITEM() 
RATIONAL_B_SPLINE_CURVE((1.,0.5,1.,0.5,1.,0.5,1.)) REPRESENTATION_ITEM(
  '') );
#332 = CARTESIAN_POINT('',(9.983E+03,9.96E+03));
#333 = CARTESIAN_POINT('',(9.977803847577E+03,9.96E+03));
#334 = CARTESIAN_POINT('',(9.980401923789E+03,9.9645E+03));
#335 = CARTESIAN_POINT('',(9.983E+03,9.969E+03));
#336 = CARTESIAN_POINT('',(9.985598076211E+03,9.9645E+03));
#337 = CARTESIAN_POINT('',(9.988196152423E+03,9.96E+03));
#338 = CARTESIAN_POINT('',(9.983E+03,9.96E+03));
#339 = ( GEOMETRIC_REPRESENTATION_CONTEXT(2) 
PARAMETRIC_REPRESENTATION_CONTEXT() REPRESENTATION_CONTEXT('2D SPACE',''
  ) );
#340 = PCURVE('',#341,#346);
#341 = CYLINDRICAL_SURFACE('',#342,3.);
#342 = AXIS2_PLACEMENT_3D('',#343,#344,#345);
#343 = CARTESIAN_POINT('',(-17.,-140.,-17.));
#344 = DIRECTION('',(0.,-1.,0.));
#345 = DIRECTION('',(-1.,0.,0.));
#346 = DEFINITIONAL_REPRESENTATION('',(#347),#351);
#347 = LINE('',#348,#349);
#348 = CARTESIAN_POINT('',(0.,-940.));
#349 = VECTOR('',#350,1.);
#350 = DIRECTION('',(1.,0.));
#351 = ( GEOMETRIC_REPRESENTATION_CONTEXT(2) 
PARAMETRIC_REPRESENTATION_CONTEXT() REPRESENTATION_CONTEXT('2D SPACE',''
  ) );
#352 = ORIENTED_EDGE('',*,*,#353,.F.);
#353 = EDGE_CURVE('',#354,#321,#356,.T.);
#354 = VERTEX_POINT('',#355);
#355 = CARTESIAN_POINT('',(-20.,800.,17.));
#356 = SURFACE_CURVE('',#357,(#361,#367),.PCURVE_S1.);
#357 = LINE('',#358,#359);
#358 = CARTESIAN_POINT('',(-20.,800.,-4.9915E+03));
#359 = VECTOR('',#360,1.);
#360 = DIRECTION('',(0.,0.,-1.));
#361 = PCURVE('',#169,#362);
#362 = DEFINITIONAL_REPRESENTATION('',(#363),#366);
#363 = B_SPLINE_CURVE_WITH_KNOTS('',1,(#364,#365),.UNSPECIFIED.,.F.,.F.,
  (2,2),(-5.0085E+03,-4.9745E+03),.PIECEWISE_BEZIER_KNOTS.);
#364 = CARTESIAN_POINT('',(1.0017E+04,9.96E+03));
#365 = CARTESIAN_POINT('',(9.983E+03,9.96E+03));
#366 = ( GEOMETRIC_REPRESENTATION_CONTEXT(2) 
PARAMETRIC_REPRESENTATION_CONTEXT() REPRESENTATION_CONTEXT('2D SPACE',''
  ) );
#367 = PCURVE('',#368,#373);
#368 = PLANE('',#369);
#369 = AXIS2_PLACEMENT_3D('',#370,#371,#372);
#370 = CARTESIAN_POINT('',(-20.,-140.,17.));
#371 = DIRECTION('',(-1.,0.,0.));
#372 = DIRECTION('',(0.,0.,-1.));
#373 = DEFINITIONAL_REPRESENTATION('',(#374),#377);
#374 = B_SPLINE_CURVE_WITH_KNOTS('',1,(#375,#376),.UNSPECIFIED.,.F.,.F.,
  (2,2),(-5.0085E+03,-4.9745E+03),.PIECEWISE_BEZIER_KNOTS.);
#375 = CARTESIAN_POINT('',(0.,-940.));
#376 = CARTESIAN_POINT('',(34.,-940.));
#377 = ( GEOMETRIC_REPRESENTATION_CONTEXT(2) 
PARAMETRIC_REPRESENTATION_CONTEXT() REPRESENTATION_CONTEXT('2D SPACE',''
  ) );
#378 = ORIENTED_EDGE('',*,*,#379,.F.);
#379 = EDGE_CURVE('',#380,#354,#382,.T.);
#380 = VERTEX_POINT('',#381);
#381 = CARTESIAN_POINT('',(-17.,800.,20.));
#382 = SURFACE_CURVE('',#383,(#388,#399),.PCURVE_S1.);
#383 = CIRCLE('',#384,3.);
#384 = AXIS2_PLACEMENT_3D('',#385,#386,#387);
#385 = CARTESIAN_POINT('',(-17.,800.,17.));
#386 = DIRECTION('',(0.,-1.,0.));
#387 = DIRECTION('',(0.,0.,1.));
#388 = PCURVE('',#169,#389);
#389 = DEFINITIONAL_REPRESENTATION('',(#390),#398);
#390 = ( BOUNDED_CURVE() B_SPLINE_CURVE(2,(#391,#392,#393,#394,#395,#396
,#397),.UNSPECIFIED.,.T.,.F.) B_SPLINE_CURVE_WITH_KNOTS((1,2,2,2,2,1),(
    -2.094395102393,0.,2.094395102393,4.188790204786,6.28318530718,
8.377580409573),.UNSPECIFIED.) CURVE() GEOMETRIC_REPRESENTATION_ITEM() 
RATIONAL_B_SPLINE_CURVE((1.,0.5,1.,0.5,1.,0.5,1.)) REPRESENTATION_ITEM(
  '') );
#391 = CARTESIAN_POINT('',(1.002E+04,9.963E+03));
#392 = CARTESIAN_POINT('',(1.002E+04,9.957803847577E+03));
#393 = CARTESIAN_POINT('',(1.00155E+04,9.960401923789E+03));
#394 = CARTESIAN_POINT('',(1.0011E+04,9.963E+03));
#395 = CARTESIAN_POINT('',(1.00155E+04,9.965598076211E+03));
#396 = CARTESIAN_POINT('',(1.002E+04,9.968196152423E+03));
#397 = CARTESIAN_POINT('',(1.002E+04,9.963E+03));
#398 = ( GEOMETRIC_REPRESENTATION_CONTEXT(2) 
PARAMETRIC_REPRESENTATION_CONTEXT() REPRESENTATION_CONTEXT('2D SPACE',''
  ) );
#399 = PCURVE('',#400,#405);
#400 = CYLINDRICAL_SURFACE('',#401,3.);
#401 = AXIS2_PLACEMENT_3D('',#402,#403,#404);
#402 = CARTESIAN_POINT('',(-17.,-140.,17.));
#403 = DIRECTION('',(0.,-1.,0.));
#404 = DIRECTION('',(0.,0.,1.));
#405 = DEFINITIONAL_REPRESENTATION('',(#406),#410);
#406 = LINE('',#407,#408);
#407 = CARTESIAN_POINT('',(0.,-940.));
#408 = VECTOR('',#409,1.);
#409 = DIRECTION('',(1.,0.));
#410 = ( GEOMETRIC_REPRESENTATION_CONTEXT(2) 
PARAMETRIC_REPRESENTATION_CONTEXT() REPRESENTATION_CONTEXT('2D SPACE',''
  ) );
#411 = ORIENTED_EDGE('',*,*,#412,.F.);
#412 = EDGE_CURVE('',#209,#380,#413,.T.);
#413 = SURFACE_CURVE('',#414,(#418,#424),.PCURVE_S1.);
#414 = LINE('',#415,#416);
#415 = CARTESIAN_POINT('',(-4.9815E+03,800.,20.));
#416 = VECTOR('',#417,1.);
#417 = DIRECTION('',(-1.,0.,0.));
#418 = PCURVE('',#169,#419);
#419 = DEFINITIONAL_REPRESENTATION('',(#420),#423);
#420 = B_SPLINE_CURVE_WITH_KNOTS('',1,(#421,#422),.UNSPECIFIED.,.F.,.F.,
  (2,2),(-4.9985E+03,-4.9645E+03),.PIECEWISE_BEZIER_KNOTS.);
#421 = CARTESIAN_POINT('',(1.002E+04,9.997E+03));
#422 = CARTESIAN_POINT('',(1.002E+04,9.963E+03));
#423 = ( GEOMETRIC_REPRESENTATION_CONTEXT(2) 
PARAMETRIC_REPRESENTATION_CONTEXT() REPRESENTATION_CONTEXT('2D SPACE',''
  ) );
#424 = PCURVE('',#250,#425);
#425 = DEFINITIONAL_REPRESENTATION('',(#426),#429);
#426 = B_SPLINE_CURVE_WITH_KNOTS('',1,(#427,#428),.UNSPECIFIED.,.F.,.F.,
  (2,2),(-4.9985E+03,-4.9645E+03),.PIECEWISE_BEZIER_KNOTS.);
#427 = CARTESIAN_POINT('',(0.,-940.));
#428 = CARTESIAN_POINT('',(34.,-940.));
#429 = ( GEOMETRIC_REPRESENTATION_CONTEXT(2) 
PARAMETRIC_REPRESENTATION_CONTEXT() REPRESENTATION_CONTEXT('2D SPACE',''
  ) );
#430 = ORIENTED_EDGE('',*,*,#208,.F.);
#431 = FACE_BOUND('',#432,.T.);
#432 = EDGE_LOOP('',(#433,#461,#494,#520,#553,#579,#612,#638));
#433 = ORIENTED_EDGE('',*,*,#434,.T.);
#434 = EDGE_CURVE('',#435,#437,#439,.T.);
#435 = VERTEX_POINT('',#436);
#436 = CARTESIAN_POINT('',(18.5,800.,-17.));
#437 = VERTEX_POINT('',#438);
#438 = CARTESIAN_POINT('',(18.5,800.,17.));
#439 = SURFACE_CURVE('',#440,(#444,#450),.PCURVE_S1.);
#440 = LINE('',#441,#442);
#441 = CARTESIAN_POINT('',(18.5,800.,-5.0085E+03));
#442 = VECTOR('',#443,1.);
#443 = DIRECTION('',(0.,0.,1.));
#444 = PCURVE('',#169,#445);
#445 = DEFINITIONAL_REPRESENTATION('',(#446),#449);
#446 = B_SPLINE_CURVE_WITH_KNOTS('',1,(#447,#448),.UNSPECIFIED.,.F.,.F.,
  (2,2),(4.9915E+03,5.0255E+03),.PIECEWISE_BEZIER_KNOTS.);
#447 = CARTESIAN_POINT('',(9.983E+03,9.9985E+03));
#448 = CARTESIAN_POINT('',(1.0017E+04,9.9985E+03));
#449 = ( GEOMETRIC_REPRESENTATION_CONTEXT(2) 
PARAMETRIC_REPRESENTATION_CONTEXT() REPRESENTATION_CONTEXT('2D SPACE',''
  ) );
#450 = PCURVE('',#451,#456);
#451 = PLANE('',#452);
#452 = AXIS2_PLACEMENT_3D('',#453,#454,#455);
#453 = CARTESIAN_POINT('',(18.5,-140.,-17.));
#454 = DIRECTION('',(1.,0.,0.));
#455 = DIRECTION('',(0.,0.,1.));
#456 = DEFINITIONAL_REPRESENTATION('',(#457),#460);
#457 = B_SPLINE_CURVE_WITH_KNOTS('',1,(#458,#459),.UNSPECIFIED.,.F.,.F.,
  (2,2),(4.9915E+03,5.0255E+03),.PIECEWISE_BEZIER_KNOTS.);
#458 = CARTESIAN_POINT('',(0.,-940.));
#459 = CARTESIAN_POINT('',(34.,-940.));
#460 = ( GEOMETRIC_REPRESENTATION_CONTEXT(2) 
PARAMETRIC_REPRESENTATION_CONTEXT() REPRESENTATION_CONTEXT('2D SPACE',''
  ) );
#461 = ORIENTED_EDGE('',*,*,#462,.T.);
#462 = EDGE_CURVE('',#437,#463,#465,.T.);
#463 = VERTEX_POINT('',#464);
#464 = CARTESIAN_POINT('',(17.,800.,18.5));
#465 = SURFACE_CURVE('',#466,(#471,#482),.PCURVE_S1.);
#466 = CIRCLE('',#467,1.5);
#467 = AXIS2_PLACEMENT_3D('',#468,#469,#470);
#468 = CARTESIAN_POINT('',(17.,800.,17.));
#469 = DIRECTION('',(0.,-1.,0.));
#470 = DIRECTION('',(1.,0.,-4.736951571734E-15));
#471 = PCURVE('',#169,#472);
#472 = DEFINITIONAL_REPRESENTATION('',(#473),#481);
#473 = ( BOUNDED_CURVE() B_SPLINE_CURVE(2,(#474,#475,#476,#477,#478,#479
,#480),.UNSPECIFIED.,.T.,.F.) B_SPLINE_CURVE_WITH_KNOTS((1,2,2,2,2,1),(
    -2.094395102393,0.,2.094395102393,4.188790204786,6.28318530718,
8.377580409573),.UNSPECIFIED.) CURVE() GEOMETRIC_REPRESENTATION_ITEM() 
RATIONAL_B_SPLINE_CURVE((1.,0.5,1.,0.5,1.,0.5,1.)) REPRESENTATION_ITEM(
  '') );
#474 = CARTESIAN_POINT('',(1.0017E+04,9.9985E+03));
#475 = CARTESIAN_POINT('',(1.001959807621E+04,9.9985E+03));
#476 = CARTESIAN_POINT('',(1.001829903811E+04,9.99625E+03));
#477 = CARTESIAN_POINT('',(1.0017E+04,9.994E+03));
#478 = CARTESIAN_POINT('',(1.001570096189E+04,9.99625E+03));
#479 = CARTESIAN_POINT('',(1.001440192379E+04,9.9985E+03));
#480 = CARTESIAN_POINT('',(1.0017E+04,9.9985E+03));
#481 = ( GEOMETRIC_REPRESENTATION_CONTEXT(2) 
PARAMETRIC_REPRESENTATION_CONTEXT() REPRESENTATION_CONTEXT('2D SPACE',''
  ) );
#482 = PCURVE('',#483,#488);
#483 = CYLINDRICAL_SURFACE('',#484,1.5);
#484 = AXIS2_PLACEMENT_3D('',#485,#486,#487);
#485 = CARTESIAN_POINT('',(17.,-140.,17.));
#486 = DIRECTION('',(0.,-1.,0.));
#487 = DIRECTION('',(1.,0.,-4.736951571734E-15));
#488 = DEFINITIONAL_REPRESENTATION('',(#489),#493);
#489 = LINE('',#490,#491);
#490 = CARTESIAN_POINT('',(0.,-940.));
#491 = VECTOR('',#492,1.);
#492 = DIRECTION('',(1.,0.));
#493 = ( GEOMETRIC_REPRESENTATION_CONTEXT(2) 
PARAMETRIC_REPRESENTATION_CONTEXT() REPRESENTATION_CONTEXT('2D SPACE',''
  ) );
#494 = ORIENTED_EDGE('',*,*,#495,.T.);
#495 = EDGE_CURVE('',#463,#496,#498,.T.);
#496 = VERTEX_POINT('',#497);
#497 = CARTESIAN_POINT('',(-17.,800.,18.5));
#498 = SURFACE_CURVE('',#499,(#503,#509),.PCURVE_S1.);
#499 = LINE('',#500,#501);
#500 = CARTESIAN_POINT('',(-4.9815E+03,800.,18.5));
#501 = VECTOR('',#502,1.);
#502 = DIRECTION('',(-1.,0.,0.));
#503 = PCURVE('',#169,#504);
#504 = DEFINITIONAL_REPRESENTATION('',(#505),#508);
#505 = B_SPLINE_CURVE_WITH_KNOTS('',1,(#506,#507),.UNSPECIFIED.,.F.,.F.,
  (2,2),(-4.9985E+03,-4.9645E+03),.PIECEWISE_BEZIER_KNOTS.);
#506 = CARTESIAN_POINT('',(1.00185E+04,9.997E+03));
#507 = CARTESIAN_POINT('',(1.00185E+04,9.963E+03));
#508 = ( GEOMETRIC_REPRESENTATION_CONTEXT(2) 
PARAMETRIC_REPRESENTATION_CONTEXT() REPRESENTATION_CONTEXT('2D SPACE',''
  ) );
#509 = PCURVE('',#510,#515);
#510 = PLANE('',#511);
#511 = AXIS2_PLACEMENT_3D('',#512,#513,#514);
#512 = CARTESIAN_POINT('',(17.,-140.,18.5));
#513 = DIRECTION('',(0.,-0.,1.));
#514 = DIRECTION('',(-1.,0.,0.));
#515 = DEFINITIONAL_REPRESENTATION('',(#516),#519);
#516 = B_SPLINE_CURVE_WITH_KNOTS('',1,(#517,#518),.UNSPECIFIED.,.F.,.F.,
  (2,2),(-4.9985E+03,-4.9645E+03),.PIECEWISE_BEZIER_KNOTS.);
#517 = CARTESIAN_POINT('',(0.,-940.));
#518 = CARTESIAN_POINT('',(34.,-940.));
#519 = ( GEOMETRIC_REPRESENTATION_CONTEXT(2) 
PARAMETRIC_REPRESENTATION_CONTEXT() REPRESENTATION_CONTEXT('2D SPACE',''
  ) );
#520 = ORIENTED_EDGE('',*,*,#521,.T.);
#521 = EDGE_CURVE('',#496,#522,#524,.T.);
#522 = VERTEX_POINT('',#523);
#523 = CARTESIAN_POINT('',(-18.5,800.,17.));
#524 = SURFACE_CURVE('',#525,(#530,#541),.PCURVE_S1.);
#525 = CIRCLE('',#526,1.5);
#526 = AXIS2_PLACEMENT_3D('',#527,#528,#529);
#527 = CARTESIAN_POINT('',(-17.,800.,17.));
#528 = DIRECTION('',(0.,-1.,0.));
#529 = DIRECTION('',(4.736951571734E-15,0.,1.));
#530 = PCURVE('',#169,#531);
#531 = DEFINITIONAL_REPRESENTATION('',(#532),#540);
#532 = ( BOUNDED_CURVE() B_SPLINE_CURVE(2,(#533,#534,#535,#536,#537,#538
,#539),.UNSPECIFIED.,.T.,.F.) B_SPLINE_CURVE_WITH_KNOTS((1,2,2,2,2,1),(
    -2.094395102393,0.,2.094395102393,4.188790204786,6.28318530718,
8.377580409573),.UNSPECIFIED.) CURVE() GEOMETRIC_REPRESENTATION_ITEM() 
RATIONAL_B_SPLINE_CURVE((1.,0.5,1.,0.5,1.,0.5,1.)) REPRESENTATION_ITEM(
  '') );
#533 = CARTESIAN_POINT('',(1.00185E+04,9.963E+03));
#534 = CARTESIAN_POINT('',(1.00185E+04,9.960401923789E+03));
#535 = CARTESIAN_POINT('',(1.001625E+04,9.961700961894E+03));
#536 = CARTESIAN_POINT('',(1.0014E+04,9.963E+03));
#537 = CARTESIAN_POINT('',(1.001625E+04,9.964299038106E+03));
#538 = CARTESIAN_POINT('',(1.00185E+04,9.965598076211E+03));
#539 = CARTESIAN_POINT('',(1.00185E+04,9.963E+03));
#540 = ( GEOMETRIC_REPRESENTATION_CONTEXT(2) 
PARAMETRIC_REPRESENTATION_CONTEXT() REPRESENTATION_CONTEXT('2D SPACE',''
  ) );
#541 = PCURVE('',#542,#547);
#542 = CYLINDRICAL_SURFACE('',#543,1.5);
#543 = AXIS2_PLACEMENT_3D('',#544,#545,#546);
#544 = CARTESIAN_POINT('',(-17.,-140.,17.));
#545 = DIRECTION('',(0.,-1.,0.));
#546 = DIRECTION('',(4.736951571734E-15,0.,1.));
#547 = DEFINITIONAL_REPRESENTATION('',(#548),#552);
#548 = LINE('',#549,#550);
#549 = CARTESIAN_POINT('',(0.,-940.));
#550 = VECTOR('',#551,1.);
#551 = DIRECTION('',(1.,0.));
#552 = ( GEOMETRIC_REPRESENTATION_CONTEXT(2) 
PARAMETRIC_REPRESENTATION_CONTEXT() REPRESENTATION_CONTEXT('2D SPACE',''
  ) );
#553 = ORIENTED_EDGE('',*,*,#554,.T.);
#554 = EDGE_CURVE('',#522,#555,#557,.T.);
#555 = VERTEX_POINT('',#556);
#556 = CARTESIAN_POINT('',(-18.5,800.,-17.));
#557 = SURFACE_CURVE('',#558,(#562,#568),.PCURVE_S1.);
#558 = LINE('',#559,#560);
#559 = CARTESIAN_POINT('',(-18.5,800.,-4.9915E+03));
#560 = VECTOR('',#561,1.);
#561 = DIRECTION('',(0.,0.,-1.));
#562 = PCURVE('',#169,#563);
#563 = DEFINITIONAL_REPRESENTATION('',(#564),#567);
#564 = B_SPLINE_CURVE_WITH_KNOTS('',1,(#565,#566),.UNSPECIFIED.,.F.,.F.,
  (2,2),(-5.0085E+03,-4.9745E+03),.PIECEWISE_BEZIER_KNOTS.);
#565 = CARTESIAN_POINT('',(1.0017E+04,9.9615E+03));
#566 = CARTESIAN_POINT('',(9.983E+03,9.9615E+03));
#567 = ( GEOMETRIC_REPRESENTATION_CONTEXT(2) 
PARAMETRIC_REPRESENTATION_CONTEXT() REPRESENTATION_CONTEXT('2D SPACE',''
  ) );
#568 = PCURVE('',#569,#574);
#569 = PLANE('',#570);
#570 = AXIS2_PLACEMENT_3D('',#571,#572,#573);
#571 = CARTESIAN_POINT('',(-18.5,-140.,17.));
#572 = DIRECTION('',(-1.,0.,0.));
#573 = DIRECTION('',(0.,0.,-1.));
#574 = DEFINITIONAL_REPRESENTATION('',(#575),#578);
#575 = B_SPLINE_CURVE_WITH_KNOTS('',1,(#576,#577),.UNSPECIFIED.,.F.,.F.,
  (2,2),(-5.0085E+03,-4.9745E+03),.PIECEWISE_BEZIER_KNOTS.);
#576 = CARTESIAN_POINT('',(0.,-940.));
#577 = CARTESIAN_POINT('',(34.,-940.));
#578 = ( GEOMETRIC_REPRESENTATION_CONTEXT(2) 
PARAMETRIC_REPRESENTATION_CONTEXT() REPRESENTATION_CONTEXT('2D SPACE',''
  ) );
#579 = ORIENTED_EDGE('',*,*,#580,.T.);
#580 = EDGE_CURVE('',#555,#581,#583,.T.);
#581 = VERTEX_POINT('',#582);
#582 = CARTESIAN_POINT('',(-17.,800.,-18.5));
#583 = SURFACE_CURVE('',#584,(#589,#600),.PCURVE_S1.);
#584 = CIRCLE('',#585,1.5);
#585 = AXIS2_PLACEMENT_3D('',#586,#587,#588);
#586 = CARTESIAN_POINT('',(-17.,800.,-17.));
#587 = DIRECTION('',(0.,-1.,0.));
#588 = DIRECTION('',(-1.,0.,4.736951571734E-15));
#589 = PCURVE('',#169,#590);
#590 = DEFINITIONAL_REPRESENTATION('',(#591),#599);
#591 = ( BOUNDED_CURVE() B_SPLINE_CURVE(2,(#592,#593,#594,#595,#596,#597
,#598),.UNSPECIFIED.,.T.,.F.) B_SPLINE_CURVE_WITH_KNOTS((1,2,2,2,2,1),(
    -2.094395102393,0.,2.094395102393,4.188790204786,6.28318530718,
8.377580409573),.UNSPECIFIED.) CURVE() GEOMETRIC_REPRESENTATION_ITEM() 
RATIONAL_B_SPLINE_CURVE((1.,0.5,1.,0.5,1.,0.5,1.)) REPRESENTATION_ITEM(
  '') );
#592 = CARTESIAN_POINT('',(9.983E+03,9.9615E+03));
#593 = CARTESIAN_POINT('',(9.980401923789E+03,9.9615E+03));
#594 = CARTESIAN_POINT('',(9.981700961894E+03,9.96375E+03));
#595 = CARTESIAN_POINT('',(9.983E+03,9.966E+03));
#596 = CARTESIAN_POINT('',(9.984299038106E+03,9.96375E+03));
#597 = CARTESIAN_POINT('',(9.985598076211E+03,9.9615E+03));
#598 = CARTESIAN_POINT('',(9.983E+03,9.9615E+03));
#599 = ( GEOMETRIC_REPRESENTATION_CONTEXT(2) 
PARAMETRIC_REPRESENTATION_CONTEXT() REPRESENTATION_CONTEXT('2D SPACE',''
  ) );
#600 = PCURVE('',#601,#606);
#601 = CYLINDRICAL_SURFACE('',#602,1.5);
#602 = AXIS2_PLACEMENT_3D('',#603,#604,#605);
#603 = CARTESIAN_POINT('',(-17.,-140.,-17.));
#604 = DIRECTION('',(0.,-1.,0.));
#605 = DIRECTION('',(-1.,0.,4.736951571734E-15));
#606 = DEFINITIONAL_REPRESENTATION('',(#607),#611);
#607 = LINE('',#608,#609);
#608 = CARTESIAN_POINT('',(0.,-940.));
#609 = VECTOR('',#610,1.);
#610 = DIRECTION('',(1.,0.));
#611 = ( GEOMETRIC_REPRESENTATION_CONTEXT(2) 
PARAMETRIC_REPRESENTATION_CONTEXT() REPRESENTATION_CONTEXT('2D SPACE',''
  ) );
#612 = ORIENTED_EDGE('',*,*,#613,.T.);
#613 = EDGE_CURVE('',#581,#614,#616,.T.);
#614 = VERTEX_POINT('',#615);
#615 = CARTESIAN_POINT('',(17.,800.,-18.5));
#616 = SURFACE_CURVE('',#617,(#621,#627),.PCURVE_S1.);
#617 = LINE('',#618,#619);
#618 = CARTESIAN_POINT('',(-4.9985E+03,800.,-18.5));
#619 = VECTOR('',#620,1.);
#620 = DIRECTION('',(1.,-0.,0.));
#621 = PCURVE('',#169,#622);
#622 = DEFINITIONAL_REPRESENTATION('',(#623),#626);
#623 = B_SPLINE_CURVE_WITH_KNOTS('',1,(#624,#625),.UNSPECIFIED.,.F.,.F.,
  (2,2),(4.9815E+03,5.0155E+03),.PIECEWISE_BEZIER_KNOTS.);
#624 = CARTESIAN_POINT('',(9.9815E+03,9.963E+03));
#625 = CARTESIAN_POINT('',(9.9815E+03,9.997E+03));
#626 = ( GEOMETRIC_REPRESENTATION_CONTEXT(2) 
PARAMETRIC_REPRESENTATION_CONTEXT() REPRESENTATION_CONTEXT('2D SPACE',''
  ) );
#627 = PCURVE('',#628,#633);
#628 = PLANE('',#629);
#629 = AXIS2_PLACEMENT_3D('',#630,#631,#632);
#630 = CARTESIAN_POINT('',(-17.,-140.,-18.5));
#631 = DIRECTION('',(0.,0.,-1.));
#632 = DIRECTION('',(1.,0.,0.));
#633 = DEFINITIONAL_REPRESENTATION('',(#634),#637);
#634 = B_SPLINE_CURVE_WITH_KNOTS('',1,(#635,#636),.UNSPECIFIED.,.F.,.F.,
  (2,2),(4.9815E+03,5.0155E+03),.PIECEWISE_BEZIER_KNOTS.);
#635 = CARTESIAN_POINT('',(0.,-940.));
#636 = CARTESIAN_POINT('',(34.,-940.));
#637 = ( GEOMETRIC_REPRESENTATION_CONTEXT(2) 
PARAMETRIC_REPRESENTATION_CONTEXT() REPRESENTATION_CONTEXT('2D SPACE',''
  ) );
#638 = ORIENTED_EDGE('',*,*,#639,.T.);
#639 = EDGE_CURVE('',#614,#435,#640,.T.);
#640 = SURFACE_CURVE('',#641,(#646,#657),.PCURVE_S1.);
#641 = CIRCLE('',#642,1.5);
#642 = AXIS2_PLACEMENT_3D('',#643,#644,#645);
#643 = CARTESIAN_POINT('',(17.,800.,-17.));
#644 = DIRECTION('',(0.,-1.,0.));
#645 = DIRECTION('',(-4.736951571734E-15,-0.,-1.));
#646 = PCURVE('',#169,#647);
#647 = DEFINITIONAL_REPRESENTATION('',(#648),#656);
#648 = ( BOUNDED_CURVE() B_SPLINE_CURVE(2,(#649,#650,#651,#652,#653,#654
,#655),.UNSPECIFIED.,.T.,.F.) B_SPLINE_CURVE_WITH_KNOTS((1,2,2,2,2,1),(
    -2.094395102393,0.,2.094395102393,4.188790204786,6.28318530718,
8.377580409573),.UNSPECIFIED.) CURVE() GEOMETRIC_REPRESENTATION_ITEM() 
RATIONAL_B_SPLINE_CURVE((1.,0.5,1.,0.5,1.,0.5,1.)) REPRESENTATION_ITEM(
  '') );
#649 = CARTESIAN_POINT('',(9.9815E+03,9.997E+03));
#650 = CARTESIAN_POINT('',(9.9815E+03,9.999598076211E+03));
#651 = CARTESIAN_POINT('',(9.98375E+03,9.998299038106E+03));
#652 = CARTESIAN_POINT('',(9.986E+03,9.997E+03));
#653 = CARTESIAN_POINT('',(9.98375E+03,9.995700961894E+03));
#654 = CARTESIAN_POINT('',(9.9815E+03,9.994401923789E+03));
#655 = CARTESIAN_POINT('',(9.9815E+03,9.997E+03));
#656 = ( GEOMETRIC_REPRESENTATION_CONTEXT(2) 
PARAMETRIC_REPRESENTATION_CONTEXT() REPRESENTATION_CONTEXT('2D SPACE',''
  ) );
#657 = PCURVE('',#658,#663);
#658 = CYLINDRICAL_SURFACE('',#659,1.5);
#659 = AXIS2_PLACEMENT_3D('',#660,#661,#662);
#660 = CARTESIAN_POINT('',(17.,-140.,-17.));
#661 = DIRECTION('',(0.,-1.,0.));
#662 = DIRECTION('',(-4.736951571734E-15,-0.,-1.));
#663 = DEFINITIONAL_REPRESENTATION('',(#664),#668);
#664 = LINE('',#665,#666);
#665 = CARTESIAN_POINT('',(0.,-940.));
#666 = VECTOR('',#667,1.);
#667 = DIRECTION('',(1.,0.));
#668 = ( GEOMETRIC_REPRESENTATION_CONTEXT(2) 
PARAMETRIC_REPRESENTATION_CONTEXT() REPRESENTATION_CONTEXT('2D SPACE',''
  ) );
#669 = ADVANCED_FACE('',(#670),#144,.T.);
#670 = FACE_BOUND('',#671,.T.);
#671 = EDGE_LOOP('',(#672,#696,#717,#718));
#672 = ORIENTED_EDGE('',*,*,#673,.F.);
#673 = EDGE_CURVE('',#674,#103,#676,.T.);
#674 = VERTEX_POINT('',#675);
#675 = CARTESIAN_POINT('',(17.,0.,-20.));
#676 = SURFACE_CURVE('',#677,(#682,#689),.PCURVE_S1.);
#677 = CIRCLE('',#678,3.);
#678 = AXIS2_PLACEMENT_3D('',#679,#680,#681);
#679 = CARTESIAN_POINT('',(17.,0.,-17.));
#680 = DIRECTION('',(0.,-1.,0.));
#681 = DIRECTION('',(0.,0.,-1.));
#682 = PCURVE('',#144,#683);
#683 = DEFINITIONAL_REPRESENTATION('',(#684),#688);
#684 = LINE('',#685,#686);
#685 = CARTESIAN_POINT('',(0.,-140.));
#686 = VECTOR('',#687,1.);
#687 = DIRECTION('',(1.,0.));
#688 = ( GEOMETRIC_REPRESENTATION_CONTEXT(2) 
PARAMETRIC_REPRESENTATION_CONTEXT() REPRESENTATION_CONTEXT('2D SPACE',''
  ) );
#689 = PCURVE('',#117,#690);
#690 = DEFINITIONAL_REPRESENTATION('',(#691),#695);
#691 = CIRCLE('',#692,3.);
#692 = AXIS2_PLACEMENT_2D('',#693,#694);
#693 = CARTESIAN_POINT('',(1.0017E+04,9.997E+03));
#694 = DIRECTION('',(1.,0.));
#695 = ( GEOMETRIC_REPRESENTATION_CONTEXT(2) 
PARAMETRIC_REPRESENTATION_CONTEXT() REPRESENTATION_CONTEXT('2D SPACE',''
  ) );
#696 = ORIENTED_EDGE('',*,*,#697,.T.);
#697 = EDGE_CURVE('',#674,#267,#698,.T.);
#698 = SURFACE_CURVE('',#699,(#703,#710),.PCURVE_S1.);
#699 = LINE('',#700,#701);
#700 = CARTESIAN_POINT('',(17.,-140.,-20.));
#701 = VECTOR('',#702,1.);
#702 = DIRECTION('',(0.,1.,0.));
#703 = PCURVE('',#144,#704);
#704 = DEFINITIONAL_REPRESENTATION('',(#705),#709);
#705 = LINE('',#706,#707);
#706 = CARTESIAN_POINT('',(0.,0.));
#707 = VECTOR('',#708,1.);
#708 = DIRECTION('',(0.,-1.));
#709 = ( GEOMETRIC_REPRESENTATION_CONTEXT(2) 
PARAMETRIC_REPRESENTATION_CONTEXT() REPRESENTATION_CONTEXT('2D SPACE',''
  ) );
#710 = PCURVE('',#309,#711);
#711 = DEFINITIONAL_REPRESENTATION('',(#712),#716);
#712 = LINE('',#713,#714);
#713 = CARTESIAN_POINT('',(34.,0.));
#714 = VECTOR('',#715,1.);
#715 = DIRECTION('',(0.,-1.));
#716 = ( GEOMETRIC_REPRESENTATION_CONTEXT(2) 
PARAMETRIC_REPRESENTATION_CONTEXT() REPRESENTATION_CONTEXT('2D SPACE',''
  ) );
#717 = ORIENTED_EDGE('',*,*,#266,.T.);
#718 = ORIENTED_EDGE('',*,*,#128,.F.);
#719 = ADVANCED_FACE('',(#720,#834),#117,.T.);
#720 = FACE_BOUND('',#721,.T.);
#721 = EDGE_LOOP('',(#722,#723,#724,#745,#769,#790,#814,#833));
#722 = ORIENTED_EDGE('',*,*,#102,.F.);
#723 = ORIENTED_EDGE('',*,*,#183,.T.);
#724 = ORIENTED_EDGE('',*,*,#725,.F.);
#725 = EDGE_CURVE('',#726,#184,#728,.T.);
#726 = VERTEX_POINT('',#727);
#727 = CARTESIAN_POINT('',(-17.,0.,20.));
#728 = SURFACE_CURVE('',#729,(#733,#739),.PCURVE_S1.);
#729 = LINE('',#730,#731);
#730 = CARTESIAN_POINT('',(-4.9815E+03,0.,20.));
#731 = VECTOR('',#732,1.);
#732 = DIRECTION('',(1.,0.,0.));
#733 = PCURVE('',#117,#734);
#734 = DEFINITIONAL_REPRESENTATION('',(#735),#738);
#735 = B_SPLINE_CURVE_WITH_KNOTS('',1,(#736,#737),.UNSPECIFIED.,.F.,.F.,
  (2,2),(4.9645E+03,4.9985E+03),.PIECEWISE_BEZIER_KNOTS.);
#736 = CARTESIAN_POINT('',(9.98E+03,9.963E+03));
#737 = CARTESIAN_POINT('',(9.98E+03,9.997E+03));
#738 = ( GEOMETRIC_REPRESENTATION_CONTEXT(2) 
PARAMETRIC_REPRESENTATION_CONTEXT() REPRESENTATION_CONTEXT('2D SPACE',''
  ) );
#739 = PCURVE('',#250,#740);
#740 = DEFINITIONAL_REPRESENTATION('',(#741),#744);
#741 = B_SPLINE_CURVE_WITH_KNOTS('',1,(#742,#743),.UNSPECIFIED.,.F.,.F.,
  (2,2),(4.9645E+03,4.9985E+03),.PIECEWISE_BEZIER_KNOTS.);
#742 = CARTESIAN_POINT('',(34.,-140.));
#743 = CARTESIAN_POINT('',(0.,-140.));
#744 = ( GEOMETRIC_REPRESENTATION_CONTEXT(2) 
PARAMETRIC_REPRESENTATION_CONTEXT() REPRESENTATION_CONTEXT('2D SPACE',''
  ) );
#745 = ORIENTED_EDGE('',*,*,#746,.T.);
#746 = EDGE_CURVE('',#726,#747,#749,.T.);
#747 = VERTEX_POINT('',#748);
#748 = CARTESIAN_POINT('',(-20.,0.,17.));
#749 = SURFACE_CURVE('',#750,(#755,#762),.PCURVE_S1.);
#750 = CIRCLE('',#751,3.);
#751 = AXIS2_PLACEMENT_3D('',#752,#753,#754);
#752 = CARTESIAN_POINT('',(-17.,0.,17.));
#753 = DIRECTION('',(0.,-1.,0.));
#754 = DIRECTION('',(0.,0.,1.));
#755 = PCURVE('',#117,#756);
#756 = DEFINITIONAL_REPRESENTATION('',(#757),#761);
#757 = CIRCLE('',#758,3.);
#758 = AXIS2_PLACEMENT_2D('',#759,#760);
#759 = CARTESIAN_POINT('',(9.983E+03,9.963E+03));
#760 = DIRECTION('',(-1.,0.));
#761 = ( GEOMETRIC_REPRESENTATION_CONTEXT(2) 
PARAMETRIC_REPRESENTATION_CONTEXT() REPRESENTATION_CONTEXT('2D SPACE',''
  ) );
#762 = PCURVE('',#400,#763);
#763 = DEFINITIONAL_REPRESENTATION('',(#764),#768);
#764 = LINE('',#765,#766);
#765 = CARTESIAN_POINT('',(0.,-140.));
#766 = VECTOR('',#767,1.);
#767 = DIRECTION('',(1.,0.));
#768 = ( GEOMETRIC_REPRESENTATION_CONTEXT(2) 
PARAMETRIC_REPRESENTATION_CONTEXT() REPRESENTATION_CONTEXT('2D SPACE',''
  ) );
#769 = ORIENTED_EDGE('',*,*,#770,.F.);
#770 = EDGE_CURVE('',#771,#747,#773,.T.);
#771 = VERTEX_POINT('',#772);
#772 = CARTESIAN_POINT('',(-20.,0.,-17.));
#773 = SURFACE_CURVE('',#774,(#778,#784),.PCURVE_S1.);
#774 = LINE('',#775,#776);
#775 = CARTESIAN_POINT('',(-20.,0.,5.0085E+03));
#776 = VECTOR('',#777,1.);
#777 = DIRECTION('',(0.,0.,1.));
#778 = PCURVE('',#117,#779);
#779 = DEFINITIONAL_REPRESENTATION('',(#780),#783);
#780 = B_SPLINE_CURVE_WITH_KNOTS('',1,(#781,#782),.UNSPECIFIED.,.F.,.F.,
  (2,2),(-5.0255E+03,-4.9915E+03),.PIECEWISE_BEZIER_KNOTS.);
#781 = CARTESIAN_POINT('',(1.0017E+04,9.96E+03));
#782 = CARTESIAN_POINT('',(9.983E+03,9.96E+03));
#783 = ( GEOMETRIC_REPRESENTATION_CONTEXT(2) 
PARAMETRIC_REPRESENTATION_CONTEXT() REPRESENTATION_CONTEXT('2D SPACE',''
  ) );
#784 = PCURVE('',#368,#785);
#785 = DEFINITIONAL_REPRESENTATION('',(#786),#789);
#786 = B_SPLINE_CURVE_WITH_KNOTS('',1,(#787,#788),.UNSPECIFIED.,.F.,.F.,
  (2,2),(-5.0255E+03,-4.9915E+03),.PIECEWISE_BEZIER_KNOTS.);
#787 = CARTESIAN_POINT('',(34.,-140.));
#788 = CARTESIAN_POINT('',(0.,-140.));
#789 = ( GEOMETRIC_REPRESENTATION_CONTEXT(2) 
PARAMETRIC_REPRESENTATION_CONTEXT() REPRESENTATION_CONTEXT('2D SPACE',''
  ) );
#790 = ORIENTED_EDGE('',*,*,#791,.T.);
#791 = EDGE_CURVE('',#771,#792,#794,.T.);
#792 = VERTEX_POINT('',#793);
#793 = CARTESIAN_POINT('',(-17.,0.,-20.));
#794 = SURFACE_CURVE('',#795,(#800,#807),.PCURVE_S1.);
#795 = CIRCLE('',#796,3.);
#796 = AXIS2_PLACEMENT_3D('',#797,#798,#799);
#797 = CARTESIAN_POINT('',(-17.,0.,-17.));
#798 = DIRECTION('',(0.,-1.,0.));
#799 = DIRECTION('',(-1.,0.,0.));
#800 = PCURVE('',#117,#801);
#801 = DEFINITIONAL_REPRESENTATION('',(#802),#806);
#802 = CIRCLE('',#803,3.);
#803 = AXIS2_PLACEMENT_2D('',#804,#805);
#804 = CARTESIAN_POINT('',(1.0017E+04,9.963E+03));
#805 = DIRECTION('',(0.,-1.));
#806 = ( GEOMETRIC_REPRESENTATION_CONTEXT(2) 
PARAMETRIC_REPRESENTATION_CONTEXT() REPRESENTATION_CONTEXT('2D SPACE',''
  ) );
#807 = PCURVE('',#341,#808);
#808 = DEFINITIONAL_REPRESENTATION('',(#809),#813);
#809 = LINE('',#810,#811);
#810 = CARTESIAN_POINT('',(0.,-140.));
#811 = VECTOR('',#812,1.);
#812 = DIRECTION('',(1.,0.));
#813 = ( GEOMETRIC_REPRESENTATION_CONTEXT(2) 
PARAMETRIC_REPRESENTATION_CONTEXT() REPRESENTATION_CONTEXT('2D SPACE',''
  ) );
#814 = ORIENTED_EDGE('',*,*,#815,.F.);
#815 = EDGE_CURVE('',#674,#792,#816,.T.);
#816 = SURFACE_CURVE('',#817,(#821,#827),.PCURVE_S1.);
#817 = LINE('',#818,#819);
#818 = CARTESIAN_POINT('',(-4.9985E+03,0.,-20.));
#819 = VECTOR('',#820,1.);
#820 = DIRECTION('',(-1.,-0.,-0.));
#821 = PCURVE('',#117,#822);
#822 = DEFINITIONAL_REPRESENTATION('',(#823),#826);
#823 = B_SPLINE_CURVE_WITH_KNOTS('',1,(#824,#825),.UNSPECIFIED.,.F.,.F.,
  (2,2),(-5.0155E+03,-4.9815E+03),.PIECEWISE_BEZIER_KNOTS.);
#824 = CARTESIAN_POINT('',(1.002E+04,9.997E+03));
#825 = CARTESIAN_POINT('',(1.002E+04,9.963E+03));
#826 = ( GEOMETRIC_REPRESENTATION_CONTEXT(2) 
PARAMETRIC_REPRESENTATION_CONTEXT() REPRESENTATION_CONTEXT('2D SPACE',''
  ) );
#827 = PCURVE('',#309,#828);
#828 = DEFINITIONAL_REPRESENTATION('',(#829),#832);
#829 = B_SPLINE_CURVE_WITH_KNOTS('',1,(#830,#831),.UNSPECIFIED.,.F.,.F.,
  (2,2),(-5.0155E+03,-4.9815E+03),.PIECEWISE_BEZIER_KNOTS.);
#830 = CARTESIAN_POINT('',(34.,-140.));
#831 = CARTESIAN_POINT('',(0.,-140.));
#832 = ( GEOMETRIC_REPRESENTATION_CONTEXT(2) 
PARAMETRIC_REPRESENTATION_CONTEXT() REPRESENTATION_CONTEXT('2D SPACE',''
  ) );
#833 = ORIENTED_EDGE('',*,*,#673,.T.);
#834 = FACE_BOUND('',#835,.T.);
#835 = EDGE_LOOP('',(#836,#862,#883,#907,#928,#952,#973,#997));
#836 = ORIENTED_EDGE('',*,*,#837,.F.);
#837 = EDGE_CURVE('',#838,#840,#842,.T.);
#838 = VERTEX_POINT('',#839);
#839 = CARTESIAN_POINT('',(18.5,0.,17.));
#840 = VERTEX_POINT('',#841);
#841 = CARTESIAN_POINT('',(17.,0.,18.5));
#842 = SURFACE_CURVE('',#843,(#848,#855),.PCURVE_S1.);
#843 = CIRCLE('',#844,1.5);
#844 = AXIS2_PLACEMENT_3D('',#845,#846,#847);
#845 = CARTESIAN_POINT('',(17.,0.,17.));
#846 = DIRECTION('',(0.,-1.,0.));
#847 = DIRECTION('',(1.,0.,-4.736951571734E-15));
#848 = PCURVE('',#117,#849);
#849 = DEFINITIONAL_REPRESENTATION('',(#850),#854);
#850 = CIRCLE('',#851,1.5);
#851 = AXIS2_PLACEMENT_2D('',#852,#853);
#852 = CARTESIAN_POINT('',(9.983E+03,9.997E+03));
#853 = DIRECTION('',(4.736951571734E-15,1.));
#854 = ( GEOMETRIC_REPRESENTATION_CONTEXT(2) 
PARAMETRIC_REPRESENTATION_CONTEXT() REPRESENTATION_CONTEXT('2D SPACE',''
  ) );
#855 = PCURVE('',#483,#856);
#856 = DEFINITIONAL_REPRESENTATION('',(#857),#861);
#857 = LINE('',#858,#859);
#858 = CARTESIAN_POINT('',(0.,-140.));
#859 = VECTOR('',#860,1.);
#860 = DIRECTION('',(1.,0.));
#861 = ( GEOMETRIC_REPRESENTATION_CONTEXT(2) 
PARAMETRIC_REPRESENTATION_CONTEXT() REPRESENTATION_CONTEXT('2D SPACE',''
  ) );
#862 = ORIENTED_EDGE('',*,*,#863,.T.);
#863 = EDGE_CURVE('',#838,#864,#866,.T.);
#864 = VERTEX_POINT('',#865);
#865 = CARTESIAN_POINT('',(18.5,0.,-17.));
#866 = SURFACE_CURVE('',#867,(#871,#877),.PCURVE_S1.);
#867 = LINE('',#868,#869);
#868 = CARTESIAN_POINT('',(18.5,0.,4.9915E+03));
#869 = VECTOR('',#870,1.);
#870 = DIRECTION('',(0.,0.,-1.));
#871 = PCURVE('',#117,#872);
#872 = DEFINITIONAL_REPRESENTATION('',(#873),#876);
#873 = B_SPLINE_CURVE_WITH_KNOTS('',1,(#874,#875),.UNSPECIFIED.,.F.,.F.,
  (2,2),(4.9745E+03,5.0085E+03),.PIECEWISE_BEZIER_KNOTS.);
#874 = CARTESIAN_POINT('',(9.983E+03,9.9985E+03));
#875 = CARTESIAN_POINT('',(1.0017E+04,9.9985E+03));
#876 = ( GEOMETRIC_REPRESENTATION_CONTEXT(2) 
PARAMETRIC_REPRESENTATION_CONTEXT() REPRESENTATION_CONTEXT('2D SPACE',''
  ) );
#877 = PCURVE('',#451,#878);
#878 = DEFINITIONAL_REPRESENTATION('',(#879),#882);
#879 = B_SPLINE_CURVE_WITH_KNOTS('',1,(#880,#881),.UNSPECIFIED.,.F.,.F.,
  (2,2),(4.9745E+03,5.0085E+03),.PIECEWISE_BEZIER_KNOTS.);
#880 = CARTESIAN_POINT('',(34.,-140.));
#881 = CARTESIAN_POINT('',(0.,-140.));
#882 = ( GEOMETRIC_REPRESENTATION_CONTEXT(2) 
PARAMETRIC_REPRESENTATION_CONTEXT() REPRESENTATION_CONTEXT('2D SPACE',''
  ) );
#883 = ORIENTED_EDGE('',*,*,#884,.F.);
#884 = EDGE_CURVE('',#885,#864,#887,.T.);
#885 = VERTEX_POINT('',#886);
#886 = CARTESIAN_POINT('',(17.,0.,-18.5));
#887 = SURFACE_CURVE('',#888,(#893,#900),.PCURVE_S1.);
#888 = CIRCLE('',#889,1.5);
#889 = AXIS2_PLACEMENT_3D('',#890,#891,#892);
#890 = CARTESIAN_POINT('',(17.,0.,-17.));
#891 = DIRECTION('',(0.,-1.,0.));
#892 = DIRECTION('',(-4.736951571734E-15,-0.,-1.));
#893 = PCURVE('',#117,#894);
#894 = DEFINITIONAL_REPRESENTATION('',(#895),#899);
#895 = CIRCLE('',#896,1.5);
#896 = AXIS2_PLACEMENT_2D('',#897,#898);
#897 = CARTESIAN_POINT('',(1.0017E+04,9.997E+03));
#898 = DIRECTION('',(1.,-4.736951571734E-15));
#899 = ( GEOMETRIC_REPRESENTATION_CONTEXT(2) 
PARAMETRIC_REPRESENTATION_CONTEXT() REPRESENTATION_CONTEXT('2D SPACE',''
  ) );
#900 = PCURVE('',#658,#901);
#901 = DEFINITIONAL_REPRESENTATION('',(#902),#906);
#902 = LINE('',#903,#904);
#903 = CARTESIAN_POINT('',(0.,-140.));
#904 = VECTOR('',#905,1.);
#905 = DIRECTION('',(1.,0.));
#906 = ( GEOMETRIC_REPRESENTATION_CONTEXT(2) 
PARAMETRIC_REPRESENTATION_CONTEXT() REPRESENTATION_CONTEXT('2D SPACE',''
  ) );
#907 = ORIENTED_EDGE('',*,*,#908,.T.);
#908 = EDGE_CURVE('',#885,#909,#911,.T.);
#909 = VERTEX_POINT('',#910);
#910 = CARTESIAN_POINT('',(-17.,0.,-18.5));
#911 = SURFACE_CURVE('',#912,(#916,#922),.PCURVE_S1.);
#912 = LINE('',#913,#914);
#913 = CARTESIAN_POINT('',(-4.9985E+03,0.,-18.5));
#914 = VECTOR('',#915,1.);
#915 = DIRECTION('',(-1.,-0.,-0.));
#916 = PCURVE('',#117,#917);
#917 = DEFINITIONAL_REPRESENTATION('',(#918),#921);
#918 = B_SPLINE_CURVE_WITH_KNOTS('',1,(#919,#920),.UNSPECIFIED.,.F.,.F.,
  (2,2),(-5.0155E+03,-4.9815E+03),.PIECEWISE_BEZIER_KNOTS.);
#919 = CARTESIAN_POINT('',(1.00185E+04,9.997E+03));
#920 = CARTESIAN_POINT('',(1.00185E+04,9.963E+03));
#921 = ( GEOMETRIC_REPRESENTATION_CONTEXT(2) 
PARAMETRIC_REPRESENTATION_CONTEXT() REPRESENTATION_CONTEXT('2D SPACE',''
  ) );
#922 = PCURVE('',#628,#923);
#923 = DEFINITIONAL_REPRESENTATION('',(#924),#927);
#924 = B_SPLINE_CURVE_WITH_KNOTS('',1,(#925,#926),.UNSPECIFIED.,.F.,.F.,
  (2,2),(-5.0155E+03,-4.9815E+03),.PIECEWISE_BEZIER_KNOTS.);
#925 = CARTESIAN_POINT('',(34.,-140.));
#926 = CARTESIAN_POINT('',(0.,-140.));
#927 = ( GEOMETRIC_REPRESENTATION_CONTEXT(2) 
PARAMETRIC_REPRESENTATION_CONTEXT() REPRESENTATION_CONTEXT('2D SPACE',''
  ) );
#928 = ORIENTED_EDGE('',*,*,#929,.F.);
#929 = EDGE_CURVE('',#930,#909,#932,.T.);
#930 = VERTEX_POINT('',#931);
#931 = CARTESIAN_POINT('',(-18.5,0.,-17.));
#932 = SURFACE_CURVE('',#933,(#938,#945),.PCURVE_S1.);
#933 = CIRCLE('',#934,1.5);
#934 = AXIS2_PLACEMENT_3D('',#935,#936,#937);
#935 = CARTESIAN_POINT('',(-17.,0.,-17.));
#936 = DIRECTION('',(0.,-1.,0.));
#937 = DIRECTION('',(-1.,0.,4.736951571734E-15));
#938 = PCURVE('',#117,#939);
#939 = DEFINITIONAL_REPRESENTATION('',(#940),#944);
#940 = CIRCLE('',#941,1.5);
#941 = AXIS2_PLACEMENT_2D('',#942,#943);
#942 = CARTESIAN_POINT('',(1.0017E+04,9.963E+03));
#943 = DIRECTION('',(-4.736951571734E-15,-1.));
#944 = ( GEOMETRIC_REPRESENTATION_CONTEXT(2) 
PARAMETRIC_REPRESENTATION_CONTEXT() REPRESENTATION_CONTEXT('2D SPACE',''
  ) );
#945 = PCURVE('',#601,#946);
#946 = DEFINITIONAL_REPRESENTATION('',(#947),#951);
#947 = LINE('',#948,#949);
#948 = CARTESIAN_POINT('',(0.,-140.));
#949 = VECTOR('',#950,1.);
#950 = DIRECTION('',(1.,0.));
#951 = ( GEOMETRIC_REPRESENTATION_CONTEXT(2) 
PARAMETRIC_REPRESENTATION_CONTEXT() REPRESENTATION_CONTEXT('2D SPACE',''
  ) );
#952 = ORIENTED_EDGE('',*,*,#953,.T.);
#953 = EDGE_CURVE('',#930,#954,#956,.T.);
#954 = VERTEX_POINT('',#955);
#955 = CARTESIAN_POINT('',(-18.5,0.,17.));
#956 = SURFACE_CURVE('',#957,(#961,#967),.PCURVE_S1.);
#957 = LINE('',#958,#959);
#958 = CARTESIAN_POINT('',(-18.5,0.,5.0085E+03));
#959 = VECTOR('',#960,1.);
#960 = DIRECTION('',(0.,0.,1.));
#961 = PCURVE('',#117,#962);
#962 = DEFINITIONAL_REPRESENTATION('',(#963),#966);
#963 = B_SPLINE_CURVE_WITH_KNOTS('',1,(#964,#965),.UNSPECIFIED.,.F.,.F.,
  (2,2),(-5.0255E+03,-4.9915E+03),.PIECEWISE_BEZIER_KNOTS.);
#964 = CARTESIAN_POINT('',(1.0017E+04,9.9615E+03));
#965 = CARTESIAN_POINT('',(9.983E+03,9.9615E+03));
#966 = ( GEOMETRIC_REPRESENTATION_CONTEXT(2) 
PARAMETRIC_REPRESENTATION_CONTEXT() REPRESENTATION_CONTEXT('2D SPACE',''
  ) );
#967 = PCURVE('',#569,#968);
#968 = DEFINITIONAL_REPRESENTATION('',(#969),#972);
#969 = B_SPLINE_CURVE_WITH_KNOTS('',1,(#970,#971),.UNSPECIFIED.,.F.,.F.,
  (2,2),(-5.0255E+03,-4.9915E+03),.PIECEWISE_BEZIER_KNOTS.);
#970 = CARTESIAN_POINT('',(34.,-140.));
#971 = CARTESIAN_POINT('',(0.,-140.));
#972 = ( GEOMETRIC_REPRESENTATION_CONTEXT(2) 
PARAMETRIC_REPRESENTATION_CONTEXT() REPRESENTATION_CONTEXT('2D SPACE',''
  ) );
#973 = ORIENTED_EDGE('',*,*,#974,.F.);
#974 = EDGE_CURVE('',#975,#954,#977,.T.);
#975 = VERTEX_POINT('',#976);
#976 = CARTESIAN_POINT('',(-17.,0.,18.5));
#977 = SURFACE_CURVE('',#978,(#983,#990),.PCURVE_S1.);
#978 = CIRCLE('',#979,1.5);
#979 = AXIS2_PLACEMENT_3D('',#980,#981,#982);
#980 = CARTESIAN_POINT('',(-17.,0.,17.));
#981 = DIRECTION('',(0.,-1.,0.));
#982 = DIRECTION('',(4.736951571734E-15,0.,1.));
#983 = PCURVE('',#117,#984);
#984 = DEFINITIONAL_REPRESENTATION('',(#985),#989);
#985 = CIRCLE('',#986,1.5);
#986 = AXIS2_PLACEMENT_2D('',#987,#988);
#987 = CARTESIAN_POINT('',(9.983E+03,9.963E+03));
#988 = DIRECTION('',(-1.,4.736951571734E-15));
#989 = ( GEOMETRIC_REPRESENTATION_CONTEXT(2) 
PARAMETRIC_REPRESENTATION_CONTEXT() REPRESENTATION_CONTEXT('2D SPACE',''
  ) );
#990 = PCURVE('',#542,#991);
#991 = DEFINITIONAL_REPRESENTATION('',(#992),#996);
#992 = LINE('',#993,#994);
#993 = CARTESIAN_POINT('',(0.,-140.));
#994 = VECTOR('',#995,1.);
#995 = DIRECTION('',(1.,0.));
#996 = ( GEOMETRIC_REPRESENTATION_CONTEXT(2) 
PARAMETRIC_REPRESENTATION_CONTEXT() REPRESENTATION_CONTEXT('2D SPACE',''
  ) );
#997 = ORIENTED_EDGE('',*,*,#998,.T.);
#998 = EDGE_CURVE('',#975,#840,#999,.T.);
#999 = SURFACE_CURVE('',#1000,(#1004,#1010),.PCURVE_S1.);
#1000 = LINE('',#1001,#1002);
#1001 = CARTESIAN_POINT('',(-4.9815E+03,0.,18.5));
#1002 = VECTOR('',#1003,1.);
#1003 = DIRECTION('',(1.,0.,0.));
#1004 = PCURVE('',#117,#1005);
#1005 = DEFINITIONAL_REPRESENTATION('',(#1006),#1009);
#1006 = B_SPLINE_CURVE_WITH_KNOTS('',1,(#1007,#1008),.UNSPECIFIED.,.F.,
  .F.,(2,2),(4.9645E+03,4.9985E+03),.PIECEWISE_BEZIER_KNOTS.);
#1007 = CARTESIAN_POINT('',(9.9815E+03,9.963E+03));
#1008 = CARTESIAN_POINT('',(9.9815E+03,9.997E+03));
#1009 = ( GEOMETRIC_REPRESENTATION_CONTEXT(2) 
PARAMETRIC_REPRESENTATION_CONTEXT() REPRESENTATION_CONTEXT('2D SPACE',''
  ) );
#1010 = PCURVE('',#510,#1011);
#1011 = DEFINITIONAL_REPRESENTATION('',(#1012),#1015);
#1012 = B_SPLINE_CURVE_WITH_KNOTS('',1,(#1013,#1014),.UNSPECIFIED.,.F.,
  .F.,(2,2),(4.9645E+03,4.9985E+03),.PIECEWISE_BEZIER_KNOTS.);
#1013 = CARTESIAN_POINT('',(34.,-140.));
#1014 = CARTESIAN_POINT('',(0.,-140.));
#1015 = ( GEOMETRIC_REPRESENTATION_CONTEXT(2) 
PARAMETRIC_REPRESENTATION_CONTEXT() REPRESENTATION_CONTEXT('2D SPACE',''
  ) );
#1016 = ADVANCED_FACE('',(#1017,#1043,#1074,#1105,#1136),#250,.T.);
#1017 = FACE_BOUND('',#1018,.T.);
#1018 = EDGE_LOOP('',(#1019,#1040,#1041,#1042));
#1019 = ORIENTED_EDGE('',*,*,#1020,.F.);
#1020 = EDGE_CURVE('',#726,#380,#1021,.T.);
#1021 = SURFACE_CURVE('',#1022,(#1026,#1033),.PCURVE_S1.);
#1022 = LINE('',#1023,#1024);
#1023 = CARTESIAN_POINT('',(-17.,-140.,20.));
#1024 = VECTOR('',#1025,1.);
#1025 = DIRECTION('',(0.,1.,0.));
#1026 = PCURVE('',#250,#1027);
#1027 = DEFINITIONAL_REPRESENTATION('',(#1028),#1032);
#1028 = LINE('',#1029,#1030);
#1029 = CARTESIAN_POINT('',(34.,0.));
#1030 = VECTOR('',#1031,1.);
#1031 = DIRECTION('',(0.,-1.));
#1032 = ( GEOMETRIC_REPRESENTATION_CONTEXT(2) 
PARAMETRIC_REPRESENTATION_CONTEXT() REPRESENTATION_CONTEXT('2D SPACE',''
  ) );
#1033 = PCURVE('',#400,#1034);
#1034 = DEFINITIONAL_REPRESENTATION('',(#1035),#1039);
#1035 = LINE('',#1036,#1037);
#1036 = CARTESIAN_POINT('',(0.,0.));
#1037 = VECTOR('',#1038,1.);
#1038 = DIRECTION('',(0.,-1.));
#1039 = ( GEOMETRIC_REPRESENTATION_CONTEXT(2) 
PARAMETRIC_REPRESENTATION_CONTEXT() REPRESENTATION_CONTEXT('2D SPACE',''
  ) );
#1040 = ORIENTED_EDGE('',*,*,#725,.T.);
#1041 = ORIENTED_EDGE('',*,*,#236,.T.);
#1042 = ORIENTED_EDGE('',*,*,#412,.T.);
#1043 = FACE_BOUND('',#1044,.T.);
#1044 = EDGE_LOOP('',(#1045));
#1045 = ORIENTED_EDGE('',*,*,#1046,.F.);
#1046 = EDGE_CURVE('',#1047,#1047,#1049,.T.);
#1047 = VERTEX_POINT('',#1048);
#1048 = CARTESIAN_POINT('',(4.5,620.,20.));
#1049 = SURFACE_CURVE('',#1050,(#1055,#1062),.PCURVE_S1.);
#1050 = CIRCLE('',#1051,4.5);
#1051 = AXIS2_PLACEMENT_3D('',#1052,#1053,#1054);
#1052 = CARTESIAN_POINT('',(0.,620.,20.));
#1053 = DIRECTION('',(0.,0.,1.));
#1054 = DIRECTION('',(1.,0.,-0.));
#1055 = PCURVE('',#250,#1056);
#1056 = DEFINITIONAL_REPRESENTATION('',(#1057),#1061);
#1057 = CIRCLE('',#1058,4.5);
#1058 = AXIS2_PLACEMENT_2D('',#1059,#1060);
#1059 = CARTESIAN_POINT('',(17.,-760.));
#1060 = DIRECTION('',(-1.,-0.));
#1061 = ( GEOMETRIC_REPRESENTATION_CONTEXT(2) 
PARAMETRIC_REPRESENTATION_CONTEXT() REPRESENTATION_CONTEXT('2D SPACE',''
  ) );
#1062 = PCURVE('',#1063,#1068);
#1063 = CYLINDRICAL_SURFACE('',#1064,4.5);
#1064 = AXIS2_PLACEMENT_3D('',#1065,#1066,#1067);
#1065 = CARTESIAN_POINT('',(0.,620.,-30.));
#1066 = DIRECTION('',(0.,0.,1.));
#1067 = DIRECTION('',(1.,0.,-0.));
#1068 = DEFINITIONAL_REPRESENTATION('',(#1069),#1073);
#1069 = LINE('',#1070,#1071);
#1070 = CARTESIAN_POINT('',(0.,50.));
#1071 = VECTOR('',#1072,1.);
#1072 = DIRECTION('',(1.,0.));
#1073 = ( GEOMETRIC_REPRESENTATION_CONTEXT(2) 
PARAMETRIC_REPRESENTATION_CONTEXT() REPRESENTATION_CONTEXT('2D SPACE',''
  ) );
#1074 = FACE_BOUND('',#1075,.T.);
#1075 = EDGE_LOOP('',(#1076));
#1076 = ORIENTED_EDGE('',*,*,#1077,.F.);
#1077 = EDGE_CURVE('',#1078,#1078,#1080,.T.);
#1078 = VERTEX_POINT('',#1079);
#1079 = CARTESIAN_POINT('',(4.5,540.,20.));
#1080 = SURFACE_CURVE('',#1081,(#1086,#1093),.PCURVE_S1.);
#1081 = CIRCLE('',#1082,4.5);
#1082 = AXIS2_PLACEMENT_3D('',#1083,#1084,#1085);
#1083 = CARTESIAN_POINT('',(0.,540.,20.));
#1084 = DIRECTION('',(0.,0.,1.));
#1085 = DIRECTION('',(1.,0.,-0.));
#1086 = PCURVE('',#250,#1087);
#1087 = DEFINITIONAL_REPRESENTATION('',(#1088),#1092);
#1088 = CIRCLE('',#1089,4.5);
#1089 = AXIS2_PLACEMENT_2D('',#1090,#1091);
#1090 = CARTESIAN_POINT('',(17.,-680.));
#1091 = DIRECTION('',(-1.,-0.));
#1092 = ( GEOMETRIC_REPRESENTATION_CONTEXT(2) 
PARAMETRIC_REPRESENTATION_CONTEXT() REPRESENTATION_CONTEXT('2D SPACE',''
  ) );
#1093 = PCURVE('',#1094,#1099);
#1094 = CYLINDRICAL_SURFACE('',#1095,4.5);
#1095 = AXIS2_PLACEMENT_3D('',#1096,#1097,#1098);
#1096 = CARTESIAN_POINT('',(0.,540.,-30.));
#1097 = DIRECTION('',(0.,0.,1.));
#1098 = DIRECTION('',(1.,0.,-0.));
#1099 = DEFINITIONAL_REPRESENTATION('',(#1100),#1104);
#1100 = LINE('',#1101,#1102);
#1101 = CARTESIAN_POINT('',(0.,50.));
#1102 = VECTOR('',#1103,1.);
#1103 = DIRECTION('',(1.,0.));
#1104 = ( GEOMETRIC_REPRESENTATION_CONTEXT(2) 
PARAMETRIC_REPRESENTATION_CONTEXT() REPRESENTATION_CONTEXT('2D SPACE',''
  ) );
#1105 = FACE_BOUND('',#1106,.T.);
#1106 = EDGE_LOOP('',(#1107));
#1107 = ORIENTED_EDGE('',*,*,#1108,.F.);
#1108 = EDGE_CURVE('',#1109,#1109,#1111,.T.);
#1109 = VERTEX_POINT('',#1110);
#1110 = CARTESIAN_POINT('',(4.5,120.,20.));
#1111 = SURFACE_CURVE('',#1112,(#1117,#1124),.PCURVE_S1.);
#1112 = CIRCLE('',#1113,4.5);
#1113 = AXIS2_PLACEMENT_3D('',#1114,#1115,#1116);
#1114 = CARTESIAN_POINT('',(0.,120.,20.));
#1115 = DIRECTION('',(0.,0.,1.));
#1116 = DIRECTION('',(1.,0.,-0.));
#1117 = PCURVE('',#250,#1118);
#1118 = DEFINITIONAL_REPRESENTATION('',(#1119),#1123);
#1119 = CIRCLE('',#1120,4.5);
#1120 = AXIS2_PLACEMENT_2D('',#1121,#1122);
#1121 = CARTESIAN_POINT('',(17.,-260.));
#1122 = DIRECTION('',(-1.,-0.));
#1123 = ( GEOMETRIC_REPRESENTATION_CONTEXT(2) 
PARAMETRIC_REPRESENTATION_CONTEXT() REPRESENTATION_CONTEXT('2D SPACE',''
  ) );
#1124 = PCURVE('',#1125,#1130);
#1125 = CYLINDRICAL_SURFACE('',#1126,4.5);
#1126 = AXIS2_PLACEMENT_3D('',#1127,#1128,#1129);
#1127 = CARTESIAN_POINT('',(0.,120.,-30.));
#1128 = DIRECTION('',(0.,0.,1.));
#1129 = DIRECTION('',(1.,0.,-0.));
#1130 = DEFINITIONAL_REPRESENTATION('',(#1131),#1135);
#1131 = LINE('',#1132,#1133);
#1132 = CARTESIAN_POINT('',(0.,50.));
#1133 = VECTOR('',#1134,1.);
#1134 = DIRECTION('',(1.,0.));
#1135 = ( GEOMETRIC_REPRESENTATION_CONTEXT(2) 
PARAMETRIC_REPRESENTATION_CONTEXT() REPRESENTATION_CONTEXT('2D SPACE',''
  ) );
#1136 = FACE_BOUND('',#1137,.T.);
#1137 = EDGE_LOOP('',(#1138));
#1138 = ORIENTED_EDGE('',*,*,#1139,.F.);
#1139 = EDGE_CURVE('',#1140,#1140,#1142,.T.);
#1140 = VERTEX_POINT('',#1141);
#1141 = CARTESIAN_POINT('',(4.5,40.,20.));
#1142 = SURFACE_CURVE('',#1143,(#1148,#1155),.PCURVE_S1.);
#1143 = CIRCLE('',#1144,4.5);
#1144 = AXIS2_PLACEMENT_3D('',#1145,#1146,#1147);
#1145 = CARTESIAN_POINT('',(0.,40.,20.));
#1146 = DIRECTION('',(0.,0.,1.));
#1147 = DIRECTION('',(1.,0.,-0.));
#1148 = PCURVE('',#250,#1149);
#1149 = DEFINITIONAL_REPRESENTATION('',(#1150),#1154);
#1150 = CIRCLE('',#1151,4.5);
#1151 = AXIS2_PLACEMENT_2D('',#1152,#1153);
#1152 = CARTESIAN_POINT('',(17.,-180.));
#1153 = DIRECTION('',(-1.,-0.));
#1154 = ( GEOMETRIC_REPRESENTATION_CONTEXT(2) 
PARAMETRIC_REPRESENTATION_CONTEXT() REPRESENTATION_CONTEXT('2D SPACE',''
  ) );
#1155 = PCURVE('',#1156,#1161);
#1156 = CYLINDRICAL_SURFACE('',#1157,4.5);
#1157 = AXIS2_PLACEMENT_3D('',#1158,#1159,#1160);
#1158 = CARTESIAN_POINT('',(0.,40.,-30.));
#1159 = DIRECTION('',(0.,0.,1.));
#1160 = DIRECTION('',(1.,0.,-0.));
#1161 = DEFINITIONAL_REPRESENTATION('',(#1162),#1166);
#1162 = LINE('',#1163,#1164);
#1163 = CARTESIAN_POINT('',(0.,50.));
#1164 = VECTOR('',#1165,1.);
#1165 = DIRECTION('',(1.,0.));
#1166 = ( GEOMETRIC_REPRESENTATION_CONTEXT(2) 
PARAMETRIC_REPRESENTATION_CONTEXT() REPRESENTATION_CONTEXT('2D SPACE',''
  ) );
#1167 = ADVANCED_FACE('',(#1168),#400,.T.);
#1168 = FACE_BOUND('',#1169,.T.);
#1169 = EDGE_LOOP('',(#1170,#1171,#1172,#1173));
#1170 = ORIENTED_EDGE('',*,*,#746,.F.);
#1171 = ORIENTED_EDGE('',*,*,#1020,.T.);
#1172 = ORIENTED_EDGE('',*,*,#379,.T.);
#1173 = ORIENTED_EDGE('',*,*,#1174,.F.);
#1174 = EDGE_CURVE('',#747,#354,#1175,.T.);
#1175 = SURFACE_CURVE('',#1176,(#1180,#1187),.PCURVE_S1.);
#1176 = LINE('',#1177,#1178);
#1177 = CARTESIAN_POINT('',(-20.,-140.,17.));
#1178 = VECTOR('',#1179,1.);
#1179 = DIRECTION('',(0.,1.,0.));
#1180 = PCURVE('',#400,#1181);
#1181 = DEFINITIONAL_REPRESENTATION('',(#1182),#1186);
#1182 = LINE('',#1183,#1184);
#1183 = CARTESIAN_POINT('',(1.570796326795,0.));
#1184 = VECTOR('',#1185,1.);
#1185 = DIRECTION('',(0.,-1.));
#1186 = ( GEOMETRIC_REPRESENTATION_CONTEXT(2) 
PARAMETRIC_REPRESENTATION_CONTEXT() REPRESENTATION_CONTEXT('2D SPACE',''
  ) );
#1187 = PCURVE('',#368,#1188);
#1188 = DEFINITIONAL_REPRESENTATION('',(#1189),#1193);
#1189 = LINE('',#1190,#1191);
#1190 = CARTESIAN_POINT('',(0.,-0.));
#1191 = VECTOR('',#1192,1.);
#1192 = DIRECTION('',(0.,-1.));
#1193 = ( GEOMETRIC_REPRESENTATION_CONTEXT(2) 
PARAMETRIC_REPRESENTATION_CONTEXT() REPRESENTATION_CONTEXT('2D SPACE',''
  ) );
#1194 = ADVANCED_FACE('',(#1195),#368,.T.);
#1195 = FACE_BOUND('',#1196,.T.);
#1196 = EDGE_LOOP('',(#1197,#1218,#1219,#1220));
#1197 = ORIENTED_EDGE('',*,*,#1198,.F.);
#1198 = EDGE_CURVE('',#771,#321,#1199,.T.);
#1199 = SURFACE_CURVE('',#1200,(#1204,#1211),.PCURVE_S1.);
#1200 = LINE('',#1201,#1202);
#1201 = CARTESIAN_POINT('',(-20.,-140.,-17.));
#1202 = VECTOR('',#1203,1.);
#1203 = DIRECTION('',(0.,1.,0.));
#1204 = PCURVE('',#368,#1205);
#1205 = DEFINITIONAL_REPRESENTATION('',(#1206),#1210);
#1206 = LINE('',#1207,#1208);
#1207 = CARTESIAN_POINT('',(34.,0.));
#1208 = VECTOR('',#1209,1.);
#1209 = DIRECTION('',(0.,-1.));
#1210 = ( GEOMETRIC_REPRESENTATION_CONTEXT(2) 
PARAMETRIC_REPRESENTATION_CONTEXT() REPRESENTATION_CONTEXT('2D SPACE',''
  ) );
#1211 = PCURVE('',#341,#1212);
#1212 = DEFINITIONAL_REPRESENTATION('',(#1213),#1217);
#1213 = LINE('',#1214,#1215);
#1214 = CARTESIAN_POINT('',(0.,0.));
#1215 = VECTOR('',#1216,1.);
#1216 = DIRECTION('',(0.,-1.));
#1217 = ( GEOMETRIC_REPRESENTATION_CONTEXT(2) 
PARAMETRIC_REPRESENTATION_CONTEXT() REPRESENTATION_CONTEXT('2D SPACE',''
  ) );
#1218 = ORIENTED_EDGE('',*,*,#770,.T.);
#1219 = ORIENTED_EDGE('',*,*,#1174,.T.);
#1220 = ORIENTED_EDGE('',*,*,#353,.T.);
#1221 = ADVANCED_FACE('',(#1222),#341,.T.);
#1222 = FACE_BOUND('',#1223,.T.);
#1223 = EDGE_LOOP('',(#1224,#1225,#1226,#1227));
#1224 = ORIENTED_EDGE('',*,*,#791,.F.);
#1225 = ORIENTED_EDGE('',*,*,#1198,.T.);
#1226 = ORIENTED_EDGE('',*,*,#320,.T.);
#1227 = ORIENTED_EDGE('',*,*,#1228,.F.);
#1228 = EDGE_CURVE('',#792,#295,#1229,.T.);
#1229 = SURFACE_CURVE('',#1230,(#1234,#1241),.PCURVE_S1.);
#1230 = LINE('',#1231,#1232);
#1231 = CARTESIAN_POINT('',(-17.,-140.,-20.));
#1232 = VECTOR('',#1233,1.);
#1233 = DIRECTION('',(0.,1.,0.));
#1234 = PCURVE('',#341,#1235);
#1235 = DEFINITIONAL_REPRESENTATION('',(#1236),#1240);
#1236 = LINE('',#1237,#1238);
#1237 = CARTESIAN_POINT('',(1.570796326795,0.));
#1238 = VECTOR('',#1239,1.);
#1239 = DIRECTION('',(0.,-1.));
#1240 = ( GEOMETRIC_REPRESENTATION_CONTEXT(2) 
PARAMETRIC_REPRESENTATION_CONTEXT() REPRESENTATION_CONTEXT('2D SPACE',''
  ) );
#1241 = PCURVE('',#309,#1242);
#1242 = DEFINITIONAL_REPRESENTATION('',(#1243),#1247);
#1243 = LINE('',#1244,#1245);
#1244 = CARTESIAN_POINT('',(0.,0.));
#1245 = VECTOR('',#1246,1.);
#1246 = DIRECTION('',(0.,-1.));
#1247 = ( GEOMETRIC_REPRESENTATION_CONTEXT(2) 
PARAMETRIC_REPRESENTATION_CONTEXT() REPRESENTATION_CONTEXT('2D SPACE',''
  ) );
#1248 = ADVANCED_FACE('',(#1249,#1255,#1290,#1325,#1360),#309,.T.);
#1249 = FACE_BOUND('',#1250,.T.);
#1250 = EDGE_LOOP('',(#1251,#1252,#1253,#1254));
#1251 = ORIENTED_EDGE('',*,*,#697,.F.);
#1252 = ORIENTED_EDGE('',*,*,#815,.T.);
#1253 = ORIENTED_EDGE('',*,*,#1228,.T.);
#1254 = ORIENTED_EDGE('',*,*,#294,.T.);
#1255 = FACE_BOUND('',#1256,.T.);
#1256 = EDGE_LOOP('',(#1257));
#1257 = ORIENTED_EDGE('',*,*,#1258,.T.);
#1258 = EDGE_CURVE('',#1259,#1259,#1261,.T.);
#1259 = VERTEX_POINT('',#1260);
#1260 = CARTESIAN_POINT('',(4.5,620.,-20.));
#1261 = SURFACE_CURVE('',#1262,(#1267,#1278),.PCURVE_S1.);
#1262 = CIRCLE('',#1263,4.5);
#1263 = AXIS2_PLACEMENT_3D('',#1264,#1265,#1266);
#1264 = CARTESIAN_POINT('',(0.,620.,-20.));
#1265 = DIRECTION('',(0.,0.,1.));
#1266 = DIRECTION('',(1.,0.,-0.));
#1267 = PCURVE('',#309,#1268);
#1268 = DEFINITIONAL_REPRESENTATION('',(#1269),#1277);
#1269 = ( BOUNDED_CURVE() B_SPLINE_CURVE(2,(#1270,#1271,#1272,#1273,
#1274,#1275,#1276),.UNSPECIFIED.,.T.,.F.) B_SPLINE_CURVE_WITH_KNOTS((1,2
    ,2,2,2,1),(-2.094395102393,0.,2.094395102393,4.188790204786,
6.28318530718,8.377580409573),.UNSPECIFIED.) CURVE() 
GEOMETRIC_REPRESENTATION_ITEM() RATIONAL_B_SPLINE_CURVE((1.,0.5,1.,0.5,
1.,0.5,1.)) REPRESENTATION_ITEM('') );
#1270 = CARTESIAN_POINT('',(21.5,-760.));
#1271 = CARTESIAN_POINT('',(21.5,-767.794228634));
#1272 = CARTESIAN_POINT('',(14.75,-763.897114317));
#1273 = CARTESIAN_POINT('',(8.,-760.));
#1274 = CARTESIAN_POINT('',(14.75,-756.1028856829));
#1275 = CARTESIAN_POINT('',(21.5,-752.2057713659));
#1276 = CARTESIAN_POINT('',(21.5,-760.));
#1277 = ( GEOMETRIC_REPRESENTATION_CONTEXT(2) 
PARAMETRIC_REPRESENTATION_CONTEXT() REPRESENTATION_CONTEXT('2D SPACE',''
  ) );
#1278 = PCURVE('',#1279,#1284);
#1279 = CYLINDRICAL_SURFACE('',#1280,4.5);
#1280 = AXIS2_PLACEMENT_3D('',#1281,#1282,#1283);
#1281 = CARTESIAN_POINT('',(0.,620.,-30.));
#1282 = DIRECTION('',(0.,0.,1.));
#1283 = DIRECTION('',(1.,0.,-0.));
#1284 = DEFINITIONAL_REPRESENTATION('',(#1285),#1289);
#1285 = LINE('',#1286,#1287);
#1286 = CARTESIAN_POINT('',(0.,10.));
#1287 = VECTOR('',#1288,1.);
#1288 = DIRECTION('',(1.,0.));
#1289 = ( GEOMETRIC_REPRESENTATION_CONTEXT(2) 
PARAMETRIC_REPRESENTATION_CONTEXT() REPRESENTATION_CONTEXT('2D SPACE',''
  ) );
#1290 = FACE_BOUND('',#1291,.T.);
#1291 = EDGE_LOOP('',(#1292));
#1292 = ORIENTED_EDGE('',*,*,#1293,.T.);
#1293 = EDGE_CURVE('',#1294,#1294,#1296,.T.);
#1294 = VERTEX_POINT('',#1295);
#1295 = CARTESIAN_POINT('',(4.5,540.,-20.));
#1296 = SURFACE_CURVE('',#1297,(#1302,#1313),.PCURVE_S1.);
#1297 = CIRCLE('',#1298,4.5);
#1298 = AXIS2_PLACEMENT_3D('',#1299,#1300,#1301);
#1299 = CARTESIAN_POINT('',(0.,540.,-20.));
#1300 = DIRECTION('',(0.,0.,1.));
#1301 = DIRECTION('',(1.,0.,-0.));
#1302 = PCURVE('',#309,#1303);
#1303 = DEFINITIONAL_REPRESENTATION('',(#1304),#1312);
#1304 = ( BOUNDED_CURVE() B_SPLINE_CURVE(2,(#1305,#1306,#1307,#1308,
#1309,#1310,#1311),.UNSPECIFIED.,.T.,.F.) B_SPLINE_CURVE_WITH_KNOTS((1,2
    ,2,2,2,1),(-2.094395102393,0.,2.094395102393,4.188790204786,
6.28318530718,8.377580409573),.UNSPECIFIED.) CURVE() 
GEOMETRIC_REPRESENTATION_ITEM() RATIONAL_B_SPLINE_CURVE((1.,0.5,1.,0.5,
1.,0.5,1.)) REPRESENTATION_ITEM('') );
#1305 = CARTESIAN_POINT('',(21.5,-680.));
#1306 = CARTESIAN_POINT('',(21.5,-687.794228634));
#1307 = CARTESIAN_POINT('',(14.75,-683.897114317));
#1308 = CARTESIAN_POINT('',(8.,-680.));
#1309 = CARTESIAN_POINT('',(14.75,-676.1028856829));
#1310 = CARTESIAN_POINT('',(21.5,-672.2057713659));
#1311 = CARTESIAN_POINT('',(21.5,-680.));
#1312 = ( GEOMETRIC_REPRESENTATION_CONTEXT(2) 
PARAMETRIC_REPRESENTATION_CONTEXT() REPRESENTATION_CONTEXT('2D SPACE',''
  ) );
#1313 = PCURVE('',#1314,#1319);
#1314 = CYLINDRICAL_SURFACE('',#1315,4.5);
#1315 = AXIS2_PLACEMENT_3D('',#1316,#1317,#1318);
#1316 = CARTESIAN_POINT('',(0.,540.,-30.));
#1317 = DIRECTION('',(0.,0.,1.));
#1318 = DIRECTION('',(1.,0.,-0.));
#1319 = DEFINITIONAL_REPRESENTATION('',(#1320),#1324);
#1320 = LINE('',#1321,#1322);
#1321 = CARTESIAN_POINT('',(0.,10.));
#1322 = VECTOR('',#1323,1.);
#1323 = DIRECTION('',(1.,0.));
#1324 = ( GEOMETRIC_REPRESENTATION_CONTEXT(2) 
PARAMETRIC_REPRESENTATION_CONTEXT() REPRESENTATION_CONTEXT('2D SPACE',''
  ) );
#1325 = FACE_BOUND('',#1326,.T.);
#1326 = EDGE_LOOP('',(#1327));
#1327 = ORIENTED_EDGE('',*,*,#1328,.T.);
#1328 = EDGE_CURVE('',#1329,#1329,#1331,.T.);
#1329 = VERTEX_POINT('',#1330);
#1330 = CARTESIAN_POINT('',(4.5,120.,-20.));
#1331 = SURFACE_CURVE('',#1332,(#1337,#1348),.PCURVE_S1.);
#1332 = CIRCLE('',#1333,4.5);
#1333 = AXIS2_PLACEMENT_3D('',#1334,#1335,#1336);
#1334 = CARTESIAN_POINT('',(0.,120.,-20.));
#1335 = DIRECTION('',(0.,0.,1.));
#1336 = DIRECTION('',(1.,0.,-0.));
#1337 = PCURVE('',#309,#1338);
#1338 = DEFINITIONAL_REPRESENTATION('',(#1339),#1347);
#1339 = ( BOUNDED_CURVE() B_SPLINE_CURVE(2,(#1340,#1341,#1342,#1343,
#1344,#1345,#1346),.UNSPECIFIED.,.T.,.F.) B_SPLINE_CURVE_WITH_KNOTS((1,2
    ,2,2,2,1),(-2.094395102393,0.,2.094395102393,4.188790204786,
6.28318530718,8.377580409573),.UNSPECIFIED.) CURVE() 
GEOMETRIC_REPRESENTATION_ITEM() RATIONAL_B_SPLINE_CURVE((1.,0.5,1.,0.5,
1.,0.5,1.)) REPRESENTATION_ITEM('') );
#1340 = CARTESIAN_POINT('',(21.5,-260.));
#1341 = CARTESIAN_POINT('',(21.5,-267.794228634));
#1342 = CARTESIAN_POINT('',(14.75,-263.897114317));
#1343 = CARTESIAN_POINT('',(8.,-260.));
#1344 = CARTESIAN_POINT('',(14.75,-256.1028856829));
#1345 = CARTESIAN_POINT('',(21.5,-252.2057713659));
#1346 = CARTESIAN_POINT('',(21.5,-260.));
#1347 = ( GEOMETRIC_REPRESENTATION_CONTEXT(2) 
PARAMETRIC_REPRESENTATION_CONTEXT() REPRESENTATION_CONTEXT('2D SPACE',''
  ) );
#1348 = PCURVE('',#1349,#1354);
#1349 = CYLINDRICAL_SURFACE('',#1350,4.5);
#1350 = AXIS2_PLACEMENT_3D('',#1351,#1352,#1353);
#1351 = CARTESIAN_POINT('',(0.,120.,-30.));
#1352 = DIRECTION('',(0.,0.,1.));
#1353 = DIRECTION('',(1.,0.,-0.));
#1354 = DEFINITIONAL_REPRESENTATION('',(#1355),#1359);
#1355 = LINE('',#1356,#1357);
#1356 = CARTESIAN_POINT('',(0.,10.));
#1357 = VECTOR('',#1358,1.);
#1358 = DIRECTION('',(1.,0.));
#1359 = ( GEOMETRIC_REPRESENTATION_CONTEXT(2) 
PARAMETRIC_REPRESENTATION_CONTEXT() REPRESENTATION_CONTEXT('2D SPACE',''
  ) );
#1360 = FACE_BOUND('',#1361,.T.);
#1361 = EDGE_LOOP('',(#1362));
#1362 = ORIENTED_EDGE('',*,*,#1363,.T.);
#1363 = EDGE_CURVE('',#1364,#1364,#1366,.T.);
#1364 = VERTEX_POINT('',#1365);
#1365 = CARTESIAN_POINT('',(4.5,40.,-20.));
#1366 = SURFACE_CURVE('',#1367,(#1372,#1383),.PCURVE_S1.);
#1367 = CIRCLE('',#1368,4.5);
#1368 = AXIS2_PLACEMENT_3D('',#1369,#1370,#1371);
#1369 = CARTESIAN_POINT('',(0.,40.,-20.));
#1370 = DIRECTION('',(0.,0.,1.));
#1371 = DIRECTION('',(1.,0.,-0.));
#1372 = PCURVE('',#309,#1373);
#1373 = DEFINITIONAL_REPRESENTATION('',(#1374),#1382);
#1374 = ( BOUNDED_CURVE() B_SPLINE_CURVE(2,(#1375,#1376,#1377,#1378,
#1379,#1380,#1381),.UNSPECIFIED.,.T.,.F.) B_SPLINE_CURVE_WITH_KNOTS((1,2
    ,2,2,2,1),(-2.094395102393,0.,2.094395102393,4.188790204786,
6.28318530718,8.377580409573),.UNSPECIFIED.) CURVE() 
GEOMETRIC_REPRESENTATION_ITEM() RATIONAL_B_SPLINE_CURVE((1.,0.5,1.,0.5,
1.,0.5,1.)) REPRESENTATION_ITEM('') );
#1375 = CARTESIAN_POINT('',(21.5,-180.));
#1376 = CARTESIAN_POINT('',(21.5,-187.794228634));
#1377 = CARTESIAN_POINT('',(14.75,-183.897114317));
#1378 = CARTESIAN_POINT('',(8.,-180.));
#1379 = CARTESIAN_POINT('',(14.75,-176.1028856829));
#1380 = CARTESIAN_POINT('',(21.5,-172.2057713659));
#1381 = CARTESIAN_POINT('',(21.5,-180.));
#1382 = ( GEOMETRIC_REPRESENTATION_CONTEXT(2) 
PARAMETRIC_REPRESENTATION_CONTEXT() REPRESENTATION_CONTEXT('2D SPACE',''
  ) );
#1383 = PCURVE('',#1384,#1389);
#1384 = CYLINDRICAL_SURFACE('',#1385,4.5);
#1385 = AXIS2_PLACEMENT_3D('',#1386,#1387,#1388);
#1386 = CARTESIAN_POINT('',(0.,40.,-30.));
#1387 = DIRECTION('',(0.,0.,1.));
#1388 = DIRECTION('',(1.,0.,-0.));
#1389 = DEFINITIONAL_REPRESENTATION('',(#1390),#1394);
#1390 = LINE('',#1391,#1392);
#1391 = CARTESIAN_POINT('',(0.,10.));
#1392 = VECTOR('',#1393,1.);
#1393 = DIRECTION('',(1.,0.));
#1394 = ( GEOMETRIC_REPRESENTATION_CONTEXT(2) 
PARAMETRIC_REPRESENTATION_CONTEXT() REPRESENTATION_CONTEXT('2D SPACE',''
  ) );
#1395 = ADVANCED_FACE('',(#1396),#451,.F.);
#1396 = FACE_BOUND('',#1397,.F.);
#1397 = EDGE_LOOP('',(#1398,#1419,#1420,#1441));
#1398 = ORIENTED_EDGE('',*,*,#1399,.F.);
#1399 = EDGE_CURVE('',#838,#437,#1400,.T.);
#1400 = SURFACE_CURVE('',#1401,(#1405,#1412),.PCURVE_S1.);
#1401 = LINE('',#1402,#1403);
#1402 = CARTESIAN_POINT('',(18.5,-140.,17.));
#1403 = VECTOR('',#1404,1.);
#1404 = DIRECTION('',(0.,1.,0.));
#1405 = PCURVE('',#451,#1406);
#1406 = DEFINITIONAL_REPRESENTATION('',(#1407),#1411);
#1407 = LINE('',#1408,#1409);
#1408 = CARTESIAN_POINT('',(34.,0.));
#1409 = VECTOR('',#1410,1.);
#1410 = DIRECTION('',(0.,-1.));
#1411 = ( GEOMETRIC_REPRESENTATION_CONTEXT(2) 
PARAMETRIC_REPRESENTATION_CONTEXT() REPRESENTATION_CONTEXT('2D SPACE',''
  ) );
#1412 = PCURVE('',#483,#1413);
#1413 = DEFINITIONAL_REPRESENTATION('',(#1414),#1418);
#1414 = LINE('',#1415,#1416);
#1415 = CARTESIAN_POINT('',(0.,0.));
#1416 = VECTOR('',#1417,1.);
#1417 = DIRECTION('',(0.,-1.));
#1418 = ( GEOMETRIC_REPRESENTATION_CONTEXT(2) 
PARAMETRIC_REPRESENTATION_CONTEXT() REPRESENTATION_CONTEXT('2D SPACE',''
  ) );
#1419 = ORIENTED_EDGE('',*,*,#863,.T.);
#1420 = ORIENTED_EDGE('',*,*,#1421,.T.);
#1421 = EDGE_CURVE('',#864,#435,#1422,.T.);
#1422 = SURFACE_CURVE('',#1423,(#1427,#1434),.PCURVE_S1.);
#1423 = LINE('',#1424,#1425);
#1424 = CARTESIAN_POINT('',(18.5,-140.,-17.));
#1425 = VECTOR('',#1426,1.);
#1426 = DIRECTION('',(0.,1.,0.));
#1427 = PCURVE('',#451,#1428);
#1428 = DEFINITIONAL_REPRESENTATION('',(#1429),#1433);
#1429 = LINE('',#1430,#1431);
#1430 = CARTESIAN_POINT('',(0.,0.));
#1431 = VECTOR('',#1432,1.);
#1432 = DIRECTION('',(0.,-1.));
#1433 = ( GEOMETRIC_REPRESENTATION_CONTEXT(2) 
PARAMETRIC_REPRESENTATION_CONTEXT() REPRESENTATION_CONTEXT('2D SPACE',''
  ) );
#1434 = PCURVE('',#658,#1435);
#1435 = DEFINITIONAL_REPRESENTATION('',(#1436),#1440);
#1436 = LINE('',#1437,#1438);
#1437 = CARTESIAN_POINT('',(1.570796326795,0.));
#1438 = VECTOR('',#1439,1.);
#1439 = DIRECTION('',(0.,-1.));
#1440 = ( GEOMETRIC_REPRESENTATION_CONTEXT(2) 
PARAMETRIC_REPRESENTATION_CONTEXT() REPRESENTATION_CONTEXT('2D SPACE',''
  ) );
#1441 = ORIENTED_EDGE('',*,*,#434,.T.);
#1442 = ADVANCED_FACE('',(#1443),#658,.F.);
#1443 = FACE_BOUND('',#1444,.F.);
#1444 = EDGE_LOOP('',(#1445,#1446,#1467,#1468));
#1445 = ORIENTED_EDGE('',*,*,#884,.F.);
#1446 = ORIENTED_EDGE('',*,*,#1447,.T.);
#1447 = EDGE_CURVE('',#885,#614,#1448,.T.);
#1448 = SURFACE_CURVE('',#1449,(#1453,#1460),.PCURVE_S1.);
#1449 = LINE('',#1450,#1451);
#1450 = CARTESIAN_POINT('',(17.,-140.,-18.5));
#1451 = VECTOR('',#1452,1.);
#1452 = DIRECTION('',(0.,1.,0.));
#1453 = PCURVE('',#658,#1454);
#1454 = DEFINITIONAL_REPRESENTATION('',(#1455),#1459);
#1455 = LINE('',#1456,#1457);
#1456 = CARTESIAN_POINT('',(0.,0.));
#1457 = VECTOR('',#1458,1.);
#1458 = DIRECTION('',(0.,-1.));
#1459 = ( GEOMETRIC_REPRESENTATION_CONTEXT(2) 
PARAMETRIC_REPRESENTATION_CONTEXT() REPRESENTATION_CONTEXT('2D SPACE',''
  ) );
#1460 = PCURVE('',#628,#1461);
#1461 = DEFINITIONAL_REPRESENTATION('',(#1462),#1466);
#1462 = LINE('',#1463,#1464);
#1463 = CARTESIAN_POINT('',(34.,0.));
#1464 = VECTOR('',#1465,1.);
#1465 = DIRECTION('',(0.,-1.));
#1466 = ( GEOMETRIC_REPRESENTATION_CONTEXT(2) 
PARAMETRIC_REPRESENTATION_CONTEXT() REPRESENTATION_CONTEXT('2D SPACE',''
  ) );
#1467 = ORIENTED_EDGE('',*,*,#639,.T.);
#1468 = ORIENTED_EDGE('',*,*,#1421,.F.);
#1469 = ADVANCED_FACE('',(#1470,#1496,#1526,#1556,#1586),#628,.F.);
#1470 = FACE_BOUND('',#1471,.F.);
#1471 = EDGE_LOOP('',(#1472,#1473,#1474,#1495));
#1472 = ORIENTED_EDGE('',*,*,#1447,.F.);
#1473 = ORIENTED_EDGE('',*,*,#908,.T.);
#1474 = ORIENTED_EDGE('',*,*,#1475,.T.);
#1475 = EDGE_CURVE('',#909,#581,#1476,.T.);
#1476 = SURFACE_CURVE('',#1477,(#1481,#1488),.PCURVE_S1.);
#1477 = LINE('',#1478,#1479);
#1478 = CARTESIAN_POINT('',(-17.,-140.,-18.5));
#1479 = VECTOR('',#1480,1.);
#1480 = DIRECTION('',(0.,1.,0.));
#1481 = PCURVE('',#628,#1482);
#1482 = DEFINITIONAL_REPRESENTATION('',(#1483),#1487);
#1483 = LINE('',#1484,#1485);
#1484 = CARTESIAN_POINT('',(0.,0.));
#1485 = VECTOR('',#1486,1.);
#1486 = DIRECTION('',(0.,-1.));
#1487 = ( GEOMETRIC_REPRESENTATION_CONTEXT(2) 
PARAMETRIC_REPRESENTATION_CONTEXT() REPRESENTATION_CONTEXT('2D SPACE',''
  ) );
#1488 = PCURVE('',#601,#1489);
#1489 = DEFINITIONAL_REPRESENTATION('',(#1490),#1494);
#1490 = LINE('',#1491,#1492);
#1491 = CARTESIAN_POINT('',(1.570796326795,0.));
#1492 = VECTOR('',#1493,1.);
#1493 = DIRECTION('',(0.,-1.));
#1494 = ( GEOMETRIC_REPRESENTATION_CONTEXT(2) 
PARAMETRIC_REPRESENTATION_CONTEXT() REPRESENTATION_CONTEXT('2D SPACE',''
  ) );
#1495 = ORIENTED_EDGE('',*,*,#613,.T.);
#1496 = FACE_BOUND('',#1497,.F.);
#1497 = EDGE_LOOP('',(#1498));
#1498 = ORIENTED_EDGE('',*,*,#1499,.T.);
#1499 = EDGE_CURVE('',#1500,#1500,#1502,.T.);
#1500 = VERTEX_POINT('',#1501);
#1501 = CARTESIAN_POINT('',(4.5,620.,-18.5));
#1502 = SURFACE_CURVE('',#1503,(#1508,#1519),.PCURVE_S1.);
#1503 = CIRCLE('',#1504,4.5);
#1504 = AXIS2_PLACEMENT_3D('',#1505,#1506,#1507);
#1505 = CARTESIAN_POINT('',(0.,620.,-18.5));
#1506 = DIRECTION('',(0.,0.,1.));
#1507 = DIRECTION('',(1.,0.,-0.));
#1508 = PCURVE('',#628,#1509);
#1509 = DEFINITIONAL_REPRESENTATION('',(#1510),#1518);
#1510 = ( BOUNDED_CURVE() B_SPLINE_CURVE(2,(#1511,#1512,#1513,#1514,
#1515,#1516,#1517),.UNSPECIFIED.,.T.,.F.) B_SPLINE_CURVE_WITH_KNOTS((1,2
    ,2,2,2,1),(-2.094395102393,0.,2.094395102393,4.188790204786,
6.28318530718,8.377580409573),.UNSPECIFIED.) CURVE() 
GEOMETRIC_REPRESENTATION_ITEM() RATIONAL_B_SPLINE_CURVE((1.,0.5,1.,0.5,
1.,0.5,1.)) REPRESENTATION_ITEM('') );
#1511 = CARTESIAN_POINT('',(21.5,-760.));
#1512 = CARTESIAN_POINT('',(21.5,-767.794228634));
#1513 = CARTESIAN_POINT('',(14.75,-763.897114317));
#1514 = CARTESIAN_POINT('',(8.,-760.));
#1515 = CARTESIAN_POINT('',(14.75,-756.1028856829));
#1516 = CARTESIAN_POINT('',(21.5,-752.2057713659));
#1517 = CARTESIAN_POINT('',(21.5,-760.));
#1518 = ( GEOMETRIC_REPRESENTATION_CONTEXT(2) 
PARAMETRIC_REPRESENTATION_CONTEXT() REPRESENTATION_CONTEXT('2D SPACE',''
  ) );
#1519 = PCURVE('',#1279,#1520);
#1520 = DEFINITIONAL_REPRESENTATION('',(#1521),#1525);
#1521 = LINE('',#1522,#1523);
#1522 = CARTESIAN_POINT('',(0.,11.5));
#1523 = VECTOR('',#1524,1.);
#1524 = DIRECTION('',(1.,0.));
#1525 = ( GEOMETRIC_REPRESENTATION_CONTEXT(2) 
PARAMETRIC_REPRESENTATION_CONTEXT() REPRESENTATION_CONTEXT('2D SPACE',''
  ) );
#1526 = FACE_BOUND('',#1527,.F.);
#1527 = EDGE_LOOP('',(#1528));
#1528 = ORIENTED_EDGE('',*,*,#1529,.T.);
#1529 = EDGE_CURVE('',#1530,#1530,#1532,.T.);
#1530 = VERTEX_POINT('',#1531);
#1531 = CARTESIAN_POINT('',(4.5,540.,-18.5));
#1532 = SURFACE_CURVE('',#1533,(#1538,#1549),.PCURVE_S1.);
#1533 = CIRCLE('',#1534,4.5);
#1534 = AXIS2_PLACEMENT_3D('',#1535,#1536,#1537);
#1535 = CARTESIAN_POINT('',(0.,540.,-18.5));
#1536 = DIRECTION('',(0.,0.,1.));
#1537 = DIRECTION('',(1.,0.,-0.));
#1538 = PCURVE('',#628,#1539);
#1539 = DEFINITIONAL_REPRESENTATION('',(#1540),#1548);
#1540 = ( BOUNDED_CURVE() B_SPLINE_CURVE(2,(#1541,#1542,#1543,#1544,
#1545,#1546,#1547),.UNSPECIFIED.,.T.,.F.) B_SPLINE_CURVE_WITH_KNOTS((1,2
    ,2,2,2,1),(-2.094395102393,0.,2.094395102393,4.188790204786,
6.28318530718,8.377580409573),.UNSPECIFIED.) CURVE() 
GEOMETRIC_REPRESENTATION_ITEM() RATIONAL_B_SPLINE_CURVE((1.,0.5,1.,0.5,
1.,0.5,1.)) REPRESENTATION_ITEM('') );
#1541 = CARTESIAN_POINT('',(21.5,-680.));
#1542 = CARTESIAN_POINT('',(21.5,-687.794228634));
#1543 = CARTESIAN_POINT('',(14.75,-683.897114317));
#1544 = CARTESIAN_POINT('',(8.,-680.));
#1545 = CARTESIAN_POINT('',(14.75,-676.1028856829));
#1546 = CARTESIAN_POINT('',(21.5,-672.2057713659));
#1547 = CARTESIAN_POINT('',(21.5,-680.));
#1548 = ( GEOMETRIC_REPRESENTATION_CONTEXT(2) 
PARAMETRIC_REPRESENTATION_CONTEXT() REPRESENTATION_CONTEXT('2D SPACE',''
  ) );
#1549 = PCURVE('',#1314,#1550);
#1550 = DEFINITIONAL_REPRESENTATION('',(#1551),#1555);
#1551 = LINE('',#1552,#1553);
#1552 = CARTESIAN_POINT('',(0.,11.5));
#1553 = VECTOR('',#1554,1.);
#1554 = DIRECTION('',(1.,0.));
#1555 = ( GEOMETRIC_REPRESENTATION_CONTEXT(2) 
PARAMETRIC_REPRESENTATION_CONTEXT() REPRESENTATION_CONTEXT('2D SPACE',''
  ) );
#1556 = FACE_BOUND('',#1557,.F.);
#1557 = EDGE_LOOP('',(#1558));
#1558 = ORIENTED_EDGE('',*,*,#1559,.T.);
#1559 = EDGE_CURVE('',#1560,#1560,#1562,.T.);
#1560 = VERTEX_POINT('',#1561);
#1561 = CARTESIAN_POINT('',(4.5,120.,-18.5));
#1562 = SURFACE_CURVE('',#1563,(#1568,#1579),.PCURVE_S1.);
#1563 = CIRCLE('',#1564,4.5);
#1564 = AXIS2_PLACEMENT_3D('',#1565,#1566,#1567);
#1565 = CARTESIAN_POINT('',(0.,120.,-18.5));
#1566 = DIRECTION('',(0.,0.,1.));
#1567 = DIRECTION('',(1.,0.,-0.));
#1568 = PCURVE('',#628,#1569);
#1569 = DEFINITIONAL_REPRESENTATION('',(#1570),#1578);
#1570 = ( BOUNDED_CURVE() B_SPLINE_CURVE(2,(#1571,#1572,#1573,#1574,
#1575,#1576,#1577),.UNSPECIFIED.,.T.,.F.) B_SPLINE_CURVE_WITH_KNOTS((1,2
    ,2,2,2,1),(-2.094395102393,0.,2.094395102393,4.188790204786,
6.28318530718,8.377580409573),.UNSPECIFIED.) CURVE() 
GEOMETRIC_REPRESENTATION_ITEM() RATIONAL_B_SPLINE_CURVE((1.,0.5,1.,0.5,
1.,0.5,1.)) REPRESENTATION_ITEM('') );
#1571 = CARTESIAN_POINT('',(21.5,-260.));
#1572 = CARTESIAN_POINT('',(21.5,-267.794228634));
#1573 = CARTESIAN_POINT('',(14.75,-263.897114317));
#1574 = CARTESIAN_POINT('',(8.,-260.));
#1575 = CARTESIAN_POINT('',(14.75,-256.1028856829));
#1576 = CARTESIAN_POINT('',(21.5,-252.2057713659));
#1577 = CARTESIAN_POINT('',(21.5,-260.));
#1578 = ( GEOMETRIC_REPRESENTATION_CONTEXT(2) 
PARAMETRIC_REPRESENTATION_CONTEXT() REPRESENTATION_CONTEXT('2D SPACE',''
  ) );
#1579 = PCURVE('',#1349,#1580);
#1580 = DEFINITIONAL_REPRESENTATION('',(#1581),#1585);
#1581 = LINE('',#1582,#1583);
#1582 = CARTESIAN_POINT('',(0.,11.5));
#1583 = VECTOR('',#1584,1.);
#1584 = DIRECTION('',(1.,0.));
#1585 = ( GEOMETRIC_REPRESENTATION_CONTEXT(2) 
PARAMETRIC_REPRESENTATION_CONTEXT() REPRESENTATION_CONTEXT('2D SPACE',''
  ) );
#1586 = FACE_BOUND('',#1587,.F.);
#1587 = EDGE_LOOP('',(#1588));
#1588 = ORIENTED_EDGE('',*,*,#1589,.T.);
#1589 = EDGE_CURVE('',#1590,#1590,#1592,.T.);
#1590 = VERTEX_POINT('',#1591);
#1591 = CARTESIAN_POINT('',(4.5,40.,-18.5));
#1592 = SURFACE_CURVE('',#1593,(#1598,#1609),.PCURVE_S1.);
#1593 = CIRCLE('',#1594,4.5);
#1594 = AXIS2_PLACEMENT_3D('',#1595,#1596,#1597);
#1595 = CARTESIAN_POINT('',(0.,40.,-18.5));
#1596 = DIRECTION('',(0.,0.,1.));
#1597 = DIRECTION('',(1.,0.,-0.));
#1598 = PCURVE('',#628,#1599);
#1599 = DEFINITIONAL_REPRESENTATION('',(#1600),#1608);
#1600 = ( BOUNDED_CURVE() B_SPLINE_CURVE(2,(#1601,#1602,#1603,#1604,
#1605,#1606,#1607),.UNSPECIFIED.,.T.,.F.) B_SPLINE_CURVE_WITH_KNOTS((1,2
    ,2,2,2,1),(-2.094395102393,0.,2.094395102393,4.188790204786,
6.28318530718,8.377580409573),.UNSPECIFIED.) CURVE() 
GEOMETRIC_REPRESENTATION_ITEM() RATIONAL_B_SPLINE_CURVE((1.,0.5,1.,0.5,
1.,0.5,1.)) REPRESENTATION_ITEM('') );
#1601 = CARTESIAN_POINT('',(21.5,-180.));
#1602 = CARTESIAN_POINT('',(21.5,-187.794228634));
#1603 = CARTESIAN_POINT('',(14.75,-183.897114317));
#1604 = CARTESIAN_POINT('',(8.,-180.));
#1605 = CARTESIAN_POINT('',(14.75,-176.1028856829));
#1606 = CARTESIAN_POINT('',(21.5,-172.2057713659));
#1607 = CARTESIAN_POINT('',(21.5,-180.));
#1608 = ( GEOMETRIC_REPRESENTATION_CONTEXT(2) 
PARAMETRIC_REPRESENTATION_CONTEXT() REPRESENTATION_CONTEXT('2D SPACE',''
  ) );
#1609 = PCURVE('',#1384,#1610);
#1610 = DEFINITIONAL_REPRESENTATION('',(#1611),#1615);
#1611 = LINE('',#1612,#1613);
#1612 = CARTESIAN_POINT('',(0.,11.5));
#1613 = VECTOR('',#1614,1.);
#1614 = DIRECTION('',(1.,0.));
#1615 = ( GEOMETRIC_REPRESENTATION_CONTEXT(2) 
PARAMETRIC_REPRESENTATION_CONTEXT() REPRESENTATION_CONTEXT('2D SPACE',''
  ) );
#1616 = ADVANCED_FACE('',(#1617),#601,.F.);
#1617 = FACE_BOUND('',#1618,.F.);
#1618 = EDGE_LOOP('',(#1619,#1620,#1641,#1642));
#1619 = ORIENTED_EDGE('',*,*,#929,.F.);
#1620 = ORIENTED_EDGE('',*,*,#1621,.T.);
#1621 = EDGE_CURVE('',#930,#555,#1622,.T.);
#1622 = SURFACE_CURVE('',#1623,(#1627,#1634),.PCURVE_S1.);
#1623 = LINE('',#1624,#1625);
#1624 = CARTESIAN_POINT('',(-18.5,-140.,-17.));
#1625 = VECTOR('',#1626,1.);
#1626 = DIRECTION('',(0.,1.,0.));
#1627 = PCURVE('',#601,#1628);
#1628 = DEFINITIONAL_REPRESENTATION('',(#1629),#1633);
#1629 = LINE('',#1630,#1631);
#1630 = CARTESIAN_POINT('',(0.,0.));
#1631 = VECTOR('',#1632,1.);
#1632 = DIRECTION('',(0.,-1.));
#1633 = ( GEOMETRIC_REPRESENTATION_CONTEXT(2) 
PARAMETRIC_REPRESENTATION_CONTEXT() REPRESENTATION_CONTEXT('2D SPACE',''
  ) );
#1634 = PCURVE('',#569,#1635);
#1635 = DEFINITIONAL_REPRESENTATION('',(#1636),#1640);
#1636 = LINE('',#1637,#1638);
#1637 = CARTESIAN_POINT('',(34.,0.));
#1638 = VECTOR('',#1639,1.);
#1639 = DIRECTION('',(0.,-1.));
#1640 = ( GEOMETRIC_REPRESENTATION_CONTEXT(2) 
PARAMETRIC_REPRESENTATION_CONTEXT() REPRESENTATION_CONTEXT('2D SPACE',''
  ) );
#1641 = ORIENTED_EDGE('',*,*,#580,.T.);
#1642 = ORIENTED_EDGE('',*,*,#1475,.F.);
#1643 = ADVANCED_FACE('',(#1644),#569,.F.);
#1644 = FACE_BOUND('',#1645,.F.);
#1645 = EDGE_LOOP('',(#1646,#1647,#1648,#1669));
#1646 = ORIENTED_EDGE('',*,*,#1621,.F.);
#1647 = ORIENTED_EDGE('',*,*,#953,.T.);
#1648 = ORIENTED_EDGE('',*,*,#1649,.T.);
#1649 = EDGE_CURVE('',#954,#522,#1650,.T.);
#1650 = SURFACE_CURVE('',#1651,(#1655,#1662),.PCURVE_S1.);
#1651 = LINE('',#1652,#1653);
#1652 = CARTESIAN_POINT('',(-18.5,-140.,17.));
#1653 = VECTOR('',#1654,1.);
#1654 = DIRECTION('',(0.,1.,0.));
#1655 = PCURVE('',#569,#1656);
#1656 = DEFINITIONAL_REPRESENTATION('',(#1657),#1661);
#1657 = LINE('',#1658,#1659);
#1658 = CARTESIAN_POINT('',(0.,-0.));
#1659 = VECTOR('',#1660,1.);
#1660 = DIRECTION('',(0.,-1.));
#1661 = ( GEOMETRIC_REPRESENTATION_CONTEXT(2) 
PARAMETRIC_REPRESENTATION_CONTEXT() REPRESENTATION_CONTEXT('2D SPACE',''
  ) );
#1662 = PCURVE('',#542,#1663);
#1663 = DEFINITIONAL_REPRESENTATION('',(#1664),#1668);
#1664 = LINE('',#1665,#1666);
#1665 = CARTESIAN_POINT('',(1.570796326795,0.));
#1666 = VECTOR('',#1667,1.);
#1667 = DIRECTION('',(0.,-1.));
#1668 = ( GEOMETRIC_REPRESENTATION_CONTEXT(2) 
PARAMETRIC_REPRESENTATION_CONTEXT() REPRESENTATION_CONTEXT('2D SPACE',''
  ) );
#1669 = ORIENTED_EDGE('',*,*,#554,.T.);
#1670 = ADVANCED_FACE('',(#1671),#542,.F.);
#1671 = FACE_BOUND('',#1672,.F.);
#1672 = EDGE_LOOP('',(#1673,#1674,#1695,#1696));
#1673 = ORIENTED_EDGE('',*,*,#974,.F.);
#1674 = ORIENTED_EDGE('',*,*,#1675,.T.);
#1675 = EDGE_CURVE('',#975,#496,#1676,.T.);
#1676 = SURFACE_CURVE('',#1677,(#1681,#1688),.PCURVE_S1.);
#1677 = LINE('',#1678,#1679);
#1678 = CARTESIAN_POINT('',(-17.,-140.,18.5));
#1679 = VECTOR('',#1680,1.);
#1680 = DIRECTION('',(0.,1.,0.));
#1681 = PCURVE('',#542,#1682);
#1682 = DEFINITIONAL_REPRESENTATION('',(#1683),#1687);
#1683 = LINE('',#1684,#1685);
#1684 = CARTESIAN_POINT('',(0.,0.));
#1685 = VECTOR('',#1686,1.);
#1686 = DIRECTION('',(0.,-1.));
#1687 = ( GEOMETRIC_REPRESENTATION_CONTEXT(2) 
PARAMETRIC_REPRESENTATION_CONTEXT() REPRESENTATION_CONTEXT('2D SPACE',''
  ) );
#1688 = PCURVE('',#510,#1689);
#1689 = DEFINITIONAL_REPRESENTATION('',(#1690),#1694);
#1690 = LINE('',#1691,#1692);
#1691 = CARTESIAN_POINT('',(34.,0.));
#1692 = VECTOR('',#1693,1.);
#1693 = DIRECTION('',(0.,-1.));
#1694 = ( GEOMETRIC_REPRESENTATION_CONTEXT(2) 
PARAMETRIC_REPRESENTATION_CONTEXT() REPRESENTATION_CONTEXT('2D SPACE',''
  ) );
#1695 = ORIENTED_EDGE('',*,*,#521,.T.);
#1696 = ORIENTED_EDGE('',*,*,#1649,.F.);
#1697 = ADVANCED_FACE('',(#1698,#1724,#1750,#1776,#1802),#510,.F.);
#1698 = FACE_BOUND('',#1699,.F.);
#1699 = EDGE_LOOP('',(#1700,#1701,#1702,#1723));
#1700 = ORIENTED_EDGE('',*,*,#1675,.F.);
#1701 = ORIENTED_EDGE('',*,*,#998,.T.);
#1702 = ORIENTED_EDGE('',*,*,#1703,.T.);
#1703 = EDGE_CURVE('',#840,#463,#1704,.T.);
#1704 = SURFACE_CURVE('',#1705,(#1709,#1716),.PCURVE_S1.);
#1705 = LINE('',#1706,#1707);
#1706 = CARTESIAN_POINT('',(17.,-140.,18.5));
#1707 = VECTOR('',#1708,1.);
#1708 = DIRECTION('',(0.,1.,0.));
#1709 = PCURVE('',#510,#1710);
#1710 = DEFINITIONAL_REPRESENTATION('',(#1711),#1715);
#1711 = LINE('',#1712,#1713);
#1712 = CARTESIAN_POINT('',(0.,0.));
#1713 = VECTOR('',#1714,1.);
#1714 = DIRECTION('',(0.,-1.));
#1715 = ( GEOMETRIC_REPRESENTATION_CONTEXT(2) 
PARAMETRIC_REPRESENTATION_CONTEXT() REPRESENTATION_CONTEXT('2D SPACE',''
  ) );
#1716 = PCURVE('',#483,#1717);
#1717 = DEFINITIONAL_REPRESENTATION('',(#1718),#1722);
#1718 = LINE('',#1719,#1720);
#1719 = CARTESIAN_POINT('',(1.570796326795,0.));
#1720 = VECTOR('',#1721,1.);
#1721 = DIRECTION('',(0.,-1.));
#1722 = ( GEOMETRIC_REPRESENTATION_CONTEXT(2) 
PARAMETRIC_REPRESENTATION_CONTEXT() REPRESENTATION_CONTEXT('2D SPACE',''
  ) );
#1723 = ORIENTED_EDGE('',*,*,#495,.T.);
#1724 = FACE_BOUND('',#1725,.F.);
#1725 = EDGE_LOOP('',(#1726));
#1726 = ORIENTED_EDGE('',*,*,#1727,.F.);
#1727 = EDGE_CURVE('',#1728,#1728,#1730,.T.);
#1728 = VERTEX_POINT('',#1729);
#1729 = CARTESIAN_POINT('',(4.5,620.,18.5));
#1730 = SURFACE_CURVE('',#1731,(#1736,#1743),.PCURVE_S1.);
#1731 = CIRCLE('',#1732,4.5);
#1732 = AXIS2_PLACEMENT_3D('',#1733,#1734,#1735);
#1733 = CARTESIAN_POINT('',(0.,620.,18.5));
#1734 = DIRECTION('',(0.,0.,1.));
#1735 = DIRECTION('',(1.,0.,-0.));
#1736 = PCURVE('',#510,#1737);
#1737 = DEFINITIONAL_REPRESENTATION('',(#1738),#1742);
#1738 = CIRCLE('',#1739,4.5);
#1739 = AXIS2_PLACEMENT_2D('',#1740,#1741);
#1740 = CARTESIAN_POINT('',(17.,-760.));
#1741 = DIRECTION('',(-1.,-0.));
#1742 = ( GEOMETRIC_REPRESENTATION_CONTEXT(2) 
PARAMETRIC_REPRESENTATION_CONTEXT() REPRESENTATION_CONTEXT('2D SPACE',''
  ) );
#1743 = PCURVE('',#1063,#1744);
#1744 = DEFINITIONAL_REPRESENTATION('',(#1745),#1749);
#1745 = LINE('',#1746,#1747);
#1746 = CARTESIAN_POINT('',(0.,48.5));
#1747 = VECTOR('',#1748,1.);
#1748 = DIRECTION('',(1.,0.));
#1749 = ( GEOMETRIC_REPRESENTATION_CONTEXT(2) 
PARAMETRIC_REPRESENTATION_CONTEXT() REPRESENTATION_CONTEXT('2D SPACE',''
  ) );
#1750 = FACE_BOUND('',#1751,.F.);
#1751 = EDGE_LOOP('',(#1752));
#1752 = ORIENTED_EDGE('',*,*,#1753,.F.);
#1753 = EDGE_CURVE('',#1754,#1754,#1756,.T.);
#1754 = VERTEX_POINT('',#1755);
#1755 = CARTESIAN_POINT('',(4.5,540.,18.5));
#1756 = SURFACE_CURVE('',#1757,(#1762,#1769),.PCURVE_S1.);
#1757 = CIRCLE('',#1758,4.5);
#1758 = AXIS2_PLACEMENT_3D('',#1759,#1760,#1761);
#1759 = CARTESIAN_POINT('',(0.,540.,18.5));
#1760 = DIRECTION('',(0.,0.,1.));
#1761 = DIRECTION('',(1.,0.,-0.));
#1762 = PCURVE('',#510,#1763);
#1763 = DEFINITIONAL_REPRESENTATION('',(#1764),#1768);
#1764 = CIRCLE('',#1765,4.5);
#1765 = AXIS2_PLACEMENT_2D('',#1766,#1767);
#1766 = CARTESIAN_POINT('',(17.,-680.));
#1767 = DIRECTION('',(-1.,-0.));
#1768 = ( GEOMETRIC_REPRESENTATION_CONTEXT(2) 
PARAMETRIC_REPRESENTATION_CONTEXT() REPRESENTATION_CONTEXT('2D SPACE',''
  ) );
#1769 = PCURVE('',#1094,#1770);
#1770 = DEFINITIONAL_REPRESENTATION('',(#1771),#1775);
#1771 = LINE('',#1772,#1773);
#1772 = CARTESIAN_POINT('',(0.,48.5));
#1773 = VECTOR('',#1774,1.);
#1774 = DIRECTION('',(1.,0.));
#1775 = ( GEOMETRIC_REPRESENTATION_CONTEXT(2) 
PARAMETRIC_REPRESENTATION_CONTEXT() REPRESENTATION_CONTEXT('2D SPACE',''
  ) );
#1776 = FACE_BOUND('',#1777,.F.);
#1777 = EDGE_LOOP('',(#1778));
#1778 = ORIENTED_EDGE('',*,*,#1779,.F.);
#1779 = EDGE_CURVE('',#1780,#1780,#1782,.T.);
#1780 = VERTEX_POINT('',#1781);
#1781 = CARTESIAN_POINT('',(4.5,120.,18.5));
#1782 = SURFACE_CURVE('',#1783,(#1788,#1795),.PCURVE_S1.);
#1783 = CIRCLE('',#1784,4.5);
#1784 = AXIS2_PLACEMENT_3D('',#1785,#1786,#1787);
#1785 = CARTESIAN_POINT('',(0.,120.,18.5));
#1786 = DIRECTION('',(0.,0.,1.));
#1787 = DIRECTION('',(1.,0.,-0.));
#1788 = PCURVE('',#510,#1789);
#1789 = DEFINITIONAL_REPRESENTATION('',(#1790),#1794);
#1790 = CIRCLE('',#1791,4.5);
#1791 = AXIS2_PLACEMENT_2D('',#1792,#1793);
#1792 = CARTESIAN_POINT('',(17.,-260.));
#1793 = DIRECTION('',(-1.,-0.));
#1794 = ( GEOMETRIC_REPRESENTATION_CONTEXT(2) 
PARAMETRIC_REPRESENTATION_CONTEXT() REPRESENTATION_CONTEXT('2D SPACE',''
  ) );
#1795 = PCURVE('',#1125,#1796);
#1796 = DEFINITIONAL_REPRESENTATION('',(#1797),#1801);
#1797 = LINE('',#1798,#1799);
#1798 = CARTESIAN_POINT('',(0.,48.5));
#1799 = VECTOR('',#1800,1.);
#1800 = DIRECTION('',(1.,0.));
#1801 = ( GEOMETRIC_REPRESENTATION_CONTEXT(2) 
PARAMETRIC_REPRESENTATION_CONTEXT() REPRESENTATION_CONTEXT('2D SPACE',''
  ) );
#1802 = FACE_BOUND('',#1803,.F.);
#1803 = EDGE_LOOP('',(#1804));
#1804 = ORIENTED_EDGE('',*,*,#1805,.F.);
#1805 = EDGE_CURVE('',#1806,#1806,#1808,.T.);
#1806 = VERTEX_POINT('',#1807);
#1807 = CARTESIAN_POINT('',(4.5,40.,18.5));
#1808 = SURFACE_CURVE('',#1809,(#1814,#1821),.PCURVE_S1.);
#1809 = CIRCLE('',#1810,4.5);
#1810 = AXIS2_PLACEMENT_3D('',#1811,#1812,#1813);
#1811 = CARTESIAN_POINT('',(0.,40.,18.5));
#1812 = DIRECTION('',(0.,0.,1.));
#1813 = DIRECTION('',(1.,0.,-0.));
#1814 = PCURVE('',#510,#1815);
#1815 = DEFINITIONAL_REPRESENTATION('',(#1816),#1820);
#1816 = CIRCLE('',#1817,4.5);
#1817 = AXIS2_PLACEMENT_2D('',#1818,#1819);
#1818 = CARTESIAN_POINT('',(17.,-180.));
#1819 = DIRECTION('',(-1.,-0.));
#1820 = ( GEOMETRIC_REPRESENTATION_CONTEXT(2) 
PARAMETRIC_REPRESENTATION_CONTEXT() REPRESENTATION_CONTEXT('2D SPACE',''
  ) );
#1821 = PCURVE('',#1156,#1822);
#1822 = DEFINITIONAL_REPRESENTATION('',(#1823),#1827);
#1823 = LINE('',#1824,#1825);
#1824 = CARTESIAN_POINT('',(0.,48.5));
#1825 = VECTOR('',#1826,1.);
#1826 = DIRECTION('',(1.,0.));
#1827 = ( GEOMETRIC_REPRESENTATION_CONTEXT(2) 
PARAMETRIC_REPRESENTATION_CONTEXT() REPRESENTATION_CONTEXT('2D SPACE',''
  ) );
#1828 = ADVANCED_FACE('',(#1829),#483,.F.);
#1829 = FACE_BOUND('',#1830,.F.);
#1830 = EDGE_LOOP('',(#1831,#1832,#1833,#1834));
#1831 = ORIENTED_EDGE('',*,*,#837,.F.);
#1832 = ORIENTED_EDGE('',*,*,#1399,.T.);
#1833 = ORIENTED_EDGE('',*,*,#462,.T.);
#1834 = ORIENTED_EDGE('',*,*,#1703,.F.);
#1835 = ADVANCED_FACE('',(#1836),#1063,.F.);
#1836 = FACE_BOUND('',#1837,.F.);
#1837 = EDGE_LOOP('',(#1838,#1839,#1860,#1861));
#1838 = ORIENTED_EDGE('',*,*,#1046,.F.);
#1839 = ORIENTED_EDGE('',*,*,#1840,.F.);
#1840 = EDGE_CURVE('',#1728,#1047,#1841,.T.);
#1841 = SEAM_CURVE('',#1842,(#1846,#1853),.PCURVE_S1.);
#1842 = LINE('',#1843,#1844);
#1843 = CARTESIAN_POINT('',(4.5,620.,-30.));
#1844 = VECTOR('',#1845,1.);
#1845 = DIRECTION('',(0.,0.,1.));
#1846 = PCURVE('',#1063,#1847);
#1847 = DEFINITIONAL_REPRESENTATION('',(#1848),#1852);
#1848 = LINE('',#1849,#1850);
#1849 = CARTESIAN_POINT('',(6.28318530718,-0.));
#1850 = VECTOR('',#1851,1.);
#1851 = DIRECTION('',(0.,1.));
#1852 = ( GEOMETRIC_REPRESENTATION_CONTEXT(2) 
PARAMETRIC_REPRESENTATION_CONTEXT() REPRESENTATION_CONTEXT('2D SPACE',''
  ) );
#1853 = PCURVE('',#1063,#1854);
#1854 = DEFINITIONAL_REPRESENTATION('',(#1855),#1859);
#1855 = LINE('',#1856,#1857);
#1856 = CARTESIAN_POINT('',(0.,-0.));
#1857 = VECTOR('',#1858,1.);
#1858 = DIRECTION('',(0.,1.));
#1859 = ( GEOMETRIC_REPRESENTATION_CONTEXT(2) 
PARAMETRIC_REPRESENTATION_CONTEXT() REPRESENTATION_CONTEXT('2D SPACE',''
  ) );
#1860 = ORIENTED_EDGE('',*,*,#1727,.T.);
#1861 = ORIENTED_EDGE('',*,*,#1840,.T.);
#1862 = ADVANCED_FACE('',(#1863),#1094,.F.);
#1863 = FACE_BOUND('',#1864,.F.);
#1864 = EDGE_LOOP('',(#1865,#1866,#1887,#1888));
#1865 = ORIENTED_EDGE('',*,*,#1077,.F.);
#1866 = ORIENTED_EDGE('',*,*,#1867,.F.);
#1867 = EDGE_CURVE('',#1754,#1078,#1868,.T.);
#1868 = SEAM_CURVE('',#1869,(#1873,#1880),.PCURVE_S1.);
#1869 = LINE('',#1870,#1871);
#1870 = CARTESIAN_POINT('',(4.5,540.,-30.));
#1871 = VECTOR('',#1872,1.);
#1872 = DIRECTION('',(0.,0.,1.));
#1873 = PCURVE('',#1094,#1874);
#1874 = DEFINITIONAL_REPRESENTATION('',(#1875),#1879);
#1875 = LINE('',#1876,#1877);
#1876 = CARTESIAN_POINT('',(6.28318530718,-0.));
#1877 = VECTOR('',#1878,1.);
#1878 = DIRECTION('',(0.,1.));
#1879 = ( GEOMETRIC_REPRESENTATION_CONTEXT(2) 
PARAMETRIC_REPRESENTATION_CONTEXT() REPRESENTATION_CONTEXT('2D SPACE',''
  ) );
#1880 = PCURVE('',#1094,#1881);
#1881 = DEFINITIONAL_REPRESENTATION('',(#1882),#1886);
#1882 = LINE('',#1883,#1884);
#1883 = CARTESIAN_POINT('',(0.,-0.));
#1884 = VECTOR('',#1885,1.);
#1885 = DIRECTION('',(0.,1.));
#1886 = ( GEOMETRIC_REPRESENTATION_CONTEXT(2) 
PARAMETRIC_REPRESENTATION_CONTEXT() REPRESENTATION_CONTEXT('2D SPACE',''
  ) );
#1887 = ORIENTED_EDGE('',*,*,#1753,.T.);
#1888 = ORIENTED_EDGE('',*,*,#1867,.T.);
#1889 = ADVANCED_FACE('',(#1890),#1125,.F.);
#1890 = FACE_BOUND('',#1891,.F.);
#1891 = EDGE_LOOP('',(#1892,#1893,#1914,#1915));
#1892 = ORIENTED_EDGE('',*,*,#1108,.F.);
#1893 = ORIENTED_EDGE('',*,*,#1894,.F.);
#1894 = EDGE_CURVE('',#1780,#1109,#1895,.T.);
#1895 = SEAM_CURVE('',#1896,(#1900,#1907),.PCURVE_S1.);
#1896 = LINE('',#1897,#1898);
#1897 = CARTESIAN_POINT('',(4.5,120.,-30.));
#1898 = VECTOR('',#1899,1.);
#1899 = DIRECTION('',(0.,0.,1.));
#1900 = PCURVE('',#1125,#1901);
#1901 = DEFINITIONAL_REPRESENTATION('',(#1902),#1906);
#1902 = LINE('',#1903,#1904);
#1903 = CARTESIAN_POINT('',(6.28318530718,-0.));
#1904 = VECTOR('',#1905,1.);
#1905 = DIRECTION('',(0.,1.));
#1906 = ( GEOMETRIC_REPRESENTATION_CONTEXT(2) 
PARAMETRIC_REPRESENTATION_CONTEXT() REPRESENTATION_CONTEXT('2D SPACE',''
  ) );
#1907 = PCURVE('',#1125,#1908);
#1908 = DEFINITIONAL_REPRESENTATION('',(#1909),#1913);
#1909 = LINE('',#1910,#1911);
#1910 = CARTESIAN_POINT('',(0.,-0.));
#1911 = VECTOR('',#1912,1.);
#1912 = DIRECTION('',(0.,1.));
#1913 = ( GEOMETRIC_REPRESENTATION_CONTEXT(2) 
PARAMETRIC_REPRESENTATION_CONTEXT() REPRESENTATION_CONTEXT('2D SPACE',''
  ) );
#1914 = ORIENTED_EDGE('',*,*,#1779,.T.);
#1915 = ORIENTED_EDGE('',*,*,#1894,.T.);
#1916 = ADVANCED_FACE('',(#1917),#1156,.F.);
#1917 = FACE_BOUND('',#1918,.F.);
#1918 = EDGE_LOOP('',(#1919,#1920,#1941,#1942));
#1919 = ORIENTED_EDGE('',*,*,#1139,.F.);
#1920 = ORIENTED_EDGE('',*,*,#1921,.F.);
#1921 = EDGE_CURVE('',#1806,#1140,#1922,.T.);
#1922 = SEAM_CURVE('',#1923,(#1927,#1934),.PCURVE_S1.);
#1923 = LINE('',#1924,#1925);
#1924 = CARTESIAN_POINT('',(4.5,40.,-30.));
#1925 = VECTOR('',#1926,1.);
#1926 = DIRECTION('',(0.,0.,1.));
#1927 = PCURVE('',#1156,#1928);
#1928 = DEFINITIONAL_REPRESENTATION('',(#1929),#1933);
#1929 = LINE('',#1930,#1931);
#1930 = CARTESIAN_POINT('',(6.28318530718,-0.));
#1931 = VECTOR('',#1932,1.);
#1932 = DIRECTION('',(0.,1.));
#1933 = ( GEOMETRIC_REPRESENTATION_CONTEXT(2) 
PARAMETRIC_REPRESENTATION_CONTEXT() REPRESENTATION_CONTEXT('2D SPACE',''
  ) );
#1934 = PCURVE('',#1156,#1935);
#1935 = DEFINITIONAL_REPRESENTATION('',(#1936),#1940);
#1936 = LINE('',#1937,#1938);
#1937 = CARTESIAN_POINT('',(0.,-0.));
#1938 = VECTOR('',#1939,1.);
#1939 = DIRECTION('',(0.,1.));
#1940 = ( GEOMETRIC_REPRESENTATION_CONTEXT(2) 
PARAMETRIC_REPRESENTATION_CONTEXT() REPRESENTATION_CONTEXT('2D SPACE',''
  ) );
#1941 = ORIENTED_EDGE('',*,*,#1805,.T.);
#1942 = ORIENTED_EDGE('',*,*,#1921,.T.);
#1943 = ADVANCED_FACE('',(#1944),#1279,.F.);
#1944 = FACE_BOUND('',#1945,.F.);
#1945 = EDGE_LOOP('',(#1946,#1947,#1968,#1969));
#1946 = ORIENTED_EDGE('',*,*,#1499,.F.);
#1947 = ORIENTED_EDGE('',*,*,#1948,.F.);
#1948 = EDGE_CURVE('',#1259,#1500,#1949,.T.);
#1949 = SEAM_CURVE('',#1950,(#1954,#1961),.PCURVE_S1.);
#1950 = LINE('',#1951,#1952);
#1951 = CARTESIAN_POINT('',(4.5,620.,-30.));
#1952 = VECTOR('',#1953,1.);
#1953 = DIRECTION('',(0.,0.,1.));
#1954 = PCURVE('',#1279,#1955);
#1955 = DEFINITIONAL_REPRESENTATION('',(#1956),#1960);
#1956 = LINE('',#1957,#1958);
#1957 = CARTESIAN_POINT('',(6.28318530718,-0.));
#1958 = VECTOR('',#1959,1.);
#1959 = DIRECTION('',(0.,1.));
#1960 = ( GEOMETRIC_REPRESENTATION_CONTEXT(2) 
PARAMETRIC_REPRESENTATION_CONTEXT() REPRESENTATION_CONTEXT('2D SPACE',''
  ) );
#1961 = PCURVE('',#1279,#1962);
#1962 = DEFINITIONAL_REPRESENTATION('',(#1963),#1967);
#1963 = LINE('',#1964,#1965);
#1964 = CARTESIAN_POINT('',(0.,-0.));
#1965 = VECTOR('',#1966,1.);
#1966 = DIRECTION('',(0.,1.));
#1967 = ( GEOMETRIC_REPRESENTATION_CONTEXT(2) 
PARAMETRIC_REPRESENTATION_CONTEXT() REPRESENTATION_CONTEXT('2D SPACE',''
  ) );
#1968 = ORIENTED_EDGE('',*,*,#1258,.T.);
#1969 = ORIENTED_EDGE('',*,*,#1948,.T.);
#1970 = ADVANCED_FACE('',(#1971),#1314,.F.);
#1971 = FACE_BOUND('',#1972,.F.);
#1972 = EDGE_LOOP('',(#1973,#1974,#1995,#1996));
#1973 = ORIENTED_EDGE('',*,*,#1529,.F.);
#1974 = ORIENTED_EDGE('',*,*,#1975,.F.);
#1975 = EDGE_CURVE('',#1294,#1530,#1976,.T.);
#1976 = SEAM_CURVE('',#1977,(#1981,#1988),.PCURVE_S1.);
#1977 = LINE('',#1978,#1979);
#1978 = CARTESIAN_POINT('',(4.5,540.,-30.));
#1979 = VECTOR('',#1980,1.);
#1980 = DIRECTION('',(0.,0.,1.));
#1981 = PCURVE('',#1314,#1982);
#1982 = DEFINITIONAL_REPRESENTATION('',(#1983),#1987);
#1983 = LINE('',#1984,#1985);
#1984 = CARTESIAN_POINT('',(6.28318530718,-0.));
#1985 = VECTOR('',#1986,1.);
#1986 = DIRECTION('',(0.,1.));
#1987 = ( GEOMETRIC_REPRESENTATION_CONTEXT(2) 
PARAMETRIC_REPRESENTATION_CONTEXT() REPRESENTATION_CONTEXT('2D SPACE',''
  ) );
#1988 = PCURVE('',#1314,#1989);
#1989 = DEFINITIONAL_REPRESENTATION('',(#1990),#1994);
#1990 = LINE('',#1991,#1992);
#1991 = CARTESIAN_POINT('',(0.,-0.));
#1992 = VECTOR('',#1993,1.);
#1993 = DIRECTION('',(0.,1.));
#1994 = ( GEOMETRIC_REPRESENTATION_CONTEXT(2) 
PARAMETRIC_REPRESENTATION_CONTEXT() REPRESENTATION_CONTEXT('2D SPACE',''
  ) );
#1995 = ORIENTED_EDGE('',*,*,#1293,.T.);
#1996 = ORIENTED_EDGE('',*,*,#1975,.T.);
#1997 = ADVANCED_FACE('',(#1998),#1349,.F.);
#1998 = FACE_BOUND('',#1999,.F.);
#1999 = EDGE_LOOP('',(#2000,#2001,#2022,#2023));
#2000 = ORIENTED_EDGE('',*,*,#1559,.F.);
#2001 = ORIENTED_EDGE('',*,*,#2002,.F.);
#2002 = EDGE_CURVE('',#1329,#1560,#2003,.T.);
#2003 = SEAM_CURVE('',#2004,(#2008,#2015),.PCURVE_S1.);
#2004 = LINE('',#2005,#2006);
#2005 = CARTESIAN_POINT('',(4.5,120.,-30.));
#2006 = VECTOR('',#2007,1.);
#2007 = DIRECTION('',(0.,0.,1.));
#2008 = PCURVE('',#1349,#2009);
#2009 = DEFINITIONAL_REPRESENTATION('',(#2010),#2014);
#2010 = LINE('',#2011,#2012);
#2011 = CARTESIAN_POINT('',(6.28318530718,-0.));
#2012 = VECTOR('',#2013,1.);
#2013 = DIRECTION('',(0.,1.));
#2014 = ( GEOMETRIC_REPRESENTATION_CONTEXT(2) 
PARAMETRIC_REPRESENTATION_CONTEXT() REPRESENTATION_CONTEXT('2D SPACE',''
  ) );
#2015 = PCURVE('',#1349,#2016);
#2016 = DEFINITIONAL_REPRESENTATION('',(#2017),#2021);
#2017 = LINE('',#2018,#2019);
#2018 = CARTESIAN_POINT('',(0.,-0.));
#2019 = VECTOR('',#2020,1.);
#2020 = DIRECTION('',(0.,1.));
#2021 = ( GEOMETRIC_REPRESENTATION_CONTEXT(2) 
PARAMETRIC_REPRESENTATION_CONTEXT() REPRESENTATION_CONTEXT('2D SPACE',''
  ) );
#2022 = ORIENTED_EDGE('',*,*,#1328,.T.);
#2023 = ORIENTED_EDGE('',*,*,#2002,.T.);
#2024 = ADVANCED_FACE('',(#2025),#1384,.F.);
#2025 = FACE_BOUND('',#2026,.F.);
#2026 = EDGE_LOOP('',(#2027,#2028,#2049,#2050));
#2027 = ORIENTED_EDGE('',*,*,#1589,.F.);
#2028 = ORIENTED_EDGE('',*,*,#2029,.F.);
#2029 = EDGE_CURVE('',#1364,#1590,#2030,.T.);
#2030 = SEAM_CURVE('',#2031,(#2035,#2042),.PCURVE_S1.);
#2031 = LINE('',#2032,#2033);
#2032 = CARTESIAN_POINT('',(4.5,40.,-30.));
#2033 = VECTOR('',#2034,1.);
#2034 = DIRECTION('',(0.,0.,1.));
#2035 = PCURVE('',#1384,#2036);
#2036 = DEFINITIONAL_REPRESENTATION('',(#2037),#2041);
#2037 = LINE('',#2038,#2039);
#2038 = CARTESIAN_POINT('',(6.28318530718,-0.));
#2039 = VECTOR('',#2040,1.);
#2040 = DIRECTION('',(0.,1.));
#2041 = ( GEOMETRIC_REPRESENTATION_CONTEXT(2) 
PARAMETRIC_REPRESENTATION_CONTEXT() REPRESENTATION_CONTEXT('2D SPACE',''
  ) );
#2042 = PCURVE('',#1384,#2043);
#2043 = DEFINITIONAL_REPRESENTATION('',(#2044),#2048);
#2044 = LINE('',#2045,#2046);
#2045 = CARTESIAN_POINT('',(0.,-0.));
#2046 = VECTOR('',#2047,1.);
#2047 = DIRECTION('',(0.,1.));
#2048 = ( GEOMETRIC_REPRESENTATION_CONTEXT(2) 
PARAMETRIC_REPRESENTATION_CONTEXT() REPRESENTATION_CONTEXT('2D SPACE',''
  ) );
#2049 = ORIENTED_EDGE('',*,*,#1363,.T.);
#2050 = ORIENTED_EDGE('',*,*,#2029,.T.);
#2051 = ( GEOMETRIC_REPRESENTATION_CONTEXT(3) 
GLOBAL_UNCERTAINTY_ASSIGNED_CONTEXT((#2055)) 
GLOBAL_UNIT_ASSIGNED_CONTEXT((#2052,#2053,#2054)) REPRESENTATION_CONTEXT
('Context #1','3D Context with UNIT and UNCERTAINTY') );
#2052 = ( LENGTH_UNIT() NAMED_UNIT(*) SI_UNIT(.MILLI.,.METRE.) );
#2053 = ( NAMED_UNIT(*) PLANE_ANGLE_UNIT() SI_UNIT($,.RADIAN.) );
#2054 = ( NAMED_UNIT(*) SI_UNIT($,.STERADIAN.) SOLID_ANGLE_UNIT() );
#2055 = UNCERTAINTY_MEASURE_WITH_UNIT(LENGTH_MEASURE(1.E-07),#2052,
  'distance_accuracy_value','confusion accuracy');
#2056 = CONTEXT_DEPENDENT_SHAPE_REPRESENTATION(#2057,#2059);
#2057 = ( REPRESENTATION_RELATIONSHIP('','',#60,#10) 
REPRESENTATION_RELATIONSHIP_WITH_TRANSFORMATION(#2058) 
SHAPE_REPRESENTATION_RELATIONSHIP() );
#2058 = ITEM_DEFINED_TRANSFORMATION('','',#11,#15);
#2059 = PRODUCT_DEFINITION_SHAPE('Placement','Placement of an item',
  #2060);
#2060 = NEXT_ASSEMBLY_USAGE_OCCURRENCE('17','\X2\0414043504420430043B044C\X0\ 1','',#5,#55,$
  );
#2061 = PRODUCT_RELATED_PRODUCT_CATEGORY('part',$,(#57));
#2062 = SHAPE_DEFINITION_REPRESENTATION(#2063,#2069);
#2063 = PRODUCT_DEFINITION_SHAPE('','',#2064);
#2064 = PRODUCT_DEFINITION('design','',#2065,#2068);
#2065 = PRODUCT_DEFINITION_FORMATION('','',#2066);
#2066 = PRODUCT('\X2\0414043504420430043B044C\X0\ 2 40\X2\0445\X0\40\X2\0445\X0\1,5 L=930 (4 \X2\044804420443043A0438\X0\)',
  '\X2\0414043504420430043B044C\X0\ 2 40\X2\0445\X0\40\X2\0445\X0\1,5 L=930 (4 \X2\044804420443043A0438\X0\)','',(#2067));
#2067 = PRODUCT_CONTEXT('',#2,'mechanical');
#2068 = PRODUCT_DEFINITION_CONTEXT('part definition',#2,'design');
#2069 = ADVANCED_BREP_SHAPE_REPRESENTATION('',(#11,#2070),#3356);
#2070 = MANIFOLD_SOLID_BREP('',#2071);
#2071 = CLOSED_SHELL('',(#2072,#2188,#2270,#2678,#2728,#3025,#3052,#3079
    ,#3106,#3133,#3140,#3187,#3214,#3241,#3268,#3295,#3322,#3349));
#2072 = ADVANCED_FACE('',(#2073),#2087,.T.);
#2073 = FACE_BOUND('',#2074,.T.);
#2074 = EDGE_LOOP('',(#2075,#2110,#2136,#2164));
#2075 = ORIENTED_EDGE('',*,*,#2076,.F.);
#2076 = EDGE_CURVE('',#2077,#2079,#2081,.T.);
#2077 = VERTEX_POINT('',#2078);
#2078 = CARTESIAN_POINT('',(20.,0.,17.));
#2079 = VERTEX_POINT('',#2080);
#2080 = CARTESIAN_POINT('',(20.,930.,17.));
#2081 = SURFACE_CURVE('',#2082,(#2086,#2098),.PCURVE_S1.);
#2082 = LINE('',#2083,#2084);
#2083 = CARTESIAN_POINT('',(20.,-140.,17.));
#2084 = VECTOR('',#2085,1.);
#2085 = DIRECTION('',(0.,1.,0.));
#2086 = PCURVE('',#2087,#2092);
#2087 = PLANE('',#2088);
#2088 = AXIS2_PLACEMENT_3D('',#2089,#2090,#2091);
#2089 = CARTESIAN_POINT('',(20.,-140.,-17.));
#2090 = DIRECTION('',(1.,0.,0.));
#2091 = DIRECTION('',(0.,0.,1.));
#2092 = DEFINITIONAL_REPRESENTATION('',(#2093),#2097);
#2093 = LINE('',#2094,#2095);
#2094 = CARTESIAN_POINT('',(34.,0.));
#2095 = VECTOR('',#2096,1.);
#2096 = DIRECTION('',(0.,-1.));
#2097 = ( GEOMETRIC_REPRESENTATION_CONTEXT(2) 
PARAMETRIC_REPRESENTATION_CONTEXT() REPRESENTATION_CONTEXT('2D SPACE',''
  ) );
#2098 = PCURVE('',#2099,#2104);
#2099 = CYLINDRICAL_SURFACE('',#2100,3.);
#2100 = AXIS2_PLACEMENT_3D('',#2101,#2102,#2103);
#2101 = CARTESIAN_POINT('',(17.,-140.,17.));
#2102 = DIRECTION('',(0.,-1.,0.));
#2103 = DIRECTION('',(1.,0.,0.));
#2104 = DEFINITIONAL_REPRESENTATION('',(#2105),#2109);
#2105 = LINE('',#2106,#2107);
#2106 = CARTESIAN_POINT('',(0.,0.));
#2107 = VECTOR('',#2108,1.);
#2108 = DIRECTION('',(0.,-1.));
#2109 = ( GEOMETRIC_REPRESENTATION_CONTEXT(2) 
PARAMETRIC_REPRESENTATION_CONTEXT() REPRESENTATION_CONTEXT('2D SPACE',''
  ) );
#2110 = ORIENTED_EDGE('',*,*,#2111,.T.);
#2111 = EDGE_CURVE('',#2077,#2112,#2114,.T.);
#2112 = VERTEX_POINT('',#2113);
#2113 = CARTESIAN_POINT('',(20.,0.,-17.));
#2114 = SURFACE_CURVE('',#2115,(#2119,#2125),.PCURVE_S1.);
#2115 = LINE('',#2116,#2117);
#2116 = CARTESIAN_POINT('',(20.,0.,4.9915E+03));
#2117 = VECTOR('',#2118,1.);
#2118 = DIRECTION('',(0.,0.,-1.));
#2119 = PCURVE('',#2087,#2120);
#2120 = DEFINITIONAL_REPRESENTATION('',(#2121),#2124);
#2121 = B_SPLINE_CURVE_WITH_KNOTS('',1,(#2122,#2123),.UNSPECIFIED.,.F.,
  .F.,(2,2),(4.9745E+03,5.0085E+03),.PIECEWISE_BEZIER_KNOTS.);
#2122 = CARTESIAN_POINT('',(34.,-140.));
#2123 = CARTESIAN_POINT('',(0.,-140.));
#2124 = ( GEOMETRIC_REPRESENTATION_CONTEXT(2) 
PARAMETRIC_REPRESENTATION_CONTEXT() REPRESENTATION_CONTEXT('2D SPACE',''
  ) );
#2125 = PCURVE('',#2126,#2131);
#2126 = PLANE('',#2127);
#2127 = AXIS2_PLACEMENT_3D('',#2128,#2129,#2130);
#2128 = CARTESIAN_POINT('',(-9.98E+03,0.,1.E+04));
#2129 = DIRECTION('',(0.,-1.,0.));
#2130 = DIRECTION('',(0.,0.,-1.));
#2131 = DEFINITIONAL_REPRESENTATION('',(#2132),#2135);
#2132 = B_SPLINE_CURVE_WITH_KNOTS('',1,(#2133,#2134),.UNSPECIFIED.,.F.,
  .F.,(2,2),(4.9745E+03,5.0085E+03),.PIECEWISE_BEZIER_KNOTS.);
#2133 = CARTESIAN_POINT('',(9.983E+03,1.E+04));
#2134 = CARTESIAN_POINT('',(1.0017E+04,1.E+04));
#2135 = ( GEOMETRIC_REPRESENTATION_CONTEXT(2) 
PARAMETRIC_REPRESENTATION_CONTEXT() REPRESENTATION_CONTEXT('2D SPACE',''
  ) );
#2136 = ORIENTED_EDGE('',*,*,#2137,.T.);
#2137 = EDGE_CURVE('',#2112,#2138,#2140,.T.);
#2138 = VERTEX_POINT('',#2139);
#2139 = CARTESIAN_POINT('',(20.,930.,-17.));
#2140 = SURFACE_CURVE('',#2141,(#2145,#2152),.PCURVE_S1.);
#2141 = LINE('',#2142,#2143);
#2142 = CARTESIAN_POINT('',(20.,-140.,-17.));
#2143 = VECTOR('',#2144,1.);
#2144 = DIRECTION('',(0.,1.,0.));
#2145 = PCURVE('',#2087,#2146);
#2146 = DEFINITIONAL_REPRESENTATION('',(#2147),#2151);
#2147 = LINE('',#2148,#2149);
#2148 = CARTESIAN_POINT('',(0.,0.));
#2149 = VECTOR('',#2150,1.);
#2150 = DIRECTION('',(0.,-1.));
#2151 = ( GEOMETRIC_REPRESENTATION_CONTEXT(2) 
PARAMETRIC_REPRESENTATION_CONTEXT() REPRESENTATION_CONTEXT('2D SPACE',''
  ) );
#2152 = PCURVE('',#2153,#2158);
#2153 = CYLINDRICAL_SURFACE('',#2154,3.);
#2154 = AXIS2_PLACEMENT_3D('',#2155,#2156,#2157);
#2155 = CARTESIAN_POINT('',(17.,-140.,-17.));
#2156 = DIRECTION('',(0.,-1.,0.));
#2157 = DIRECTION('',(0.,0.,-1.));
#2158 = DEFINITIONAL_REPRESENTATION('',(#2159),#2163);
#2159 = LINE('',#2160,#2161);
#2160 = CARTESIAN_POINT('',(1.570796326795,0.));
#2161 = VECTOR('',#2162,1.);
#2162 = DIRECTION('',(0.,-1.));
#2163 = ( GEOMETRIC_REPRESENTATION_CONTEXT(2) 
PARAMETRIC_REPRESENTATION_CONTEXT() REPRESENTATION_CONTEXT('2D SPACE',''
  ) );
#2164 = ORIENTED_EDGE('',*,*,#2165,.T.);
#2165 = EDGE_CURVE('',#2138,#2079,#2166,.T.);
#2166 = SURFACE_CURVE('',#2167,(#2171,#2177),.PCURVE_S1.);
#2167 = LINE('',#2168,#2169);
#2168 = CARTESIAN_POINT('',(20.,930.,-5.0085E+03));
#2169 = VECTOR('',#2170,1.);
#2170 = DIRECTION('',(0.,0.,1.));
#2171 = PCURVE('',#2087,#2172);
#2172 = DEFINITIONAL_REPRESENTATION('',(#2173),#2176);
#2173 = B_SPLINE_CURVE_WITH_KNOTS('',1,(#2174,#2175),.UNSPECIFIED.,.F.,
  .F.,(2,2),(4.9915E+03,5.0255E+03),.PIECEWISE_BEZIER_KNOTS.);
#2174 = CARTESIAN_POINT('',(0.,-1.07E+03));
#2175 = CARTESIAN_POINT('',(34.,-1.07E+03));
#2176 = ( GEOMETRIC_REPRESENTATION_CONTEXT(2) 
PARAMETRIC_REPRESENTATION_CONTEXT() REPRESENTATION_CONTEXT('2D SPACE',''
  ) );
#2177 = PCURVE('',#2178,#2183);
#2178 = PLANE('',#2179);
#2179 = AXIS2_PLACEMENT_3D('',#2180,#2181,#2182);
#2180 = CARTESIAN_POINT('',(-9.98E+03,930.,-1.E+04));
#2181 = DIRECTION('',(0.,1.,0.));
#2182 = DIRECTION('',(0.,0.,1.));
#2183 = DEFINITIONAL_REPRESENTATION('',(#2184),#2187);
#2184 = B_SPLINE_CURVE_WITH_KNOTS('',1,(#2185,#2186),.UNSPECIFIED.,.F.,
  .F.,(2,2),(4.9915E+03,5.0255E+03),.PIECEWISE_BEZIER_KNOTS.);
#2185 = CARTESIAN_POINT('',(9.983E+03,1.E+04));
#2186 = CARTESIAN_POINT('',(1.0017E+04,1.E+04));
#2187 = ( GEOMETRIC_REPRESENTATION_CONTEXT(2) 
PARAMETRIC_REPRESENTATION_CONTEXT() REPRESENTATION_CONTEXT('2D SPACE',''
  ) );
#2188 = ADVANCED_FACE('',(#2189),#2099,.T.);
#2189 = FACE_BOUND('',#2190,.T.);
#2190 = EDGE_LOOP('',(#2191,#2215,#2216,#2244));
#2191 = ORIENTED_EDGE('',*,*,#2192,.F.);
#2192 = EDGE_CURVE('',#2077,#2193,#2195,.T.);
#2193 = VERTEX_POINT('',#2194);
#2194 = CARTESIAN_POINT('',(17.,0.,20.));
#2195 = SURFACE_CURVE('',#2196,(#2201,#2208),.PCURVE_S1.);
#2196 = CIRCLE('',#2197,3.);
#2197 = AXIS2_PLACEMENT_3D('',#2198,#2199,#2200);
#2198 = CARTESIAN_POINT('',(17.,0.,17.));
#2199 = DIRECTION('',(0.,-1.,0.));
#2200 = DIRECTION('',(1.,0.,0.));
#2201 = PCURVE('',#2099,#2202);
#2202 = DEFINITIONAL_REPRESENTATION('',(#2203),#2207);
#2203 = LINE('',#2204,#2205);
#2204 = CARTESIAN_POINT('',(0.,-140.));
#2205 = VECTOR('',#2206,1.);
#2206 = DIRECTION('',(1.,0.));
#2207 = ( GEOMETRIC_REPRESENTATION_CONTEXT(2) 
PARAMETRIC_REPRESENTATION_CONTEXT() REPRESENTATION_CONTEXT('2D SPACE',''
  ) );
#2208 = PCURVE('',#2126,#2209);
#2209 = DEFINITIONAL_REPRESENTATION('',(#2210),#2214);
#2210 = CIRCLE('',#2211,3.);
#2211 = AXIS2_PLACEMENT_2D('',#2212,#2213);
#2212 = CARTESIAN_POINT('',(9.983E+03,9.997E+03));
#2213 = DIRECTION('',(0.,1.));
#2214 = ( GEOMETRIC_REPRESENTATION_CONTEXT(2) 
PARAMETRIC_REPRESENTATION_CONTEXT() REPRESENTATION_CONTEXT('2D SPACE',''
  ) );
#2215 = ORIENTED_EDGE('',*,*,#2076,.T.);
#2216 = ORIENTED_EDGE('',*,*,#2217,.T.);
#2217 = EDGE_CURVE('',#2079,#2218,#2220,.T.);
#2218 = VERTEX_POINT('',#2219);
#2219 = CARTESIAN_POINT('',(17.,930.,20.));
#2220 = SURFACE_CURVE('',#2221,(#2226,#2233),.PCURVE_S1.);
#2221 = CIRCLE('',#2222,3.);
#2222 = AXIS2_PLACEMENT_3D('',#2223,#2224,#2225);
#2223 = CARTESIAN_POINT('',(17.,930.,17.));
#2224 = DIRECTION('',(0.,-1.,0.));
#2225 = DIRECTION('',(1.,0.,0.));
#2226 = PCURVE('',#2099,#2227);
#2227 = DEFINITIONAL_REPRESENTATION('',(#2228),#2232);
#2228 = LINE('',#2229,#2230);
#2229 = CARTESIAN_POINT('',(0.,-1.07E+03));
#2230 = VECTOR('',#2231,1.);
#2231 = DIRECTION('',(1.,0.));
#2232 = ( GEOMETRIC_REPRESENTATION_CONTEXT(2) 
PARAMETRIC_REPRESENTATION_CONTEXT() REPRESENTATION_CONTEXT('2D SPACE',''
  ) );
#2233 = PCURVE('',#2178,#2234);
#2234 = DEFINITIONAL_REPRESENTATION('',(#2235),#2243);
#2235 = ( BOUNDED_CURVE() B_SPLINE_CURVE(2,(#2236,#2237,#2238,#2239,
#2240,#2241,#2242),.UNSPECIFIED.,.T.,.F.) B_SPLINE_CURVE_WITH_KNOTS((1,2
    ,2,2,2,1),(-2.094395102393,0.,2.094395102393,4.188790204786,
6.28318530718,8.377580409573),.UNSPECIFIED.) CURVE() 
GEOMETRIC_REPRESENTATION_ITEM() RATIONAL_B_SPLINE_CURVE((1.,0.5,1.,0.5,
1.,0.5,1.)) REPRESENTATION_ITEM('') );
#2236 = CARTESIAN_POINT('',(1.0017E+04,1.E+04));
#2237 = CARTESIAN_POINT('',(1.002219615242E+04,1.E+04));
#2238 = CARTESIAN_POINT('',(1.001959807621E+04,9.9955E+03));
#2239 = CARTESIAN_POINT('',(1.0017E+04,9.991E+03));
#2240 = CARTESIAN_POINT('',(1.001440192379E+04,9.9955E+03));
#2241 = CARTESIAN_POINT('',(1.001180384758E+04,1.E+04));
#2242 = CARTESIAN_POINT('',(1.0017E+04,1.E+04));
#2243 = ( GEOMETRIC_REPRESENTATION_CONTEXT(2) 
PARAMETRIC_REPRESENTATION_CONTEXT() REPRESENTATION_CONTEXT('2D SPACE',''
  ) );
#2244 = ORIENTED_EDGE('',*,*,#2245,.F.);
#2245 = EDGE_CURVE('',#2193,#2218,#2246,.T.);
#2246 = SURFACE_CURVE('',#2247,(#2251,#2258),.PCURVE_S1.);
#2247 = LINE('',#2248,#2249);
#2248 = CARTESIAN_POINT('',(17.,-140.,20.));
#2249 = VECTOR('',#2250,1.);
#2250 = DIRECTION('',(0.,1.,0.));
#2251 = PCURVE('',#2099,#2252);
#2252 = DEFINITIONAL_REPRESENTATION('',(#2253),#2257);
#2253 = LINE('',#2254,#2255);
#2254 = CARTESIAN_POINT('',(1.570796326795,0.));
#2255 = VECTOR('',#2256,1.);
#2256 = DIRECTION('',(0.,-1.));
#2257 = ( GEOMETRIC_REPRESENTATION_CONTEXT(2) 
PARAMETRIC_REPRESENTATION_CONTEXT() REPRESENTATION_CONTEXT('2D SPACE',''
  ) );
#2258 = PCURVE('',#2259,#2264);
#2259 = PLANE('',#2260);
#2260 = AXIS2_PLACEMENT_3D('',#2261,#2262,#2263);
#2261 = CARTESIAN_POINT('',(17.,-140.,20.));
#2262 = DIRECTION('',(0.,-0.,1.));
#2263 = DIRECTION('',(-1.,0.,0.));
#2264 = DEFINITIONAL_REPRESENTATION('',(#2265),#2269);
#2265 = LINE('',#2266,#2267);
#2266 = CARTESIAN_POINT('',(0.,0.));
#2267 = VECTOR('',#2268,1.);
#2268 = DIRECTION('',(0.,-1.));
#2269 = ( GEOMETRIC_REPRESENTATION_CONTEXT(2) 
PARAMETRIC_REPRESENTATION_CONTEXT() REPRESENTATION_CONTEXT('2D SPACE',''
  ) );
#2270 = ADVANCED_FACE('',(#2271,#2440),#2178,.T.);
#2271 = FACE_BOUND('',#2272,.T.);
#2272 = EDGE_LOOP('',(#2273,#2274,#2302,#2328,#2361,#2387,#2420,#2439));
#2273 = ORIENTED_EDGE('',*,*,#2165,.F.);
#2274 = ORIENTED_EDGE('',*,*,#2275,.F.);
#2275 = EDGE_CURVE('',#2276,#2138,#2278,.T.);
#2276 = VERTEX_POINT('',#2277);
#2277 = CARTESIAN_POINT('',(17.,930.,-20.));
#2278 = SURFACE_CURVE('',#2279,(#2284,#2295),.PCURVE_S1.);
#2279 = CIRCLE('',#2280,3.);
#2280 = AXIS2_PLACEMENT_3D('',#2281,#2282,#2283);
#2281 = CARTESIAN_POINT('',(17.,930.,-17.));
#2282 = DIRECTION('',(0.,-1.,0.));
#2283 = DIRECTION('',(0.,0.,-1.));
#2284 = PCURVE('',#2178,#2285);
#2285 = DEFINITIONAL_REPRESENTATION('',(#2286),#2294);
#2286 = ( BOUNDED_CURVE() B_SPLINE_CURVE(2,(#2287,#2288,#2289,#2290,
#2291,#2292,#2293),.UNSPECIFIED.,.T.,.F.) B_SPLINE_CURVE_WITH_KNOTS((1,2
    ,2,2,2,1),(-2.094395102393,0.,2.094395102393,4.188790204786,
6.28318530718,8.377580409573),.UNSPECIFIED.) CURVE() 
GEOMETRIC_REPRESENTATION_ITEM() RATIONAL_B_SPLINE_CURVE((1.,0.5,1.,0.5,
1.,0.5,1.)) REPRESENTATION_ITEM('') );
#2287 = CARTESIAN_POINT('',(9.98E+03,9.997E+03));
#2288 = CARTESIAN_POINT('',(9.98E+03,1.000219615242E+04));
#2289 = CARTESIAN_POINT('',(9.9845E+03,9.999598076211E+03));
#2290 = CARTESIAN_POINT('',(9.989E+03,9.997E+03));
#2291 = CARTESIAN_POINT('',(9.9845E+03,9.994401923789E+03));
#2292 = CARTESIAN_POINT('',(9.98E+03,9.991803847577E+03));
#2293 = CARTESIAN_POINT('',(9.98E+03,9.997E+03));
#2294 = ( GEOMETRIC_REPRESENTATION_CONTEXT(2) 
PARAMETRIC_REPRESENTATION_CONTEXT() REPRESENTATION_CONTEXT('2D SPACE',''
  ) );
#2295 = PCURVE('',#2153,#2296);
#2296 = DEFINITIONAL_REPRESENTATION('',(#2297),#2301);
#2297 = LINE('',#2298,#2299);
#2298 = CARTESIAN_POINT('',(0.,-1.07E+03));
#2299 = VECTOR('',#2300,1.);
#2300 = DIRECTION('',(1.,0.));
#2301 = ( GEOMETRIC_REPRESENTATION_CONTEXT(2) 
PARAMETRIC_REPRESENTATION_CONTEXT() REPRESENTATION_CONTEXT('2D SPACE',''
  ) );
#2302 = ORIENTED_EDGE('',*,*,#2303,.F.);
#2303 = EDGE_CURVE('',#2304,#2276,#2306,.T.);
#2304 = VERTEX_POINT('',#2305);
#2305 = CARTESIAN_POINT('',(-17.,930.,-20.));
#2306 = SURFACE_CURVE('',#2307,(#2311,#2317),.PCURVE_S1.);
#2307 = LINE('',#2308,#2309);
#2308 = CARTESIAN_POINT('',(-4.9985E+03,930.,-20.));
#2309 = VECTOR('',#2310,1.);
#2310 = DIRECTION('',(1.,-0.,0.));
#2311 = PCURVE('',#2178,#2312);
#2312 = DEFINITIONAL_REPRESENTATION('',(#2313),#2316);
#2313 = B_SPLINE_CURVE_WITH_KNOTS('',1,(#2314,#2315),.UNSPECIFIED.,.F.,
  .F.,(2,2),(4.9815E+03,5.0155E+03),.PIECEWISE_BEZIER_KNOTS.);
#2314 = CARTESIAN_POINT('',(9.98E+03,9.963E+03));
#2315 = CARTESIAN_POINT('',(9.98E+03,9.997E+03));
#2316 = ( GEOMETRIC_REPRESENTATION_CONTEXT(2) 
PARAMETRIC_REPRESENTATION_CONTEXT() REPRESENTATION_CONTEXT('2D SPACE',''
  ) );
#2317 = PCURVE('',#2318,#2323);
#2318 = PLANE('',#2319);
#2319 = AXIS2_PLACEMENT_3D('',#2320,#2321,#2322);
#2320 = CARTESIAN_POINT('',(-17.,-140.,-20.));
#2321 = DIRECTION('',(0.,0.,-1.));
#2322 = DIRECTION('',(1.,0.,0.));
#2323 = DEFINITIONAL_REPRESENTATION('',(#2324),#2327);
#2324 = B_SPLINE_CURVE_WITH_KNOTS('',1,(#2325,#2326),.UNSPECIFIED.,.F.,
  .F.,(2,2),(4.9815E+03,5.0155E+03),.PIECEWISE_BEZIER_KNOTS.);
#2325 = CARTESIAN_POINT('',(0.,-1.07E+03));
#2326 = CARTESIAN_POINT('',(34.,-1.07E+03));
#2327 = ( GEOMETRIC_REPRESENTATION_CONTEXT(2) 
PARAMETRIC_REPRESENTATION_CONTEXT() REPRESENTATION_CONTEXT('2D SPACE',''
  ) );
#2328 = ORIENTED_EDGE('',*,*,#2329,.F.);
#2329 = EDGE_CURVE('',#2330,#2304,#2332,.T.);
#2330 = VERTEX_POINT('',#2331);
#2331 = CARTESIAN_POINT('',(-20.,930.,-17.));
#2332 = SURFACE_CURVE('',#2333,(#2338,#2349),.PCURVE_S1.);
#2333 = CIRCLE('',#2334,3.);
#2334 = AXIS2_PLACEMENT_3D('',#2335,#2336,#2337);
#2335 = CARTESIAN_POINT('',(-17.,930.,-17.));
#2336 = DIRECTION('',(0.,-1.,0.));
#2337 = DIRECTION('',(-1.,0.,0.));
#2338 = PCURVE('',#2178,#2339);
#2339 = DEFINITIONAL_REPRESENTATION('',(#2340),#2348);
#2340 = ( BOUNDED_CURVE() B_SPLINE_CURVE(2,(#2341,#2342,#2343,#2344,
#2345,#2346,#2347),.UNSPECIFIED.,.T.,.F.) B_SPLINE_CURVE_WITH_KNOTS((1,2
    ,2,2,2,1),(-2.094395102393,0.,2.094395102393,4.188790204786,
6.28318530718,8.377580409573),.UNSPECIFIED.) CURVE() 
GEOMETRIC_REPRESENTATION_ITEM() RATIONAL_B_SPLINE_CURVE((1.,0.5,1.,0.5,
1.,0.5,1.)) REPRESENTATION_ITEM('') );
#2341 = CARTESIAN_POINT('',(9.983E+03,9.96E+03));
#2342 = CARTESIAN_POINT('',(9.977803847577E+03,9.96E+03));
#2343 = CARTESIAN_POINT('',(9.980401923789E+03,9.9645E+03));
#2344 = CARTESIAN_POINT('',(9.983E+03,9.969E+03));
#2345 = CARTESIAN_POINT('',(9.985598076211E+03,9.9645E+03));
#2346 = CARTESIAN_POINT('',(9.988196152423E+03,9.96E+03));
#2347 = CARTESIAN_POINT('',(9.983E+03,9.96E+03));
#2348 = ( GEOMETRIC_REPRESENTATION_CONTEXT(2) 
PARAMETRIC_REPRESENTATION_CONTEXT() REPRESENTATION_CONTEXT('2D SPACE',''
  ) );
#2349 = PCURVE('',#2350,#2355);
#2350 = CYLINDRICAL_SURFACE('',#2351,3.);
#2351 = AXIS2_PLACEMENT_3D('',#2352,#2353,#2354);
#2352 = CARTESIAN_POINT('',(-17.,-140.,-17.));
#2353 = DIRECTION('',(0.,-1.,0.));
#2354 = DIRECTION('',(-1.,0.,0.));
#2355 = DEFINITIONAL_REPRESENTATION('',(#2356),#2360);
#2356 = LINE('',#2357,#2358);
#2357 = CARTESIAN_POINT('',(0.,-1.07E+03));
#2358 = VECTOR('',#2359,1.);
#2359 = DIRECTION('',(1.,0.));
#2360 = ( GEOMETRIC_REPRESENTATION_CONTEXT(2) 
PARAMETRIC_REPRESENTATION_CONTEXT() REPRESENTATION_CONTEXT('2D SPACE',''
  ) );
#2361 = ORIENTED_EDGE('',*,*,#2362,.F.);
#2362 = EDGE_CURVE('',#2363,#2330,#2365,.T.);
#2363 = VERTEX_POINT('',#2364);
#2364 = CARTESIAN_POINT('',(-20.,930.,17.));
#2365 = SURFACE_CURVE('',#2366,(#2370,#2376),.PCURVE_S1.);
#2366 = LINE('',#2367,#2368);
#2367 = CARTESIAN_POINT('',(-20.,930.,-4.9915E+03));
#2368 = VECTOR('',#2369,1.);
#2369 = DIRECTION('',(0.,0.,-1.));
#2370 = PCURVE('',#2178,#2371);
#2371 = DEFINITIONAL_REPRESENTATION('',(#2372),#2375);
#2372 = B_SPLINE_CURVE_WITH_KNOTS('',1,(#2373,#2374),.UNSPECIFIED.,.F.,
  .F.,(2,2),(-5.0085E+03,-4.9745E+03),.PIECEWISE_BEZIER_KNOTS.);
#2373 = CARTESIAN_POINT('',(1.0017E+04,9.96E+03));
#2374 = CARTESIAN_POINT('',(9.983E+03,9.96E+03));
#2375 = ( GEOMETRIC_REPRESENTATION_CONTEXT(2) 
PARAMETRIC_REPRESENTATION_CONTEXT() REPRESENTATION_CONTEXT('2D SPACE',''
  ) );
#2376 = PCURVE('',#2377,#2382);
#2377 = PLANE('',#2378);
#2378 = AXIS2_PLACEMENT_3D('',#2379,#2380,#2381);
#2379 = CARTESIAN_POINT('',(-20.,-140.,17.));
#2380 = DIRECTION('',(-1.,0.,0.));
#2381 = DIRECTION('',(0.,0.,-1.));
#2382 = DEFINITIONAL_REPRESENTATION('',(#2383),#2386);
#2383 = B_SPLINE_CURVE_WITH_KNOTS('',1,(#2384,#2385),.UNSPECIFIED.,.F.,
  .F.,(2,2),(-5.0085E+03,-4.9745E+03),.PIECEWISE_BEZIER_KNOTS.);
#2384 = CARTESIAN_POINT('',(0.,-1.07E+03));
#2385 = CARTESIAN_POINT('',(34.,-1.07E+03));
#2386 = ( GEOMETRIC_REPRESENTATION_CONTEXT(2) 
PARAMETRIC_REPRESENTATION_CONTEXT() REPRESENTATION_CONTEXT('2D SPACE',''
  ) );
#2387 = ORIENTED_EDGE('',*,*,#2388,.F.);
#2388 = EDGE_CURVE('',#2389,#2363,#2391,.T.);
#2389 = VERTEX_POINT('',#2390);
#2390 = CARTESIAN_POINT('',(-17.,930.,20.));
#2391 = SURFACE_CURVE('',#2392,(#2397,#2408),.PCURVE_S1.);
#2392 = CIRCLE('',#2393,3.);
#2393 = AXIS2_PLACEMENT_3D('',#2394,#2395,#2396);
#2394 = CARTESIAN_POINT('',(-17.,930.,17.));
#2395 = DIRECTION('',(0.,-1.,0.));
#2396 = DIRECTION('',(0.,0.,1.));
#2397 = PCURVE('',#2178,#2398);
#2398 = DEFINITIONAL_REPRESENTATION('',(#2399),#2407);
#2399 = ( BOUNDED_CURVE() B_SPLINE_CURVE(2,(#2400,#2401,#2402,#2403,
#2404,#2405,#2406),.UNSPECIFIED.,.T.,.F.) B_SPLINE_CURVE_WITH_KNOTS((1,2
    ,2,2,2,1),(-2.094395102393,0.,2.094395102393,4.188790204786,
6.28318530718,8.377580409573),.UNSPECIFIED.) CURVE() 
GEOMETRIC_REPRESENTATION_ITEM() RATIONAL_B_SPLINE_CURVE((1.,0.5,1.,0.5,
1.,0.5,1.)) REPRESENTATION_ITEM('') );
#2400 = CARTESIAN_POINT('',(1.002E+04,9.963E+03));
#2401 = CARTESIAN_POINT('',(1.002E+04,9.957803847577E+03));
#2402 = CARTESIAN_POINT('',(1.00155E+04,9.960401923789E+03));
#2403 = CARTESIAN_POINT('',(1.0011E+04,9.963E+03));
#2404 = CARTESIAN_POINT('',(1.00155E+04,9.965598076211E+03));
#2405 = CARTESIAN_POINT('',(1.002E+04,9.968196152423E+03));
#2406 = CARTESIAN_POINT('',(1.002E+04,9.963E+03));
#2407 = ( GEOMETRIC_REPRESENTATION_CONTEXT(2) 
PARAMETRIC_REPRESENTATION_CONTEXT() REPRESENTATION_CONTEXT('2D SPACE',''
  ) );
#2408 = PCURVE('',#2409,#2414);
#2409 = CYLINDRICAL_SURFACE('',#2410,3.);
#2410 = AXIS2_PLACEMENT_3D('',#2411,#2412,#2413);
#2411 = CARTESIAN_POINT('',(-17.,-140.,17.));
#2412 = DIRECTION('',(0.,-1.,0.));
#2413 = DIRECTION('',(0.,0.,1.));
#2414 = DEFINITIONAL_REPRESENTATION('',(#2415),#2419);
#2415 = LINE('',#2416,#2417);
#2416 = CARTESIAN_POINT('',(0.,-1.07E+03));
#2417 = VECTOR('',#2418,1.);
#2418 = DIRECTION('',(1.,0.));
#2419 = ( GEOMETRIC_REPRESENTATION_CONTEXT(2) 
PARAMETRIC_REPRESENTATION_CONTEXT() REPRESENTATION_CONTEXT('2D SPACE',''
  ) );
#2420 = ORIENTED_EDGE('',*,*,#2421,.F.);
#2421 = EDGE_CURVE('',#2218,#2389,#2422,.T.);
#2422 = SURFACE_CURVE('',#2423,(#2427,#2433),.PCURVE_S1.);
#2423 = LINE('',#2424,#2425);
#2424 = CARTESIAN_POINT('',(-4.9815E+03,930.,20.));
#2425 = VECTOR('',#2426,1.);
#2426 = DIRECTION('',(-1.,0.,0.));
#2427 = PCURVE('',#2178,#2428);
#2428 = DEFINITIONAL_REPRESENTATION('',(#2429),#2432);
#2429 = B_SPLINE_CURVE_WITH_KNOTS('',1,(#2430,#2431),.UNSPECIFIED.,.F.,
  .F.,(2,2),(-4.9985E+03,-4.9645E+03),.PIECEWISE_BEZIER_KNOTS.);
#2430 = CARTESIAN_POINT('',(1.002E+04,9.997E+03));
#2431 = CARTESIAN_POINT('',(1.002E+04,9.963E+03));
#2432 = ( GEOMETRIC_REPRESENTATION_CONTEXT(2) 
PARAMETRIC_REPRESENTATION_CONTEXT() REPRESENTATION_CONTEXT('2D SPACE',''
  ) );
#2433 = PCURVE('',#2259,#2434);
#2434 = DEFINITIONAL_REPRESENTATION('',(#2435),#2438);
#2435 = B_SPLINE_CURVE_WITH_KNOTS('',1,(#2436,#2437),.UNSPECIFIED.,.F.,
  .F.,(2,2),(-4.9985E+03,-4.9645E+03),.PIECEWISE_BEZIER_KNOTS.);
#2436 = CARTESIAN_POINT('',(0.,-1.07E+03));
#2437 = CARTESIAN_POINT('',(34.,-1.07E+03));
#2438 = ( GEOMETRIC_REPRESENTATION_CONTEXT(2) 
PARAMETRIC_REPRESENTATION_CONTEXT() REPRESENTATION_CONTEXT('2D SPACE',''
  ) );
#2439 = ORIENTED_EDGE('',*,*,#2217,.F.);
#2440 = FACE_BOUND('',#2441,.T.);
#2441 = EDGE_LOOP('',(#2442,#2470,#2503,#2529,#2562,#2588,#2621,#2647));
#2442 = ORIENTED_EDGE('',*,*,#2443,.T.);
#2443 = EDGE_CURVE('',#2444,#2446,#2448,.T.);
#2444 = VERTEX_POINT('',#2445);
#2445 = CARTESIAN_POINT('',(18.5,930.,-17.));
#2446 = VERTEX_POINT('',#2447);
#2447 = CARTESIAN_POINT('',(18.5,930.,17.));
#2448 = SURFACE_CURVE('',#2449,(#2453,#2459),.PCURVE_S1.);
#2449 = LINE('',#2450,#2451);
#2450 = CARTESIAN_POINT('',(18.5,930.,-5.0085E+03));
#2451 = VECTOR('',#2452,1.);
#2452 = DIRECTION('',(0.,0.,1.));
#2453 = PCURVE('',#2178,#2454);
#2454 = DEFINITIONAL_REPRESENTATION('',(#2455),#2458);
#2455 = B_SPLINE_CURVE_WITH_KNOTS('',1,(#2456,#2457),.UNSPECIFIED.,.F.,
  .F.,(2,2),(4.9915E+03,5.0255E+03),.PIECEWISE_BEZIER_KNOTS.);
#2456 = CARTESIAN_POINT('',(9.983E+03,9.9985E+03));
#2457 = CARTESIAN_POINT('',(1.0017E+04,9.9985E+03));
#2458 = ( GEOMETRIC_REPRESENTATION_CONTEXT(2) 
PARAMETRIC_REPRESENTATION_CONTEXT() REPRESENTATION_CONTEXT('2D SPACE',''
  ) );
#2459 = PCURVE('',#2460,#2465);
#2460 = PLANE('',#2461);
#2461 = AXIS2_PLACEMENT_3D('',#2462,#2463,#2464);
#2462 = CARTESIAN_POINT('',(18.5,-140.,-17.));
#2463 = DIRECTION('',(1.,0.,0.));
#2464 = DIRECTION('',(0.,0.,1.));
#2465 = DEFINITIONAL_REPRESENTATION('',(#2466),#2469);
#2466 = B_SPLINE_CURVE_WITH_KNOTS('',1,(#2467,#2468),.UNSPECIFIED.,.F.,
  .F.,(2,2),(4.9915E+03,5.0255E+03),.PIECEWISE_BEZIER_KNOTS.);
#2467 = CARTESIAN_POINT('',(0.,-1.07E+03));
#2468 = CARTESIAN_POINT('',(34.,-1.07E+03));
#2469 = ( GEOMETRIC_REPRESENTATION_CONTEXT(2) 
PARAMETRIC_REPRESENTATION_CONTEXT() REPRESENTATION_CONTEXT('2D SPACE',''
  ) );
#2470 = ORIENTED_EDGE('',*,*,#2471,.T.);
#2471 = EDGE_CURVE('',#2446,#2472,#2474,.T.);
#2472 = VERTEX_POINT('',#2473);
#2473 = CARTESIAN_POINT('',(17.,930.,18.5));
#2474 = SURFACE_CURVE('',#2475,(#2480,#2491),.PCURVE_S1.);
#2475 = CIRCLE('',#2476,1.5);
#2476 = AXIS2_PLACEMENT_3D('',#2477,#2478,#2479);
#2477 = CARTESIAN_POINT('',(17.,930.,17.));
#2478 = DIRECTION('',(0.,-1.,0.));
#2479 = DIRECTION('',(1.,0.,-4.736951571734E-15));
#2480 = PCURVE('',#2178,#2481);
#2481 = DEFINITIONAL_REPRESENTATION('',(#2482),#2490);
#2482 = ( BOUNDED_CURVE() B_SPLINE_CURVE(2,(#2483,#2484,#2485,#2486,
#2487,#2488,#2489),.UNSPECIFIED.,.T.,.F.) B_SPLINE_CURVE_WITH_KNOTS((1,2
    ,2,2,2,1),(-2.094395102393,0.,2.094395102393,4.188790204786,
6.28318530718,8.377580409573),.UNSPECIFIED.) CURVE() 
GEOMETRIC_REPRESENTATION_ITEM() RATIONAL_B_SPLINE_CURVE((1.,0.5,1.,0.5,
1.,0.5,1.)) REPRESENTATION_ITEM('') );
#2483 = CARTESIAN_POINT('',(1.0017E+04,9.9985E+03));
#2484 = CARTESIAN_POINT('',(1.001959807621E+04,9.9985E+03));
#2485 = CARTESIAN_POINT('',(1.001829903811E+04,9.99625E+03));
#2486 = CARTESIAN_POINT('',(1.0017E+04,9.994E+03));
#2487 = CARTESIAN_POINT('',(1.001570096189E+04,9.99625E+03));
#2488 = CARTESIAN_POINT('',(1.001440192379E+04,9.9985E+03));
#2489 = CARTESIAN_POINT('',(1.0017E+04,9.9985E+03));
#2490 = ( GEOMETRIC_REPRESENTATION_CONTEXT(2) 
PARAMETRIC_REPRESENTATION_CONTEXT() REPRESENTATION_CONTEXT('2D SPACE',''
  ) );
#2491 = PCURVE('',#2492,#2497);
#2492 = CYLINDRICAL_SURFACE('',#2493,1.5);
#2493 = AXIS2_PLACEMENT_3D('',#2494,#2495,#2496);
#2494 = CARTESIAN_POINT('',(17.,-140.,17.));
#2495 = DIRECTION('',(0.,-1.,0.));
#2496 = DIRECTION('',(1.,0.,-4.736951571734E-15));
#2497 = DEFINITIONAL_REPRESENTATION('',(#2498),#2502);
#2498 = LINE('',#2499,#2500);
#2499 = CARTESIAN_POINT('',(0.,-1.07E+03));
#2500 = VECTOR('',#2501,1.);
#2501 = DIRECTION('',(1.,0.));
#2502 = ( GEOMETRIC_REPRESENTATION_CONTEXT(2) 
PARAMETRIC_REPRESENTATION_CONTEXT() REPRESENTATION_CONTEXT('2D SPACE',''
  ) );
#2503 = ORIENTED_EDGE('',*,*,#2504,.T.);
#2504 = EDGE_CURVE('',#2472,#2505,#2507,.T.);
#2505 = VERTEX_POINT('',#2506);
#2506 = CARTESIAN_POINT('',(-17.,930.,18.5));
#2507 = SURFACE_CURVE('',#2508,(#2512,#2518),.PCURVE_S1.);
#2508 = LINE('',#2509,#2510);
#2509 = CARTESIAN_POINT('',(-4.9815E+03,930.,18.5));
#2510 = VECTOR('',#2511,1.);
#2511 = DIRECTION('',(-1.,0.,0.));
#2512 = PCURVE('',#2178,#2513);
#2513 = DEFINITIONAL_REPRESENTATION('',(#2514),#2517);
#2514 = B_SPLINE_CURVE_WITH_KNOTS('',1,(#2515,#2516),.UNSPECIFIED.,.F.,
  .F.,(2,2),(-4.9985E+03,-4.9645E+03),.PIECEWISE_BEZIER_KNOTS.);
#2515 = CARTESIAN_POINT('',(1.00185E+04,9.997E+03));
#2516 = CARTESIAN_POINT('',(1.00185E+04,9.963E+03));
#2517 = ( GEOMETRIC_REPRESENTATION_CONTEXT(2) 
PARAMETRIC_REPRESENTATION_CONTEXT() REPRESENTATION_CONTEXT('2D SPACE',''
  ) );
#2518 = PCURVE('',#2519,#2524);
#2519 = PLANE('',#2520);
#2520 = AXIS2_PLACEMENT_3D('',#2521,#2522,#2523);
#2521 = CARTESIAN_POINT('',(17.,-140.,18.5));
#2522 = DIRECTION('',(0.,-0.,1.));
#2523 = DIRECTION('',(-1.,0.,0.));
#2524 = DEFINITIONAL_REPRESENTATION('',(#2525),#2528);
#2525 = B_SPLINE_CURVE_WITH_KNOTS('',1,(#2526,#2527),.UNSPECIFIED.,.F.,
  .F.,(2,2),(-4.9985E+03,-4.9645E+03),.PIECEWISE_BEZIER_KNOTS.);
#2526 = CARTESIAN_POINT('',(0.,-1.07E+03));
#2527 = CARTESIAN_POINT('',(34.,-1.07E+03));
#2528 = ( GEOMETRIC_REPRESENTATION_CONTEXT(2) 
PARAMETRIC_REPRESENTATION_CONTEXT() REPRESENTATION_CONTEXT('2D SPACE',''
  ) );
#2529 = ORIENTED_EDGE('',*,*,#2530,.T.);
#2530 = EDGE_CURVE('',#2505,#2531,#2533,.T.);
#2531 = VERTEX_POINT('',#2532);
#2532 = CARTESIAN_POINT('',(-18.5,930.,17.));
#2533 = SURFACE_CURVE('',#2534,(#2539,#2550),.PCURVE_S1.);
#2534 = CIRCLE('',#2535,1.5);
#2535 = AXIS2_PLACEMENT_3D('',#2536,#2537,#2538);
#2536 = CARTESIAN_POINT('',(-17.,930.,17.));
#2537 = DIRECTION('',(0.,-1.,0.));
#2538 = DIRECTION('',(4.736951571734E-15,0.,1.));
#2539 = PCURVE('',#2178,#2540);
#2540 = DEFINITIONAL_REPRESENTATION('',(#2541),#2549);
#2541 = ( BOUNDED_CURVE() B_SPLINE_CURVE(2,(#2542,#2543,#2544,#2545,
#2546,#2547,#2548),.UNSPECIFIED.,.T.,.F.) B_SPLINE_CURVE_WITH_KNOTS((1,2
    ,2,2,2,1),(-2.094395102393,0.,2.094395102393,4.188790204786,
6.28318530718,8.377580409573),.UNSPECIFIED.) CURVE() 
GEOMETRIC_REPRESENTATION_ITEM() RATIONAL_B_SPLINE_CURVE((1.,0.5,1.,0.5,
1.,0.5,1.)) REPRESENTATION_ITEM('') );
#2542 = CARTESIAN_POINT('',(1.00185E+04,9.963E+03));
#2543 = CARTESIAN_POINT('',(1.00185E+04,9.960401923789E+03));
#2544 = CARTESIAN_POINT('',(1.001625E+04,9.961700961894E+03));
#2545 = CARTESIAN_POINT('',(1.0014E+04,9.963E+03));
#2546 = CARTESIAN_POINT('',(1.001625E+04,9.964299038106E+03));
#2547 = CARTESIAN_POINT('',(1.00185E+04,9.965598076211E+03));
#2548 = CARTESIAN_POINT('',(1.00185E+04,9.963E+03));
#2549 = ( GEOMETRIC_REPRESENTATION_CONTEXT(2) 
PARAMETRIC_REPRESENTATION_CONTEXT() REPRESENTATION_CONTEXT('2D SPACE',''
  ) );
#2550 = PCURVE('',#2551,#2556);
#2551 = CYLINDRICAL_SURFACE('',#2552,1.5);
#2552 = AXIS2_PLACEMENT_3D('',#2553,#2554,#2555);
#2553 = CARTESIAN_POINT('',(-17.,-140.,17.));
#2554 = DIRECTION('',(0.,-1.,0.));
#2555 = DIRECTION('',(4.736951571734E-15,0.,1.));
#2556 = DEFINITIONAL_REPRESENTATION('',(#2557),#2561);
#2557 = LINE('',#2558,#2559);
#2558 = CARTESIAN_POINT('',(0.,-1.07E+03));
#2559 = VECTOR('',#2560,1.);
#2560 = DIRECTION('',(1.,0.));
#2561 = ( GEOMETRIC_REPRESENTATION_CONTEXT(2) 
PARAMETRIC_REPRESENTATION_CONTEXT() REPRESENTATION_CONTEXT('2D SPACE',''
  ) );
#2562 = ORIENTED_EDGE('',*,*,#2563,.T.);
#2563 = EDGE_CURVE('',#2531,#2564,#2566,.T.);
#2564 = VERTEX_POINT('',#2565);
#2565 = CARTESIAN_POINT('',(-18.5,930.,-17.));
#2566 = SURFACE_CURVE('',#2567,(#2571,#2577),.PCURVE_S1.);
#2567 = LINE('',#2568,#2569);
#2568 = CARTESIAN_POINT('',(-18.5,930.,-4.9915E+03));
#2569 = VECTOR('',#2570,1.);
#2570 = DIRECTION('',(0.,0.,-1.));
#2571 = PCURVE('',#2178,#2572);
#2572 = DEFINITIONAL_REPRESENTATION('',(#2573),#2576);
#2573 = B_SPLINE_CURVE_WITH_KNOTS('',1,(#2574,#2575),.UNSPECIFIED.,.F.,
  .F.,(2,2),(-5.0085E+03,-4.9745E+03),.PIECEWISE_BEZIER_KNOTS.);
#2574 = CARTESIAN_POINT('',(1.0017E+04,9.9615E+03));
#2575 = CARTESIAN_POINT('',(9.983E+03,9.9615E+03));
#2576 = ( GEOMETRIC_REPRESENTATION_CONTEXT(2) 
PARAMETRIC_REPRESENTATION_CONTEXT() REPRESENTATION_CONTEXT('2D SPACE',''
  ) );
#2577 = PCURVE('',#2578,#2583);
#2578 = PLANE('',#2579);
#2579 = AXIS2_PLACEMENT_3D('',#2580,#2581,#2582);
#2580 = CARTESIAN_POINT('',(-18.5,-140.,17.));
#2581 = DIRECTION('',(-1.,0.,0.));
#2582 = DIRECTION('',(0.,0.,-1.));
#2583 = DEFINITIONAL_REPRESENTATION('',(#2584),#2587);
#2584 = B_SPLINE_CURVE_WITH_KNOTS('',1,(#2585,#2586),.UNSPECIFIED.,.F.,
  .F.,(2,2),(-5.0085E+03,-4.9745E+03),.PIECEWISE_BEZIER_KNOTS.);
#2585 = CARTESIAN_POINT('',(0.,-1.07E+03));
#2586 = CARTESIAN_POINT('',(34.,-1.07E+03));
#2587 = ( GEOMETRIC_REPRESENTATION_CONTEXT(2) 
PARAMETRIC_REPRESENTATION_CONTEXT() REPRESENTATION_CONTEXT('2D SPACE',''
  ) );
#2588 = ORIENTED_EDGE('',*,*,#2589,.T.);
#2589 = EDGE_CURVE('',#2564,#2590,#2592,.T.);
#2590 = VERTEX_POINT('',#2591);
#2591 = CARTESIAN_POINT('',(-17.,930.,-18.5));
#2592 = SURFACE_CURVE('',#2593,(#2598,#2609),.PCURVE_S1.);
#2593 = CIRCLE('',#2594,1.5);
#2594 = AXIS2_PLACEMENT_3D('',#2595,#2596,#2597);
#2595 = CARTESIAN_POINT('',(-17.,930.,-17.));
#2596 = DIRECTION('',(0.,-1.,0.));
#2597 = DIRECTION('',(-1.,0.,4.736951571734E-15));
#2598 = PCURVE('',#2178,#2599);
#2599 = DEFINITIONAL_REPRESENTATION('',(#2600),#2608);
#2600 = ( BOUNDED_CURVE() B_SPLINE_CURVE(2,(#2601,#2602,#2603,#2604,
#2605,#2606,#2607),.UNSPECIFIED.,.T.,.F.) B_SPLINE_CURVE_WITH_KNOTS((1,2
    ,2,2,2,1),(-2.094395102393,0.,2.094395102393,4.188790204786,
6.28318530718,8.377580409573),.UNSPECIFIED.) CURVE() 
GEOMETRIC_REPRESENTATION_ITEM() RATIONAL_B_SPLINE_CURVE((1.,0.5,1.,0.5,
1.,0.5,1.)) REPRESENTATION_ITEM('') );
#2601 = CARTESIAN_POINT('',(9.983E+03,9.9615E+03));
#2602 = CARTESIAN_POINT('',(9.980401923789E+03,9.9615E+03));
#2603 = CARTESIAN_POINT('',(9.981700961894E+03,9.96375E+03));
#2604 = CARTESIAN_POINT('',(9.983E+03,9.966E+03));
#2605 = CARTESIAN_POINT('',(9.984299038106E+03,9.96375E+03));
#2606 = CARTESIAN_POINT('',(9.985598076211E+03,9.9615E+03));
#2607 = CARTESIAN_POINT('',(9.983E+03,9.9615E+03));
#2608 = ( GEOMETRIC_REPRESENTATION_CONTEXT(2) 
PARAMETRIC_REPRESENTATION_CONTEXT() REPRESENTATION_CONTEXT('2D SPACE',''
  ) );
#2609 = PCURVE('',#2610,#2615);
#2610 = CYLINDRICAL_SURFACE('',#2611,1.5);
#2611 = AXIS2_PLACEMENT_3D('',#2612,#2613,#2614);
#2612 = CARTESIAN_POINT('',(-17.,-140.,-17.));
#2613 = DIRECTION('',(0.,-1.,0.));
#2614 = DIRECTION('',(-1.,0.,4.736951571734E-15));
#2615 = DEFINITIONAL_REPRESENTATION('',(#2616),#2620);
#2616 = LINE('',#2617,#2618);
#2617 = CARTESIAN_POINT('',(0.,-1.07E+03));
#2618 = VECTOR('',#2619,1.);
#2619 = DIRECTION('',(1.,0.));
#2620 = ( GEOMETRIC_REPRESENTATION_CONTEXT(2) 
PARAMETRIC_REPRESENTATION_CONTEXT() REPRESENTATION_CONTEXT('2D SPACE',''
  ) );
#2621 = ORIENTED_EDGE('',*,*,#2622,.T.);
#2622 = EDGE_CURVE('',#2590,#2623,#2625,.T.);
#2623 = VERTEX_POINT('',#2624);
#2624 = CARTESIAN_POINT('',(17.,930.,-18.5));
#2625 = SURFACE_CURVE('',#2626,(#2630,#2636),.PCURVE_S1.);
#2626 = LINE('',#2627,#2628);
#2627 = CARTESIAN_POINT('',(-4.9985E+03,930.,-18.5));
#2628 = VECTOR('',#2629,1.);
#2629 = DIRECTION('',(1.,-0.,0.));
#2630 = PCURVE('',#2178,#2631);
#2631 = DEFINITIONAL_REPRESENTATION('',(#2632),#2635);
#2632 = B_SPLINE_CURVE_WITH_KNOTS('',1,(#2633,#2634),.UNSPECIFIED.,.F.,
  .F.,(2,2),(4.9815E+03,5.0155E+03),.PIECEWISE_BEZIER_KNOTS.);
#2633 = CARTESIAN_POINT('',(9.9815E+03,9.963E+03));
#2634 = CARTESIAN_POINT('',(9.9815E+03,9.997E+03));
#2635 = ( GEOMETRIC_REPRESENTATION_CONTEXT(2) 
PARAMETRIC_REPRESENTATION_CONTEXT() REPRESENTATION_CONTEXT('2D SPACE',''
  ) );
#2636 = PCURVE('',#2637,#2642);
#2637 = PLANE('',#2638);
#2638 = AXIS2_PLACEMENT_3D('',#2639,#2640,#2641);
#2639 = CARTESIAN_POINT('',(-17.,-140.,-18.5));
#2640 = DIRECTION('',(0.,0.,-1.));
#2641 = DIRECTION('',(1.,0.,0.));
#2642 = DEFINITIONAL_REPRESENTATION('',(#2643),#2646);
#2643 = B_SPLINE_CURVE_WITH_KNOTS('',1,(#2644,#2645),.UNSPECIFIED.,.F.,
  .F.,(2,2),(4.9815E+03,5.0155E+03),.PIECEWISE_BEZIER_KNOTS.);
#2644 = CARTESIAN_POINT('',(0.,-1.07E+03));
#2645 = CARTESIAN_POINT('',(34.,-1.07E+03));
#2646 = ( GEOMETRIC_REPRESENTATION_CONTEXT(2) 
PARAMETRIC_REPRESENTATION_CONTEXT() REPRESENTATION_CONTEXT('2D SPACE',''
  ) );
#2647 = ORIENTED_EDGE('',*,*,#2648,.T.);
#2648 = EDGE_CURVE('',#2623,#2444,#2649,.T.);
#2649 = SURFACE_CURVE('',#2650,(#2655,#2666),.PCURVE_S1.);
#2650 = CIRCLE('',#2651,1.5);
#2651 = AXIS2_PLACEMENT_3D('',#2652,#2653,#2654);
#2652 = CARTESIAN_POINT('',(17.,930.,-17.));
#2653 = DIRECTION('',(0.,-1.,0.));
#2654 = DIRECTION('',(-4.736951571734E-15,-0.,-1.));
#2655 = PCURVE('',#2178,#2656);
#2656 = DEFINITIONAL_REPRESENTATION('',(#2657),#2665);
#2657 = ( BOUNDED_CURVE() B_SPLINE_CURVE(2,(#2658,#2659,#2660,#2661,
#2662,#2663,#2664),.UNSPECIFIED.,.T.,.F.) B_SPLINE_CURVE_WITH_KNOTS((1,2
    ,2,2,2,1),(-2.094395102393,0.,2.094395102393,4.188790204786,
6.28318530718,8.377580409573),.UNSPECIFIED.) CURVE() 
GEOMETRIC_REPRESENTATION_ITEM() RATIONAL_B_SPLINE_CURVE((1.,0.5,1.,0.5,
1.,0.5,1.)) REPRESENTATION_ITEM('') );
#2658 = CARTESIAN_POINT('',(9.9815E+03,9.997E+03));
#2659 = CARTESIAN_POINT('',(9.9815E+03,9.999598076211E+03));
#2660 = CARTESIAN_POINT('',(9.98375E+03,9.998299038106E+03));
#2661 = CARTESIAN_POINT('',(9.986E+03,9.997E+03));
#2662 = CARTESIAN_POINT('',(9.98375E+03,9.995700961894E+03));
#2663 = CARTESIAN_POINT('',(9.9815E+03,9.994401923789E+03));
#2664 = CARTESIAN_POINT('',(9.9815E+03,9.997E+03));
#2665 = ( GEOMETRIC_REPRESENTATION_CONTEXT(2) 
PARAMETRIC_REPRESENTATION_CONTEXT() REPRESENTATION_CONTEXT('2D SPACE',''
  ) );
#2666 = PCURVE('',#2667,#2672);
#2667 = CYLINDRICAL_SURFACE('',#2668,1.5);
#2668 = AXIS2_PLACEMENT_3D('',#2669,#2670,#2671);
#2669 = CARTESIAN_POINT('',(17.,-140.,-17.));
#2670 = DIRECTION('',(0.,-1.,0.));
#2671 = DIRECTION('',(-4.736951571734E-15,-0.,-1.));
#2672 = DEFINITIONAL_REPRESENTATION('',(#2673),#2677);
#2673 = LINE('',#2674,#2675);
#2674 = CARTESIAN_POINT('',(0.,-1.07E+03));
#2675 = VECTOR('',#2676,1.);
#2676 = DIRECTION('',(1.,0.));
#2677 = ( GEOMETRIC_REPRESENTATION_CONTEXT(2) 
PARAMETRIC_REPRESENTATION_CONTEXT() REPRESENTATION_CONTEXT('2D SPACE',''
  ) );
#2678 = ADVANCED_FACE('',(#2679),#2153,.T.);
#2679 = FACE_BOUND('',#2680,.T.);
#2680 = EDGE_LOOP('',(#2681,#2705,#2726,#2727));
#2681 = ORIENTED_EDGE('',*,*,#2682,.F.);
#2682 = EDGE_CURVE('',#2683,#2112,#2685,.T.);
#2683 = VERTEX_POINT('',#2684);
#2684 = CARTESIAN_POINT('',(17.,0.,-20.));
#2685 = SURFACE_CURVE('',#2686,(#2691,#2698),.PCURVE_S1.);
#2686 = CIRCLE('',#2687,3.);
#2687 = AXIS2_PLACEMENT_3D('',#2688,#2689,#2690);
#2688 = CARTESIAN_POINT('',(17.,0.,-17.));
#2689 = DIRECTION('',(0.,-1.,0.));
#2690 = DIRECTION('',(0.,0.,-1.));
#2691 = PCURVE('',#2153,#2692);
#2692 = DEFINITIONAL_REPRESENTATION('',(#2693),#2697);
#2693 = LINE('',#2694,#2695);
#2694 = CARTESIAN_POINT('',(0.,-140.));
#2695 = VECTOR('',#2696,1.);
#2696 = DIRECTION('',(1.,0.));
#2697 = ( GEOMETRIC_REPRESENTATION_CONTEXT(2) 
PARAMETRIC_REPRESENTATION_CONTEXT() REPRESENTATION_CONTEXT('2D SPACE',''
  ) );
#2698 = PCURVE('',#2126,#2699);
#2699 = DEFINITIONAL_REPRESENTATION('',(#2700),#2704);
#2700 = CIRCLE('',#2701,3.);
#2701 = AXIS2_PLACEMENT_2D('',#2702,#2703);
#2702 = CARTESIAN_POINT('',(1.0017E+04,9.997E+03));
#2703 = DIRECTION('',(1.,0.));
#2704 = ( GEOMETRIC_REPRESENTATION_CONTEXT(2) 
PARAMETRIC_REPRESENTATION_CONTEXT() REPRESENTATION_CONTEXT('2D SPACE',''
  ) );
#2705 = ORIENTED_EDGE('',*,*,#2706,.T.);
#2706 = EDGE_CURVE('',#2683,#2276,#2707,.T.);
#2707 = SURFACE_CURVE('',#2708,(#2712,#2719),.PCURVE_S1.);
#2708 = LINE('',#2709,#2710);
#2709 = CARTESIAN_POINT('',(17.,-140.,-20.));
#2710 = VECTOR('',#2711,1.);
#2711 = DIRECTION('',(0.,1.,0.));
#2712 = PCURVE('',#2153,#2713);
#2713 = DEFINITIONAL_REPRESENTATION('',(#2714),#2718);
#2714 = LINE('',#2715,#2716);
#2715 = CARTESIAN_POINT('',(0.,0.));
#2716 = VECTOR('',#2717,1.);
#2717 = DIRECTION('',(0.,-1.));
#2718 = ( GEOMETRIC_REPRESENTATION_CONTEXT(2) 
PARAMETRIC_REPRESENTATION_CONTEXT() REPRESENTATION_CONTEXT('2D SPACE',''
  ) );
#2719 = PCURVE('',#2318,#2720);
#2720 = DEFINITIONAL_REPRESENTATION('',(#2721),#2725);
#2721 = LINE('',#2722,#2723);
#2722 = CARTESIAN_POINT('',(34.,0.));
#2723 = VECTOR('',#2724,1.);
#2724 = DIRECTION('',(0.,-1.));
#2725 = ( GEOMETRIC_REPRESENTATION_CONTEXT(2) 
PARAMETRIC_REPRESENTATION_CONTEXT() REPRESENTATION_CONTEXT('2D SPACE',''
  ) );
#2726 = ORIENTED_EDGE('',*,*,#2275,.T.);
#2727 = ORIENTED_EDGE('',*,*,#2137,.F.);
#2728 = ADVANCED_FACE('',(#2729,#2843),#2126,.T.);
#2729 = FACE_BOUND('',#2730,.T.);
#2730 = EDGE_LOOP('',(#2731,#2732,#2733,#2754,#2778,#2799,#2823,#2842));
#2731 = ORIENTED_EDGE('',*,*,#2111,.F.);
#2732 = ORIENTED_EDGE('',*,*,#2192,.T.);
#2733 = ORIENTED_EDGE('',*,*,#2734,.F.);
#2734 = EDGE_CURVE('',#2735,#2193,#2737,.T.);
#2735 = VERTEX_POINT('',#2736);
#2736 = CARTESIAN_POINT('',(-17.,0.,20.));
#2737 = SURFACE_CURVE('',#2738,(#2742,#2748),.PCURVE_S1.);
#2738 = LINE('',#2739,#2740);
#2739 = CARTESIAN_POINT('',(-4.9815E+03,0.,20.));
#2740 = VECTOR('',#2741,1.);
#2741 = DIRECTION('',(1.,0.,0.));
#2742 = PCURVE('',#2126,#2743);
#2743 = DEFINITIONAL_REPRESENTATION('',(#2744),#2747);
#2744 = B_SPLINE_CURVE_WITH_KNOTS('',1,(#2745,#2746),.UNSPECIFIED.,.F.,
  .F.,(2,2),(4.9645E+03,4.9985E+03),.PIECEWISE_BEZIER_KNOTS.);
#2745 = CARTESIAN_POINT('',(9.98E+03,9.963E+03));
#2746 = CARTESIAN_POINT('',(9.98E+03,9.997E+03));
#2747 = ( GEOMETRIC_REPRESENTATION_CONTEXT(2) 
PARAMETRIC_REPRESENTATION_CONTEXT() REPRESENTATION_CONTEXT('2D SPACE',''
  ) );
#2748 = PCURVE('',#2259,#2749);
#2749 = DEFINITIONAL_REPRESENTATION('',(#2750),#2753);
#2750 = B_SPLINE_CURVE_WITH_KNOTS('',1,(#2751,#2752),.UNSPECIFIED.,.F.,
  .F.,(2,2),(4.9645E+03,4.9985E+03),.PIECEWISE_BEZIER_KNOTS.);
#2751 = CARTESIAN_POINT('',(34.,-140.));
#2752 = CARTESIAN_POINT('',(0.,-140.));
#2753 = ( GEOMETRIC_REPRESENTATION_CONTEXT(2) 
PARAMETRIC_REPRESENTATION_CONTEXT() REPRESENTATION_CONTEXT('2D SPACE',''
  ) );
#2754 = ORIENTED_EDGE('',*,*,#2755,.T.);
#2755 = EDGE_CURVE('',#2735,#2756,#2758,.T.);
#2756 = VERTEX_POINT('',#2757);
#2757 = CARTESIAN_POINT('',(-20.,0.,17.));
#2758 = SURFACE_CURVE('',#2759,(#2764,#2771),.PCURVE_S1.);
#2759 = CIRCLE('',#2760,3.);
#2760 = AXIS2_PLACEMENT_3D('',#2761,#2762,#2763);
#2761 = CARTESIAN_POINT('',(-17.,0.,17.));
#2762 = DIRECTION('',(0.,-1.,0.));
#2763 = DIRECTION('',(0.,0.,1.));
#2764 = PCURVE('',#2126,#2765);
#2765 = DEFINITIONAL_REPRESENTATION('',(#2766),#2770);
#2766 = CIRCLE('',#2767,3.);
#2767 = AXIS2_PLACEMENT_2D('',#2768,#2769);
#2768 = CARTESIAN_POINT('',(9.983E+03,9.963E+03));
#2769 = DIRECTION('',(-1.,0.));
#2770 = ( GEOMETRIC_REPRESENTATION_CONTEXT(2) 
PARAMETRIC_REPRESENTATION_CONTEXT() REPRESENTATION_CONTEXT('2D SPACE',''
  ) );
#2771 = PCURVE('',#2409,#2772);
#2772 = DEFINITIONAL_REPRESENTATION('',(#2773),#2777);
#2773 = LINE('',#2774,#2775);
#2774 = CARTESIAN_POINT('',(0.,-140.));
#2775 = VECTOR('',#2776,1.);
#2776 = DIRECTION('',(1.,0.));
#2777 = ( GEOMETRIC_REPRESENTATION_CONTEXT(2) 
PARAMETRIC_REPRESENTATION_CONTEXT() REPRESENTATION_CONTEXT('2D SPACE',''
  ) );
#2778 = ORIENTED_EDGE('',*,*,#2779,.F.);
#2779 = EDGE_CURVE('',#2780,#2756,#2782,.T.);
#2780 = VERTEX_POINT('',#2781);
#2781 = CARTESIAN_POINT('',(-20.,0.,-17.));
#2782 = SURFACE_CURVE('',#2783,(#2787,#2793),.PCURVE_S1.);
#2783 = LINE('',#2784,#2785);
#2784 = CARTESIAN_POINT('',(-20.,0.,5.0085E+03));
#2785 = VECTOR('',#2786,1.);
#2786 = DIRECTION('',(0.,0.,1.));
#2787 = PCURVE('',#2126,#2788);
#2788 = DEFINITIONAL_REPRESENTATION('',(#2789),#2792);
#2789 = B_SPLINE_CURVE_WITH_KNOTS('',1,(#2790,#2791),.UNSPECIFIED.,.F.,
  .F.,(2,2),(-5.0255E+03,-4.9915E+03),.PIECEWISE_BEZIER_KNOTS.);
#2790 = CARTESIAN_POINT('',(1.0017E+04,9.96E+03));
#2791 = CARTESIAN_POINT('',(9.983E+03,9.96E+03));
#2792 = ( GEOMETRIC_REPRESENTATION_CONTEXT(2) 
PARAMETRIC_REPRESENTATION_CONTEXT() REPRESENTATION_CONTEXT('2D SPACE',''
  ) );
#2793 = PCURVE('',#2377,#2794);
#2794 = DEFINITIONAL_REPRESENTATION('',(#2795),#2798);
#2795 = B_SPLINE_CURVE_WITH_KNOTS('',1,(#2796,#2797),.UNSPECIFIED.,.F.,
  .F.,(2,2),(-5.0255E+03,-4.9915E+03),.PIECEWISE_BEZIER_KNOTS.);
#2796 = CARTESIAN_POINT('',(34.,-140.));
#2797 = CARTESIAN_POINT('',(0.,-140.));
#2798 = ( GEOMETRIC_REPRESENTATION_CONTEXT(2) 
PARAMETRIC_REPRESENTATION_CONTEXT() REPRESENTATION_CONTEXT('2D SPACE',''
  ) );
#2799 = ORIENTED_EDGE('',*,*,#2800,.T.);
#2800 = EDGE_CURVE('',#2780,#2801,#2803,.T.);
#2801 = VERTEX_POINT('',#2802);
#2802 = CARTESIAN_POINT('',(-17.,0.,-20.));
#2803 = SURFACE_CURVE('',#2804,(#2809,#2816),.PCURVE_S1.);
#2804 = CIRCLE('',#2805,3.);
#2805 = AXIS2_PLACEMENT_3D('',#2806,#2807,#2808);
#2806 = CARTESIAN_POINT('',(-17.,0.,-17.));
#2807 = DIRECTION('',(0.,-1.,0.));
#2808 = DIRECTION('',(-1.,0.,0.));
#2809 = PCURVE('',#2126,#2810);
#2810 = DEFINITIONAL_REPRESENTATION('',(#2811),#2815);
#2811 = CIRCLE('',#2812,3.);
#2812 = AXIS2_PLACEMENT_2D('',#2813,#2814);
#2813 = CARTESIAN_POINT('',(1.0017E+04,9.963E+03));
#2814 = DIRECTION('',(0.,-1.));
#2815 = ( GEOMETRIC_REPRESENTATION_CONTEXT(2) 
PARAMETRIC_REPRESENTATION_CONTEXT() REPRESENTATION_CONTEXT('2D SPACE',''
  ) );
#2816 = PCURVE('',#2350,#2817);
#2817 = DEFINITIONAL_REPRESENTATION('',(#2818),#2822);
#2818 = LINE('',#2819,#2820);
#2819 = CARTESIAN_POINT('',(0.,-140.));
#2820 = VECTOR('',#2821,1.);
#2821 = DIRECTION('',(1.,0.));
#2822 = ( GEOMETRIC_REPRESENTATION_CONTEXT(2) 
PARAMETRIC_REPRESENTATION_CONTEXT() REPRESENTATION_CONTEXT('2D SPACE',''
  ) );
#2823 = ORIENTED_EDGE('',*,*,#2824,.F.);
#2824 = EDGE_CURVE('',#2683,#2801,#2825,.T.);
#2825 = SURFACE_CURVE('',#2826,(#2830,#2836),.PCURVE_S1.);
#2826 = LINE('',#2827,#2828);
#2827 = CARTESIAN_POINT('',(-4.9985E+03,0.,-20.));
#2828 = VECTOR('',#2829,1.);
#2829 = DIRECTION('',(-1.,-0.,-0.));
#2830 = PCURVE('',#2126,#2831);
#2831 = DEFINITIONAL_REPRESENTATION('',(#2832),#2835);
#2832 = B_SPLINE_CURVE_WITH_KNOTS('',1,(#2833,#2834),.UNSPECIFIED.,.F.,
  .F.,(2,2),(-5.0155E+03,-4.9815E+03),.PIECEWISE_BEZIER_KNOTS.);
#2833 = CARTESIAN_POINT('',(1.002E+04,9.997E+03));
#2834 = CARTESIAN_POINT('',(1.002E+04,9.963E+03));
#2835 = ( GEOMETRIC_REPRESENTATION_CONTEXT(2) 
PARAMETRIC_REPRESENTATION_CONTEXT() REPRESENTATION_CONTEXT('2D SPACE',''
  ) );
#2836 = PCURVE('',#2318,#2837);
#2837 = DEFINITIONAL_REPRESENTATION('',(#2838),#2841);
#2838 = B_SPLINE_CURVE_WITH_KNOTS('',1,(#2839,#2840),.UNSPECIFIED.,.F.,
  .F.,(2,2),(-5.0155E+03,-4.9815E+03),.PIECEWISE_BEZIER_KNOTS.);
#2839 = CARTESIAN_POINT('',(34.,-140.));
#2840 = CARTESIAN_POINT('',(0.,-140.));
#2841 = ( GEOMETRIC_REPRESENTATION_CONTEXT(2) 
PARAMETRIC_REPRESENTATION_CONTEXT() REPRESENTATION_CONTEXT('2D SPACE',''
  ) );
#2842 = ORIENTED_EDGE('',*,*,#2682,.T.);
#2843 = FACE_BOUND('',#2844,.T.);
#2844 = EDGE_LOOP('',(#2845,#2871,#2892,#2916,#2937,#2961,#2982,#3006));
#2845 = ORIENTED_EDGE('',*,*,#2846,.F.);
#2846 = EDGE_CURVE('',#2847,#2849,#2851,.T.);
#2847 = VERTEX_POINT('',#2848);
#2848 = CARTESIAN_POINT('',(18.5,0.,17.));
#2849 = VERTEX_POINT('',#2850);
#2850 = CARTESIAN_POINT('',(17.,0.,18.5));
#2851 = SURFACE_CURVE('',#2852,(#2857,#2864),.PCURVE_S1.);
#2852 = CIRCLE('',#2853,1.5);
#2853 = AXIS2_PLACEMENT_3D('',#2854,#2855,#2856);
#2854 = CARTESIAN_POINT('',(17.,0.,17.));
#2855 = DIRECTION('',(0.,-1.,0.));
#2856 = DIRECTION('',(1.,0.,-4.736951571734E-15));
#2857 = PCURVE('',#2126,#2858);
#2858 = DEFINITIONAL_REPRESENTATION('',(#2859),#2863);
#2859 = CIRCLE('',#2860,1.5);
#2860 = AXIS2_PLACEMENT_2D('',#2861,#2862);
#2861 = CARTESIAN_POINT('',(9.983E+03,9.997E+03));
#2862 = DIRECTION('',(4.736951571734E-15,1.));
#2863 = ( GEOMETRIC_REPRESENTATION_CONTEXT(2) 
PARAMETRIC_REPRESENTATION_CONTEXT() REPRESENTATION_CONTEXT('2D SPACE',''
  ) );
#2864 = PCURVE('',#2492,#2865);
#2865 = DEFINITIONAL_REPRESENTATION('',(#2866),#2870);
#2866 = LINE('',#2867,#2868);
#2867 = CARTESIAN_POINT('',(0.,-140.));
#2868 = VECTOR('',#2869,1.);
#2869 = DIRECTION('',(1.,0.));
#2870 = ( GEOMETRIC_REPRESENTATION_CONTEXT(2) 
PARAMETRIC_REPRESENTATION_CONTEXT() REPRESENTATION_CONTEXT('2D SPACE',''
  ) );
#2871 = ORIENTED_EDGE('',*,*,#2872,.T.);
#2872 = EDGE_CURVE('',#2847,#2873,#2875,.T.);
#2873 = VERTEX_POINT('',#2874);
#2874 = CARTESIAN_POINT('',(18.5,0.,-17.));
#2875 = SURFACE_CURVE('',#2876,(#2880,#2886),.PCURVE_S1.);
#2876 = LINE('',#2877,#2878);
#2877 = CARTESIAN_POINT('',(18.5,0.,4.9915E+03));
#2878 = VECTOR('',#2879,1.);
#2879 = DIRECTION('',(0.,0.,-1.));
#2880 = PCURVE('',#2126,#2881);
#2881 = DEFINITIONAL_REPRESENTATION('',(#2882),#2885);
#2882 = B_SPLINE_CURVE_WITH_KNOTS('',1,(#2883,#2884),.UNSPECIFIED.,.F.,
  .F.,(2,2),(4.9745E+03,5.0085E+03),.PIECEWISE_BEZIER_KNOTS.);
#2883 = CARTESIAN_POINT('',(9.983E+03,9.9985E+03));
#2884 = CARTESIAN_POINT('',(1.0017E+04,9.9985E+03));
#2885 = ( GEOMETRIC_REPRESENTATION_CONTEXT(2) 
PARAMETRIC_REPRESENTATION_CONTEXT() REPRESENTATION_CONTEXT('2D SPACE',''
  ) );
#2886 = PCURVE('',#2460,#2887);
#2887 = DEFINITIONAL_REPRESENTATION('',(#2888),#2891);
#2888 = B_SPLINE_CURVE_WITH_KNOTS('',1,(#2889,#2890),.UNSPECIFIED.,.F.,
  .F.,(2,2),(4.9745E+03,5.0085E+03),.PIECEWISE_BEZIER_KNOTS.);
#2889 = CARTESIAN_POINT('',(34.,-140.));
#2890 = CARTESIAN_POINT('',(0.,-140.));
#2891 = ( GEOMETRIC_REPRESENTATION_CONTEXT(2) 
PARAMETRIC_REPRESENTATION_CONTEXT() REPRESENTATION_CONTEXT('2D SPACE',''
  ) );
#2892 = ORIENTED_EDGE('',*,*,#2893,.F.);
#2893 = EDGE_CURVE('',#2894,#2873,#2896,.T.);
#2894 = VERTEX_POINT('',#2895);
#2895 = CARTESIAN_POINT('',(17.,0.,-18.5));
#2896 = SURFACE_CURVE('',#2897,(#2902,#2909),.PCURVE_S1.);
#2897 = CIRCLE('',#2898,1.5);
#2898 = AXIS2_PLACEMENT_3D('',#2899,#2900,#2901);
#2899 = CARTESIAN_POINT('',(17.,0.,-17.));
#2900 = DIRECTION('',(0.,-1.,0.));
#2901 = DIRECTION('',(-4.736951571734E-15,-0.,-1.));
#2902 = PCURVE('',#2126,#2903);
#2903 = DEFINITIONAL_REPRESENTATION('',(#2904),#2908);
#2904 = CIRCLE('',#2905,1.5);
#2905 = AXIS2_PLACEMENT_2D('',#2906,#2907);
#2906 = CARTESIAN_POINT('',(1.0017E+04,9.997E+03));
#2907 = DIRECTION('',(1.,-4.736951571734E-15));
#2908 = ( GEOMETRIC_REPRESENTATION_CONTEXT(2) 
PARAMETRIC_REPRESENTATION_CONTEXT() REPRESENTATION_CONTEXT('2D SPACE',''
  ) );
#2909 = PCURVE('',#2667,#2910);
#2910 = DEFINITIONAL_REPRESENTATION('',(#2911),#2915);
#2911 = LINE('',#2912,#2913);
#2912 = CARTESIAN_POINT('',(0.,-140.));
#2913 = VECTOR('',#2914,1.);
#2914 = DIRECTION('',(1.,0.));
#2915 = ( GEOMETRIC_REPRESENTATION_CONTEXT(2) 
PARAMETRIC_REPRESENTATION_CONTEXT() REPRESENTATION_CONTEXT('2D SPACE',''
  ) );
#2916 = ORIENTED_EDGE('',*,*,#2917,.T.);
#2917 = EDGE_CURVE('',#2894,#2918,#2920,.T.);
#2918 = VERTEX_POINT('',#2919);
#2919 = CARTESIAN_POINT('',(-17.,0.,-18.5));
#2920 = SURFACE_CURVE('',#2921,(#2925,#2931),.PCURVE_S1.);
#2921 = LINE('',#2922,#2923);
#2922 = CARTESIAN_POINT('',(-4.9985E+03,0.,-18.5));
#2923 = VECTOR('',#2924,1.);
#2924 = DIRECTION('',(-1.,-0.,-0.));
#2925 = PCURVE('',#2126,#2926);
#2926 = DEFINITIONAL_REPRESENTATION('',(#2927),#2930);
#2927 = B_SPLINE_CURVE_WITH_KNOTS('',1,(#2928,#2929),.UNSPECIFIED.,.F.,
  .F.,(2,2),(-5.0155E+03,-4.9815E+03),.PIECEWISE_BEZIER_KNOTS.);
#2928 = CARTESIAN_POINT('',(1.00185E+04,9.997E+03));
#2929 = CARTESIAN_POINT('',(1.00185E+04,9.963E+03));
#2930 = ( GEOMETRIC_REPRESENTATION_CONTEXT(2) 
PARAMETRIC_REPRESENTATION_CONTEXT() REPRESENTATION_CONTEXT('2D SPACE',''
  ) );
#2931 = PCURVE('',#2637,#2932);
#2932 = DEFINITIONAL_REPRESENTATION('',(#2933),#2936);
#2933 = B_SPLINE_CURVE_WITH_KNOTS('',1,(#2934,#2935),.UNSPECIFIED.,.F.,
  .F.,(2,2),(-5.0155E+03,-4.9815E+03),.PIECEWISE_BEZIER_KNOTS.);
#2934 = CARTESIAN_POINT('',(34.,-140.));
#2935 = CARTESIAN_POINT('',(0.,-140.));
#2936 = ( GEOMETRIC_REPRESENTATION_CONTEXT(2) 
PARAMETRIC_REPRESENTATION_CONTEXT() REPRESENTATION_CONTEXT('2D SPACE',''
  ) );
#2937 = ORIENTED_EDGE('',*,*,#2938,.F.);
#2938 = EDGE_CURVE('',#2939,#2918,#2941,.T.);
#2939 = VERTEX_POINT('',#2940);
#2940 = CARTESIAN_POINT('',(-18.5,0.,-17.));
#2941 = SURFACE_CURVE('',#2942,(#2947,#2954),.PCURVE_S1.);
#2942 = CIRCLE('',#2943,1.5);
#2943 = AXIS2_PLACEMENT_3D('',#2944,#2945,#2946);
#2944 = CARTESIAN_POINT('',(-17.,0.,-17.));
#2945 = DIRECTION('',(0.,-1.,0.));
#2946 = DIRECTION('',(-1.,0.,4.736951571734E-15));
#2947 = PCURVE('',#2126,#2948);
#2948 = DEFINITIONAL_REPRESENTATION('',(#2949),#2953);
#2949 = CIRCLE('',#2950,1.5);
#2950 = AXIS2_PLACEMENT_2D('',#2951,#2952);
#2951 = CARTESIAN_POINT('',(1.0017E+04,9.963E+03));
#2952 = DIRECTION('',(-4.736951571734E-15,-1.));
#2953 = ( GEOMETRIC_REPRESENTATION_CONTEXT(2) 
PARAMETRIC_REPRESENTATION_CONTEXT() REPRESENTATION_CONTEXT('2D SPACE',''
  ) );
#2954 = PCURVE('',#2610,#2955);
#2955 = DEFINITIONAL_REPRESENTATION('',(#2956),#2960);
#2956 = LINE('',#2957,#2958);
#2957 = CARTESIAN_POINT('',(0.,-140.));
#2958 = VECTOR('',#2959,1.);
#2959 = DIRECTION('',(1.,0.));
#2960 = ( GEOMETRIC_REPRESENTATION_CONTEXT(2) 
PARAMETRIC_REPRESENTATION_CONTEXT() REPRESENTATION_CONTEXT('2D SPACE',''
  ) );
#2961 = ORIENTED_EDGE('',*,*,#2962,.T.);
#2962 = EDGE_CURVE('',#2939,#2963,#2965,.T.);
#2963 = VERTEX_POINT('',#2964);
#2964 = CARTESIAN_POINT('',(-18.5,0.,17.));
#2965 = SURFACE_CURVE('',#2966,(#2970,#2976),.PCURVE_S1.);
#2966 = LINE('',#2967,#2968);
#2967 = CARTESIAN_POINT('',(-18.5,0.,5.0085E+03));
#2968 = VECTOR('',#2969,1.);
#2969 = DIRECTION('',(0.,0.,1.));
#2970 = PCURVE('',#2126,#2971);
#2971 = DEFINITIONAL_REPRESENTATION('',(#2972),#2975);
#2972 = B_SPLINE_CURVE_WITH_KNOTS('',1,(#2973,#2974),.UNSPECIFIED.,.F.,
  .F.,(2,2),(-5.0255E+03,-4.9915E+03),.PIECEWISE_BEZIER_KNOTS.);
#2973 = CARTESIAN_POINT('',(1.0017E+04,9.9615E+03));
#2974 = CARTESIAN_POINT('',(9.983E+03,9.9615E+03));
#2975 = ( GEOMETRIC_REPRESENTATION_CONTEXT(2) 
PARAMETRIC_REPRESENTATION_CONTEXT() REPRESENTATION_CONTEXT('2D SPACE',''
  ) );
#2976 = PCURVE('',#2578,#2977);
#2977 = DEFINITIONAL_REPRESENTATION('',(#2978),#2981);
#2978 = B_SPLINE_CURVE_WITH_KNOTS('',1,(#2979,#2980),.UNSPECIFIED.,.F.,
  .F.,(2,2),(-5.0255E+03,-4.9915E+03),.PIECEWISE_BEZIER_KNOTS.);
#2979 = CARTESIAN_POINT('',(34.,-140.));
#2980 = CARTESIAN_POINT('',(0.,-140.));
#2981 = ( GEOMETRIC_REPRESENTATION_CONTEXT(2) 
PARAMETRIC_REPRESENTATION_CONTEXT() REPRESENTATION_CONTEXT('2D SPACE',''
  ) );
#2982 = ORIENTED_EDGE('',*,*,#2983,.F.);
#2983 = EDGE_CURVE('',#2984,#2963,#2986,.T.);
#2984 = VERTEX_POINT('',#2985);
#2985 = CARTESIAN_POINT('',(-17.,0.,18.5));
#2986 = SURFACE_CURVE('',#2987,(#2992,#2999),.PCURVE_S1.);
#2987 = CIRCLE('',#2988,1.5);
#2988 = AXIS2_PLACEMENT_3D('',#2989,#2990,#2991);
#2989 = CARTESIAN_POINT('',(-17.,0.,17.));
#2990 = DIRECTION('',(0.,-1.,0.));
#2991 = DIRECTION('',(4.736951571734E-15,0.,1.));
#2992 = PCURVE('',#2126,#2993);
#2993 = DEFINITIONAL_REPRESENTATION('',(#2994),#2998);
#2994 = CIRCLE('',#2995,1.5);
#2995 = AXIS2_PLACEMENT_2D('',#2996,#2997);
#2996 = CARTESIAN_POINT('',(9.983E+03,9.963E+03));
#2997 = DIRECTION('',(-1.,4.736951571734E-15));
#2998 = ( GEOMETRIC_REPRESENTATION_CONTEXT(2) 
PARAMETRIC_REPRESENTATION_CONTEXT() REPRESENTATION_CONTEXT('2D SPACE',''
  ) );
#2999 = PCURVE('',#2551,#3000);
#3000 = DEFINITIONAL_REPRESENTATION('',(#3001),#3005);
#3001 = LINE('',#3002,#3003);
#3002 = CARTESIAN_POINT('',(0.,-140.));
#3003 = VECTOR('',#3004,1.);
#3004 = DIRECTION('',(1.,0.));
#3005 = ( GEOMETRIC_REPRESENTATION_CONTEXT(2) 
PARAMETRIC_REPRESENTATION_CONTEXT() REPRESENTATION_CONTEXT('2D SPACE',''
  ) );
#3006 = ORIENTED_EDGE('',*,*,#3007,.T.);
#3007 = EDGE_CURVE('',#2984,#2849,#3008,.T.);
#3008 = SURFACE_CURVE('',#3009,(#3013,#3019),.PCURVE_S1.);
#3009 = LINE('',#3010,#3011);
#3010 = CARTESIAN_POINT('',(-4.9815E+03,0.,18.5));
#3011 = VECTOR('',#3012,1.);
#3012 = DIRECTION('',(1.,0.,0.));
#3013 = PCURVE('',#2126,#3014);
#3014 = DEFINITIONAL_REPRESENTATION('',(#3015),#3018);
#3015 = B_SPLINE_CURVE_WITH_KNOTS('',1,(#3016,#3017),.UNSPECIFIED.,.F.,
  .F.,(2,2),(4.9645E+03,4.9985E+03),.PIECEWISE_BEZIER_KNOTS.);
#3016 = CARTESIAN_POINT('',(9.9815E+03,9.963E+03));
#3017 = CARTESIAN_POINT('',(9.9815E+03,9.997E+03));
#3018 = ( GEOMETRIC_REPRESENTATION_CONTEXT(2) 
PARAMETRIC_REPRESENTATION_CONTEXT() REPRESENTATION_CONTEXT('2D SPACE',''
  ) );
#3019 = PCURVE('',#2519,#3020);
#3020 = DEFINITIONAL_REPRESENTATION('',(#3021),#3024);
#3021 = B_SPLINE_CURVE_WITH_KNOTS('',1,(#3022,#3023),.UNSPECIFIED.,.F.,
  .F.,(2,2),(4.9645E+03,4.9985E+03),.PIECEWISE_BEZIER_KNOTS.);
#3022 = CARTESIAN_POINT('',(34.,-140.));
#3023 = CARTESIAN_POINT('',(0.,-140.));
#3024 = ( GEOMETRIC_REPRESENTATION_CONTEXT(2) 
PARAMETRIC_REPRESENTATION_CONTEXT() REPRESENTATION_CONTEXT('2D SPACE',''
  ) );
#3025 = ADVANCED_FACE('',(#3026),#2259,.T.);
#3026 = FACE_BOUND('',#3027,.T.);
#3027 = EDGE_LOOP('',(#3028,#3049,#3050,#3051));
#3028 = ORIENTED_EDGE('',*,*,#3029,.F.);
#3029 = EDGE_CURVE('',#2735,#2389,#3030,.T.);
#3030 = SURFACE_CURVE('',#3031,(#3035,#3042),.PCURVE_S1.);
#3031 = LINE('',#3032,#3033);
#3032 = CARTESIAN_POINT('',(-17.,-140.,20.));
#3033 = VECTOR('',#3034,1.);
#3034 = DIRECTION('',(0.,1.,0.));
#3035 = PCURVE('',#2259,#3036);
#3036 = DEFINITIONAL_REPRESENTATION('',(#3037),#3041);
#3037 = LINE('',#3038,#3039);
#3038 = CARTESIAN_POINT('',(34.,0.));
#3039 = VECTOR('',#3040,1.);
#3040 = DIRECTION('',(0.,-1.));
#3041 = ( GEOMETRIC_REPRESENTATION_CONTEXT(2) 
PARAMETRIC_REPRESENTATION_CONTEXT() REPRESENTATION_CONTEXT('2D SPACE',''
  ) );
#3042 = PCURVE('',#2409,#3043);
#3043 = DEFINITIONAL_REPRESENTATION('',(#3044),#3048);
#3044 = LINE('',#3045,#3046);
#3045 = CARTESIAN_POINT('',(0.,0.));
#3046 = VECTOR('',#3047,1.);
#3047 = DIRECTION('',(0.,-1.));
#3048 = ( GEOMETRIC_REPRESENTATION_CONTEXT(2) 
PARAMETRIC_REPRESENTATION_CONTEXT() REPRESENTATION_CONTEXT('2D SPACE',''
  ) );
#3049 = ORIENTED_EDGE('',*,*,#2734,.T.);
#3050 = ORIENTED_EDGE('',*,*,#2245,.T.);
#3051 = ORIENTED_EDGE('',*,*,#2421,.T.);
#3052 = ADVANCED_FACE('',(#3053),#2409,.T.);
#3053 = FACE_BOUND('',#3054,.T.);
#3054 = EDGE_LOOP('',(#3055,#3056,#3057,#3058));
#3055 = ORIENTED_EDGE('',*,*,#2755,.F.);
#3056 = ORIENTED_EDGE('',*,*,#3029,.T.);
#3057 = ORIENTED_EDGE('',*,*,#2388,.T.);
#3058 = ORIENTED_EDGE('',*,*,#3059,.F.);
#3059 = EDGE_CURVE('',#2756,#2363,#3060,.T.);
#3060 = SURFACE_CURVE('',#3061,(#3065,#3072),.PCURVE_S1.);
#3061 = LINE('',#3062,#3063);
#3062 = CARTESIAN_POINT('',(-20.,-140.,17.));
#3063 = VECTOR('',#3064,1.);
#3064 = DIRECTION('',(0.,1.,0.));
#3065 = PCURVE('',#2409,#3066);
#3066 = DEFINITIONAL_REPRESENTATION('',(#3067),#3071);
#3067 = LINE('',#3068,#3069);
#3068 = CARTESIAN_POINT('',(1.570796326795,0.));
#3069 = VECTOR('',#3070,1.);
#3070 = DIRECTION('',(0.,-1.));
#3071 = ( GEOMETRIC_REPRESENTATION_CONTEXT(2) 
PARAMETRIC_REPRESENTATION_CONTEXT() REPRESENTATION_CONTEXT('2D SPACE',''
  ) );
#3072 = PCURVE('',#2377,#3073);
#3073 = DEFINITIONAL_REPRESENTATION('',(#3074),#3078);
#3074 = LINE('',#3075,#3076);
#3075 = CARTESIAN_POINT('',(0.,-0.));
#3076 = VECTOR('',#3077,1.);
#3077 = DIRECTION('',(0.,-1.));
#3078 = ( GEOMETRIC_REPRESENTATION_CONTEXT(2) 
PARAMETRIC_REPRESENTATION_CONTEXT() REPRESENTATION_CONTEXT('2D SPACE',''
  ) );
#3079 = ADVANCED_FACE('',(#3080),#2377,.T.);
#3080 = FACE_BOUND('',#3081,.T.);
#3081 = EDGE_LOOP('',(#3082,#3103,#3104,#3105));
#3082 = ORIENTED_EDGE('',*,*,#3083,.F.);
#3083 = EDGE_CURVE('',#2780,#2330,#3084,.T.);
#3084 = SURFACE_CURVE('',#3085,(#3089,#3096),.PCURVE_S1.);
#3085 = LINE('',#3086,#3087);
#3086 = CARTESIAN_POINT('',(-20.,-140.,-17.));
#3087 = VECTOR('',#3088,1.);
#3088 = DIRECTION('',(0.,1.,0.));
#3089 = PCURVE('',#2377,#3090);
#3090 = DEFINITIONAL_REPRESENTATION('',(#3091),#3095);
#3091 = LINE('',#3092,#3093);
#3092 = CARTESIAN_POINT('',(34.,0.));
#3093 = VECTOR('',#3094,1.);
#3094 = DIRECTION('',(0.,-1.));
#3095 = ( GEOMETRIC_REPRESENTATION_CONTEXT(2) 
PARAMETRIC_REPRESENTATION_CONTEXT() REPRESENTATION_CONTEXT('2D SPACE',''
  ) );
#3096 = PCURVE('',#2350,#3097);
#3097 = DEFINITIONAL_REPRESENTATION('',(#3098),#3102);
#3098 = LINE('',#3099,#3100);
#3099 = CARTESIAN_POINT('',(0.,0.));
#3100 = VECTOR('',#3101,1.);
#3101 = DIRECTION('',(0.,-1.));
#3102 = ( GEOMETRIC_REPRESENTATION_CONTEXT(2) 
PARAMETRIC_REPRESENTATION_CONTEXT() REPRESENTATION_CONTEXT('2D SPACE',''
  ) );
#3103 = ORIENTED_EDGE('',*,*,#2779,.T.);
#3104 = ORIENTED_EDGE('',*,*,#3059,.T.);
#3105 = ORIENTED_EDGE('',*,*,#2362,.T.);
#3106 = ADVANCED_FACE('',(#3107),#2350,.T.);
#3107 = FACE_BOUND('',#3108,.T.);
#3108 = EDGE_LOOP('',(#3109,#3110,#3111,#3112));
#3109 = ORIENTED_EDGE('',*,*,#2800,.F.);
#3110 = ORIENTED_EDGE('',*,*,#3083,.T.);
#3111 = ORIENTED_EDGE('',*,*,#2329,.T.);
#3112 = ORIENTED_EDGE('',*,*,#3113,.F.);
#3113 = EDGE_CURVE('',#2801,#2304,#3114,.T.);
#3114 = SURFACE_CURVE('',#3115,(#3119,#3126),.PCURVE_S1.);
#3115 = LINE('',#3116,#3117);
#3116 = CARTESIAN_POINT('',(-17.,-140.,-20.));
#3117 = VECTOR('',#3118,1.);
#3118 = DIRECTION('',(0.,1.,0.));
#3119 = PCURVE('',#2350,#3120);
#3120 = DEFINITIONAL_REPRESENTATION('',(#3121),#3125);
#3121 = LINE('',#3122,#3123);
#3122 = CARTESIAN_POINT('',(1.570796326795,0.));
#3123 = VECTOR('',#3124,1.);
#3124 = DIRECTION('',(0.,-1.));
#3125 = ( GEOMETRIC_REPRESENTATION_CONTEXT(2) 
PARAMETRIC_REPRESENTATION_CONTEXT() REPRESENTATION_CONTEXT('2D SPACE',''
  ) );
#3126 = PCURVE('',#2318,#3127);
#3127 = DEFINITIONAL_REPRESENTATION('',(#3128),#3132);
#3128 = LINE('',#3129,#3130);
#3129 = CARTESIAN_POINT('',(0.,0.));
#3130 = VECTOR('',#3131,1.);
#3131 = DIRECTION('',(0.,-1.));
#3132 = ( GEOMETRIC_REPRESENTATION_CONTEXT(2) 
PARAMETRIC_REPRESENTATION_CONTEXT() REPRESENTATION_CONTEXT('2D SPACE',''
  ) );
#3133 = ADVANCED_FACE('',(#3134),#2318,.T.);
#3134 = FACE_BOUND('',#3135,.T.);
#3135 = EDGE_LOOP('',(#3136,#3137,#3138,#3139));
#3136 = ORIENTED_EDGE('',*,*,#2706,.F.);
#3137 = ORIENTED_EDGE('',*,*,#2824,.T.);
#3138 = ORIENTED_EDGE('',*,*,#3113,.T.);
#3139 = ORIENTED_EDGE('',*,*,#2303,.T.);
#3140 = ADVANCED_FACE('',(#3141),#2460,.F.);
#3141 = FACE_BOUND('',#3142,.F.);
#3142 = EDGE_LOOP('',(#3143,#3164,#3165,#3186));
#3143 = ORIENTED_EDGE('',*,*,#3144,.F.);
#3144 = EDGE_CURVE('',#2847,#2446,#3145,.T.);
#3145 = SURFACE_CURVE('',#3146,(#3150,#3157),.PCURVE_S1.);
#3146 = LINE('',#3147,#3148);
#3147 = CARTESIAN_POINT('',(18.5,-140.,17.));
#3148 = VECTOR('',#3149,1.);
#3149 = DIRECTION('',(0.,1.,0.));
#3150 = PCURVE('',#2460,#3151);
#3151 = DEFINITIONAL_REPRESENTATION('',(#3152),#3156);
#3152 = LINE('',#3153,#3154);
#3153 = CARTESIAN_POINT('',(34.,0.));
#3154 = VECTOR('',#3155,1.);
#3155 = DIRECTION('',(0.,-1.));
#3156 = ( GEOMETRIC_REPRESENTATION_CONTEXT(2) 
PARAMETRIC_REPRESENTATION_CONTEXT() REPRESENTATION_CONTEXT('2D SPACE',''
  ) );
#3157 = PCURVE('',#2492,#3158);
#3158 = DEFINITIONAL_REPRESENTATION('',(#3159),#3163);
#3159 = LINE('',#3160,#3161);
#3160 = CARTESIAN_POINT('',(0.,0.));
#3161 = VECTOR('',#3162,1.);
#3162 = DIRECTION('',(0.,-1.));
#3163 = ( GEOMETRIC_REPRESENTATION_CONTEXT(2) 
PARAMETRIC_REPRESENTATION_CONTEXT() REPRESENTATION_CONTEXT('2D SPACE',''
  ) );
#3164 = ORIENTED_EDGE('',*,*,#2872,.T.);
#3165 = ORIENTED_EDGE('',*,*,#3166,.T.);
#3166 = EDGE_CURVE('',#2873,#2444,#3167,.T.);
#3167 = SURFACE_CURVE('',#3168,(#3172,#3179),.PCURVE_S1.);
#3168 = LINE('',#3169,#3170);
#3169 = CARTESIAN_POINT('',(18.5,-140.,-17.));
#3170 = VECTOR('',#3171,1.);
#3171 = DIRECTION('',(0.,1.,0.));
#3172 = PCURVE('',#2460,#3173);
#3173 = DEFINITIONAL_REPRESENTATION('',(#3174),#3178);
#3174 = LINE('',#3175,#3176);
#3175 = CARTESIAN_POINT('',(0.,0.));
#3176 = VECTOR('',#3177,1.);
#3177 = DIRECTION('',(0.,-1.));
#3178 = ( GEOMETRIC_REPRESENTATION_CONTEXT(2) 
PARAMETRIC_REPRESENTATION_CONTEXT() REPRESENTATION_CONTEXT('2D SPACE',''
  ) );
#3179 = PCURVE('',#2667,#3180);
#3180 = DEFINITIONAL_REPRESENTATION('',(#3181),#3185);
#3181 = LINE('',#3182,#3183);
#3182 = CARTESIAN_POINT('',(1.570796326795,0.));
#3183 = VECTOR('',#3184,1.);
#3184 = DIRECTION('',(0.,-1.));
#3185 = ( GEOMETRIC_REPRESENTATION_CONTEXT(2) 
PARAMETRIC_REPRESENTATION_CONTEXT() REPRESENTATION_CONTEXT('2D SPACE',''
  ) );
#3186 = ORIENTED_EDGE('',*,*,#2443,.T.);
#3187 = ADVANCED_FACE('',(#3188),#2667,.F.);
#3188 = FACE_BOUND('',#3189,.F.);
#3189 = EDGE_LOOP('',(#3190,#3191,#3212,#3213));
#3190 = ORIENTED_EDGE('',*,*,#2893,.F.);
#3191 = ORIENTED_EDGE('',*,*,#3192,.T.);
#3192 = EDGE_CURVE('',#2894,#2623,#3193,.T.);
#3193 = SURFACE_CURVE('',#3194,(#3198,#3205),.PCURVE_S1.);
#3194 = LINE('',#3195,#3196);
#3195 = CARTESIAN_POINT('',(17.,-140.,-18.5));
#3196 = VECTOR('',#3197,1.);
#3197 = DIRECTION('',(0.,1.,0.));
#3198 = PCURVE('',#2667,#3199);
#3199 = DEFINITIONAL_REPRESENTATION('',(#3200),#3204);
#3200 = LINE('',#3201,#3202);
#3201 = CARTESIAN_POINT('',(0.,0.));
#3202 = VECTOR('',#3203,1.);
#3203 = DIRECTION('',(0.,-1.));
#3204 = ( GEOMETRIC_REPRESENTATION_CONTEXT(2) 
PARAMETRIC_REPRESENTATION_CONTEXT() REPRESENTATION_CONTEXT('2D SPACE',''
  ) );
#3205 = PCURVE('',#2637,#3206);
#3206 = DEFINITIONAL_REPRESENTATION('',(#3207),#3211);
#3207 = LINE('',#3208,#3209);
#3208 = CARTESIAN_POINT('',(34.,0.));
#3209 = VECTOR('',#3210,1.);
#3210 = DIRECTION('',(0.,-1.));
#3211 = ( GEOMETRIC_REPRESENTATION_CONTEXT(2) 
PARAMETRIC_REPRESENTATION_CONTEXT() REPRESENTATION_CONTEXT('2D SPACE',''
  ) );
#3212 = ORIENTED_EDGE('',*,*,#2648,.T.);
#3213 = ORIENTED_EDGE('',*,*,#3166,.F.);
#3214 = ADVANCED_FACE('',(#3215),#2637,.F.);
#3215 = FACE_BOUND('',#3216,.F.);
#3216 = EDGE_LOOP('',(#3217,#3218,#3219,#3240));
#3217 = ORIENTED_EDGE('',*,*,#3192,.F.);
#3218 = ORIENTED_EDGE('',*,*,#2917,.T.);
#3219 = ORIENTED_EDGE('',*,*,#3220,.T.);
#3220 = EDGE_CURVE('',#2918,#2590,#3221,.T.);
#3221 = SURFACE_CURVE('',#3222,(#3226,#3233),.PCURVE_S1.);
#3222 = LINE('',#3223,#3224);
#3223 = CARTESIAN_POINT('',(-17.,-140.,-18.5));
#3224 = VECTOR('',#3225,1.);
#3225 = DIRECTION('',(0.,1.,0.));
#3226 = PCURVE('',#2637,#3227);
#3227 = DEFINITIONAL_REPRESENTATION('',(#3228),#3232);
#3228 = LINE('',#3229,#3230);
#3229 = CARTESIAN_POINT('',(0.,0.));
#3230 = VECTOR('',#3231,1.);
#3231 = DIRECTION('',(0.,-1.));
#3232 = ( GEOMETRIC_REPRESENTATION_CONTEXT(2) 
PARAMETRIC_REPRESENTATION_CONTEXT() REPRESENTATION_CONTEXT('2D SPACE',''
  ) );
#3233 = PCURVE('',#2610,#3234);
#3234 = DEFINITIONAL_REPRESENTATION('',(#3235),#3239);
#3235 = LINE('',#3236,#3237);
#3236 = CARTESIAN_POINT('',(1.570796326795,0.));
#3237 = VECTOR('',#3238,1.);
#3238 = DIRECTION('',(0.,-1.));
#3239 = ( GEOMETRIC_REPRESENTATION_CONTEXT(2) 
PARAMETRIC_REPRESENTATION_CONTEXT() REPRESENTATION_CONTEXT('2D SPACE',''
  ) );
#3240 = ORIENTED_EDGE('',*,*,#2622,.T.);
#3241 = ADVANCED_FACE('',(#3242),#2610,.F.);
#3242 = FACE_BOUND('',#3243,.F.);
#3243 = EDGE_LOOP('',(#3244,#3245,#3266,#3267));
#3244 = ORIENTED_EDGE('',*,*,#2938,.F.);
#3245 = ORIENTED_EDGE('',*,*,#3246,.T.);
#3246 = EDGE_CURVE('',#2939,#2564,#3247,.T.);
#3247 = SURFACE_CURVE('',#3248,(#3252,#3259),.PCURVE_S1.);
#3248 = LINE('',#3249,#3250);
#3249 = CARTESIAN_POINT('',(-18.5,-140.,-17.));
#3250 = VECTOR('',#3251,1.);
#3251 = DIRECTION('',(0.,1.,0.));
#3252 = PCURVE('',#2610,#3253);
#3253 = DEFINITIONAL_REPRESENTATION('',(#3254),#3258);
#3254 = LINE('',#3255,#3256);
#3255 = CARTESIAN_POINT('',(0.,0.));
#3256 = VECTOR('',#3257,1.);
#3257 = DIRECTION('',(0.,-1.));
#3258 = ( GEOMETRIC_REPRESENTATION_CONTEXT(2) 
PARAMETRIC_REPRESENTATION_CONTEXT() REPRESENTATION_CONTEXT('2D SPACE',''
  ) );
#3259 = PCURVE('',#2578,#3260);
#3260 = DEFINITIONAL_REPRESENTATION('',(#3261),#3265);
#3261 = LINE('',#3262,#3263);
#3262 = CARTESIAN_POINT('',(34.,0.));
#3263 = VECTOR('',#3264,1.);
#3264 = DIRECTION('',(0.,-1.));
#3265 = ( GEOMETRIC_REPRESENTATION_CONTEXT(2) 
PARAMETRIC_REPRESENTATION_CONTEXT() REPRESENTATION_CONTEXT('2D SPACE',''
  ) );
#3266 = ORIENTED_EDGE('',*,*,#2589,.T.);
#3267 = ORIENTED_EDGE('',*,*,#3220,.F.);
#3268 = ADVANCED_FACE('',(#3269),#2578,.F.);
#3269 = FACE_BOUND('',#3270,.F.);
#3270 = EDGE_LOOP('',(#3271,#3272,#3273,#3294));
#3271 = ORIENTED_EDGE('',*,*,#3246,.F.);
#3272 = ORIENTED_EDGE('',*,*,#2962,.T.);
#3273 = ORIENTED_EDGE('',*,*,#3274,.T.);
#3274 = EDGE_CURVE('',#2963,#2531,#3275,.T.);
#3275 = SURFACE_CURVE('',#3276,(#3280,#3287),.PCURVE_S1.);
#3276 = LINE('',#3277,#3278);
#3277 = CARTESIAN_POINT('',(-18.5,-140.,17.));
#3278 = VECTOR('',#3279,1.);
#3279 = DIRECTION('',(0.,1.,0.));
#3280 = PCURVE('',#2578,#3281);
#3281 = DEFINITIONAL_REPRESENTATION('',(#3282),#3286);
#3282 = LINE('',#3283,#3284);
#3283 = CARTESIAN_POINT('',(0.,-0.));
#3284 = VECTOR('',#3285,1.);
#3285 = DIRECTION('',(0.,-1.));
#3286 = ( GEOMETRIC_REPRESENTATION_CONTEXT(2) 
PARAMETRIC_REPRESENTATION_CONTEXT() REPRESENTATION_CONTEXT('2D SPACE',''
  ) );
#3287 = PCURVE('',#2551,#3288);
#3288 = DEFINITIONAL_REPRESENTATION('',(#3289),#3293);
#3289 = LINE('',#3290,#3291);
#3290 = CARTESIAN_POINT('',(1.570796326795,0.));
#3291 = VECTOR('',#3292,1.);
#3292 = DIRECTION('',(0.,-1.));
#3293 = ( GEOMETRIC_REPRESENTATION_CONTEXT(2) 
PARAMETRIC_REPRESENTATION_CONTEXT() REPRESENTATION_CONTEXT('2D SPACE',''
  ) );
#3294 = ORIENTED_EDGE('',*,*,#2563,.T.);
#3295 = ADVANCED_FACE('',(#3296),#2551,.F.);
#3296 = FACE_BOUND('',#3297,.F.);
#3297 = EDGE_LOOP('',(#3298,#3299,#3320,#3321));
#3298 = ORIENTED_EDGE('',*,*,#2983,.F.);
#3299 = ORIENTED_EDGE('',*,*,#3300,.T.);
#3300 = EDGE_CURVE('',#2984,#2505,#3301,.T.);
#3301 = SURFACE_CURVE('',#3302,(#3306,#3313),.PCURVE_S1.);
#3302 = LINE('',#3303,#3304);
#3303 = CARTESIAN_POINT('',(-17.,-140.,18.5));
#3304 = VECTOR('',#3305,1.);
#3305 = DIRECTION('',(0.,1.,0.));
#3306 = PCURVE('',#2551,#3307);
#3307 = DEFINITIONAL_REPRESENTATION('',(#3308),#3312);
#3308 = LINE('',#3309,#3310);
#3309 = CARTESIAN_POINT('',(0.,0.));
#3310 = VECTOR('',#3311,1.);
#3311 = DIRECTION('',(0.,-1.));
#3312 = ( GEOMETRIC_REPRESENTATION_CONTEXT(2) 
PARAMETRIC_REPRESENTATION_CONTEXT() REPRESENTATION_CONTEXT('2D SPACE',''
  ) );
#3313 = PCURVE('',#2519,#3314);
#3314 = DEFINITIONAL_REPRESENTATION('',(#3315),#3319);
#3315 = LINE('',#3316,#3317);
#3316 = CARTESIAN_POINT('',(34.,0.));
#3317 = VECTOR('',#3318,1.);
#3318 = DIRECTION('',(0.,-1.));
#3319 = ( GEOMETRIC_REPRESENTATION_CONTEXT(2) 
PARAMETRIC_REPRESENTATION_CONTEXT() REPRESENTATION_CONTEXT('2D SPACE',''
  ) );
#3320 = ORIENTED_EDGE('',*,*,#2530,.T.);
#3321 = ORIENTED_EDGE('',*,*,#3274,.F.);
#3322 = ADVANCED_FACE('',(#3323),#2519,.F.);
#3323 = FACE_BOUND('',#3324,.F.);
#3324 = EDGE_LOOP('',(#3325,#3326,#3327,#3348));
#3325 = ORIENTED_EDGE('',*,*,#3300,.F.);
#3326 = ORIENTED_EDGE('',*,*,#3007,.T.);
#3327 = ORIENTED_EDGE('',*,*,#3328,.T.);
#3328 = EDGE_CURVE('',#2849,#2472,#3329,.T.);
#3329 = SURFACE_CURVE('',#3330,(#3334,#3341),.PCURVE_S1.);
#3330 = LINE('',#3331,#3332);
#3331 = CARTESIAN_POINT('',(17.,-140.,18.5));
#3332 = VECTOR('',#3333,1.);
#3333 = DIRECTION('',(0.,1.,0.));
#3334 = PCURVE('',#2519,#3335);
#3335 = DEFINITIONAL_REPRESENTATION('',(#3336),#3340);
#3336 = LINE('',#3337,#3338);
#3337 = CARTESIAN_POINT('',(0.,0.));
#3338 = VECTOR('',#3339,1.);
#3339 = DIRECTION('',(0.,-1.));
#3340 = ( GEOMETRIC_REPRESENTATION_CONTEXT(2) 
PARAMETRIC_REPRESENTATION_CONTEXT() REPRESENTATION_CONTEXT('2D SPACE',''
  ) );
#3341 = PCURVE('',#2492,#3342);
#3342 = DEFINITIONAL_REPRESENTATION('',(#3343),#3347);
#3343 = LINE('',#3344,#3345);
#3344 = CARTESIAN_POINT('',(1.570796326795,0.));
#3345 = VECTOR('',#3346,1.);
#3346 = DIRECTION('',(0.,-1.));
#3347 = ( GEOMETRIC_REPRESENTATION_CONTEXT(2) 
PARAMETRIC_REPRESENTATION_CONTEXT() REPRESENTATION_CONTEXT('2D SPACE',''
  ) );
#3348 = ORIENTED_EDGE('',*,*,#2504,.T.);
#3349 = ADVANCED_FACE('',(#3350),#2492,.F.);
#3350 = FACE_BOUND('',#3351,.F.);
#3351 = EDGE_LOOP('',(#3352,#3353,#3354,#3355));
#3352 = ORIENTED_EDGE('',*,*,#2846,.F.);
#3353 = ORIENTED_EDGE('',*,*,#3144,.T.);
#3354 = ORIENTED_EDGE('',*,*,#2471,.T.);
#3355 = ORIENTED_EDGE('',*,*,#3328,.F.);
#3356 = ( GEOMETRIC_REPRESENTATION_CONTEXT(3) 
GLOBAL_UNCERTAINTY_ASSIGNED_CONTEXT((#3360)) 
GLOBAL_UNIT_ASSIGNED_CONTEXT((#3357,#3358,#3359)) REPRESENTATION_CONTEXT
('Context #1','3D Context with UNIT and UNCERTAINTY') );
#3357 = ( LENGTH_UNIT() NAMED_UNIT(*) SI_UNIT(.MILLI.,.METRE.) );
#3358 = ( NAMED_UNIT(*) PLANE_ANGLE_UNIT() SI_UNIT($,.RADIAN.) );
#3359 = ( NAMED_UNIT(*) SI_UNIT($,.STERADIAN.) SOLID_ANGLE_UNIT() );
#3360 = UNCERTAINTY_MEASURE_WITH_UNIT(LENGTH_MEASURE(2.E-07),#3357,
  'distance_accuracy_value','confusion accuracy');
#3361 = CONTEXT_DEPENDENT_SHAPE_REPRESENTATION(#3362,#3364);
#3362 = ( REPRESENTATION_RELATIONSHIP('','',#2069,#10) 
REPRESENTATION_RELATIONSHIP_WITH_TRANSFORMATION(#3363) 
SHAPE_REPRESENTATION_RELATIONSHIP() );
#3363 = ITEM_DEFINED_TRANSFORMATION('','',#11,#19);
#3364 = PRODUCT_DEFINITION_SHAPE('Placement','Placement of an item',
  #3365);
#3365 = NEXT_ASSEMBLY_USAGE_OCCURRENCE('18','\X2\0414043504420430043B044C\X0\ 2','',#5,#2064
  ,$);
#3366 = PRODUCT_RELATED_PRODUCT_CATEGORY('part',$,(#2066));
#3367 = SHAPE_DEFINITION_REPRESENTATION(#3368,#3374);
#3368 = PRODUCT_DEFINITION_SHAPE('','',#3369);
#3369 = PRODUCT_DEFINITION('design','',#3370,#3373);
#3370 = PRODUCT_DEFINITION_FORMATION('','',#3371);
#3371 = PRODUCT('\X2\0414043504420430043B044C\X0\ 3 40\X2\0445\X0\20\X2\0445\X0\1,5 L=930 (4 \X2\044804420443043A0438\X0\)',
  '\X2\0414043504420430043B044C\X0\ 3 40\X2\0445\X0\20\X2\0445\X0\1,5 L=930 (4 \X2\044804420443043A0438\X0\)','',(#3372));
#3372 = PRODUCT_CONTEXT('',#2,'mechanical');
#3373 = PRODUCT_DEFINITION_CONTEXT('part definition',#2,'design');
#3374 = ADVANCED_BREP_SHAPE_REPRESENTATION('',(#11,#3375),#4661);
#3375 = MANIFOLD_SOLID_BREP('',#3376);
#3376 = CLOSED_SHELL('',(#3377,#3493,#3575,#3983,#4033,#4330,#4357,#4384
    ,#4411,#4438,#4445,#4492,#4519,#4546,#4573,#4600,#4627,#4654));
#3377 = ADVANCED_FACE('',(#3378),#3392,.T.);
#3378 = FACE_BOUND('',#3379,.T.);
#3379 = EDGE_LOOP('',(#3380,#3415,#3441,#3469));
#3380 = ORIENTED_EDGE('',*,*,#3381,.F.);
#3381 = EDGE_CURVE('',#3382,#3384,#3386,.T.);
#3382 = VERTEX_POINT('',#3383);
#3383 = CARTESIAN_POINT('',(10.,0.,17.));
#3384 = VERTEX_POINT('',#3385);
#3385 = CARTESIAN_POINT('',(10.,930.,17.));
#3386 = SURFACE_CURVE('',#3387,(#3391,#3403),.PCURVE_S1.);
#3387 = LINE('',#3388,#3389);
#3388 = CARTESIAN_POINT('',(10.,-100.,17.));
#3389 = VECTOR('',#3390,1.);
#3390 = DIRECTION('',(0.,1.,0.));
#3391 = PCURVE('',#3392,#3397);
#3392 = PLANE('',#3393);
#3393 = AXIS2_PLACEMENT_3D('',#3394,#3395,#3396);
#3394 = CARTESIAN_POINT('',(10.,-100.,-17.));
#3395 = DIRECTION('',(1.,0.,0.));
#3396 = DIRECTION('',(0.,0.,1.));
#3397 = DEFINITIONAL_REPRESENTATION('',(#3398),#3402);
#3398 = LINE('',#3399,#3400);
#3399 = CARTESIAN_POINT('',(34.,0.));
#3400 = VECTOR('',#3401,1.);
#3401 = DIRECTION('',(0.,-1.));
#3402 = ( GEOMETRIC_REPRESENTATION_CONTEXT(2) 
PARAMETRIC_REPRESENTATION_CONTEXT() REPRESENTATION_CONTEXT('2D SPACE',''
  ) );
#3403 = PCURVE('',#3404,#3409);
#3404 = CYLINDRICAL_SURFACE('',#3405,3.);
#3405 = AXIS2_PLACEMENT_3D('',#3406,#3407,#3408);
#3406 = CARTESIAN_POINT('',(7.,-100.,17.));
#3407 = DIRECTION('',(0.,-1.,0.));
#3408 = DIRECTION('',(1.,0.,0.));
#3409 = DEFINITIONAL_REPRESENTATION('',(#3410),#3414);
#3410 = LINE('',#3411,#3412);
#3411 = CARTESIAN_POINT('',(0.,0.));
#3412 = VECTOR('',#3413,1.);
#3413 = DIRECTION('',(0.,-1.));
#3414 = ( GEOMETRIC_REPRESENTATION_CONTEXT(2) 
PARAMETRIC_REPRESENTATION_CONTEXT() REPRESENTATION_CONTEXT('2D SPACE',''
  ) );
#3415 = ORIENTED_EDGE('',*,*,#3416,.T.);
#3416 = EDGE_CURVE('',#3382,#3417,#3419,.T.);
#3417 = VERTEX_POINT('',#3418);
#3418 = CARTESIAN_POINT('',(10.,0.,-17.));
#3419 = SURFACE_CURVE('',#3420,(#3424,#3430),.PCURVE_S1.);
#3420 = LINE('',#3421,#3422);
#3421 = CARTESIAN_POINT('',(10.,0.,4.9915E+03));
#3422 = VECTOR('',#3423,1.);
#3423 = DIRECTION('',(0.,0.,-1.));
#3424 = PCURVE('',#3392,#3425);
#3425 = DEFINITIONAL_REPRESENTATION('',(#3426),#3429);
#3426 = B_SPLINE_CURVE_WITH_KNOTS('',1,(#3427,#3428),.UNSPECIFIED.,.F.,
  .F.,(2,2),(4.9745E+03,5.0085E+03),.PIECEWISE_BEZIER_KNOTS.);
#3427 = CARTESIAN_POINT('',(34.,-100.));
#3428 = CARTESIAN_POINT('',(0.,-100.));
#3429 = ( GEOMETRIC_REPRESENTATION_CONTEXT(2) 
PARAMETRIC_REPRESENTATION_CONTEXT() REPRESENTATION_CONTEXT('2D SPACE',''
  ) );
#3430 = PCURVE('',#3431,#3436);
#3431 = PLANE('',#3432);
#3432 = AXIS2_PLACEMENT_3D('',#3433,#3434,#3435);
#3433 = CARTESIAN_POINT('',(-9.99E+03,0.,1.E+04));
#3434 = DIRECTION('',(0.,-1.,0.));
#3435 = DIRECTION('',(0.,0.,-1.));
#3436 = DEFINITIONAL_REPRESENTATION('',(#3437),#3440);
#3437 = B_SPLINE_CURVE_WITH_KNOTS('',1,(#3438,#3439),.UNSPECIFIED.,.F.,
  .F.,(2,2),(4.9745E+03,5.0085E+03),.PIECEWISE_BEZIER_KNOTS.);
#3438 = CARTESIAN_POINT('',(9.983E+03,1.E+04));
#3439 = CARTESIAN_POINT('',(1.0017E+04,1.E+04));
#3440 = ( GEOMETRIC_REPRESENTATION_CONTEXT(2) 
PARAMETRIC_REPRESENTATION_CONTEXT() REPRESENTATION_CONTEXT('2D SPACE',''
  ) );
#3441 = ORIENTED_EDGE('',*,*,#3442,.T.);
#3442 = EDGE_CURVE('',#3417,#3443,#3445,.T.);
#3443 = VERTEX_POINT('',#3444);
#3444 = CARTESIAN_POINT('',(10.,930.,-17.));
#3445 = SURFACE_CURVE('',#3446,(#3450,#3457),.PCURVE_S1.);
#3446 = LINE('',#3447,#3448);
#3447 = CARTESIAN_POINT('',(10.,-100.,-17.));
#3448 = VECTOR('',#3449,1.);
#3449 = DIRECTION('',(0.,1.,0.));
#3450 = PCURVE('',#3392,#3451);
#3451 = DEFINITIONAL_REPRESENTATION('',(#3452),#3456);
#3452 = LINE('',#3453,#3454);
#3453 = CARTESIAN_POINT('',(0.,0.));
#3454 = VECTOR('',#3455,1.);
#3455 = DIRECTION('',(0.,-1.));
#3456 = ( GEOMETRIC_REPRESENTATION_CONTEXT(2) 
PARAMETRIC_REPRESENTATION_CONTEXT() REPRESENTATION_CONTEXT('2D SPACE',''
  ) );
#3457 = PCURVE('',#3458,#3463);
#3458 = CYLINDRICAL_SURFACE('',#3459,3.);
#3459 = AXIS2_PLACEMENT_3D('',#3460,#3461,#3462);
#3460 = CARTESIAN_POINT('',(7.,-100.,-17.));
#3461 = DIRECTION('',(0.,-1.,0.));
#3462 = DIRECTION('',(5.921189464668E-16,0.,-1.));
#3463 = DEFINITIONAL_REPRESENTATION('',(#3464),#3468);
#3464 = LINE('',#3465,#3466);
#3465 = CARTESIAN_POINT('',(1.570796326795,0.));
#3466 = VECTOR('',#3467,1.);
#3467 = DIRECTION('',(0.,-1.));
#3468 = ( GEOMETRIC_REPRESENTATION_CONTEXT(2) 
PARAMETRIC_REPRESENTATION_CONTEXT() REPRESENTATION_CONTEXT('2D SPACE',''
  ) );
#3469 = ORIENTED_EDGE('',*,*,#3470,.T.);
#3470 = EDGE_CURVE('',#3443,#3384,#3471,.T.);
#3471 = SURFACE_CURVE('',#3472,(#3476,#3482),.PCURVE_S1.);
#3472 = LINE('',#3473,#3474);
#3473 = CARTESIAN_POINT('',(10.,930.,-5.0085E+03));
#3474 = VECTOR('',#3475,1.);
#3475 = DIRECTION('',(0.,0.,1.));
#3476 = PCURVE('',#3392,#3477);
#3477 = DEFINITIONAL_REPRESENTATION('',(#3478),#3481);
#3478 = B_SPLINE_CURVE_WITH_KNOTS('',1,(#3479,#3480),.UNSPECIFIED.,.F.,
  .F.,(2,2),(4.9915E+03,5.0255E+03),.PIECEWISE_BEZIER_KNOTS.);
#3479 = CARTESIAN_POINT('',(0.,-1.03E+03));
#3480 = CARTESIAN_POINT('',(34.,-1.03E+03));
#3481 = ( GEOMETRIC_REPRESENTATION_CONTEXT(2) 
PARAMETRIC_REPRESENTATION_CONTEXT() REPRESENTATION_CONTEXT('2D SPACE',''
  ) );
#3482 = PCURVE('',#3483,#3488);
#3483 = PLANE('',#3484);
#3484 = AXIS2_PLACEMENT_3D('',#3485,#3486,#3487);
#3485 = CARTESIAN_POINT('',(-9.99E+03,930.,-1.E+04));
#3486 = DIRECTION('',(0.,1.,0.));
#3487 = DIRECTION('',(0.,0.,1.));
#3488 = DEFINITIONAL_REPRESENTATION('',(#3489),#3492);
#3489 = B_SPLINE_CURVE_WITH_KNOTS('',1,(#3490,#3491),.UNSPECIFIED.,.F.,
  .F.,(2,2),(4.9915E+03,5.0255E+03),.PIECEWISE_BEZIER_KNOTS.);
#3490 = CARTESIAN_POINT('',(9.983E+03,1.E+04));
#3491 = CARTESIAN_POINT('',(1.0017E+04,1.E+04));
#3492 = ( GEOMETRIC_REPRESENTATION_CONTEXT(2) 
PARAMETRIC_REPRESENTATION_CONTEXT() REPRESENTATION_CONTEXT('2D SPACE',''
  ) );
#3493 = ADVANCED_FACE('',(#3494),#3404,.T.);
#3494 = FACE_BOUND('',#3495,.T.);
#3495 = EDGE_LOOP('',(#3496,#3520,#3521,#3549));
#3496 = ORIENTED_EDGE('',*,*,#3497,.F.);
#3497 = EDGE_CURVE('',#3382,#3498,#3500,.T.);
#3498 = VERTEX_POINT('',#3499);
#3499 = CARTESIAN_POINT('',(7.,0.,20.));
#3500 = SURFACE_CURVE('',#3501,(#3506,#3513),.PCURVE_S1.);
#3501 = CIRCLE('',#3502,3.);
#3502 = AXIS2_PLACEMENT_3D('',#3503,#3504,#3505);
#3503 = CARTESIAN_POINT('',(7.,0.,17.));
#3504 = DIRECTION('',(0.,-1.,0.));
#3505 = DIRECTION('',(1.,0.,0.));
#3506 = PCURVE('',#3404,#3507);
#3507 = DEFINITIONAL_REPRESENTATION('',(#3508),#3512);
#3508 = LINE('',#3509,#3510);
#3509 = CARTESIAN_POINT('',(0.,-100.));
#3510 = VECTOR('',#3511,1.);
#3511 = DIRECTION('',(1.,0.));
#3512 = ( GEOMETRIC_REPRESENTATION_CONTEXT(2) 
PARAMETRIC_REPRESENTATION_CONTEXT() REPRESENTATION_CONTEXT('2D SPACE',''
  ) );
#3513 = PCURVE('',#3431,#3514);
#3514 = DEFINITIONAL_REPRESENTATION('',(#3515),#3519);
#3515 = CIRCLE('',#3516,3.);
#3516 = AXIS2_PLACEMENT_2D('',#3517,#3518);
#3517 = CARTESIAN_POINT('',(9.983E+03,9.997E+03));
#3518 = DIRECTION('',(0.,1.));
#3519 = ( GEOMETRIC_REPRESENTATION_CONTEXT(2) 
PARAMETRIC_REPRESENTATION_CONTEXT() REPRESENTATION_CONTEXT('2D SPACE',''
  ) );
#3520 = ORIENTED_EDGE('',*,*,#3381,.T.);
#3521 = ORIENTED_EDGE('',*,*,#3522,.T.);
#3522 = EDGE_CURVE('',#3384,#3523,#3525,.T.);
#3523 = VERTEX_POINT('',#3524);
#3524 = CARTESIAN_POINT('',(7.,930.,20.));
#3525 = SURFACE_CURVE('',#3526,(#3531,#3538),.PCURVE_S1.);
#3526 = CIRCLE('',#3527,3.);
#3527 = AXIS2_PLACEMENT_3D('',#3528,#3529,#3530);
#3528 = CARTESIAN_POINT('',(7.,930.,17.));
#3529 = DIRECTION('',(0.,-1.,0.));
#3530 = DIRECTION('',(1.,0.,0.));
#3531 = PCURVE('',#3404,#3532);
#3532 = DEFINITIONAL_REPRESENTATION('',(#3533),#3537);
#3533 = LINE('',#3534,#3535);
#3534 = CARTESIAN_POINT('',(0.,-1.03E+03));
#3535 = VECTOR('',#3536,1.);
#3536 = DIRECTION('',(1.,0.));
#3537 = ( GEOMETRIC_REPRESENTATION_CONTEXT(2) 
PARAMETRIC_REPRESENTATION_CONTEXT() REPRESENTATION_CONTEXT('2D SPACE',''
  ) );
#3538 = PCURVE('',#3483,#3539);
#3539 = DEFINITIONAL_REPRESENTATION('',(#3540),#3548);
#3540 = ( BOUNDED_CURVE() B_SPLINE_CURVE(2,(#3541,#3542,#3543,#3544,
#3545,#3546,#3547),.UNSPECIFIED.,.T.,.F.) B_SPLINE_CURVE_WITH_KNOTS((1,2
    ,2,2,2,1),(-2.094395102393,0.,2.094395102393,4.188790204786,
6.28318530718,8.377580409573),.UNSPECIFIED.) CURVE() 
GEOMETRIC_REPRESENTATION_ITEM() RATIONAL_B_SPLINE_CURVE((1.,0.5,1.,0.5,
1.,0.5,1.)) REPRESENTATION_ITEM('') );
#3541 = CARTESIAN_POINT('',(1.0017E+04,1.E+04));
#3542 = CARTESIAN_POINT('',(1.002219615242E+04,1.E+04));
#3543 = CARTESIAN_POINT('',(1.001959807621E+04,9.9955E+03));
#3544 = CARTESIAN_POINT('',(1.0017E+04,9.991E+03));
#3545 = CARTESIAN_POINT('',(1.001440192379E+04,9.9955E+03));
#3546 = CARTESIAN_POINT('',(1.001180384758E+04,1.E+04));
#3547 = CARTESIAN_POINT('',(1.0017E+04,1.E+04));
#3548 = ( GEOMETRIC_REPRESENTATION_CONTEXT(2) 
PARAMETRIC_REPRESENTATION_CONTEXT() REPRESENTATION_CONTEXT('2D SPACE',''
  ) );
#3549 = ORIENTED_EDGE('',*,*,#3550,.F.);
#3550 = EDGE_CURVE('',#3498,#3523,#3551,.T.);
#3551 = SURFACE_CURVE('',#3552,(#3556,#3563),.PCURVE_S1.);
#3552 = LINE('',#3553,#3554);
#3553 = CARTESIAN_POINT('',(7.,-100.,20.));
#3554 = VECTOR('',#3555,1.);
#3555 = DIRECTION('',(0.,1.,0.));
#3556 = PCURVE('',#3404,#3557);
#3557 = DEFINITIONAL_REPRESENTATION('',(#3558),#3562);
#3558 = LINE('',#3559,#3560);
#3559 = CARTESIAN_POINT('',(1.570796326795,0.));
#3560 = VECTOR('',#3561,1.);
#3561 = DIRECTION('',(0.,-1.));
#3562 = ( GEOMETRIC_REPRESENTATION_CONTEXT(2) 
PARAMETRIC_REPRESENTATION_CONTEXT() REPRESENTATION_CONTEXT('2D SPACE',''
  ) );
#3563 = PCURVE('',#3564,#3569);
#3564 = PLANE('',#3565);
#3565 = AXIS2_PLACEMENT_3D('',#3566,#3567,#3568);
#3566 = CARTESIAN_POINT('',(7.,-100.,20.));
#3567 = DIRECTION('',(0.,-0.,1.));
#3568 = DIRECTION('',(-1.,0.,0.));
#3569 = DEFINITIONAL_REPRESENTATION('',(#3570),#3574);
#3570 = LINE('',#3571,#3572);
#3571 = CARTESIAN_POINT('',(0.,0.));
#3572 = VECTOR('',#3573,1.);
#3573 = DIRECTION('',(0.,-1.));
#3574 = ( GEOMETRIC_REPRESENTATION_CONTEXT(2) 
PARAMETRIC_REPRESENTATION_CONTEXT() REPRESENTATION_CONTEXT('2D SPACE',''
  ) );
#3575 = ADVANCED_FACE('',(#3576,#3745),#3483,.T.);
#3576 = FACE_BOUND('',#3577,.T.);
#3577 = EDGE_LOOP('',(#3578,#3579,#3607,#3633,#3666,#3692,#3725,#3744));
#3578 = ORIENTED_EDGE('',*,*,#3470,.F.);
#3579 = ORIENTED_EDGE('',*,*,#3580,.F.);
#3580 = EDGE_CURVE('',#3581,#3443,#3583,.T.);
#3581 = VERTEX_POINT('',#3582);
#3582 = CARTESIAN_POINT('',(7.,930.,-20.));
#3583 = SURFACE_CURVE('',#3584,(#3589,#3600),.PCURVE_S1.);
#3584 = CIRCLE('',#3585,3.);
#3585 = AXIS2_PLACEMENT_3D('',#3586,#3587,#3588);
#3586 = CARTESIAN_POINT('',(7.,930.,-17.));
#3587 = DIRECTION('',(0.,-1.,0.));
#3588 = DIRECTION('',(5.921189464668E-16,0.,-1.));
#3589 = PCURVE('',#3483,#3590);
#3590 = DEFINITIONAL_REPRESENTATION('',(#3591),#3599);
#3591 = ( BOUNDED_CURVE() B_SPLINE_CURVE(2,(#3592,#3593,#3594,#3595,
#3596,#3597,#3598),.UNSPECIFIED.,.T.,.F.) B_SPLINE_CURVE_WITH_KNOTS((1,2
    ,2,2,2,1),(-2.094395102393,0.,2.094395102393,4.188790204786,
6.28318530718,8.377580409573),.UNSPECIFIED.) CURVE() 
GEOMETRIC_REPRESENTATION_ITEM() RATIONAL_B_SPLINE_CURVE((1.,0.5,1.,0.5,
1.,0.5,1.)) REPRESENTATION_ITEM('') );
#3592 = CARTESIAN_POINT('',(9.98E+03,9.997E+03));
#3593 = CARTESIAN_POINT('',(9.98E+03,1.000219615242E+04));
#3594 = CARTESIAN_POINT('',(9.9845E+03,9.999598076211E+03));
#3595 = CARTESIAN_POINT('',(9.989E+03,9.997E+03));
#3596 = CARTESIAN_POINT('',(9.9845E+03,9.994401923789E+03));
#3597 = CARTESIAN_POINT('',(9.98E+03,9.991803847577E+03));
#3598 = CARTESIAN_POINT('',(9.98E+03,9.997E+03));
#3599 = ( GEOMETRIC_REPRESENTATION_CONTEXT(2) 
PARAMETRIC_REPRESENTATION_CONTEXT() REPRESENTATION_CONTEXT('2D SPACE',''
  ) );
#3600 = PCURVE('',#3458,#3601);
#3601 = DEFINITIONAL_REPRESENTATION('',(#3602),#3606);
#3602 = LINE('',#3603,#3604);
#3603 = CARTESIAN_POINT('',(0.,-1.03E+03));
#3604 = VECTOR('',#3605,1.);
#3605 = DIRECTION('',(1.,0.));
#3606 = ( GEOMETRIC_REPRESENTATION_CONTEXT(2) 
PARAMETRIC_REPRESENTATION_CONTEXT() REPRESENTATION_CONTEXT('2D SPACE',''
  ) );
#3607 = ORIENTED_EDGE('',*,*,#3608,.F.);
#3608 = EDGE_CURVE('',#3609,#3581,#3611,.T.);
#3609 = VERTEX_POINT('',#3610);
#3610 = CARTESIAN_POINT('',(-7.,930.,-20.));
#3611 = SURFACE_CURVE('',#3612,(#3616,#3622),.PCURVE_S1.);
#3612 = LINE('',#3613,#3614);
#3613 = CARTESIAN_POINT('',(-4.9985E+03,930.,-20.));
#3614 = VECTOR('',#3615,1.);
#3615 = DIRECTION('',(1.,-0.,0.));
#3616 = PCURVE('',#3483,#3617);
#3617 = DEFINITIONAL_REPRESENTATION('',(#3618),#3621);
#3618 = B_SPLINE_CURVE_WITH_KNOTS('',1,(#3619,#3620),.UNSPECIFIED.,.F.,
  .F.,(2,2),(4.9915E+03,5.0055E+03),.PIECEWISE_BEZIER_KNOTS.);
#3619 = CARTESIAN_POINT('',(9.98E+03,9.983E+03));
#3620 = CARTESIAN_POINT('',(9.98E+03,9.997E+03));
#3621 = ( GEOMETRIC_REPRESENTATION_CONTEXT(2) 
PARAMETRIC_REPRESENTATION_CONTEXT() REPRESENTATION_CONTEXT('2D SPACE',''
  ) );
#3622 = PCURVE('',#3623,#3628);
#3623 = PLANE('',#3624);
#3624 = AXIS2_PLACEMENT_3D('',#3625,#3626,#3627);
#3625 = CARTESIAN_POINT('',(-7.,-100.,-20.));
#3626 = DIRECTION('',(0.,0.,-1.));
#3627 = DIRECTION('',(1.,0.,0.));
#3628 = DEFINITIONAL_REPRESENTATION('',(#3629),#3632);
#3629 = B_SPLINE_CURVE_WITH_KNOTS('',1,(#3630,#3631),.UNSPECIFIED.,.F.,
  .F.,(2,2),(4.9915E+03,5.0055E+03),.PIECEWISE_BEZIER_KNOTS.);
#3630 = CARTESIAN_POINT('',(0.,-1.03E+03));
#3631 = CARTESIAN_POINT('',(14.,-1.03E+03));
#3632 = ( GEOMETRIC_REPRESENTATION_CONTEXT(2) 
PARAMETRIC_REPRESENTATION_CONTEXT() REPRESENTATION_CONTEXT('2D SPACE',''
  ) );
#3633 = ORIENTED_EDGE('',*,*,#3634,.F.);
#3634 = EDGE_CURVE('',#3635,#3609,#3637,.T.);
#3635 = VERTEX_POINT('',#3636);
#3636 = CARTESIAN_POINT('',(-10.,930.,-17.));
#3637 = SURFACE_CURVE('',#3638,(#3643,#3654),.PCURVE_S1.);
#3638 = CIRCLE('',#3639,3.);
#3639 = AXIS2_PLACEMENT_3D('',#3640,#3641,#3642);
#3640 = CARTESIAN_POINT('',(-7.,930.,-17.));
#3641 = DIRECTION('',(0.,-1.,0.));
#3642 = DIRECTION('',(-1.,0.,0.));
#3643 = PCURVE('',#3483,#3644);
#3644 = DEFINITIONAL_REPRESENTATION('',(#3645),#3653);
#3645 = ( BOUNDED_CURVE() B_SPLINE_CURVE(2,(#3646,#3647,#3648,#3649,
#3650,#3651,#3652),.UNSPECIFIED.,.T.,.F.) B_SPLINE_CURVE_WITH_KNOTS((1,2
    ,2,2,2,1),(-2.094395102393,0.,2.094395102393,4.188790204786,
6.28318530718,8.377580409573),.UNSPECIFIED.) CURVE() 
GEOMETRIC_REPRESENTATION_ITEM() RATIONAL_B_SPLINE_CURVE((1.,0.5,1.,0.5,
1.,0.5,1.)) REPRESENTATION_ITEM('') );
#3646 = CARTESIAN_POINT('',(9.983E+03,9.98E+03));
#3647 = CARTESIAN_POINT('',(9.977803847577E+03,9.98E+03));
#3648 = CARTESIAN_POINT('',(9.980401923789E+03,9.9845E+03));
#3649 = CARTESIAN_POINT('',(9.983E+03,9.989E+03));
#3650 = CARTESIAN_POINT('',(9.985598076211E+03,9.9845E+03));
#3651 = CARTESIAN_POINT('',(9.988196152423E+03,9.98E+03));
#3652 = CARTESIAN_POINT('',(9.983E+03,9.98E+03));
#3653 = ( GEOMETRIC_REPRESENTATION_CONTEXT(2) 
PARAMETRIC_REPRESENTATION_CONTEXT() REPRESENTATION_CONTEXT('2D SPACE',''
  ) );
#3654 = PCURVE('',#3655,#3660);
#3655 = CYLINDRICAL_SURFACE('',#3656,3.);
#3656 = AXIS2_PLACEMENT_3D('',#3657,#3658,#3659);
#3657 = CARTESIAN_POINT('',(-7.,-100.,-17.));
#3658 = DIRECTION('',(0.,-1.,0.));
#3659 = DIRECTION('',(-1.,0.,0.));
#3660 = DEFINITIONAL_REPRESENTATION('',(#3661),#3665);
#3661 = LINE('',#3662,#3663);
#3662 = CARTESIAN_POINT('',(0.,-1.03E+03));
#3663 = VECTOR('',#3664,1.);
#3664 = DIRECTION('',(1.,0.));
#3665 = ( GEOMETRIC_REPRESENTATION_CONTEXT(2) 
PARAMETRIC_REPRESENTATION_CONTEXT() REPRESENTATION_CONTEXT('2D SPACE',''
  ) );
#3666 = ORIENTED_EDGE('',*,*,#3667,.F.);
#3667 = EDGE_CURVE('',#3668,#3635,#3670,.T.);
#3668 = VERTEX_POINT('',#3669);
#3669 = CARTESIAN_POINT('',(-10.,930.,17.));
#3670 = SURFACE_CURVE('',#3671,(#3675,#3681),.PCURVE_S1.);
#3671 = LINE('',#3672,#3673);
#3672 = CARTESIAN_POINT('',(-10.,930.,-4.9915E+03));
#3673 = VECTOR('',#3674,1.);
#3674 = DIRECTION('',(0.,0.,-1.));
#3675 = PCURVE('',#3483,#3676);
#3676 = DEFINITIONAL_REPRESENTATION('',(#3677),#3680);
#3677 = B_SPLINE_CURVE_WITH_KNOTS('',1,(#3678,#3679),.UNSPECIFIED.,.F.,
  .F.,(2,2),(-5.0085E+03,-4.9745E+03),.PIECEWISE_BEZIER_KNOTS.);
#3678 = CARTESIAN_POINT('',(1.0017E+04,9.98E+03));
#3679 = CARTESIAN_POINT('',(9.983E+03,9.98E+03));
#3680 = ( GEOMETRIC_REPRESENTATION_CONTEXT(2) 
PARAMETRIC_REPRESENTATION_CONTEXT() REPRESENTATION_CONTEXT('2D SPACE',''
  ) );
#3681 = PCURVE('',#3682,#3687);
#3682 = PLANE('',#3683);
#3683 = AXIS2_PLACEMENT_3D('',#3684,#3685,#3686);
#3684 = CARTESIAN_POINT('',(-10.,-100.,17.));
#3685 = DIRECTION('',(-1.,0.,0.));
#3686 = DIRECTION('',(0.,0.,-1.));
#3687 = DEFINITIONAL_REPRESENTATION('',(#3688),#3691);
#3688 = B_SPLINE_CURVE_WITH_KNOTS('',1,(#3689,#3690),.UNSPECIFIED.,.F.,
  .F.,(2,2),(-5.0085E+03,-4.9745E+03),.PIECEWISE_BEZIER_KNOTS.);
#3689 = CARTESIAN_POINT('',(0.,-1.03E+03));
#3690 = CARTESIAN_POINT('',(34.,-1.03E+03));
#3691 = ( GEOMETRIC_REPRESENTATION_CONTEXT(2) 
PARAMETRIC_REPRESENTATION_CONTEXT() REPRESENTATION_CONTEXT('2D SPACE',''
  ) );
#3692 = ORIENTED_EDGE('',*,*,#3693,.F.);
#3693 = EDGE_CURVE('',#3694,#3668,#3696,.T.);
#3694 = VERTEX_POINT('',#3695);
#3695 = CARTESIAN_POINT('',(-7.,930.,20.));
#3696 = SURFACE_CURVE('',#3697,(#3702,#3713),.PCURVE_S1.);
#3697 = CIRCLE('',#3698,3.);
#3698 = AXIS2_PLACEMENT_3D('',#3699,#3700,#3701);
#3699 = CARTESIAN_POINT('',(-7.,930.,17.));
#3700 = DIRECTION('',(0.,-1.,0.));
#3701 = DIRECTION('',(-5.921189464668E-16,0.,1.));
#3702 = PCURVE('',#3483,#3703);
#3703 = DEFINITIONAL_REPRESENTATION('',(#3704),#3712);
#3704 = ( BOUNDED_CURVE() B_SPLINE_CURVE(2,(#3705,#3706,#3707,#3708,
#3709,#3710,#3711),.UNSPECIFIED.,.T.,.F.) B_SPLINE_CURVE_WITH_KNOTS((1,2
    ,2,2,2,1),(-2.094395102393,0.,2.094395102393,4.188790204786,
6.28318530718,8.377580409573),.UNSPECIFIED.) CURVE() 
GEOMETRIC_REPRESENTATION_ITEM() RATIONAL_B_SPLINE_CURVE((1.,0.5,1.,0.5,
1.,0.5,1.)) REPRESENTATION_ITEM('') );
#3705 = CARTESIAN_POINT('',(1.002E+04,9.983E+03));
#3706 = CARTESIAN_POINT('',(1.002E+04,9.977803847577E+03));
#3707 = CARTESIAN_POINT('',(1.00155E+04,9.980401923789E+03));
#3708 = CARTESIAN_POINT('',(1.0011E+04,9.983E+03));
#3709 = CARTESIAN_POINT('',(1.00155E+04,9.985598076211E+03));
#3710 = CARTESIAN_POINT('',(1.002E+04,9.988196152423E+03));
#3711 = CARTESIAN_POINT('',(1.002E+04,9.983E+03));
#3712 = ( GEOMETRIC_REPRESENTATION_CONTEXT(2) 
PARAMETRIC_REPRESENTATION_CONTEXT() REPRESENTATION_CONTEXT('2D SPACE',''
  ) );
#3713 = PCURVE('',#3714,#3719);
#3714 = CYLINDRICAL_SURFACE('',#3715,3.);
#3715 = AXIS2_PLACEMENT_3D('',#3716,#3717,#3718);
#3716 = CARTESIAN_POINT('',(-7.,-100.,17.));
#3717 = DIRECTION('',(0.,-1.,0.));
#3718 = DIRECTION('',(-5.921189464668E-16,0.,1.));
#3719 = DEFINITIONAL_REPRESENTATION('',(#3720),#3724);
#3720 = LINE('',#3721,#3722);
#3721 = CARTESIAN_POINT('',(0.,-1.03E+03));
#3722 = VECTOR('',#3723,1.);
#3723 = DIRECTION('',(1.,0.));
#3724 = ( GEOMETRIC_REPRESENTATION_CONTEXT(2) 
PARAMETRIC_REPRESENTATION_CONTEXT() REPRESENTATION_CONTEXT('2D SPACE',''
  ) );
#3725 = ORIENTED_EDGE('',*,*,#3726,.F.);
#3726 = EDGE_CURVE('',#3523,#3694,#3727,.T.);
#3727 = SURFACE_CURVE('',#3728,(#3732,#3738),.PCURVE_S1.);
#3728 = LINE('',#3729,#3730);
#3729 = CARTESIAN_POINT('',(-4.9915E+03,930.,20.));
#3730 = VECTOR('',#3731,1.);
#3731 = DIRECTION('',(-1.,0.,0.));
#3732 = PCURVE('',#3483,#3733);
#3733 = DEFINITIONAL_REPRESENTATION('',(#3734),#3737);
#3734 = B_SPLINE_CURVE_WITH_KNOTS('',1,(#3735,#3736),.UNSPECIFIED.,.F.,
  .F.,(2,2),(-4.9985E+03,-4.9845E+03),.PIECEWISE_BEZIER_KNOTS.);
#3735 = CARTESIAN_POINT('',(1.002E+04,9.997E+03));
#3736 = CARTESIAN_POINT('',(1.002E+04,9.983E+03));
#3737 = ( GEOMETRIC_REPRESENTATION_CONTEXT(2) 
PARAMETRIC_REPRESENTATION_CONTEXT() REPRESENTATION_CONTEXT('2D SPACE',''
  ) );
#3738 = PCURVE('',#3564,#3739);
#3739 = DEFINITIONAL_REPRESENTATION('',(#3740),#3743);
#3740 = B_SPLINE_CURVE_WITH_KNOTS('',1,(#3741,#3742),.UNSPECIFIED.,.F.,
  .F.,(2,2),(-4.9985E+03,-4.9845E+03),.PIECEWISE_BEZIER_KNOTS.);
#3741 = CARTESIAN_POINT('',(0.,-1.03E+03));
#3742 = CARTESIAN_POINT('',(14.,-1.03E+03));
#3743 = ( GEOMETRIC_REPRESENTATION_CONTEXT(2) 
PARAMETRIC_REPRESENTATION_CONTEXT() REPRESENTATION_CONTEXT('2D SPACE',''
  ) );
#3744 = ORIENTED_EDGE('',*,*,#3522,.F.);
#3745 = FACE_BOUND('',#3746,.T.);
#3746 = EDGE_LOOP('',(#3747,#3775,#3808,#3834,#3867,#3893,#3926,#3952));
#3747 = ORIENTED_EDGE('',*,*,#3748,.T.);
#3748 = EDGE_CURVE('',#3749,#3751,#3753,.T.);
#3749 = VERTEX_POINT('',#3750);
#3750 = CARTESIAN_POINT('',(8.5,930.,-17.));
#3751 = VERTEX_POINT('',#3752);
#3752 = CARTESIAN_POINT('',(8.5,930.,17.));
#3753 = SURFACE_CURVE('',#3754,(#3758,#3764),.PCURVE_S1.);
#3754 = LINE('',#3755,#3756);
#3755 = CARTESIAN_POINT('',(8.5,930.,-5.0085E+03));
#3756 = VECTOR('',#3757,1.);
#3757 = DIRECTION('',(0.,0.,1.));
#3758 = PCURVE('',#3483,#3759);
#3759 = DEFINITIONAL_REPRESENTATION('',(#3760),#3763);
#3760 = B_SPLINE_CURVE_WITH_KNOTS('',1,(#3761,#3762),.UNSPECIFIED.,.F.,
  .F.,(2,2),(4.9915E+03,5.0255E+03),.PIECEWISE_BEZIER_KNOTS.);
#3761 = CARTESIAN_POINT('',(9.983E+03,9.9985E+03));
#3762 = CARTESIAN_POINT('',(1.0017E+04,9.9985E+03));
#3763 = ( GEOMETRIC_REPRESENTATION_CONTEXT(2) 
PARAMETRIC_REPRESENTATION_CONTEXT() REPRESENTATION_CONTEXT('2D SPACE',''
  ) );
#3764 = PCURVE('',#3765,#3770);
#3765 = PLANE('',#3766);
#3766 = AXIS2_PLACEMENT_3D('',#3767,#3768,#3769);
#3767 = CARTESIAN_POINT('',(8.5,-100.,-17.));
#3768 = DIRECTION('',(1.,0.,0.));
#3769 = DIRECTION('',(0.,0.,1.));
#3770 = DEFINITIONAL_REPRESENTATION('',(#3771),#3774);
#3771 = B_SPLINE_CURVE_WITH_KNOTS('',1,(#3772,#3773),.UNSPECIFIED.,.F.,
  .F.,(2,2),(4.9915E+03,5.0255E+03),.PIECEWISE_BEZIER_KNOTS.);
#3772 = CARTESIAN_POINT('',(0.,-1.03E+03));
#3773 = CARTESIAN_POINT('',(34.,-1.03E+03));
#3774 = ( GEOMETRIC_REPRESENTATION_CONTEXT(2) 
PARAMETRIC_REPRESENTATION_CONTEXT() REPRESENTATION_CONTEXT('2D SPACE',''
  ) );
#3775 = ORIENTED_EDGE('',*,*,#3776,.T.);
#3776 = EDGE_CURVE('',#3751,#3777,#3779,.T.);
#3777 = VERTEX_POINT('',#3778);
#3778 = CARTESIAN_POINT('',(7.,930.,18.5));
#3779 = SURFACE_CURVE('',#3780,(#3785,#3796),.PCURVE_S1.);
#3780 = CIRCLE('',#3781,1.5);
#3781 = AXIS2_PLACEMENT_3D('',#3782,#3783,#3784);
#3782 = CARTESIAN_POINT('',(7.,930.,17.));
#3783 = DIRECTION('',(0.,-1.,0.));
#3784 = DIRECTION('',(1.,0.,0.));
#3785 = PCURVE('',#3483,#3786);
#3786 = DEFINITIONAL_REPRESENTATION('',(#3787),#3795);
#3787 = ( BOUNDED_CURVE() B_SPLINE_CURVE(2,(#3788,#3789,#3790,#3791,
#3792,#3793,#3794),.UNSPECIFIED.,.T.,.F.) B_SPLINE_CURVE_WITH_KNOTS((1,2
    ,2,2,2,1),(-2.094395102393,0.,2.094395102393,4.188790204786,
6.28318530718,8.377580409573),.UNSPECIFIED.) CURVE() 
GEOMETRIC_REPRESENTATION_ITEM() RATIONAL_B_SPLINE_CURVE((1.,0.5,1.,0.5,
1.,0.5,1.)) REPRESENTATION_ITEM('') );
#3788 = CARTESIAN_POINT('',(1.0017E+04,9.9985E+03));
#3789 = CARTESIAN_POINT('',(1.001959807621E+04,9.9985E+03));
#3790 = CARTESIAN_POINT('',(1.001829903811E+04,9.99625E+03));
#3791 = CARTESIAN_POINT('',(1.0017E+04,9.994E+03));
#3792 = CARTESIAN_POINT('',(1.001570096189E+04,9.99625E+03));
#3793 = CARTESIAN_POINT('',(1.001440192379E+04,9.9985E+03));
#3794 = CARTESIAN_POINT('',(1.0017E+04,9.9985E+03));
#3795 = ( GEOMETRIC_REPRESENTATION_CONTEXT(2) 
PARAMETRIC_REPRESENTATION_CONTEXT() REPRESENTATION_CONTEXT('2D SPACE',''
  ) );
#3796 = PCURVE('',#3797,#3802);
#3797 = CYLINDRICAL_SURFACE('',#3798,1.5);
#3798 = AXIS2_PLACEMENT_3D('',#3799,#3800,#3801);
#3799 = CARTESIAN_POINT('',(7.,-100.,17.));
#3800 = DIRECTION('',(0.,-1.,0.));
#3801 = DIRECTION('',(1.,0.,0.));
#3802 = DEFINITIONAL_REPRESENTATION('',(#3803),#3807);
#3803 = LINE('',#3804,#3805);
#3804 = CARTESIAN_POINT('',(0.,-1.03E+03));
#3805 = VECTOR('',#3806,1.);
#3806 = DIRECTION('',(1.,0.));
#3807 = ( GEOMETRIC_REPRESENTATION_CONTEXT(2) 
PARAMETRIC_REPRESENTATION_CONTEXT() REPRESENTATION_CONTEXT('2D SPACE',''
  ) );
#3808 = ORIENTED_EDGE('',*,*,#3809,.T.);
#3809 = EDGE_CURVE('',#3777,#3810,#3812,.T.);
#3810 = VERTEX_POINT('',#3811);
#3811 = CARTESIAN_POINT('',(-7.,930.,18.5));
#3812 = SURFACE_CURVE('',#3813,(#3817,#3823),.PCURVE_S1.);
#3813 = LINE('',#3814,#3815);
#3814 = CARTESIAN_POINT('',(-4.9915E+03,930.,18.5));
#3815 = VECTOR('',#3816,1.);
#3816 = DIRECTION('',(-1.,0.,0.));
#3817 = PCURVE('',#3483,#3818);
#3818 = DEFINITIONAL_REPRESENTATION('',(#3819),#3822);
#3819 = B_SPLINE_CURVE_WITH_KNOTS('',1,(#3820,#3821),.UNSPECIFIED.,.F.,
  .F.,(2,2),(-4.9985E+03,-4.9845E+03),.PIECEWISE_BEZIER_KNOTS.);
#3820 = CARTESIAN_POINT('',(1.00185E+04,9.997E+03));
#3821 = CARTESIAN_POINT('',(1.00185E+04,9.983E+03));
#3822 = ( GEOMETRIC_REPRESENTATION_CONTEXT(2) 
PARAMETRIC_REPRESENTATION_CONTEXT() REPRESENTATION_CONTEXT('2D SPACE',''
  ) );
#3823 = PCURVE('',#3824,#3829);
#3824 = PLANE('',#3825);
#3825 = AXIS2_PLACEMENT_3D('',#3826,#3827,#3828);
#3826 = CARTESIAN_POINT('',(7.,-100.,18.5));
#3827 = DIRECTION('',(0.,-0.,1.));
#3828 = DIRECTION('',(-1.,0.,0.));
#3829 = DEFINITIONAL_REPRESENTATION('',(#3830),#3833);
#3830 = B_SPLINE_CURVE_WITH_KNOTS('',1,(#3831,#3832),.UNSPECIFIED.,.F.,
  .F.,(2,2),(-4.9985E+03,-4.9845E+03),.PIECEWISE_BEZIER_KNOTS.);
#3831 = CARTESIAN_POINT('',(0.,-1.03E+03));
#3832 = CARTESIAN_POINT('',(14.,-1.03E+03));
#3833 = ( GEOMETRIC_REPRESENTATION_CONTEXT(2) 
PARAMETRIC_REPRESENTATION_CONTEXT() REPRESENTATION_CONTEXT('2D SPACE',''
  ) );
#3834 = ORIENTED_EDGE('',*,*,#3835,.T.);
#3835 = EDGE_CURVE('',#3810,#3836,#3838,.T.);
#3836 = VERTEX_POINT('',#3837);
#3837 = CARTESIAN_POINT('',(-8.5,930.,17.));
#3838 = SURFACE_CURVE('',#3839,(#3844,#3855),.PCURVE_S1.);
#3839 = CIRCLE('',#3840,1.5);
#3840 = AXIS2_PLACEMENT_3D('',#3841,#3842,#3843);
#3841 = CARTESIAN_POINT('',(-7.,930.,17.));
#3842 = DIRECTION('',(0.,-1.,0.));
#3843 = DIRECTION('',(1.184237892934E-15,0.,1.));
#3844 = PCURVE('',#3483,#3845);
#3845 = DEFINITIONAL_REPRESENTATION('',(#3846),#3854);
#3846 = ( BOUNDED_CURVE() B_SPLINE_CURVE(2,(#3847,#3848,#3849,#3850,
#3851,#3852,#3853),.UNSPECIFIED.,.T.,.F.) B_SPLINE_CURVE_WITH_KNOTS((1,2
    ,2,2,2,1),(-2.094395102393,0.,2.094395102393,4.188790204786,
6.28318530718,8.377580409573),.UNSPECIFIED.) CURVE() 
GEOMETRIC_REPRESENTATION_ITEM() RATIONAL_B_SPLINE_CURVE((1.,0.5,1.,0.5,
1.,0.5,1.)) REPRESENTATION_ITEM('') );
#3847 = CARTESIAN_POINT('',(1.00185E+04,9.983E+03));
#3848 = CARTESIAN_POINT('',(1.00185E+04,9.980401923789E+03));
#3849 = CARTESIAN_POINT('',(1.001625E+04,9.981700961894E+03));
#3850 = CARTESIAN_POINT('',(1.0014E+04,9.983E+03));
#3851 = CARTESIAN_POINT('',(1.001625E+04,9.984299038106E+03));
#3852 = CARTESIAN_POINT('',(1.00185E+04,9.985598076211E+03));
#3853 = CARTESIAN_POINT('',(1.00185E+04,9.983E+03));
#3854 = ( GEOMETRIC_REPRESENTATION_CONTEXT(2) 
PARAMETRIC_REPRESENTATION_CONTEXT() REPRESENTATION_CONTEXT('2D SPACE',''
  ) );
#3855 = PCURVE('',#3856,#3861);
#3856 = CYLINDRICAL_SURFACE('',#3857,1.5);
#3857 = AXIS2_PLACEMENT_3D('',#3858,#3859,#3860);
#3858 = CARTESIAN_POINT('',(-7.,-100.,17.));
#3859 = DIRECTION('',(0.,-1.,0.));
#3860 = DIRECTION('',(1.184237892934E-15,0.,1.));
#3861 = DEFINITIONAL_REPRESENTATION('',(#3862),#3866);
#3862 = LINE('',#3863,#3864);
#3863 = CARTESIAN_POINT('',(0.,-1.03E+03));
#3864 = VECTOR('',#3865,1.);
#3865 = DIRECTION('',(1.,0.));
#3866 = ( GEOMETRIC_REPRESENTATION_CONTEXT(2) 
PARAMETRIC_REPRESENTATION_CONTEXT() REPRESENTATION_CONTEXT('2D SPACE',''
  ) );
#3867 = ORIENTED_EDGE('',*,*,#3868,.T.);
#3868 = EDGE_CURVE('',#3836,#3869,#3871,.T.);
#3869 = VERTEX_POINT('',#3870);
#3870 = CARTESIAN_POINT('',(-8.5,930.,-17.));
#3871 = SURFACE_CURVE('',#3872,(#3876,#3882),.PCURVE_S1.);
#3872 = LINE('',#3873,#3874);
#3873 = CARTESIAN_POINT('',(-8.5,930.,-4.9915E+03));
#3874 = VECTOR('',#3875,1.);
#3875 = DIRECTION('',(0.,0.,-1.));
#3876 = PCURVE('',#3483,#3877);
#3877 = DEFINITIONAL_REPRESENTATION('',(#3878),#3881);
#3878 = B_SPLINE_CURVE_WITH_KNOTS('',1,(#3879,#3880),.UNSPECIFIED.,.F.,
  .F.,(2,2),(-5.0085E+03,-4.9745E+03),.PIECEWISE_BEZIER_KNOTS.);
#3879 = CARTESIAN_POINT('',(1.0017E+04,9.9815E+03));
#3880 = CARTESIAN_POINT('',(9.983E+03,9.9815E+03));
#3881 = ( GEOMETRIC_REPRESENTATION_CONTEXT(2) 
PARAMETRIC_REPRESENTATION_CONTEXT() REPRESENTATION_CONTEXT('2D SPACE',''
  ) );
#3882 = PCURVE('',#3883,#3888);
#3883 = PLANE('',#3884);
#3884 = AXIS2_PLACEMENT_3D('',#3885,#3886,#3887);
#3885 = CARTESIAN_POINT('',(-8.5,-100.,17.));
#3886 = DIRECTION('',(-1.,0.,0.));
#3887 = DIRECTION('',(0.,0.,-1.));
#3888 = DEFINITIONAL_REPRESENTATION('',(#3889),#3892);
#3889 = B_SPLINE_CURVE_WITH_KNOTS('',1,(#3890,#3891),.UNSPECIFIED.,.F.,
  .F.,(2,2),(-5.0085E+03,-4.9745E+03),.PIECEWISE_BEZIER_KNOTS.);
#3890 = CARTESIAN_POINT('',(0.,-1.03E+03));
#3891 = CARTESIAN_POINT('',(34.,-1.03E+03));
#3892 = ( GEOMETRIC_REPRESENTATION_CONTEXT(2) 
PARAMETRIC_REPRESENTATION_CONTEXT() REPRESENTATION_CONTEXT('2D SPACE',''
  ) );
#3893 = ORIENTED_EDGE('',*,*,#3894,.T.);
#3894 = EDGE_CURVE('',#3869,#3895,#3897,.T.);
#3895 = VERTEX_POINT('',#3896);
#3896 = CARTESIAN_POINT('',(-7.,930.,-18.5));
#3897 = SURFACE_CURVE('',#3898,(#3903,#3914),.PCURVE_S1.);
#3898 = CIRCLE('',#3899,1.5);
#3899 = AXIS2_PLACEMENT_3D('',#3900,#3901,#3902);
#3900 = CARTESIAN_POINT('',(-7.,930.,-17.));
#3901 = DIRECTION('',(0.,-1.,0.));
#3902 = DIRECTION('',(-1.,0.,0.));
#3903 = PCURVE('',#3483,#3904);
#3904 = DEFINITIONAL_REPRESENTATION('',(#3905),#3913);
#3905 = ( BOUNDED_CURVE() B_SPLINE_CURVE(2,(#3906,#3907,#3908,#3909,
#3910,#3911,#3912),.UNSPECIFIED.,.T.,.F.) B_SPLINE_CURVE_WITH_KNOTS((1,2
    ,2,2,2,1),(-2.094395102393,0.,2.094395102393,4.188790204786,
6.28318530718,8.377580409573),.UNSPECIFIED.) CURVE() 
GEOMETRIC_REPRESENTATION_ITEM() RATIONAL_B_SPLINE_CURVE((1.,0.5,1.,0.5,
1.,0.5,1.)) REPRESENTATION_ITEM('') );
#3906 = CARTESIAN_POINT('',(9.983E+03,9.9815E+03));
#3907 = CARTESIAN_POINT('',(9.980401923789E+03,9.9815E+03));
#3908 = CARTESIAN_POINT('',(9.981700961894E+03,9.98375E+03));
#3909 = CARTESIAN_POINT('',(9.983E+03,9.986E+03));
#3910 = CARTESIAN_POINT('',(9.984299038106E+03,9.98375E+03));
#3911 = CARTESIAN_POINT('',(9.985598076211E+03,9.9815E+03));
#3912 = CARTESIAN_POINT('',(9.983E+03,9.9815E+03));
#3913 = ( GEOMETRIC_REPRESENTATION_CONTEXT(2) 
PARAMETRIC_REPRESENTATION_CONTEXT() REPRESENTATION_CONTEXT('2D SPACE',''
  ) );
#3914 = PCURVE('',#3915,#3920);
#3915 = CYLINDRICAL_SURFACE('',#3916,1.5);
#3916 = AXIS2_PLACEMENT_3D('',#3917,#3918,#3919);
#3917 = CARTESIAN_POINT('',(-7.,-100.,-17.));
#3918 = DIRECTION('',(0.,-1.,0.));
#3919 = DIRECTION('',(-1.,0.,0.));
#3920 = DEFINITIONAL_REPRESENTATION('',(#3921),#3925);
#3921 = LINE('',#3922,#3923);
#3922 = CARTESIAN_POINT('',(0.,-1.03E+03));
#3923 = VECTOR('',#3924,1.);
#3924 = DIRECTION('',(1.,0.));
#3925 = ( GEOMETRIC_REPRESENTATION_CONTEXT(2) 
PARAMETRIC_REPRESENTATION_CONTEXT() REPRESENTATION_CONTEXT('2D SPACE',''
  ) );
#3926 = ORIENTED_EDGE('',*,*,#3927,.T.);
#3927 = EDGE_CURVE('',#3895,#3928,#3930,.T.);
#3928 = VERTEX_POINT('',#3929);
#3929 = CARTESIAN_POINT('',(7.,930.,-18.5));
#3930 = SURFACE_CURVE('',#3931,(#3935,#3941),.PCURVE_S1.);
#3931 = LINE('',#3932,#3933);
#3932 = CARTESIAN_POINT('',(-4.9985E+03,930.,-18.5));
#3933 = VECTOR('',#3934,1.);
#3934 = DIRECTION('',(1.,-0.,0.));
#3935 = PCURVE('',#3483,#3936);
#3936 = DEFINITIONAL_REPRESENTATION('',(#3937),#3940);
#3937 = B_SPLINE_CURVE_WITH_KNOTS('',1,(#3938,#3939),.UNSPECIFIED.,.F.,
  .F.,(2,2),(4.9915E+03,5.0055E+03),.PIECEWISE_BEZIER_KNOTS.);
#3938 = CARTESIAN_POINT('',(9.9815E+03,9.983E+03));
#3939 = CARTESIAN_POINT('',(9.9815E+03,9.997E+03));
#3940 = ( GEOMETRIC_REPRESENTATION_CONTEXT(2) 
PARAMETRIC_REPRESENTATION_CONTEXT() REPRESENTATION_CONTEXT('2D SPACE',''
  ) );
#3941 = PCURVE('',#3942,#3947);
#3942 = PLANE('',#3943);
#3943 = AXIS2_PLACEMENT_3D('',#3944,#3945,#3946);
#3944 = CARTESIAN_POINT('',(-7.,-100.,-18.5));
#3945 = DIRECTION('',(0.,0.,-1.));
#3946 = DIRECTION('',(1.,0.,0.));
#3947 = DEFINITIONAL_REPRESENTATION('',(#3948),#3951);
#3948 = B_SPLINE_CURVE_WITH_KNOTS('',1,(#3949,#3950),.UNSPECIFIED.,.F.,
  .F.,(2,2),(4.9915E+03,5.0055E+03),.PIECEWISE_BEZIER_KNOTS.);
#3949 = CARTESIAN_POINT('',(0.,-1.03E+03));
#3950 = CARTESIAN_POINT('',(14.,-1.03E+03));
#3951 = ( GEOMETRIC_REPRESENTATION_CONTEXT(2) 
PARAMETRIC_REPRESENTATION_CONTEXT() REPRESENTATION_CONTEXT('2D SPACE',''
  ) );
#3952 = ORIENTED_EDGE('',*,*,#3953,.T.);
#3953 = EDGE_CURVE('',#3928,#3749,#3954,.T.);
#3954 = SURFACE_CURVE('',#3955,(#3960,#3971),.PCURVE_S1.);
#3955 = CIRCLE('',#3956,1.5);
#3956 = AXIS2_PLACEMENT_3D('',#3957,#3958,#3959);
#3957 = CARTESIAN_POINT('',(7.,930.,-17.));
#3958 = DIRECTION('',(0.,-1.,0.));
#3959 = DIRECTION('',(-1.184237892934E-15,-0.,-1.));
#3960 = PCURVE('',#3483,#3961);
#3961 = DEFINITIONAL_REPRESENTATION('',(#3962),#3970);
#3962 = ( BOUNDED_CURVE() B_SPLINE_CURVE(2,(#3963,#3964,#3965,#3966,
#3967,#3968,#3969),.UNSPECIFIED.,.T.,.F.) B_SPLINE_CURVE_WITH_KNOTS((1,2
    ,2,2,2,1),(-2.094395102393,0.,2.094395102393,4.188790204786,
6.28318530718,8.377580409573),.UNSPECIFIED.) CURVE() 
GEOMETRIC_REPRESENTATION_ITEM() RATIONAL_B_SPLINE_CURVE((1.,0.5,1.,0.5,
1.,0.5,1.)) REPRESENTATION_ITEM('') );
#3963 = CARTESIAN_POINT('',(9.9815E+03,9.997E+03));
#3964 = CARTESIAN_POINT('',(9.9815E+03,9.999598076211E+03));
#3965 = CARTESIAN_POINT('',(9.98375E+03,9.998299038106E+03));
#3966 = CARTESIAN_POINT('',(9.986E+03,9.997E+03));
#3967 = CARTESIAN_POINT('',(9.98375E+03,9.995700961894E+03));
#3968 = CARTESIAN_POINT('',(9.9815E+03,9.994401923789E+03));
#3969 = CARTESIAN_POINT('',(9.9815E+03,9.997E+03));
#3970 = ( GEOMETRIC_REPRESENTATION_CONTEXT(2) 
PARAMETRIC_REPRESENTATION_CONTEXT() REPRESENTATION_CONTEXT('2D SPACE',''
  ) );
#3971 = PCURVE('',#3972,#3977);
#3972 = CYLINDRICAL_SURFACE('',#3973,1.5);
#3973 = AXIS2_PLACEMENT_3D('',#3974,#3975,#3976);
#3974 = CARTESIAN_POINT('',(7.,-100.,-17.));
#3975 = DIRECTION('',(0.,-1.,0.));
#3976 = DIRECTION('',(-1.184237892934E-15,-0.,-1.));
#3977 = DEFINITIONAL_REPRESENTATION('',(#3978),#3982);
#3978 = LINE('',#3979,#3980);
#3979 = CARTESIAN_POINT('',(0.,-1.03E+03));
#3980 = VECTOR('',#3981,1.);
#3981 = DIRECTION('',(1.,0.));
#3982 = ( GEOMETRIC_REPRESENTATION_CONTEXT(2) 
PARAMETRIC_REPRESENTATION_CONTEXT() REPRESENTATION_CONTEXT('2D SPACE',''
  ) );
#3983 = ADVANCED_FACE('',(#3984),#3458,.T.);
#3984 = FACE_BOUND('',#3985,.T.);
#3985 = EDGE_LOOP('',(#3986,#4010,#4031,#4032));
#3986 = ORIENTED_EDGE('',*,*,#3987,.F.);
#3987 = EDGE_CURVE('',#3988,#3417,#3990,.T.);
#3988 = VERTEX_POINT('',#3989);
#3989 = CARTESIAN_POINT('',(7.,0.,-20.));
#3990 = SURFACE_CURVE('',#3991,(#3996,#4003),.PCURVE_S1.);
#3991 = CIRCLE('',#3992,3.);
#3992 = AXIS2_PLACEMENT_3D('',#3993,#3994,#3995);
#3993 = CARTESIAN_POINT('',(7.,0.,-17.));
#3994 = DIRECTION('',(0.,-1.,0.));
#3995 = DIRECTION('',(5.921189464668E-16,0.,-1.));
#3996 = PCURVE('',#3458,#3997);
#3997 = DEFINITIONAL_REPRESENTATION('',(#3998),#4002);
#3998 = LINE('',#3999,#4000);
#3999 = CARTESIAN_POINT('',(0.,-100.));
#4000 = VECTOR('',#4001,1.);
#4001 = DIRECTION('',(1.,0.));
#4002 = ( GEOMETRIC_REPRESENTATION_CONTEXT(2) 
PARAMETRIC_REPRESENTATION_CONTEXT() REPRESENTATION_CONTEXT('2D SPACE',''
  ) );
#4003 = PCURVE('',#3431,#4004);
#4004 = DEFINITIONAL_REPRESENTATION('',(#4005),#4009);
#4005 = CIRCLE('',#4006,3.);
#4006 = AXIS2_PLACEMENT_2D('',#4007,#4008);
#4007 = CARTESIAN_POINT('',(1.0017E+04,9.997E+03));
#4008 = DIRECTION('',(1.,5.921189464668E-16));
#4009 = ( GEOMETRIC_REPRESENTATION_CONTEXT(2) 
PARAMETRIC_REPRESENTATION_CONTEXT() REPRESENTATION_CONTEXT('2D SPACE',''
  ) );
#4010 = ORIENTED_EDGE('',*,*,#4011,.T.);
#4011 = EDGE_CURVE('',#3988,#3581,#4012,.T.);
#4012 = SURFACE_CURVE('',#4013,(#4017,#4024),.PCURVE_S1.);
#4013 = LINE('',#4014,#4015);
#4014 = CARTESIAN_POINT('',(7.,-100.,-20.));
#4015 = VECTOR('',#4016,1.);
#4016 = DIRECTION('',(0.,1.,0.));
#4017 = PCURVE('',#3458,#4018);
#4018 = DEFINITIONAL_REPRESENTATION('',(#4019),#4023);
#4019 = LINE('',#4020,#4021);
#4020 = CARTESIAN_POINT('',(0.,0.));
#4021 = VECTOR('',#4022,1.);
#4022 = DIRECTION('',(0.,-1.));
#4023 = ( GEOMETRIC_REPRESENTATION_CONTEXT(2) 
PARAMETRIC_REPRESENTATION_CONTEXT() REPRESENTATION_CONTEXT('2D SPACE',''
  ) );
#4024 = PCURVE('',#3623,#4025);
#4025 = DEFINITIONAL_REPRESENTATION('',(#4026),#4030);
#4026 = LINE('',#4027,#4028);
#4027 = CARTESIAN_POINT('',(14.,0.));
#4028 = VECTOR('',#4029,1.);
#4029 = DIRECTION('',(0.,-1.));
#4030 = ( GEOMETRIC_REPRESENTATION_CONTEXT(2) 
PARAMETRIC_REPRESENTATION_CONTEXT() REPRESENTATION_CONTEXT('2D SPACE',''
  ) );
#4031 = ORIENTED_EDGE('',*,*,#3580,.T.);
#4032 = ORIENTED_EDGE('',*,*,#3442,.F.);
#4033 = ADVANCED_FACE('',(#4034,#4148),#3431,.T.);
#4034 = FACE_BOUND('',#4035,.T.);
#4035 = EDGE_LOOP('',(#4036,#4037,#4038,#4059,#4083,#4104,#4128,#4147));
#4036 = ORIENTED_EDGE('',*,*,#3416,.F.);
#4037 = ORIENTED_EDGE('',*,*,#3497,.T.);
#4038 = ORIENTED_EDGE('',*,*,#4039,.F.);
#4039 = EDGE_CURVE('',#4040,#3498,#4042,.T.);
#4040 = VERTEX_POINT('',#4041);
#4041 = CARTESIAN_POINT('',(-7.,0.,20.));
#4042 = SURFACE_CURVE('',#4043,(#4047,#4053),.PCURVE_S1.);
#4043 = LINE('',#4044,#4045);
#4044 = CARTESIAN_POINT('',(-4.9915E+03,0.,20.));
#4045 = VECTOR('',#4046,1.);
#4046 = DIRECTION('',(1.,0.,0.));
#4047 = PCURVE('',#3431,#4048);
#4048 = DEFINITIONAL_REPRESENTATION('',(#4049),#4052);
#4049 = B_SPLINE_CURVE_WITH_KNOTS('',1,(#4050,#4051),.UNSPECIFIED.,.F.,
  .F.,(2,2),(4.9845E+03,4.9985E+03),.PIECEWISE_BEZIER_KNOTS.);
#4050 = CARTESIAN_POINT('',(9.98E+03,9.983E+03));
#4051 = CARTESIAN_POINT('',(9.98E+03,9.997E+03));
#4052 = ( GEOMETRIC_REPRESENTATION_CONTEXT(2) 
PARAMETRIC_REPRESENTATION_CONTEXT() REPRESENTATION_CONTEXT('2D SPACE',''
  ) );
#4053 = PCURVE('',#3564,#4054);
#4054 = DEFINITIONAL_REPRESENTATION('',(#4055),#4058);
#4055 = B_SPLINE_CURVE_WITH_KNOTS('',1,(#4056,#4057),.UNSPECIFIED.,.F.,
  .F.,(2,2),(4.9845E+03,4.9985E+03),.PIECEWISE_BEZIER_KNOTS.);
#4056 = CARTESIAN_POINT('',(14.,-100.));
#4057 = CARTESIAN_POINT('',(0.,-100.));
#4058 = ( GEOMETRIC_REPRESENTATION_CONTEXT(2) 
PARAMETRIC_REPRESENTATION_CONTEXT() REPRESENTATION_CONTEXT('2D SPACE',''
  ) );
#4059 = ORIENTED_EDGE('',*,*,#4060,.T.);
#4060 = EDGE_CURVE('',#4040,#4061,#4063,.T.);
#4061 = VERTEX_POINT('',#4062);
#4062 = CARTESIAN_POINT('',(-10.,0.,17.));
#4063 = SURFACE_CURVE('',#4064,(#4069,#4076),.PCURVE_S1.);
#4064 = CIRCLE('',#4065,3.);
#4065 = AXIS2_PLACEMENT_3D('',#4066,#4067,#4068);
#4066 = CARTESIAN_POINT('',(-7.,0.,17.));
#4067 = DIRECTION('',(0.,-1.,0.));
#4068 = DIRECTION('',(-5.921189464668E-16,0.,1.));
#4069 = PCURVE('',#3431,#4070);
#4070 = DEFINITIONAL_REPRESENTATION('',(#4071),#4075);
#4071 = CIRCLE('',#4072,3.);
#4072 = AXIS2_PLACEMENT_2D('',#4073,#4074);
#4073 = CARTESIAN_POINT('',(9.983E+03,9.983E+03));
#4074 = DIRECTION('',(-1.,-5.921189464668E-16));
#4075 = ( GEOMETRIC_REPRESENTATION_CONTEXT(2) 
PARAMETRIC_REPRESENTATION_CONTEXT() REPRESENTATION_CONTEXT('2D SPACE',''
  ) );
#4076 = PCURVE('',#3714,#4077);
#4077 = DEFINITIONAL_REPRESENTATION('',(#4078),#4082);
#4078 = LINE('',#4079,#4080);
#4079 = CARTESIAN_POINT('',(0.,-100.));
#4080 = VECTOR('',#4081,1.);
#4081 = DIRECTION('',(1.,0.));
#4082 = ( GEOMETRIC_REPRESENTATION_CONTEXT(2) 
PARAMETRIC_REPRESENTATION_CONTEXT() REPRESENTATION_CONTEXT('2D SPACE',''
  ) );
#4083 = ORIENTED_EDGE('',*,*,#4084,.F.);
#4084 = EDGE_CURVE('',#4085,#4061,#4087,.T.);
#4085 = VERTEX_POINT('',#4086);
#4086 = CARTESIAN_POINT('',(-10.,0.,-17.));
#4087 = SURFACE_CURVE('',#4088,(#4092,#4098),.PCURVE_S1.);
#4088 = LINE('',#4089,#4090);
#4089 = CARTESIAN_POINT('',(-10.,0.,5.0085E+03));
#4090 = VECTOR('',#4091,1.);
#4091 = DIRECTION('',(0.,0.,1.));
#4092 = PCURVE('',#3431,#4093);
#4093 = DEFINITIONAL_REPRESENTATION('',(#4094),#4097);
#4094 = B_SPLINE_CURVE_WITH_KNOTS('',1,(#4095,#4096),.UNSPECIFIED.,.F.,
  .F.,(2,2),(-5.0255E+03,-4.9915E+03),.PIECEWISE_BEZIER_KNOTS.);
#4095 = CARTESIAN_POINT('',(1.0017E+04,9.98E+03));
#4096 = CARTESIAN_POINT('',(9.983E+03,9.98E+03));
#4097 = ( GEOMETRIC_REPRESENTATION_CONTEXT(2) 
PARAMETRIC_REPRESENTATION_CONTEXT() REPRESENTATION_CONTEXT('2D SPACE',''
  ) );
#4098 = PCURVE('',#3682,#4099);
#4099 = DEFINITIONAL_REPRESENTATION('',(#4100),#4103);
#4100 = B_SPLINE_CURVE_WITH_KNOTS('',1,(#4101,#4102),.UNSPECIFIED.,.F.,
  .F.,(2,2),(-5.0255E+03,-4.9915E+03),.PIECEWISE_BEZIER_KNOTS.);
#4101 = CARTESIAN_POINT('',(34.,-100.));
#4102 = CARTESIAN_POINT('',(0.,-100.));
#4103 = ( GEOMETRIC_REPRESENTATION_CONTEXT(2) 
PARAMETRIC_REPRESENTATION_CONTEXT() REPRESENTATION_CONTEXT('2D SPACE',''
  ) );
#4104 = ORIENTED_EDGE('',*,*,#4105,.T.);
#4105 = EDGE_CURVE('',#4085,#4106,#4108,.T.);
#4106 = VERTEX_POINT('',#4107);
#4107 = CARTESIAN_POINT('',(-7.,0.,-20.));
#4108 = SURFACE_CURVE('',#4109,(#4114,#4121),.PCURVE_S1.);
#4109 = CIRCLE('',#4110,3.);
#4110 = AXIS2_PLACEMENT_3D('',#4111,#4112,#4113);
#4111 = CARTESIAN_POINT('',(-7.,0.,-17.));
#4112 = DIRECTION('',(0.,-1.,0.));
#4113 = DIRECTION('',(-1.,0.,0.));
#4114 = PCURVE('',#3431,#4115);
#4115 = DEFINITIONAL_REPRESENTATION('',(#4116),#4120);
#4116 = CIRCLE('',#4117,3.);
#4117 = AXIS2_PLACEMENT_2D('',#4118,#4119);
#4118 = CARTESIAN_POINT('',(1.0017E+04,9.983E+03));
#4119 = DIRECTION('',(0.,-1.));
#4120 = ( GEOMETRIC_REPRESENTATION_CONTEXT(2) 
PARAMETRIC_REPRESENTATION_CONTEXT() REPRESENTATION_CONTEXT('2D SPACE',''
  ) );
#4121 = PCURVE('',#3655,#4122);
#4122 = DEFINITIONAL_REPRESENTATION('',(#4123),#4127);
#4123 = LINE('',#4124,#4125);
#4124 = CARTESIAN_POINT('',(0.,-100.));
#4125 = VECTOR('',#4126,1.);
#4126 = DIRECTION('',(1.,0.));
#4127 = ( GEOMETRIC_REPRESENTATION_CONTEXT(2) 
PARAMETRIC_REPRESENTATION_CONTEXT() REPRESENTATION_CONTEXT('2D SPACE',''
  ) );
#4128 = ORIENTED_EDGE('',*,*,#4129,.F.);
#4129 = EDGE_CURVE('',#3988,#4106,#4130,.T.);
#4130 = SURFACE_CURVE('',#4131,(#4135,#4141),.PCURVE_S1.);
#4131 = LINE('',#4132,#4133);
#4132 = CARTESIAN_POINT('',(-4.9985E+03,0.,-20.));
#4133 = VECTOR('',#4134,1.);
#4134 = DIRECTION('',(-1.,-0.,-0.));
#4135 = PCURVE('',#3431,#4136);
#4136 = DEFINITIONAL_REPRESENTATION('',(#4137),#4140);
#4137 = B_SPLINE_CURVE_WITH_KNOTS('',1,(#4138,#4139),.UNSPECIFIED.,.F.,
  .F.,(2,2),(-5.0055E+03,-4.9915E+03),.PIECEWISE_BEZIER_KNOTS.);
#4138 = CARTESIAN_POINT('',(1.002E+04,9.997E+03));
#4139 = CARTESIAN_POINT('',(1.002E+04,9.983E+03));
#4140 = ( GEOMETRIC_REPRESENTATION_CONTEXT(2) 
PARAMETRIC_REPRESENTATION_CONTEXT() REPRESENTATION_CONTEXT('2D SPACE',''
  ) );
#4141 = PCURVE('',#3623,#4142);
#4142 = DEFINITIONAL_REPRESENTATION('',(#4143),#4146);
#4143 = B_SPLINE_CURVE_WITH_KNOTS('',1,(#4144,#4145),.UNSPECIFIED.,.F.,
  .F.,(2,2),(-5.0055E+03,-4.9915E+03),.PIECEWISE_BEZIER_KNOTS.);
#4144 = CARTESIAN_POINT('',(14.,-100.));
#4145 = CARTESIAN_POINT('',(0.,-100.));
#4146 = ( GEOMETRIC_REPRESENTATION_CONTEXT(2) 
PARAMETRIC_REPRESENTATION_CONTEXT() REPRESENTATION_CONTEXT('2D SPACE',''
  ) );
#4147 = ORIENTED_EDGE('',*,*,#3987,.T.);
#4148 = FACE_BOUND('',#4149,.T.);
#4149 = EDGE_LOOP('',(#4150,#4176,#4197,#4221,#4242,#4266,#4287,#4311));
#4150 = ORIENTED_EDGE('',*,*,#4151,.F.);
#4151 = EDGE_CURVE('',#4152,#4154,#4156,.T.);
#4152 = VERTEX_POINT('',#4153);
#4153 = CARTESIAN_POINT('',(8.5,0.,17.));
#4154 = VERTEX_POINT('',#4155);
#4155 = CARTESIAN_POINT('',(7.,0.,18.5));
#4156 = SURFACE_CURVE('',#4157,(#4162,#4169),.PCURVE_S1.);
#4157 = CIRCLE('',#4158,1.5);
#4158 = AXIS2_PLACEMENT_3D('',#4159,#4160,#4161);
#4159 = CARTESIAN_POINT('',(7.,0.,17.));
#4160 = DIRECTION('',(0.,-1.,0.));
#4161 = DIRECTION('',(1.,0.,0.));
#4162 = PCURVE('',#3431,#4163);
#4163 = DEFINITIONAL_REPRESENTATION('',(#4164),#4168);
#4164 = CIRCLE('',#4165,1.5);
#4165 = AXIS2_PLACEMENT_2D('',#4166,#4167);
#4166 = CARTESIAN_POINT('',(9.983E+03,9.997E+03));
#4167 = DIRECTION('',(0.,1.));
#4168 = ( GEOMETRIC_REPRESENTATION_CONTEXT(2) 
PARAMETRIC_REPRESENTATION_CONTEXT() REPRESENTATION_CONTEXT('2D SPACE',''
  ) );
#4169 = PCURVE('',#3797,#4170);
#4170 = DEFINITIONAL_REPRESENTATION('',(#4171),#4175);
#4171 = LINE('',#4172,#4173);
#4172 = CARTESIAN_POINT('',(0.,-100.));
#4173 = VECTOR('',#4174,1.);
#4174 = DIRECTION('',(1.,0.));
#4175 = ( GEOMETRIC_REPRESENTATION_CONTEXT(2) 
PARAMETRIC_REPRESENTATION_CONTEXT() REPRESENTATION_CONTEXT('2D SPACE',''
  ) );
#4176 = ORIENTED_EDGE('',*,*,#4177,.T.);
#4177 = EDGE_CURVE('',#4152,#4178,#4180,.T.);
#4178 = VERTEX_POINT('',#4179);
#4179 = CARTESIAN_POINT('',(8.5,0.,-17.));
#4180 = SURFACE_CURVE('',#4181,(#4185,#4191),.PCURVE_S1.);
#4181 = LINE('',#4182,#4183);
#4182 = CARTESIAN_POINT('',(8.5,0.,4.9915E+03));
#4183 = VECTOR('',#4184,1.);
#4184 = DIRECTION('',(0.,0.,-1.));
#4185 = PCURVE('',#3431,#4186);
#4186 = DEFINITIONAL_REPRESENTATION('',(#4187),#4190);
#4187 = B_SPLINE_CURVE_WITH_KNOTS('',1,(#4188,#4189),.UNSPECIFIED.,.F.,
  .F.,(2,2),(4.9745E+03,5.0085E+03),.PIECEWISE_BEZIER_KNOTS.);
#4188 = CARTESIAN_POINT('',(9.983E+03,9.9985E+03));
#4189 = CARTESIAN_POINT('',(1.0017E+04,9.9985E+03));
#4190 = ( GEOMETRIC_REPRESENTATION_CONTEXT(2) 
PARAMETRIC_REPRESENTATION_CONTEXT() REPRESENTATION_CONTEXT('2D SPACE',''
  ) );
#4191 = PCURVE('',#3765,#4192);
#4192 = DEFINITIONAL_REPRESENTATION('',(#4193),#4196);
#4193 = B_SPLINE_CURVE_WITH_KNOTS('',1,(#4194,#4195),.UNSPECIFIED.,.F.,
  .F.,(2,2),(4.9745E+03,5.0085E+03),.PIECEWISE_BEZIER_KNOTS.);
#4194 = CARTESIAN_POINT('',(34.,-100.));
#4195 = CARTESIAN_POINT('',(0.,-100.));
#4196 = ( GEOMETRIC_REPRESENTATION_CONTEXT(2) 
PARAMETRIC_REPRESENTATION_CONTEXT() REPRESENTATION_CONTEXT('2D SPACE',''
  ) );
#4197 = ORIENTED_EDGE('',*,*,#4198,.F.);
#4198 = EDGE_CURVE('',#4199,#4178,#4201,.T.);
#4199 = VERTEX_POINT('',#4200);
#4200 = CARTESIAN_POINT('',(7.,0.,-18.5));
#4201 = SURFACE_CURVE('',#4202,(#4207,#4214),.PCURVE_S1.);
#4202 = CIRCLE('',#4203,1.5);
#4203 = AXIS2_PLACEMENT_3D('',#4204,#4205,#4206);
#4204 = CARTESIAN_POINT('',(7.,0.,-17.));
#4205 = DIRECTION('',(0.,-1.,0.));
#4206 = DIRECTION('',(-1.184237892934E-15,-0.,-1.));
#4207 = PCURVE('',#3431,#4208);
#4208 = DEFINITIONAL_REPRESENTATION('',(#4209),#4213);
#4209 = CIRCLE('',#4210,1.5);
#4210 = AXIS2_PLACEMENT_2D('',#4211,#4212);
#4211 = CARTESIAN_POINT('',(1.0017E+04,9.997E+03));
#4212 = DIRECTION('',(1.,-1.184237892934E-15));
#4213 = ( GEOMETRIC_REPRESENTATION_CONTEXT(2) 
PARAMETRIC_REPRESENTATION_CONTEXT() REPRESENTATION_CONTEXT('2D SPACE',''
  ) );
#4214 = PCURVE('',#3972,#4215);
#4215 = DEFINITIONAL_REPRESENTATION('',(#4216),#4220);
#4216 = LINE('',#4217,#4218);
#4217 = CARTESIAN_POINT('',(0.,-100.));
#4218 = VECTOR('',#4219,1.);
#4219 = DIRECTION('',(1.,0.));
#4220 = ( GEOMETRIC_REPRESENTATION_CONTEXT(2) 
PARAMETRIC_REPRESENTATION_CONTEXT() REPRESENTATION_CONTEXT('2D SPACE',''
  ) );
#4221 = ORIENTED_EDGE('',*,*,#4222,.T.);
#4222 = EDGE_CURVE('',#4199,#4223,#4225,.T.);
#4223 = VERTEX_POINT('',#4224);
#4224 = CARTESIAN_POINT('',(-7.,0.,-18.5));
#4225 = SURFACE_CURVE('',#4226,(#4230,#4236),.PCURVE_S1.);
#4226 = LINE('',#4227,#4228);
#4227 = CARTESIAN_POINT('',(-4.9985E+03,0.,-18.5));
#4228 = VECTOR('',#4229,1.);
#4229 = DIRECTION('',(-1.,-0.,-0.));
#4230 = PCURVE('',#3431,#4231);
#4231 = DEFINITIONAL_REPRESENTATION('',(#4232),#4235);
#4232 = B_SPLINE_CURVE_WITH_KNOTS('',1,(#4233,#4234),.UNSPECIFIED.,.F.,
  .F.,(2,2),(-5.0055E+03,-4.9915E+03),.PIECEWISE_BEZIER_KNOTS.);
#4233 = CARTESIAN_POINT('',(1.00185E+04,9.997E+03));
#4234 = CARTESIAN_POINT('',(1.00185E+04,9.983E+03));
#4235 = ( GEOMETRIC_REPRESENTATION_CONTEXT(2) 
PARAMETRIC_REPRESENTATION_CONTEXT() REPRESENTATION_CONTEXT('2D SPACE',''
  ) );
#4236 = PCURVE('',#3942,#4237);
#4237 = DEFINITIONAL_REPRESENTATION('',(#4238),#4241);
#4238 = B_SPLINE_CURVE_WITH_KNOTS('',1,(#4239,#4240),.UNSPECIFIED.,.F.,
  .F.,(2,2),(-5.0055E+03,-4.9915E+03),.PIECEWISE_BEZIER_KNOTS.);
#4239 = CARTESIAN_POINT('',(14.,-100.));
#4240 = CARTESIAN_POINT('',(0.,-100.));
#4241 = ( GEOMETRIC_REPRESENTATION_CONTEXT(2) 
PARAMETRIC_REPRESENTATION_CONTEXT() REPRESENTATION_CONTEXT('2D SPACE',''
  ) );
#4242 = ORIENTED_EDGE('',*,*,#4243,.F.);
#4243 = EDGE_CURVE('',#4244,#4223,#4246,.T.);
#4244 = VERTEX_POINT('',#4245);
#4245 = CARTESIAN_POINT('',(-8.5,0.,-17.));
#4246 = SURFACE_CURVE('',#4247,(#4252,#4259),.PCURVE_S1.);
#4247 = CIRCLE('',#4248,1.5);
#4248 = AXIS2_PLACEMENT_3D('',#4249,#4250,#4251);
#4249 = CARTESIAN_POINT('',(-7.,0.,-17.));
#4250 = DIRECTION('',(0.,-1.,0.));
#4251 = DIRECTION('',(-1.,0.,0.));
#4252 = PCURVE('',#3431,#4253);
#4253 = DEFINITIONAL_REPRESENTATION('',(#4254),#4258);
#4254 = CIRCLE('',#4255,1.5);
#4255 = AXIS2_PLACEMENT_2D('',#4256,#4257);
#4256 = CARTESIAN_POINT('',(1.0017E+04,9.983E+03));
#4257 = DIRECTION('',(0.,-1.));
#4258 = ( GEOMETRIC_REPRESENTATION_CONTEXT(2) 
PARAMETRIC_REPRESENTATION_CONTEXT() REPRESENTATION_CONTEXT('2D SPACE',''
  ) );
#4259 = PCURVE('',#3915,#4260);
#4260 = DEFINITIONAL_REPRESENTATION('',(#4261),#4265);
#4261 = LINE('',#4262,#4263);
#4262 = CARTESIAN_POINT('',(0.,-100.));
#4263 = VECTOR('',#4264,1.);
#4264 = DIRECTION('',(1.,0.));
#4265 = ( GEOMETRIC_REPRESENTATION_CONTEXT(2) 
PARAMETRIC_REPRESENTATION_CONTEXT() REPRESENTATION_CONTEXT('2D SPACE',''
  ) );
#4266 = ORIENTED_EDGE('',*,*,#4267,.T.);
#4267 = EDGE_CURVE('',#4244,#4268,#4270,.T.);
#4268 = VERTEX_POINT('',#4269);
#4269 = CARTESIAN_POINT('',(-8.5,0.,17.));
#4270 = SURFACE_CURVE('',#4271,(#4275,#4281),.PCURVE_S1.);
#4271 = LINE('',#4272,#4273);
#4272 = CARTESIAN_POINT('',(-8.5,0.,5.0085E+03));
#4273 = VECTOR('',#4274,1.);
#4274 = DIRECTION('',(0.,0.,1.));
#4275 = PCURVE('',#3431,#4276);
#4276 = DEFINITIONAL_REPRESENTATION('',(#4277),#4280);
#4277 = B_SPLINE_CURVE_WITH_KNOTS('',1,(#4278,#4279),.UNSPECIFIED.,.F.,
  .F.,(2,2),(-5.0255E+03,-4.9915E+03),.PIECEWISE_BEZIER_KNOTS.);
#4278 = CARTESIAN_POINT('',(1.0017E+04,9.9815E+03));
#4279 = CARTESIAN_POINT('',(9.983E+03,9.9815E+03));
#4280 = ( GEOMETRIC_REPRESENTATION_CONTEXT(2) 
PARAMETRIC_REPRESENTATION_CONTEXT() REPRESENTATION_CONTEXT('2D SPACE',''
  ) );
#4281 = PCURVE('',#3883,#4282);
#4282 = DEFINITIONAL_REPRESENTATION('',(#4283),#4286);
#4283 = B_SPLINE_CURVE_WITH_KNOTS('',1,(#4284,#4285),.UNSPECIFIED.,.F.,
  .F.,(2,2),(-5.0255E+03,-4.9915E+03),.PIECEWISE_BEZIER_KNOTS.);
#4284 = CARTESIAN_POINT('',(34.,-100.));
#4285 = CARTESIAN_POINT('',(0.,-100.));
#4286 = ( GEOMETRIC_REPRESENTATION_CONTEXT(2) 
PARAMETRIC_REPRESENTATION_CONTEXT() REPRESENTATION_CONTEXT('2D SPACE',''
  ) );
#4287 = ORIENTED_EDGE('',*,*,#4288,.F.);
#4288 = EDGE_CURVE('',#4289,#4268,#4291,.T.);
#4289 = VERTEX_POINT('',#4290);
#4290 = CARTESIAN_POINT('',(-7.,0.,18.5));
#4291 = SURFACE_CURVE('',#4292,(#4297,#4304),.PCURVE_S1.);
#4292 = CIRCLE('',#4293,1.5);
#4293 = AXIS2_PLACEMENT_3D('',#4294,#4295,#4296);
#4294 = CARTESIAN_POINT('',(-7.,0.,17.));
#4295 = DIRECTION('',(0.,-1.,0.));
#4296 = DIRECTION('',(1.184237892934E-15,0.,1.));
#4297 = PCURVE('',#3431,#4298);
#4298 = DEFINITIONAL_REPRESENTATION('',(#4299),#4303);
#4299 = CIRCLE('',#4300,1.5);
#4300 = AXIS2_PLACEMENT_2D('',#4301,#4302);
#4301 = CARTESIAN_POINT('',(9.983E+03,9.983E+03));
#4302 = DIRECTION('',(-1.,1.184237892934E-15));
#4303 = ( GEOMETRIC_REPRESENTATION_CONTEXT(2) 
PARAMETRIC_REPRESENTATION_CONTEXT() REPRESENTATION_CONTEXT('2D SPACE',''
  ) );
#4304 = PCURVE('',#3856,#4305);
#4305 = DEFINITIONAL_REPRESENTATION('',(#4306),#4310);
#4306 = LINE('',#4307,#4308);
#4307 = CARTESIAN_POINT('',(0.,-100.));
#4308 = VECTOR('',#4309,1.);
#4309 = DIRECTION('',(1.,0.));
#4310 = ( GEOMETRIC_REPRESENTATION_CONTEXT(2) 
PARAMETRIC_REPRESENTATION_CONTEXT() REPRESENTATION_CONTEXT('2D SPACE',''
  ) );
#4311 = ORIENTED_EDGE('',*,*,#4312,.T.);
#4312 = EDGE_CURVE('',#4289,#4154,#4313,.T.);
#4313 = SURFACE_CURVE('',#4314,(#4318,#4324),.PCURVE_S1.);
#4314 = LINE('',#4315,#4316);
#4315 = CARTESIAN_POINT('',(-4.9915E+03,0.,18.5));
#4316 = VECTOR('',#4317,1.);
#4317 = DIRECTION('',(1.,0.,0.));
#4318 = PCURVE('',#3431,#4319);
#4319 = DEFINITIONAL_REPRESENTATION('',(#4320),#4323);
#4320 = B_SPLINE_CURVE_WITH_KNOTS('',1,(#4321,#4322),.UNSPECIFIED.,.F.,
  .F.,(2,2),(4.9845E+03,4.9985E+03),.PIECEWISE_BEZIER_KNOTS.);
#4321 = CARTESIAN_POINT('',(9.9815E+03,9.983E+03));
#4322 = CARTESIAN_POINT('',(9.9815E+03,9.997E+03));
#4323 = ( GEOMETRIC_REPRESENTATION_CONTEXT(2) 
PARAMETRIC_REPRESENTATION_CONTEXT() REPRESENTATION_CONTEXT('2D SPACE',''
  ) );
#4324 = PCURVE('',#3824,#4325);
#4325 = DEFINITIONAL_REPRESENTATION('',(#4326),#4329);
#4326 = B_SPLINE_CURVE_WITH_KNOTS('',1,(#4327,#4328),.UNSPECIFIED.,.F.,
  .F.,(2,2),(4.9845E+03,4.9985E+03),.PIECEWISE_BEZIER_KNOTS.);
#4327 = CARTESIAN_POINT('',(14.,-100.));
#4328 = CARTESIAN_POINT('',(0.,-100.));
#4329 = ( GEOMETRIC_REPRESENTATION_CONTEXT(2) 
PARAMETRIC_REPRESENTATION_CONTEXT() REPRESENTATION_CONTEXT('2D SPACE',''
  ) );
#4330 = ADVANCED_FACE('',(#4331),#3564,.T.);
#4331 = FACE_BOUND('',#4332,.T.);
#4332 = EDGE_LOOP('',(#4333,#4354,#4355,#4356));
#4333 = ORIENTED_EDGE('',*,*,#4334,.F.);
#4334 = EDGE_CURVE('',#4040,#3694,#4335,.T.);
#4335 = SURFACE_CURVE('',#4336,(#4340,#4347),.PCURVE_S1.);
#4336 = LINE('',#4337,#4338);
#4337 = CARTESIAN_POINT('',(-7.,-100.,20.));
#4338 = VECTOR('',#4339,1.);
#4339 = DIRECTION('',(0.,1.,0.));
#4340 = PCURVE('',#3564,#4341);
#4341 = DEFINITIONAL_REPRESENTATION('',(#4342),#4346);
#4342 = LINE('',#4343,#4344);
#4343 = CARTESIAN_POINT('',(14.,0.));
#4344 = VECTOR('',#4345,1.);
#4345 = DIRECTION('',(0.,-1.));
#4346 = ( GEOMETRIC_REPRESENTATION_CONTEXT(2) 
PARAMETRIC_REPRESENTATION_CONTEXT() REPRESENTATION_CONTEXT('2D SPACE',''
  ) );
#4347 = PCURVE('',#3714,#4348);
#4348 = DEFINITIONAL_REPRESENTATION('',(#4349),#4353);
#4349 = LINE('',#4350,#4351);
#4350 = CARTESIAN_POINT('',(0.,0.));
#4351 = VECTOR('',#4352,1.);
#4352 = DIRECTION('',(0.,-1.));
#4353 = ( GEOMETRIC_REPRESENTATION_CONTEXT(2) 
PARAMETRIC_REPRESENTATION_CONTEXT() REPRESENTATION_CONTEXT('2D SPACE',''
  ) );
#4354 = ORIENTED_EDGE('',*,*,#4039,.T.);
#4355 = ORIENTED_EDGE('',*,*,#3550,.T.);
#4356 = ORIENTED_EDGE('',*,*,#3726,.T.);
#4357 = ADVANCED_FACE('',(#4358),#3714,.T.);
#4358 = FACE_BOUND('',#4359,.T.);
#4359 = EDGE_LOOP('',(#4360,#4361,#4362,#4363));
#4360 = ORIENTED_EDGE('',*,*,#4060,.F.);
#4361 = ORIENTED_EDGE('',*,*,#4334,.T.);
#4362 = ORIENTED_EDGE('',*,*,#3693,.T.);
#4363 = ORIENTED_EDGE('',*,*,#4364,.F.);
#4364 = EDGE_CURVE('',#4061,#3668,#4365,.T.);
#4365 = SURFACE_CURVE('',#4366,(#4370,#4377),.PCURVE_S1.);
#4366 = LINE('',#4367,#4368);
#4367 = CARTESIAN_POINT('',(-10.,-100.,17.));
#4368 = VECTOR('',#4369,1.);
#4369 = DIRECTION('',(0.,1.,0.));
#4370 = PCURVE('',#3714,#4371);
#4371 = DEFINITIONAL_REPRESENTATION('',(#4372),#4376);
#4372 = LINE('',#4373,#4374);
#4373 = CARTESIAN_POINT('',(1.570796326795,0.));
#4374 = VECTOR('',#4375,1.);
#4375 = DIRECTION('',(0.,-1.));
#4376 = ( GEOMETRIC_REPRESENTATION_CONTEXT(2) 
PARAMETRIC_REPRESENTATION_CONTEXT() REPRESENTATION_CONTEXT('2D SPACE',''
  ) );
#4377 = PCURVE('',#3682,#4378);
#4378 = DEFINITIONAL_REPRESENTATION('',(#4379),#4383);
#4379 = LINE('',#4380,#4381);
#4380 = CARTESIAN_POINT('',(0.,-0.));
#4381 = VECTOR('',#4382,1.);
#4382 = DIRECTION('',(0.,-1.));
#4383 = ( GEOMETRIC_REPRESENTATION_CONTEXT(2) 
PARAMETRIC_REPRESENTATION_CONTEXT() REPRESENTATION_CONTEXT('2D SPACE',''
  ) );
#4384 = ADVANCED_FACE('',(#4385),#3682,.T.);
#4385 = FACE_BOUND('',#4386,.T.);
#4386 = EDGE_LOOP('',(#4387,#4408,#4409,#4410));
#4387 = ORIENTED_EDGE('',*,*,#4388,.F.);
#4388 = EDGE_CURVE('',#4085,#3635,#4389,.T.);
#4389 = SURFACE_CURVE('',#4390,(#4394,#4401),.PCURVE_S1.);
#4390 = LINE('',#4391,#4392);
#4391 = CARTESIAN_POINT('',(-10.,-100.,-17.));
#4392 = VECTOR('',#4393,1.);
#4393 = DIRECTION('',(0.,1.,0.));
#4394 = PCURVE('',#3682,#4395);
#4395 = DEFINITIONAL_REPRESENTATION('',(#4396),#4400);
#4396 = LINE('',#4397,#4398);
#4397 = CARTESIAN_POINT('',(34.,0.));
#4398 = VECTOR('',#4399,1.);
#4399 = DIRECTION('',(0.,-1.));
#4400 = ( GEOMETRIC_REPRESENTATION_CONTEXT(2) 
PARAMETRIC_REPRESENTATION_CONTEXT() REPRESENTATION_CONTEXT('2D SPACE',''
  ) );
#4401 = PCURVE('',#3655,#4402);
#4402 = DEFINITIONAL_REPRESENTATION('',(#4403),#4407);
#4403 = LINE('',#4404,#4405);
#4404 = CARTESIAN_POINT('',(0.,0.));
#4405 = VECTOR('',#4406,1.);
#4406 = DIRECTION('',(0.,-1.));
#4407 = ( GEOMETRIC_REPRESENTATION_CONTEXT(2) 
PARAMETRIC_REPRESENTATION_CONTEXT() REPRESENTATION_CONTEXT('2D SPACE',''
  ) );
#4408 = ORIENTED_EDGE('',*,*,#4084,.T.);
#4409 = ORIENTED_EDGE('',*,*,#4364,.T.);
#4410 = ORIENTED_EDGE('',*,*,#3667,.T.);
#4411 = ADVANCED_FACE('',(#4412),#3655,.T.);
#4412 = FACE_BOUND('',#4413,.T.);
#4413 = EDGE_LOOP('',(#4414,#4415,#4416,#4417));
#4414 = ORIENTED_EDGE('',*,*,#4105,.F.);
#4415 = ORIENTED_EDGE('',*,*,#4388,.T.);
#4416 = ORIENTED_EDGE('',*,*,#3634,.T.);
#4417 = ORIENTED_EDGE('',*,*,#4418,.F.);
#4418 = EDGE_CURVE('',#4106,#3609,#4419,.T.);
#4419 = SURFACE_CURVE('',#4420,(#4424,#4431),.PCURVE_S1.);
#4420 = LINE('',#4421,#4422);
#4421 = CARTESIAN_POINT('',(-7.,-100.,-20.));
#4422 = VECTOR('',#4423,1.);
#4423 = DIRECTION('',(0.,1.,0.));
#4424 = PCURVE('',#3655,#4425);
#4425 = DEFINITIONAL_REPRESENTATION('',(#4426),#4430);
#4426 = LINE('',#4427,#4428);
#4427 = CARTESIAN_POINT('',(1.570796326795,0.));
#4428 = VECTOR('',#4429,1.);
#4429 = DIRECTION('',(0.,-1.));
#4430 = ( GEOMETRIC_REPRESENTATION_CONTEXT(2) 
PARAMETRIC_REPRESENTATION_CONTEXT() REPRESENTATION_CONTEXT('2D SPACE',''
  ) );
#4431 = PCURVE('',#3623,#4432);
#4432 = DEFINITIONAL_REPRESENTATION('',(#4433),#4437);
#4433 = LINE('',#4434,#4435);
#4434 = CARTESIAN_POINT('',(0.,0.));
#4435 = VECTOR('',#4436,1.);
#4436 = DIRECTION('',(0.,-1.));
#4437 = ( GEOMETRIC_REPRESENTATION_CONTEXT(2) 
PARAMETRIC_REPRESENTATION_CONTEXT() REPRESENTATION_CONTEXT('2D SPACE',''
  ) );
#4438 = ADVANCED_FACE('',(#4439),#3623,.T.);
#4439 = FACE_BOUND('',#4440,.T.);
#4440 = EDGE_LOOP('',(#4441,#4442,#4443,#4444));
#4441 = ORIENTED_EDGE('',*,*,#4011,.F.);
#4442 = ORIENTED_EDGE('',*,*,#4129,.T.);
#4443 = ORIENTED_EDGE('',*,*,#4418,.T.);
#4444 = ORIENTED_EDGE('',*,*,#3608,.T.);
#4445 = ADVANCED_FACE('',(#4446),#3765,.F.);
#4446 = FACE_BOUND('',#4447,.F.);
#4447 = EDGE_LOOP('',(#4448,#4469,#4470,#4491));
#4448 = ORIENTED_EDGE('',*,*,#4449,.F.);
#4449 = EDGE_CURVE('',#4152,#3751,#4450,.T.);
#4450 = SURFACE_CURVE('',#4451,(#4455,#4462),.PCURVE_S1.);
#4451 = LINE('',#4452,#4453);
#4452 = CARTESIAN_POINT('',(8.5,-100.,17.));
#4453 = VECTOR('',#4454,1.);
#4454 = DIRECTION('',(0.,1.,0.));
#4455 = PCURVE('',#3765,#4456);
#4456 = DEFINITIONAL_REPRESENTATION('',(#4457),#4461);
#4457 = LINE('',#4458,#4459);
#4458 = CARTESIAN_POINT('',(34.,0.));
#4459 = VECTOR('',#4460,1.);
#4460 = DIRECTION('',(0.,-1.));
#4461 = ( GEOMETRIC_REPRESENTATION_CONTEXT(2) 
PARAMETRIC_REPRESENTATION_CONTEXT() REPRESENTATION_CONTEXT('2D SPACE',''
  ) );
#4462 = PCURVE('',#3797,#4463);
#4463 = DEFINITIONAL_REPRESENTATION('',(#4464),#4468);
#4464 = LINE('',#4465,#4466);
#4465 = CARTESIAN_POINT('',(0.,0.));
#4466 = VECTOR('',#4467,1.);
#4467 = DIRECTION('',(0.,-1.));
#4468 = ( GEOMETRIC_REPRESENTATION_CONTEXT(2) 
PARAMETRIC_REPRESENTATION_CONTEXT() REPRESENTATION_CONTEXT('2D SPACE',''
  ) );
#4469 = ORIENTED_EDGE('',*,*,#4177,.T.);
#4470 = ORIENTED_EDGE('',*,*,#4471,.T.);
#4471 = EDGE_CURVE('',#4178,#3749,#4472,.T.);
#4472 = SURFACE_CURVE('',#4473,(#4477,#4484),.PCURVE_S1.);
#4473 = LINE('',#4474,#4475);
#4474 = CARTESIAN_POINT('',(8.5,-100.,-17.));
#4475 = VECTOR('',#4476,1.);
#4476 = DIRECTION('',(0.,1.,0.));
#4477 = PCURVE('',#3765,#4478);
#4478 = DEFINITIONAL_REPRESENTATION('',(#4479),#4483);
#4479 = LINE('',#4480,#4481);
#4480 = CARTESIAN_POINT('',(0.,0.));
#4481 = VECTOR('',#4482,1.);
#4482 = DIRECTION('',(0.,-1.));
#4483 = ( GEOMETRIC_REPRESENTATION_CONTEXT(2) 
PARAMETRIC_REPRESENTATION_CONTEXT() REPRESENTATION_CONTEXT('2D SPACE',''
  ) );
#4484 = PCURVE('',#3972,#4485);
#4485 = DEFINITIONAL_REPRESENTATION('',(#4486),#4490);
#4486 = LINE('',#4487,#4488);
#4487 = CARTESIAN_POINT('',(1.570796326795,0.));
#4488 = VECTOR('',#4489,1.);
#4489 = DIRECTION('',(0.,-1.));
#4490 = ( GEOMETRIC_REPRESENTATION_CONTEXT(2) 
PARAMETRIC_REPRESENTATION_CONTEXT() REPRESENTATION_CONTEXT('2D SPACE',''
  ) );
#4491 = ORIENTED_EDGE('',*,*,#3748,.T.);
#4492 = ADVANCED_FACE('',(#4493),#3972,.F.);
#4493 = FACE_BOUND('',#4494,.F.);
#4494 = EDGE_LOOP('',(#4495,#4496,#4517,#4518));
#4495 = ORIENTED_EDGE('',*,*,#4198,.F.);
#4496 = ORIENTED_EDGE('',*,*,#4497,.T.);
#4497 = EDGE_CURVE('',#4199,#3928,#4498,.T.);
#4498 = SURFACE_CURVE('',#4499,(#4503,#4510),.PCURVE_S1.);
#4499 = LINE('',#4500,#4501);
#4500 = CARTESIAN_POINT('',(7.,-100.,-18.5));
#4501 = VECTOR('',#4502,1.);
#4502 = DIRECTION('',(0.,1.,0.));
#4503 = PCURVE('',#3972,#4504);
#4504 = DEFINITIONAL_REPRESENTATION('',(#4505),#4509);
#4505 = LINE('',#4506,#4507);
#4506 = CARTESIAN_POINT('',(0.,0.));
#4507 = VECTOR('',#4508,1.);
#4508 = DIRECTION('',(0.,-1.));
#4509 = ( GEOMETRIC_REPRESENTATION_CONTEXT(2) 
PARAMETRIC_REPRESENTATION_CONTEXT() REPRESENTATION_CONTEXT('2D SPACE',''
  ) );
#4510 = PCURVE('',#3942,#4511);
#4511 = DEFINITIONAL_REPRESENTATION('',(#4512),#4516);
#4512 = LINE('',#4513,#4514);
#4513 = CARTESIAN_POINT('',(14.,0.));
#4514 = VECTOR('',#4515,1.);
#4515 = DIRECTION('',(0.,-1.));
#4516 = ( GEOMETRIC_REPRESENTATION_CONTEXT(2) 
PARAMETRIC_REPRESENTATION_CONTEXT() REPRESENTATION_CONTEXT('2D SPACE',''
  ) );
#4517 = ORIENTED_EDGE('',*,*,#3953,.T.);
#4518 = ORIENTED_EDGE('',*,*,#4471,.F.);
#4519 = ADVANCED_FACE('',(#4520),#3942,.F.);
#4520 = FACE_BOUND('',#4521,.F.);
#4521 = EDGE_LOOP('',(#4522,#4523,#4524,#4545));
#4522 = ORIENTED_EDGE('',*,*,#4497,.F.);
#4523 = ORIENTED_EDGE('',*,*,#4222,.T.);
#4524 = ORIENTED_EDGE('',*,*,#4525,.T.);
#4525 = EDGE_CURVE('',#4223,#3895,#4526,.T.);
#4526 = SURFACE_CURVE('',#4527,(#4531,#4538),.PCURVE_S1.);
#4527 = LINE('',#4528,#4529);
#4528 = CARTESIAN_POINT('',(-7.,-100.,-18.5));
#4529 = VECTOR('',#4530,1.);
#4530 = DIRECTION('',(0.,1.,0.));
#4531 = PCURVE('',#3942,#4532);
#4532 = DEFINITIONAL_REPRESENTATION('',(#4533),#4537);
#4533 = LINE('',#4534,#4535);
#4534 = CARTESIAN_POINT('',(0.,0.));
#4535 = VECTOR('',#4536,1.);
#4536 = DIRECTION('',(0.,-1.));
#4537 = ( GEOMETRIC_REPRESENTATION_CONTEXT(2) 
PARAMETRIC_REPRESENTATION_CONTEXT() REPRESENTATION_CONTEXT('2D SPACE',''
  ) );
#4538 = PCURVE('',#3915,#4539);
#4539 = DEFINITIONAL_REPRESENTATION('',(#4540),#4544);
#4540 = LINE('',#4541,#4542);
#4541 = CARTESIAN_POINT('',(1.570796326795,0.));
#4542 = VECTOR('',#4543,1.);
#4543 = DIRECTION('',(0.,-1.));
#4544 = ( GEOMETRIC_REPRESENTATION_CONTEXT(2) 
PARAMETRIC_REPRESENTATION_CONTEXT() REPRESENTATION_CONTEXT('2D SPACE',''
  ) );
#4545 = ORIENTED_EDGE('',*,*,#3927,.T.);
#4546 = ADVANCED_FACE('',(#4547),#3915,.F.);
#4547 = FACE_BOUND('',#4548,.F.);
#4548 = EDGE_LOOP('',(#4549,#4550,#4571,#4572));
#4549 = ORIENTED_EDGE('',*,*,#4243,.F.);
#4550 = ORIENTED_EDGE('',*,*,#4551,.T.);
#4551 = EDGE_CURVE('',#4244,#3869,#4552,.T.);
#4552 = SURFACE_CURVE('',#4553,(#4557,#4564),.PCURVE_S1.);
#4553 = LINE('',#4554,#4555);
#4554 = CARTESIAN_POINT('',(-8.5,-100.,-17.));
#4555 = VECTOR('',#4556,1.);
#4556 = DIRECTION('',(0.,1.,0.));
#4557 = PCURVE('',#3915,#4558);
#4558 = DEFINITIONAL_REPRESENTATION('',(#4559),#4563);
#4559 = LINE('',#4560,#4561);
#4560 = CARTESIAN_POINT('',(0.,0.));
#4561 = VECTOR('',#4562,1.);
#4562 = DIRECTION('',(0.,-1.));
#4563 = ( GEOMETRIC_REPRESENTATION_CONTEXT(2) 
PARAMETRIC_REPRESENTATION_CONTEXT() REPRESENTATION_CONTEXT('2D SPACE',''
  ) );
#4564 = PCURVE('',#3883,#4565);
#4565 = DEFINITIONAL_REPRESENTATION('',(#4566),#4570);
#4566 = LINE('',#4567,#4568);
#4567 = CARTESIAN_POINT('',(34.,0.));
#4568 = VECTOR('',#4569,1.);
#4569 = DIRECTION('',(0.,-1.));
#4570 = ( GEOMETRIC_REPRESENTATION_CONTEXT(2) 
PARAMETRIC_REPRESENTATION_CONTEXT() REPRESENTATION_CONTEXT('2D SPACE',''
  ) );
#4571 = ORIENTED_EDGE('',*,*,#3894,.T.);
#4572 = ORIENTED_EDGE('',*,*,#4525,.F.);
#4573 = ADVANCED_FACE('',(#4574),#3883,.F.);
#4574 = FACE_BOUND('',#4575,.F.);
#4575 = EDGE_LOOP('',(#4576,#4577,#4578,#4599));
#4576 = ORIENTED_EDGE('',*,*,#4551,.F.);
#4577 = ORIENTED_EDGE('',*,*,#4267,.T.);
#4578 = ORIENTED_EDGE('',*,*,#4579,.T.);
#4579 = EDGE_CURVE('',#4268,#3836,#4580,.T.);
#4580 = SURFACE_CURVE('',#4581,(#4585,#4592),.PCURVE_S1.);
#4581 = LINE('',#4582,#4583);
#4582 = CARTESIAN_POINT('',(-8.5,-100.,17.));
#4583 = VECTOR('',#4584,1.);
#4584 = DIRECTION('',(0.,1.,0.));
#4585 = PCURVE('',#3883,#4586);
#4586 = DEFINITIONAL_REPRESENTATION('',(#4587),#4591);
#4587 = LINE('',#4588,#4589);
#4588 = CARTESIAN_POINT('',(0.,-0.));
#4589 = VECTOR('',#4590,1.);
#4590 = DIRECTION('',(0.,-1.));
#4591 = ( GEOMETRIC_REPRESENTATION_CONTEXT(2) 
PARAMETRIC_REPRESENTATION_CONTEXT() REPRESENTATION_CONTEXT('2D SPACE',''
  ) );
#4592 = PCURVE('',#3856,#4593);
#4593 = DEFINITIONAL_REPRESENTATION('',(#4594),#4598);
#4594 = LINE('',#4595,#4596);
#4595 = CARTESIAN_POINT('',(1.570796326795,0.));
#4596 = VECTOR('',#4597,1.);
#4597 = DIRECTION('',(0.,-1.));
#4598 = ( GEOMETRIC_REPRESENTATION_CONTEXT(2) 
PARAMETRIC_REPRESENTATION_CONTEXT() REPRESENTATION_CONTEXT('2D SPACE',''
  ) );
#4599 = ORIENTED_EDGE('',*,*,#3868,.T.);
#4600 = ADVANCED_FACE('',(#4601),#3856,.F.);
#4601 = FACE_BOUND('',#4602,.F.);
#4602 = EDGE_LOOP('',(#4603,#4604,#4625,#4626));
#4603 = ORIENTED_EDGE('',*,*,#4288,.F.);
#4604 = ORIENTED_EDGE('',*,*,#4605,.T.);
#4605 = EDGE_CURVE('',#4289,#3810,#4606,.T.);
#4606 = SURFACE_CURVE('',#4607,(#4611,#4618),.PCURVE_S1.);
#4607 = LINE('',#4608,#4609);
#4608 = CARTESIAN_POINT('',(-7.,-100.,18.5));
#4609 = VECTOR('',#4610,1.);
#4610 = DIRECTION('',(0.,1.,0.));
#4611 = PCURVE('',#3856,#4612);
#4612 = DEFINITIONAL_REPRESENTATION('',(#4613),#4617);
#4613 = LINE('',#4614,#4615);
#4614 = CARTESIAN_POINT('',(0.,0.));
#4615 = VECTOR('',#4616,1.);
#4616 = DIRECTION('',(0.,-1.));
#4617 = ( GEOMETRIC_REPRESENTATION_CONTEXT(2) 
PARAMETRIC_REPRESENTATION_CONTEXT() REPRESENTATION_CONTEXT('2D SPACE',''
  ) );
#4618 = PCURVE('',#3824,#4619);
#4619 = DEFINITIONAL_REPRESENTATION('',(#4620),#4624);
#4620 = LINE('',#4621,#4622);
#4621 = CARTESIAN_POINT('',(14.,0.));
#4622 = VECTOR('',#4623,1.);
#4623 = DIRECTION('',(0.,-1.));
#4624 = ( GEOMETRIC_REPRESENTATION_CONTEXT(2) 
PARAMETRIC_REPRESENTATION_CONTEXT() REPRESENTATION_CONTEXT('2D SPACE',''
  ) );
#4625 = ORIENTED_EDGE('',*,*,#3835,.T.);
#4626 = ORIENTED_EDGE('',*,*,#4579,.F.);
#4627 = ADVANCED_FACE('',(#4628),#3824,.F.);
#4628 = FACE_BOUND('',#4629,.F.);
#4629 = EDGE_LOOP('',(#4630,#4631,#4632,#4653));
#4630 = ORIENTED_EDGE('',*,*,#4605,.F.);
#4631 = ORIENTED_EDGE('',*,*,#4312,.T.);
#4632 = ORIENTED_EDGE('',*,*,#4633,.T.);
#4633 = EDGE_CURVE('',#4154,#3777,#4634,.T.);
#4634 = SURFACE_CURVE('',#4635,(#4639,#4646),.PCURVE_S1.);
#4635 = LINE('',#4636,#4637);
#4636 = CARTESIAN_POINT('',(7.,-100.,18.5));
#4637 = VECTOR('',#4638,1.);
#4638 = DIRECTION('',(0.,1.,0.));
#4639 = PCURVE('',#3824,#4640);
#4640 = DEFINITIONAL_REPRESENTATION('',(#4641),#4645);
#4641 = LINE('',#4642,#4643);
#4642 = CARTESIAN_POINT('',(0.,0.));
#4643 = VECTOR('',#4644,1.);
#4644 = DIRECTION('',(0.,-1.));
#4645 = ( GEOMETRIC_REPRESENTATION_CONTEXT(2) 
PARAMETRIC_REPRESENTATION_CONTEXT() REPRESENTATION_CONTEXT('2D SPACE',''
  ) );
#4646 = PCURVE('',#3797,#4647);
#4647 = DEFINITIONAL_REPRESENTATION('',(#4648),#4652);
#4648 = LINE('',#4649,#4650);
#4649 = CARTESIAN_POINT('',(1.570796326795,0.));
#4650 = VECTOR('',#4651,1.);
#4651 = DIRECTION('',(0.,-1.));
#4652 = ( GEOMETRIC_REPRESENTATION_CONTEXT(2) 
PARAMETRIC_REPRESENTATION_CONTEXT() REPRESENTATION_CONTEXT('2D SPACE',''
  ) );
#4653 = ORIENTED_EDGE('',*,*,#3809,.T.);
#4654 = ADVANCED_FACE('',(#4655),#3797,.F.);
#4655 = FACE_BOUND('',#4656,.F.);
#4656 = EDGE_LOOP('',(#4657,#4658,#4659,#4660));
#4657 = ORIENTED_EDGE('',*,*,#4151,.F.);
#4658 = ORIENTED_EDGE('',*,*,#4449,.T.);
#4659 = ORIENTED_EDGE('',*,*,#3776,.T.);
#4660 = ORIENTED_EDGE('',*,*,#4633,.F.);
#4661 = ( GEOMETRIC_REPRESENTATION_CONTEXT(3) 
GLOBAL_UNCERTAINTY_ASSIGNED_CONTEXT((#4665)) 
GLOBAL_UNIT_ASSIGNED_CONTEXT((#4662,#4663,#4664)) REPRESENTATION_CONTEXT
('Context #1','3D Context with UNIT and UNCERTAINTY') );
#4662 = ( LENGTH_UNIT() NAMED_UNIT(*) SI_UNIT(.MILLI.,.METRE.) );
#4663 = ( NAMED_UNIT(*) PLANE_ANGLE_UNIT() SI_UNIT($,.RADIAN.) );
#4664 = ( NAMED_UNIT(*) SI_UNIT($,.STERADIAN.) SOLID_ANGLE_UNIT() );
#4665 = UNCERTAINTY_MEASURE_WITH_UNIT(LENGTH_MEASURE(2.E-07),#4662,
  'distance_accuracy_value','confusion accuracy');
#4666 = CONTEXT_DEPENDENT_SHAPE_REPRESENTATION(#4667,#4669);
#4667 = ( REPRESENTATION_RELATIONSHIP('','',#3374,#10) 
REPRESENTATION_RELATIONSHIP_WITH_TRANSFORMATION(#4668) 
SHAPE_REPRESENTATION_RELATIONSHIP() );
#4668 = ITEM_DEFINED_TRANSFORMATION('','',#11,#23);
#4669 = PRODUCT_DEFINITION_SHAPE('Placement','Placement of an item',
  #4670);
#4670 = NEXT_ASSEMBLY_USAGE_OCCURRENCE('19','\X2\0414043504420430043B044C\X0\ 3','',#5,#3369
  ,$);
#4671 = PRODUCT_RELATED_PRODUCT_CATEGORY('part',$,(#3371));
#4672 = SHAPE_DEFINITION_REPRESENTATION(#4673,#4679);
#4673 = PRODUCT_DEFINITION_SHAPE('','',#4674);
#4674 = PRODUCT_DEFINITION('design','',#4675,#4678);
#4675 = PRODUCT_DEFINITION_FORMATION('','',#4676);
#4676 = PRODUCT('\X2\0414043504420430043B044C\X0\ 4 40\X2\0445\X0\20\X2\0445\X0\1,5 L=1565 (8 \X2\044804420443043A\X0\)',
  '\X2\0414043504420430043B044C\X0\ 4 40\X2\0445\X0\20\X2\0445\X0\1,5 L=1565 (8 \X2\044804420443043A\X0\)','',(#4677));
#4677 = PRODUCT_CONTEXT('',#2,'mechanical');
#4678 = PRODUCT_DEFINITION_CONTEXT('part definition',#2,'design');
#4679 = ADVANCED_BREP_SHAPE_REPRESENTATION('',(#11,#4680),#6022);
#4680 = MANIFOLD_SOLID_BREP('',#4681);
#4681 = CLOSED_SHELL('',(#4682,#4798,#4888,#5306,#5362,#5691,#5718,#5745
    ,#5772,#5799,#5806,#5853,#5880,#5907,#5934,#5961,#5988,#6015));
#4682 = ADVANCED_FACE('',(#4683),#4697,.T.);
#4683 = FACE_BOUND('',#4684,.T.);
#4684 = EDGE_LOOP('',(#4685,#4720,#4746,#4774));
#4685 = ORIENTED_EDGE('',*,*,#4686,.F.);
#4686 = EDGE_CURVE('',#4687,#4689,#4691,.T.);
#4687 = VERTEX_POINT('',#4688);
#4688 = CARTESIAN_POINT('',(10.,3.979039320257E-13,17.));
#4689 = VERTEX_POINT('',#4690);
#4690 = CARTESIAN_POINT('',(10.,1.565E+03,17.));
#4691 = SURFACE_CURVE('',#4692,(#4696,#4708),.PCURVE_S1.);
#4692 = LINE('',#4693,#4694);
#4693 = CARTESIAN_POINT('',(10.,-100.,17.));
#4694 = VECTOR('',#4695,1.);
#4695 = DIRECTION('',(0.,1.,0.));
#4696 = PCURVE('',#4697,#4702);
#4697 = PLANE('',#4698);
#4698 = AXIS2_PLACEMENT_3D('',#4699,#4700,#4701);
#4699 = CARTESIAN_POINT('',(10.,-100.,-17.));
#4700 = DIRECTION('',(1.,0.,0.));
#4701 = DIRECTION('',(0.,0.,1.));
#4702 = DEFINITIONAL_REPRESENTATION('',(#4703),#4707);
#4703 = LINE('',#4704,#4705);
#4704 = CARTESIAN_POINT('',(34.,0.));
#4705 = VECTOR('',#4706,1.);
#4706 = DIRECTION('',(0.,-1.));
#4707 = ( GEOMETRIC_REPRESENTATION_CONTEXT(2) 
PARAMETRIC_REPRESENTATION_CONTEXT() REPRESENTATION_CONTEXT('2D SPACE',''
  ) );
#4708 = PCURVE('',#4709,#4714);
#4709 = CYLINDRICAL_SURFACE('',#4710,3.);
#4710 = AXIS2_PLACEMENT_3D('',#4711,#4712,#4713);
#4711 = CARTESIAN_POINT('',(7.,-100.,17.));
#4712 = DIRECTION('',(0.,-1.,0.));
#4713 = DIRECTION('',(1.,0.,0.));
#4714 = DEFINITIONAL_REPRESENTATION('',(#4715),#4719);
#4715 = LINE('',#4716,#4717);
#4716 = CARTESIAN_POINT('',(0.,0.));
#4717 = VECTOR('',#4718,1.);
#4718 = DIRECTION('',(0.,-1.));
#4719 = ( GEOMETRIC_REPRESENTATION_CONTEXT(2) 
PARAMETRIC_REPRESENTATION_CONTEXT() REPRESENTATION_CONTEXT('2D SPACE',''
  ) );
#4720 = ORIENTED_EDGE('',*,*,#4721,.T.);
#4721 = EDGE_CURVE('',#4687,#4722,#4724,.T.);
#4722 = VERTEX_POINT('',#4723);
#4723 = CARTESIAN_POINT('',(10.,3.979039320257E-13,-17.));
#4724 = SURFACE_CURVE('',#4725,(#4729,#4735),.PCURVE_S1.);
#4725 = LINE('',#4726,#4727);
#4726 = CARTESIAN_POINT('',(10.,6.536993168993E-13,4.9915E+03));
#4727 = VECTOR('',#4728,1.);
#4728 = DIRECTION('',(0.,-0.,-1.));
#4729 = PCURVE('',#4697,#4730);
#4730 = DEFINITIONAL_REPRESENTATION('',(#4731),#4734);
#4731 = B_SPLINE_CURVE_WITH_KNOTS('',1,(#4732,#4733),.UNSPECIFIED.,.F.,
  .F.,(2,2),(4.9745E+03,5.0085E+03),.PIECEWISE_BEZIER_KNOTS.);
#4732 = CARTESIAN_POINT('',(34.,-100.));
#4733 = CARTESIAN_POINT('',(0.,-100.));
#4734 = ( GEOMETRIC_REPRESENTATION_CONTEXT(2) 
PARAMETRIC_REPRESENTATION_CONTEXT() REPRESENTATION_CONTEXT('2D SPACE',''
  ) );
#4735 = PCURVE('',#4736,#4741);
#4736 = PLANE('',#4737);
#4737 = AXIS2_PLACEMENT_3D('',#4738,#4739,#4740);
#4738 = CARTESIAN_POINT('',(-7.061067811865E+03,7.071067811865E+03,
    1.E+04));
#4739 = DIRECTION('',(-0.707106781187,-0.707106781187,0.));
#4740 = DIRECTION('',(0.,0.,-1.));
#4741 = DEFINITIONAL_REPRESENTATION('',(#4742),#4745);
#4742 = B_SPLINE_CURVE_WITH_KNOTS('',1,(#4743,#4744),.UNSPECIFIED.,.F.,
  .F.,(2,2),(4.9745E+03,5.0085E+03),.PIECEWISE_BEZIER_KNOTS.);
#4743 = CARTESIAN_POINT('',(9.983E+03,1.E+04));
#4744 = CARTESIAN_POINT('',(1.0017E+04,1.E+04));
#4745 = ( GEOMETRIC_REPRESENTATION_CONTEXT(2) 
PARAMETRIC_REPRESENTATION_CONTEXT() REPRESENTATION_CONTEXT('2D SPACE',''
  ) );
#4746 = ORIENTED_EDGE('',*,*,#4747,.T.);
#4747 = EDGE_CURVE('',#4722,#4748,#4750,.T.);
#4748 = VERTEX_POINT('',#4749);
#4749 = CARTESIAN_POINT('',(10.,1.565E+03,-17.));
#4750 = SURFACE_CURVE('',#4751,(#4755,#4762),.PCURVE_S1.);
#4751 = LINE('',#4752,#4753);
#4752 = CARTESIAN_POINT('',(10.,-100.,-17.));
#4753 = VECTOR('',#4754,1.);
#4754 = DIRECTION('',(0.,1.,0.));
#4755 = PCURVE('',#4697,#4756);
#4756 = DEFINITIONAL_REPRESENTATION('',(#4757),#4761);
#4757 = LINE('',#4758,#4759);
#4758 = CARTESIAN_POINT('',(0.,0.));
#4759 = VECTOR('',#4760,1.);
#4760 = DIRECTION('',(0.,-1.));
#4761 = ( GEOMETRIC_REPRESENTATION_CONTEXT(2) 
PARAMETRIC_REPRESENTATION_CONTEXT() REPRESENTATION_CONTEXT('2D SPACE',''
  ) );
#4762 = PCURVE('',#4763,#4768);
#4763 = CYLINDRICAL_SURFACE('',#4764,3.);
#4764 = AXIS2_PLACEMENT_3D('',#4765,#4766,#4767);
#4765 = CARTESIAN_POINT('',(7.,-100.,-17.));
#4766 = DIRECTION('',(0.,-1.,0.));
#4767 = DIRECTION('',(5.921189464668E-16,0.,-1.));
#4768 = DEFINITIONAL_REPRESENTATION('',(#4769),#4773);
#4769 = LINE('',#4770,#4771);
#4770 = CARTESIAN_POINT('',(1.570796326795,0.));
#4771 = VECTOR('',#4772,1.);
#4772 = DIRECTION('',(0.,-1.));
#4773 = ( GEOMETRIC_REPRESENTATION_CONTEXT(2) 
PARAMETRIC_REPRESENTATION_CONTEXT() REPRESENTATION_CONTEXT('2D SPACE',''
  ) );
#4774 = ORIENTED_EDGE('',*,*,#4775,.T.);
#4775 = EDGE_CURVE('',#4748,#4689,#4776,.T.);
#4776 = SURFACE_CURVE('',#4777,(#4781,#4787),.PCURVE_S1.);
#4777 = LINE('',#4778,#4779);
#4778 = CARTESIAN_POINT('',(10.,1.565E+03,-5.0085E+03));
#4779 = VECTOR('',#4780,1.);
#4780 = DIRECTION('',(0.,-0.,1.));
#4781 = PCURVE('',#4697,#4782);
#4782 = DEFINITIONAL_REPRESENTATION('',(#4783),#4786);
#4783 = B_SPLINE_CURVE_WITH_KNOTS('',1,(#4784,#4785),.UNSPECIFIED.,.F.,
  .F.,(2,2),(4.9915E+03,5.0255E+03),.PIECEWISE_BEZIER_KNOTS.);
#4784 = CARTESIAN_POINT('',(0.,-1.665E+03));
#4785 = CARTESIAN_POINT('',(34.,-1.665E+03));
#4786 = ( GEOMETRIC_REPRESENTATION_CONTEXT(2) 
PARAMETRIC_REPRESENTATION_CONTEXT() REPRESENTATION_CONTEXT('2D SPACE',''
  ) );
#4787 = PCURVE('',#4788,#4793);
#4788 = PLANE('',#4789);
#4789 = AXIS2_PLACEMENT_3D('',#4790,#4791,#4792);
#4790 = CARTESIAN_POINT('',(-7.061067811865E+03,-5.506067811865E+03,
    -1.E+04));
#4791 = DIRECTION('',(-0.707106781187,0.707106781187,0.));
#4792 = DIRECTION('',(0.,0.,1.));
#4793 = DEFINITIONAL_REPRESENTATION('',(#4794),#4797);
#4794 = B_SPLINE_CURVE_WITH_KNOTS('',1,(#4795,#4796),.UNSPECIFIED.,.F.,
  .F.,(2,2),(4.9915E+03,5.0255E+03),.PIECEWISE_BEZIER_KNOTS.);
#4795 = CARTESIAN_POINT('',(9.983E+03,1.E+04));
#4796 = CARTESIAN_POINT('',(1.0017E+04,1.E+04));
#4797 = ( GEOMETRIC_REPRESENTATION_CONTEXT(2) 
PARAMETRIC_REPRESENTATION_CONTEXT() REPRESENTATION_CONTEXT('2D SPACE',''
  ) );
#4798 = ADVANCED_FACE('',(#4799),#4709,.T.);
#4799 = FACE_BOUND('',#4800,.T.);
#4800 = EDGE_LOOP('',(#4801,#4831,#4832,#4862));
#4801 = ORIENTED_EDGE('',*,*,#4802,.F.);
#4802 = EDGE_CURVE('',#4687,#4803,#4805,.T.);
#4803 = VERTEX_POINT('',#4804);
#4804 = CARTESIAN_POINT('',(7.,3.,20.));
#4805 = SURFACE_CURVE('',#4806,(#4811,#4824),.PCURVE_S1.);
#4806 = ELLIPSE('',#4807,4.242640687119,3.);
#4807 = AXIS2_PLACEMENT_3D('',#4808,#4809,#4810);
#4808 = CARTESIAN_POINT('',(7.,3.,17.));
#4809 = DIRECTION('',(-0.707106781187,-0.707106781187,0.));
#4810 = DIRECTION('',(0.707106781187,-0.707106781187,0.));
#4811 = PCURVE('',#4709,#4812);
#4812 = DEFINITIONAL_REPRESENTATION('',(#4813),#4823);
#4813 = B_SPLINE_CURVE_WITH_KNOTS('',8,(#4814,#4815,#4816,#4817,#4818,
    #4819,#4820,#4821,#4822),.UNSPECIFIED.,.F.,.F.,(9,9),(0.,
    1.570796326795),.PIECEWISE_BEZIER_KNOTS.);
#4814 = CARTESIAN_POINT('',(0.,-100.));
#4815 = CARTESIAN_POINT('',(0.196349540849,-100.));
#4816 = CARTESIAN_POINT('',(0.392699081698,-100.1321823279));
#4817 = CARTESIAN_POINT('',(0.589048622548,-100.3965458605));
#4818 = CARTESIAN_POINT('',(0.785398163397,-100.7822237485));
#4819 = CARTESIAN_POINT('',(0.981747704245,-101.2674602158));
#4820 = CARTESIAN_POINT('',(1.178097245095,-101.821902615));
#4821 = CARTESIAN_POINT('',(1.374446785946,-102.4109513774));
#4822 = CARTESIAN_POINT('',(1.570796326795,-103.));
#4823 = ( GEOMETRIC_REPRESENTATION_CONTEXT(2) 
PARAMETRIC_REPRESENTATION_CONTEXT() REPRESENTATION_CONTEXT('2D SPACE',''
  ) );
#4824 = PCURVE('',#4736,#4825);
#4825 = DEFINITIONAL_REPRESENTATION('',(#4826),#4830);
#4826 = ELLIPSE('',#4827,4.242640687119,3.);
#4827 = AXIS2_PLACEMENT_2D('',#4828,#4829);
#4828 = CARTESIAN_POINT('',(9.983E+03,9.995757359313E+03));
#4829 = DIRECTION('',(0.,1.));
#4830 = ( GEOMETRIC_REPRESENTATION_CONTEXT(2) 
PARAMETRIC_REPRESENTATION_CONTEXT() REPRESENTATION_CONTEXT('2D SPACE',''
  ) );
#4831 = ORIENTED_EDGE('',*,*,#4686,.T.);
#4832 = ORIENTED_EDGE('',*,*,#4833,.F.);
#4833 = EDGE_CURVE('',#4834,#4689,#4836,.T.);
#4834 = VERTEX_POINT('',#4835);
#4835 = CARTESIAN_POINT('',(7.,1.562E+03,20.));
#4836 = SURFACE_CURVE('',#4837,(#4842,#4855),.PCURVE_S1.);
#4837 = ELLIPSE('',#4838,4.242640687119,3.);
#4838 = AXIS2_PLACEMENT_3D('',#4839,#4840,#4841);
#4839 = CARTESIAN_POINT('',(7.,1.562E+03,17.));
#4840 = DIRECTION('',(-0.707106781187,0.707106781187,0.));
#4841 = DIRECTION('',(-0.707106781187,-0.707106781187,0.));
#4842 = PCURVE('',#4709,#4843);
#4843 = DEFINITIONAL_REPRESENTATION('',(#4844),#4854);
#4844 = B_SPLINE_CURVE_WITH_KNOTS('',8,(#4845,#4846,#4847,#4848,#4849,
    #4850,#4851,#4852,#4853),.UNSPECIFIED.,.F.,.F.,(9,9),(1.570796326795
    ,3.14159265359),.PIECEWISE_BEZIER_KNOTS.);
#4845 = CARTESIAN_POINT('',(1.570796326795,-1.662E+03));
#4846 = CARTESIAN_POINT('',(1.374446785946,-1.662589048623E+03));
#4847 = CARTESIAN_POINT('',(1.178097245096,-1.663178097385E+03));
#4848 = CARTESIAN_POINT('',(0.981747704248,-1.663732539784E+03));
#4849 = CARTESIAN_POINT('',(0.785398163394,-1.664217776251E+03));
#4850 = CARTESIAN_POINT('',(0.589048622548,-1.664603454135E+03));
#4851 = CARTESIAN_POINT('',(0.392699081698,-1.664867817671E+03));
#4852 = CARTESIAN_POINT('',(0.196349540849,-1.665E+03));
#4853 = CARTESIAN_POINT('',(0.,-1.665E+03));
#4854 = ( GEOMETRIC_REPRESENTATION_CONTEXT(2) 
PARAMETRIC_REPRESENTATION_CONTEXT() REPRESENTATION_CONTEXT('2D SPACE',''
  ) );
#4855 = PCURVE('',#4788,#4856);
#4856 = DEFINITIONAL_REPRESENTATION('',(#4857),#4861);
#4857 = ELLIPSE('',#4858,4.242640687119,3.);
#4858 = AXIS2_PLACEMENT_2D('',#4859,#4860);
#4859 = CARTESIAN_POINT('',(1.0017E+04,9.995757359313E+03));
#4860 = DIRECTION('',(0.,-1.));
#4861 = ( GEOMETRIC_REPRESENTATION_CONTEXT(2) 
PARAMETRIC_REPRESENTATION_CONTEXT() REPRESENTATION_CONTEXT('2D SPACE',''
  ) );
#4862 = ORIENTED_EDGE('',*,*,#4863,.F.);
#4863 = EDGE_CURVE('',#4803,#4834,#4864,.T.);
#4864 = SURFACE_CURVE('',#4865,(#4869,#4876),.PCURVE_S1.);
#4865 = LINE('',#4866,#4867);
#4866 = CARTESIAN_POINT('',(7.,-100.,20.));
#4867 = VECTOR('',#4868,1.);
#4868 = DIRECTION('',(0.,1.,0.));
#4869 = PCURVE('',#4709,#4870);
#4870 = DEFINITIONAL_REPRESENTATION('',(#4871),#4875);
#4871 = LINE('',#4872,#4873);
#4872 = CARTESIAN_POINT('',(1.570796326795,0.));
#4873 = VECTOR('',#4874,1.);
#4874 = DIRECTION('',(0.,-1.));
#4875 = ( GEOMETRIC_REPRESENTATION_CONTEXT(2) 
PARAMETRIC_REPRESENTATION_CONTEXT() REPRESENTATION_CONTEXT('2D SPACE',''
  ) );
#4876 = PCURVE('',#4877,#4882);
#4877 = PLANE('',#4878);
#4878 = AXIS2_PLACEMENT_3D('',#4879,#4880,#4881);
#4879 = CARTESIAN_POINT('',(7.,-100.,20.));
#4880 = DIRECTION('',(0.,-0.,1.));
#4881 = DIRECTION('',(-1.,0.,0.));
#4882 = DEFINITIONAL_REPRESENTATION('',(#4883),#4887);
#4883 = LINE('',#4884,#4885);
#4884 = CARTESIAN_POINT('',(0.,0.));
#4885 = VECTOR('',#4886,1.);
#4886 = DIRECTION('',(0.,-1.));
#4887 = ( GEOMETRIC_REPRESENTATION_CONTEXT(2) 
PARAMETRIC_REPRESENTATION_CONTEXT() REPRESENTATION_CONTEXT('2D SPACE',''
  ) );
#4888 = ADVANCED_FACE('',(#4889,#5064),#4788,.T.);
#4889 = FACE_BOUND('',#4890,.T.);
#4890 = EDGE_LOOP('',(#4891,#4892,#4922,#4948,#4983,#5009,#5044,#5063));
#4891 = ORIENTED_EDGE('',*,*,#4775,.F.);
#4892 = ORIENTED_EDGE('',*,*,#4893,.T.);
#4893 = EDGE_CURVE('',#4748,#4894,#4896,.T.);
#4894 = VERTEX_POINT('',#4895);
#4895 = CARTESIAN_POINT('',(7.,1.562E+03,-20.));
#4896 = SURFACE_CURVE('',#4897,(#4902,#4909),.PCURVE_S1.);
#4897 = ELLIPSE('',#4898,4.242640687119,3.);
#4898 = AXIS2_PLACEMENT_3D('',#4899,#4900,#4901);
#4899 = CARTESIAN_POINT('',(7.,1.562E+03,-17.));
#4900 = DIRECTION('',(-0.707106781187,0.707106781187,0.));
#4901 = DIRECTION('',(-0.707106781187,-0.707106781187,0.));
#4902 = PCURVE('',#4788,#4903);
#4903 = DEFINITIONAL_REPRESENTATION('',(#4904),#4908);
#4904 = ELLIPSE('',#4905,4.242640687119,3.);
#4905 = AXIS2_PLACEMENT_2D('',#4906,#4907);
#4906 = CARTESIAN_POINT('',(9.983E+03,9.995757359313E+03));
#4907 = DIRECTION('',(0.,-1.));
#4908 = ( GEOMETRIC_REPRESENTATION_CONTEXT(2) 
PARAMETRIC_REPRESENTATION_CONTEXT() REPRESENTATION_CONTEXT('2D SPACE',''
  ) );
#4909 = PCURVE('',#4763,#4910);
#4910 = DEFINITIONAL_REPRESENTATION('',(#4911),#4921);
#4911 = B_SPLINE_CURVE_WITH_KNOTS('',8,(#4912,#4913,#4914,#4915,#4916,
    #4917,#4918,#4919,#4920),.UNSPECIFIED.,.F.,.F.,(9,9),(3.14159265359,
    4.712388980385),.PIECEWISE_BEZIER_KNOTS.);
#4912 = CARTESIAN_POINT('',(1.570796326795,-1.665E+03));
#4913 = CARTESIAN_POINT('',(1.374446785946,-1.665E+03));
#4914 = CARTESIAN_POINT('',(1.178097245096,-1.664867817673E+03));
#4915 = CARTESIAN_POINT('',(0.981747704244,-1.664603454134E+03));
#4916 = CARTESIAN_POINT('',(0.785398163399,-1.664217776256E+03));
#4917 = CARTESIAN_POINT('',(0.589048622546,-1.663732539777E+03));
#4918 = CARTESIAN_POINT('',(0.392699081699,-1.663178097385E+03));
#4919 = CARTESIAN_POINT('',(0.196349540849,-1.662589048623E+03));
#4920 = CARTESIAN_POINT('',(0.,-1.662E+03));
#4921 = ( GEOMETRIC_REPRESENTATION_CONTEXT(2) 
PARAMETRIC_REPRESENTATION_CONTEXT() REPRESENTATION_CONTEXT('2D SPACE',''
  ) );
#4922 = ORIENTED_EDGE('',*,*,#4923,.F.);
#4923 = EDGE_CURVE('',#4924,#4894,#4926,.T.);
#4924 = VERTEX_POINT('',#4925);
#4925 = CARTESIAN_POINT('',(-7.,1.548E+03,-20.));
#4926 = SURFACE_CURVE('',#4927,(#4931,#4937),.PCURVE_S1.);
#4927 = LINE('',#4928,#4929);
#4928 = CARTESIAN_POINT('',(-3.946033905933E+03,-2.391033905933E+03,-20.
    ));
#4929 = VECTOR('',#4930,1.);
#4930 = DIRECTION('',(0.707106781187,0.707106781187,0.));
#4931 = PCURVE('',#4788,#4932);
#4932 = DEFINITIONAL_REPRESENTATION('',(#4933),#4936);
#4933 = B_SPLINE_CURVE_WITH_KNOTS('',1,(#4934,#4935),.UNSPECIFIED.,.F.,
  .F.,(2,2),(5.570635172418E+03,5.590434162291E+03),
  .PIECEWISE_BEZIER_KNOTS.);
#4934 = CARTESIAN_POINT('',(9.98E+03,9.97595836944E+03));
#4935 = CARTESIAN_POINT('',(9.98E+03,9.995757359313E+03));
#4936 = ( GEOMETRIC_REPRESENTATION_CONTEXT(2) 
PARAMETRIC_REPRESENTATION_CONTEXT() REPRESENTATION_CONTEXT('2D SPACE',''
  ) );
#4937 = PCURVE('',#4938,#4943);
#4938 = PLANE('',#4939);
#4939 = AXIS2_PLACEMENT_3D('',#4940,#4941,#4942);
#4940 = CARTESIAN_POINT('',(-7.,-100.,-20.));
#4941 = DIRECTION('',(0.,0.,-1.));
#4942 = DIRECTION('',(1.,0.,0.));
#4943 = DEFINITIONAL_REPRESENTATION('',(#4944),#4947);
#4944 = B_SPLINE_CURVE_WITH_KNOTS('',1,(#4945,#4946),.UNSPECIFIED.,.F.,
  .F.,(2,2),(5.570635172418E+03,5.590434162291E+03),
  .PIECEWISE_BEZIER_KNOTS.);
#4945 = CARTESIAN_POINT('',(0.,-1.648E+03));
#4946 = CARTESIAN_POINT('',(14.,-1.662E+03));
#4947 = ( GEOMETRIC_REPRESENTATION_CONTEXT(2) 
PARAMETRIC_REPRESENTATION_CONTEXT() REPRESENTATION_CONTEXT('2D SPACE',''
  ) );
#4948 = ORIENTED_EDGE('',*,*,#4949,.T.);
#4949 = EDGE_CURVE('',#4924,#4950,#4952,.T.);
#4950 = VERTEX_POINT('',#4951);
#4951 = CARTESIAN_POINT('',(-10.,1.545E+03,-17.));
#4952 = SURFACE_CURVE('',#4953,(#4958,#4965),.PCURVE_S1.);
#4953 = ELLIPSE('',#4954,4.242640687119,3.);
#4954 = AXIS2_PLACEMENT_3D('',#4955,#4956,#4957);
#4955 = CARTESIAN_POINT('',(-7.,1.548E+03,-17.));
#4956 = DIRECTION('',(-0.707106781187,0.707106781187,0.));
#4957 = DIRECTION('',(-0.707106781187,-0.707106781187,0.));
#4958 = PCURVE('',#4788,#4959);
#4959 = DEFINITIONAL_REPRESENTATION('',(#4960),#4964);
#4960 = ELLIPSE('',#4961,4.242640687119,3.);
#4961 = AXIS2_PLACEMENT_2D('',#4962,#4963);
#4962 = CARTESIAN_POINT('',(9.983E+03,9.97595836944E+03));
#4963 = DIRECTION('',(0.,-1.));
#4964 = ( GEOMETRIC_REPRESENTATION_CONTEXT(2) 
PARAMETRIC_REPRESENTATION_CONTEXT() REPRESENTATION_CONTEXT('2D SPACE',''
  ) );
#4965 = PCURVE('',#4966,#4971);
#4966 = CYLINDRICAL_SURFACE('',#4967,3.);
#4967 = AXIS2_PLACEMENT_3D('',#4968,#4969,#4970);
#4968 = CARTESIAN_POINT('',(-7.,-100.,-17.));
#4969 = DIRECTION('',(0.,-1.,0.));
#4970 = DIRECTION('',(-1.,0.,0.));
#4971 = DEFINITIONAL_REPRESENTATION('',(#4972),#4982);
#4972 = B_SPLINE_CURVE_WITH_KNOTS('',8,(#4973,#4974,#4975,#4976,#4977,
    #4978,#4979,#4980,#4981),.UNSPECIFIED.,.F.,.F.,(9,9),(4.712388980385
    ,6.28318530718),.PIECEWISE_BEZIER_KNOTS.);
#4973 = CARTESIAN_POINT('',(1.570796326795,-1.648E+03));
#4974 = CARTESIAN_POINT('',(1.374446785946,-1.647410951377E+03));
#4975 = CARTESIAN_POINT('',(1.178097245096,-1.646821902613E+03));
#4976 = CARTESIAN_POINT('',(0.981747704244,-1.646267460218E+03));
#4977 = CARTESIAN_POINT('',(0.785398163399,-1.645782223742E+03));
#4978 = CARTESIAN_POINT('',(0.589048622546,-1.64539654586E+03));
#4979 = CARTESIAN_POINT('',(0.392699081699,-1.645132182326E+03));
#4980 = CARTESIAN_POINT('',(0.196349540849,-1.645E+03));
#4981 = CARTESIAN_POINT('',(0.,-1.645E+03));
#4982 = ( GEOMETRIC_REPRESENTATION_CONTEXT(2) 
PARAMETRIC_REPRESENTATION_CONTEXT() REPRESENTATION_CONTEXT('2D SPACE',''
  ) );
#4983 = ORIENTED_EDGE('',*,*,#4984,.F.);
#4984 = EDGE_CURVE('',#4985,#4950,#4987,.T.);
#4985 = VERTEX_POINT('',#4986);
#4986 = CARTESIAN_POINT('',(-10.,1.545E+03,17.));
#4987 = SURFACE_CURVE('',#4988,(#4992,#4998),.PCURVE_S1.);
#4988 = LINE('',#4989,#4990);
#4989 = CARTESIAN_POINT('',(-10.,1.545E+03,-4.9915E+03));
#4990 = VECTOR('',#4991,1.);
#4991 = DIRECTION('',(0.,0.,-1.));
#4992 = PCURVE('',#4788,#4993);
#4993 = DEFINITIONAL_REPRESENTATION('',(#4994),#4997);
#4994 = B_SPLINE_CURVE_WITH_KNOTS('',1,(#4995,#4996),.UNSPECIFIED.,.F.,
  .F.,(2,2),(-5.0085E+03,-4.9745E+03),.PIECEWISE_BEZIER_KNOTS.);
#4995 = CARTESIAN_POINT('',(1.0017E+04,9.971715728753E+03));
#4996 = CARTESIAN_POINT('',(9.983E+03,9.971715728753E+03));
#4997 = ( GEOMETRIC_REPRESENTATION_CONTEXT(2) 
PARAMETRIC_REPRESENTATION_CONTEXT() REPRESENTATION_CONTEXT('2D SPACE',''
  ) );
#4998 = PCURVE('',#4999,#5004);
#4999 = PLANE('',#5000);
#5000 = AXIS2_PLACEMENT_3D('',#5001,#5002,#5003);
#5001 = CARTESIAN_POINT('',(-10.,-100.,17.));
#5002 = DIRECTION('',(-1.,0.,0.));
#5003 = DIRECTION('',(0.,0.,-1.));
#5004 = DEFINITIONAL_REPRESENTATION('',(#5005),#5008);
#5005 = B_SPLINE_CURVE_WITH_KNOTS('',1,(#5006,#5007),.UNSPECIFIED.,.F.,
  .F.,(2,2),(-5.0085E+03,-4.9745E+03),.PIECEWISE_BEZIER_KNOTS.);
#5006 = CARTESIAN_POINT('',(0.,-1.645E+03));
#5007 = CARTESIAN_POINT('',(34.,-1.645E+03));
#5008 = ( GEOMETRIC_REPRESENTATION_CONTEXT(2) 
PARAMETRIC_REPRESENTATION_CONTEXT() REPRESENTATION_CONTEXT('2D SPACE',''
  ) );
#5009 = ORIENTED_EDGE('',*,*,#5010,.T.);
#5010 = EDGE_CURVE('',#4985,#5011,#5013,.T.);
#5011 = VERTEX_POINT('',#5012);
#5012 = CARTESIAN_POINT('',(-7.,1.548E+03,20.));
#5013 = SURFACE_CURVE('',#5014,(#5019,#5026),.PCURVE_S1.);
#5014 = ELLIPSE('',#5015,4.242640687119,3.);
#5015 = AXIS2_PLACEMENT_3D('',#5016,#5017,#5018);
#5016 = CARTESIAN_POINT('',(-7.,1.548E+03,17.));
#5017 = DIRECTION('',(-0.707106781187,0.707106781187,0.));
#5018 = DIRECTION('',(-0.707106781187,-0.707106781187,0.));
#5019 = PCURVE('',#4788,#5020);
#5020 = DEFINITIONAL_REPRESENTATION('',(#5021),#5025);
#5021 = ELLIPSE('',#5022,4.242640687119,3.);
#5022 = AXIS2_PLACEMENT_2D('',#5023,#5024);
#5023 = CARTESIAN_POINT('',(1.0017E+04,9.97595836944E+03));
#5024 = DIRECTION('',(0.,-1.));
#5025 = ( GEOMETRIC_REPRESENTATION_CONTEXT(2) 
PARAMETRIC_REPRESENTATION_CONTEXT() REPRESENTATION_CONTEXT('2D SPACE',''
  ) );
#5026 = PCURVE('',#5027,#5032);
#5027 = CYLINDRICAL_SURFACE('',#5028,3.);
#5028 = AXIS2_PLACEMENT_3D('',#5029,#5030,#5031);
#5029 = CARTESIAN_POINT('',(-7.,-100.,17.));
#5030 = DIRECTION('',(0.,-1.,0.));
#5031 = DIRECTION('',(-5.921189464668E-16,0.,1.));
#5032 = DEFINITIONAL_REPRESENTATION('',(#5033),#5043);
#5033 = B_SPLINE_CURVE_WITH_KNOTS('',8,(#5034,#5035,#5036,#5037,#5038,
    #5039,#5040,#5041,#5042),.UNSPECIFIED.,.F.,.F.,(9,9),(0.,
    1.570796326795),.PIECEWISE_BEZIER_KNOTS.);
#5034 = CARTESIAN_POINT('',(1.570796326795,-1.645E+03));
#5035 = CARTESIAN_POINT('',(1.374446785946,-1.645E+03));
#5036 = CARTESIAN_POINT('',(1.178097245095,-1.645132182329E+03));
#5037 = CARTESIAN_POINT('',(0.981747704248,-1.645396545857E+03));
#5038 = CARTESIAN_POINT('',(0.785398163392,-1.645782223751E+03));
#5039 = CARTESIAN_POINT('',(0.589048622551,-1.646267460211E+03));
#5040 = CARTESIAN_POINT('',(0.392699081697,-1.646821902616E+03));
#5041 = CARTESIAN_POINT('',(0.196349540849,-1.647410951377E+03));
#5042 = CARTESIAN_POINT('',(0.,-1.648E+03));
#5043 = ( GEOMETRIC_REPRESENTATION_CONTEXT(2) 
PARAMETRIC_REPRESENTATION_CONTEXT() REPRESENTATION_CONTEXT('2D SPACE',''
  ) );
#5044 = ORIENTED_EDGE('',*,*,#5045,.F.);
#5045 = EDGE_CURVE('',#4834,#5011,#5046,.T.);
#5046 = SURFACE_CURVE('',#5047,(#5051,#5057),.PCURVE_S1.);
#5047 = LINE('',#5048,#5049);
#5048 = CARTESIAN_POINT('',(-3.942533905933E+03,-2.387533905933E+03,20.)
  );
#5049 = VECTOR('',#5050,1.);
#5050 = DIRECTION('',(-0.707106781187,-0.707106781187,0.));
#5051 = PCURVE('',#4788,#5052);
#5052 = DEFINITIONAL_REPRESENTATION('',(#5053),#5056);
#5053 = B_SPLINE_CURVE_WITH_KNOTS('',1,(#5054,#5055),.UNSPECIFIED.,.F.,
  .F.,(2,2),(-5.585484414822E+03,-5.565685424949E+03),
  .PIECEWISE_BEZIER_KNOTS.);
#5054 = CARTESIAN_POINT('',(1.002E+04,9.995757359313E+03));
#5055 = CARTESIAN_POINT('',(1.002E+04,9.97595836944E+03));
#5056 = ( GEOMETRIC_REPRESENTATION_CONTEXT(2) 
PARAMETRIC_REPRESENTATION_CONTEXT() REPRESENTATION_CONTEXT('2D SPACE',''
  ) );
#5057 = PCURVE('',#4877,#5058);
#5058 = DEFINITIONAL_REPRESENTATION('',(#5059),#5062);
#5059 = B_SPLINE_CURVE_WITH_KNOTS('',1,(#5060,#5061),.UNSPECIFIED.,.F.,
  .F.,(2,2),(-5.585484414822E+03,-5.565685424949E+03),
  .PIECEWISE_BEZIER_KNOTS.);
#5060 = CARTESIAN_POINT('',(4.547473508865E-13,-1.662E+03));
#5061 = CARTESIAN_POINT('',(14.,-1.648E+03));
#5062 = ( GEOMETRIC_REPRESENTATION_CONTEXT(2) 
PARAMETRIC_REPRESENTATION_CONTEXT() REPRESENTATION_CONTEXT('2D SPACE',''
  ) );
#5063 = ORIENTED_EDGE('',*,*,#4833,.T.);
#5064 = FACE_BOUND('',#5065,.T.);
#5065 = EDGE_LOOP('',(#5066,#5102,#5128,#5162,#5188,#5222,#5248,#5282));
#5066 = ORIENTED_EDGE('',*,*,#5067,.F.);
#5067 = EDGE_CURVE('',#5068,#5070,#5072,.T.);
#5068 = VERTEX_POINT('',#5069);
#5069 = CARTESIAN_POINT('',(7.,1.562E+03,18.5));
#5070 = VERTEX_POINT('',#5071);
#5071 = CARTESIAN_POINT('',(8.5,1.5635E+03,17.));
#5072 = SURFACE_CURVE('',#5073,(#5078,#5085),.PCURVE_S1.);
#5073 = ELLIPSE('',#5074,2.12132034356,1.5);
#5074 = AXIS2_PLACEMENT_3D('',#5075,#5076,#5077);
#5075 = CARTESIAN_POINT('',(7.,1.562E+03,17.));
#5076 = DIRECTION('',(-0.707106781187,0.707106781187,0.));
#5077 = DIRECTION('',(-0.707106781187,-0.707106781187,0.));
#5078 = PCURVE('',#4788,#5079);
#5079 = DEFINITIONAL_REPRESENTATION('',(#5080),#5084);
#5080 = ELLIPSE('',#5081,2.12132034356,1.5);
#5081 = AXIS2_PLACEMENT_2D('',#5082,#5083);
#5082 = CARTESIAN_POINT('',(1.0017E+04,9.995757359313E+03));
#5083 = DIRECTION('',(0.,-1.));
#5084 = ( GEOMETRIC_REPRESENTATION_CONTEXT(2) 
PARAMETRIC_REPRESENTATION_CONTEXT() REPRESENTATION_CONTEXT('2D SPACE',''
  ) );
#5085 = PCURVE('',#5086,#5091);
#5086 = CYLINDRICAL_SURFACE('',#5087,1.5);
#5087 = AXIS2_PLACEMENT_3D('',#5088,#5089,#5090);
#5088 = CARTESIAN_POINT('',(7.,-100.,17.));
#5089 = DIRECTION('',(0.,-1.,0.));
#5090 = DIRECTION('',(1.,0.,0.));
#5091 = DEFINITIONAL_REPRESENTATION('',(#5092),#5101);
#5092 = B_SPLINE_CURVE_WITH_KNOTS('',7,(#5093,#5094,#5095,#5096,#5097,
    #5098,#5099,#5100),.UNSPECIFIED.,.F.,.F.,(8,8),(1.570796326795,
    3.14159265359),.PIECEWISE_BEZIER_KNOTS.);
#5093 = CARTESIAN_POINT('',(1.570796326795,-1.662E+03));
#5094 = CARTESIAN_POINT('',(1.346396851538,-1.662336599213E+03));
#5095 = CARTESIAN_POINT('',(1.121997376282,-1.662673197059E+03));
#5096 = CARTESIAN_POINT('',(0.897597901026,-1.662982120238E+03));
#5097 = CARTESIAN_POINT('',(0.673198425769,-1.663235643757E+03));
#5098 = CARTESIAN_POINT('',(0.448798950513,-1.663411876991E+03));
#5099 = CARTESIAN_POINT('',(0.224399475256,-1.6635E+03));
#5100 = CARTESIAN_POINT('',(0.,-1.6635E+03));
#5101 = ( GEOMETRIC_REPRESENTATION_CONTEXT(2) 
PARAMETRIC_REPRESENTATION_CONTEXT() REPRESENTATION_CONTEXT('2D SPACE',''
  ) );
#5102 = ORIENTED_EDGE('',*,*,#5103,.T.);
#5103 = EDGE_CURVE('',#5068,#5104,#5106,.T.);
#5104 = VERTEX_POINT('',#5105);
#5105 = CARTESIAN_POINT('',(-7.,1.548E+03,18.5));
#5106 = SURFACE_CURVE('',#5107,(#5111,#5117),.PCURVE_S1.);
#5107 = LINE('',#5108,#5109);
#5108 = CARTESIAN_POINT('',(-3.942533905933E+03,-2.387533905933E+03,18.5
    ));
#5109 = VECTOR('',#5110,1.);
#5110 = DIRECTION('',(-0.707106781187,-0.707106781187,0.));
#5111 = PCURVE('',#4788,#5112);
#5112 = DEFINITIONAL_REPRESENTATION('',(#5113),#5116);
#5113 = B_SPLINE_CURVE_WITH_KNOTS('',1,(#5114,#5115),.UNSPECIFIED.,.F.,
  .F.,(2,2),(-5.585484414822E+03,-5.565685424949E+03),
  .PIECEWISE_BEZIER_KNOTS.);
#5114 = CARTESIAN_POINT('',(1.00185E+04,9.995757359313E+03));
#5115 = CARTESIAN_POINT('',(1.00185E+04,9.97595836944E+03));
#5116 = ( GEOMETRIC_REPRESENTATION_CONTEXT(2) 
PARAMETRIC_REPRESENTATION_CONTEXT() REPRESENTATION_CONTEXT('2D SPACE',''
  ) );
#5117 = PCURVE('',#5118,#5123);
#5118 = PLANE('',#5119);
#5119 = AXIS2_PLACEMENT_3D('',#5120,#5121,#5122);
#5120 = CARTESIAN_POINT('',(7.,-100.,18.5));
#5121 = DIRECTION('',(0.,-0.,1.));
#5122 = DIRECTION('',(-1.,0.,0.));
#5123 = DEFINITIONAL_REPRESENTATION('',(#5124),#5127);
#5124 = B_SPLINE_CURVE_WITH_KNOTS('',1,(#5125,#5126),.UNSPECIFIED.,.F.,
  .F.,(2,2),(-5.585484414822E+03,-5.565685424949E+03),
  .PIECEWISE_BEZIER_KNOTS.);
#5125 = CARTESIAN_POINT('',(4.547473508865E-13,-1.662E+03));
#5126 = CARTESIAN_POINT('',(14.,-1.648E+03));
#5127 = ( GEOMETRIC_REPRESENTATION_CONTEXT(2) 
PARAMETRIC_REPRESENTATION_CONTEXT() REPRESENTATION_CONTEXT('2D SPACE',''
  ) );
#5128 = ORIENTED_EDGE('',*,*,#5129,.F.);
#5129 = EDGE_CURVE('',#5130,#5104,#5132,.T.);
#5130 = VERTEX_POINT('',#5131);
#5131 = CARTESIAN_POINT('',(-8.5,1.5465E+03,17.));
#5132 = SURFACE_CURVE('',#5133,(#5138,#5145),.PCURVE_S1.);
#5133 = ELLIPSE('',#5134,2.12132034356,1.5);
#5134 = AXIS2_PLACEMENT_3D('',#5135,#5136,#5137);
#5135 = CARTESIAN_POINT('',(-7.,1.548E+03,17.));
#5136 = DIRECTION('',(-0.707106781187,0.707106781187,0.));
#5137 = DIRECTION('',(-0.707106781187,-0.707106781187,0.));
#5138 = PCURVE('',#4788,#5139);
#5139 = DEFINITIONAL_REPRESENTATION('',(#5140),#5144);
#5140 = ELLIPSE('',#5141,2.12132034356,1.5);
#5141 = AXIS2_PLACEMENT_2D('',#5142,#5143);
#5142 = CARTESIAN_POINT('',(1.0017E+04,9.97595836944E+03));
#5143 = DIRECTION('',(0.,-1.));
#5144 = ( GEOMETRIC_REPRESENTATION_CONTEXT(2) 
PARAMETRIC_REPRESENTATION_CONTEXT() REPRESENTATION_CONTEXT('2D SPACE',''
  ) );
#5145 = PCURVE('',#5146,#5151);
#5146 = CYLINDRICAL_SURFACE('',#5147,1.5);
#5147 = AXIS2_PLACEMENT_3D('',#5148,#5149,#5150);
#5148 = CARTESIAN_POINT('',(-7.,-100.,17.));
#5149 = DIRECTION('',(0.,-1.,0.));
#5150 = DIRECTION('',(1.184237892934E-15,0.,1.));
#5151 = DEFINITIONAL_REPRESENTATION('',(#5152),#5161);
#5152 = B_SPLINE_CURVE_WITH_KNOTS('',7,(#5153,#5154,#5155,#5156,#5157,
    #5158,#5159,#5160),.UNSPECIFIED.,.F.,.F.,(8,8),(-2.6645352591E-15,
    1.570796326795),.PIECEWISE_BEZIER_KNOTS.);
#5153 = CARTESIAN_POINT('',(1.570796326795,-1.6465E+03));
#5154 = CARTESIAN_POINT('',(1.346396851538,-1.6465E+03));
#5155 = CARTESIAN_POINT('',(1.121997376282,-1.646588123009E+03));
#5156 = CARTESIAN_POINT('',(0.897597901026,-1.646764356243E+03));
#5157 = CARTESIAN_POINT('',(0.673198425769,-1.647017879761E+03));
#5158 = CARTESIAN_POINT('',(0.448798950513,-1.647326802941E+03));
#5159 = CARTESIAN_POINT('',(0.224399475256,-1.647663400787E+03));
#5160 = CARTESIAN_POINT('',(5.921189464668E-16,-1.648E+03));
#5161 = ( GEOMETRIC_REPRESENTATION_CONTEXT(2) 
PARAMETRIC_REPRESENTATION_CONTEXT() REPRESENTATION_CONTEXT('2D SPACE',''
  ) );
#5162 = ORIENTED_EDGE('',*,*,#5163,.T.);
#5163 = EDGE_CURVE('',#5130,#5164,#5166,.T.);
#5164 = VERTEX_POINT('',#5165);
#5165 = CARTESIAN_POINT('',(-8.5,1.5465E+03,-17.));
#5166 = SURFACE_CURVE('',#5167,(#5171,#5177),.PCURVE_S1.);
#5167 = LINE('',#5168,#5169);
#5168 = CARTESIAN_POINT('',(-8.5,1.5465E+03,-4.9915E+03));
#5169 = VECTOR('',#5170,1.);
#5170 = DIRECTION('',(0.,0.,-1.));
#5171 = PCURVE('',#4788,#5172);
#5172 = DEFINITIONAL_REPRESENTATION('',(#5173),#5176);
#5173 = B_SPLINE_CURVE_WITH_KNOTS('',1,(#5174,#5175),.UNSPECIFIED.,.F.,
  .F.,(2,2),(-5.0085E+03,-4.9745E+03),.PIECEWISE_BEZIER_KNOTS.);
#5174 = CARTESIAN_POINT('',(1.0017E+04,9.973837049096E+03));
#5175 = CARTESIAN_POINT('',(9.983E+03,9.973837049096E+03));
#5176 = ( GEOMETRIC_REPRESENTATION_CONTEXT(2) 
PARAMETRIC_REPRESENTATION_CONTEXT() REPRESENTATION_CONTEXT('2D SPACE',''
  ) );
#5177 = PCURVE('',#5178,#5183);
#5178 = PLANE('',#5179);
#5179 = AXIS2_PLACEMENT_3D('',#5180,#5181,#5182);
#5180 = CARTESIAN_POINT('',(-8.5,-100.,17.));
#5181 = DIRECTION('',(-1.,0.,0.));
#5182 = DIRECTION('',(0.,0.,-1.));
#5183 = DEFINITIONAL_REPRESENTATION('',(#5184),#5187);
#5184 = B_SPLINE_CURVE_WITH_KNOTS('',1,(#5185,#5186),.UNSPECIFIED.,.F.,
  .F.,(2,2),(-5.0085E+03,-4.9745E+03),.PIECEWISE_BEZIER_KNOTS.);
#5185 = CARTESIAN_POINT('',(0.,-1.6465E+03));
#5186 = CARTESIAN_POINT('',(34.,-1.6465E+03));
#5187 = ( GEOMETRIC_REPRESENTATION_CONTEXT(2) 
PARAMETRIC_REPRESENTATION_CONTEXT() REPRESENTATION_CONTEXT('2D SPACE',''
  ) );
#5188 = ORIENTED_EDGE('',*,*,#5189,.F.);
#5189 = EDGE_CURVE('',#5190,#5164,#5192,.T.);
#5190 = VERTEX_POINT('',#5191);
#5191 = CARTESIAN_POINT('',(-7.,1.548E+03,-18.5));
#5192 = SURFACE_CURVE('',#5193,(#5198,#5205),.PCURVE_S1.);
#5193 = ELLIPSE('',#5194,2.12132034356,1.5);
#5194 = AXIS2_PLACEMENT_3D('',#5195,#5196,#5197);
#5195 = CARTESIAN_POINT('',(-7.,1.548E+03,-17.));
#5196 = DIRECTION('',(-0.707106781187,0.707106781187,0.));
#5197 = DIRECTION('',(-0.707106781187,-0.707106781187,0.));
#5198 = PCURVE('',#4788,#5199);
#5199 = DEFINITIONAL_REPRESENTATION('',(#5200),#5204);
#5200 = ELLIPSE('',#5201,2.12132034356,1.5);
#5201 = AXIS2_PLACEMENT_2D('',#5202,#5203);
#5202 = CARTESIAN_POINT('',(9.983E+03,9.97595836944E+03));
#5203 = DIRECTION('',(0.,-1.));
#5204 = ( GEOMETRIC_REPRESENTATION_CONTEXT(2) 
PARAMETRIC_REPRESENTATION_CONTEXT() REPRESENTATION_CONTEXT('2D SPACE',''
  ) );
#5205 = PCURVE('',#5206,#5211);
#5206 = CYLINDRICAL_SURFACE('',#5207,1.5);
#5207 = AXIS2_PLACEMENT_3D('',#5208,#5209,#5210);
#5208 = CARTESIAN_POINT('',(-7.,-100.,-17.));
#5209 = DIRECTION('',(0.,-1.,0.));
#5210 = DIRECTION('',(-1.,0.,0.));
#5211 = DEFINITIONAL_REPRESENTATION('',(#5212),#5221);
#5212 = B_SPLINE_CURVE_WITH_KNOTS('',7,(#5213,#5214,#5215,#5216,#5217,
    #5218,#5219,#5220),.UNSPECIFIED.,.F.,.F.,(8,8),(4.712388980385,
    6.28318530718),.PIECEWISE_BEZIER_KNOTS.);
#5213 = CARTESIAN_POINT('',(1.570796326795,-1.648E+03));
#5214 = CARTESIAN_POINT('',(1.346396851538,-1.647663400787E+03));
#5215 = CARTESIAN_POINT('',(1.121997376282,-1.647326802941E+03));
#5216 = CARTESIAN_POINT('',(0.897597901026,-1.647017879762E+03));
#5217 = CARTESIAN_POINT('',(0.673198425769,-1.646764356243E+03));
#5218 = CARTESIAN_POINT('',(0.448798950513,-1.646588123009E+03));
#5219 = CARTESIAN_POINT('',(0.224399475256,-1.6465E+03));
#5220 = CARTESIAN_POINT('',(0.,-1.6465E+03));
#5221 = ( GEOMETRIC_REPRESENTATION_CONTEXT(2) 
PARAMETRIC_REPRESENTATION_CONTEXT() REPRESENTATION_CONTEXT('2D SPACE',''
  ) );
#5222 = ORIENTED_EDGE('',*,*,#5223,.T.);
#5223 = EDGE_CURVE('',#5190,#5224,#5226,.T.);
#5224 = VERTEX_POINT('',#5225);
#5225 = CARTESIAN_POINT('',(7.,1.562E+03,-18.5));
#5226 = SURFACE_CURVE('',#5227,(#5231,#5237),.PCURVE_S1.);
#5227 = LINE('',#5228,#5229);
#5228 = CARTESIAN_POINT('',(-3.946033905933E+03,-2.391033905933E+03,
    -18.5));
#5229 = VECTOR('',#5230,1.);
#5230 = DIRECTION('',(0.707106781187,0.707106781187,0.));
#5231 = PCURVE('',#4788,#5232);
#5232 = DEFINITIONAL_REPRESENTATION('',(#5233),#5236);
#5233 = B_SPLINE_CURVE_WITH_KNOTS('',1,(#5234,#5235),.UNSPECIFIED.,.F.,
  .F.,(2,2),(5.570635172418E+03,5.590434162291E+03),
  .PIECEWISE_BEZIER_KNOTS.);
#5234 = CARTESIAN_POINT('',(9.9815E+03,9.97595836944E+03));
#5235 = CARTESIAN_POINT('',(9.9815E+03,9.995757359313E+03));
#5236 = ( GEOMETRIC_REPRESENTATION_CONTEXT(2) 
PARAMETRIC_REPRESENTATION_CONTEXT() REPRESENTATION_CONTEXT('2D SPACE',''
  ) );
#5237 = PCURVE('',#5238,#5243);
#5238 = PLANE('',#5239);
#5239 = AXIS2_PLACEMENT_3D('',#5240,#5241,#5242);
#5240 = CARTESIAN_POINT('',(-7.,-100.,-18.5));
#5241 = DIRECTION('',(0.,0.,-1.));
#5242 = DIRECTION('',(1.,0.,0.));
#5243 = DEFINITIONAL_REPRESENTATION('',(#5244),#5247);
#5244 = B_SPLINE_CURVE_WITH_KNOTS('',1,(#5245,#5246),.UNSPECIFIED.,.F.,
  .F.,(2,2),(5.570635172418E+03,5.590434162291E+03),
  .PIECEWISE_BEZIER_KNOTS.);
#5245 = CARTESIAN_POINT('',(0.,-1.648E+03));
#5246 = CARTESIAN_POINT('',(14.,-1.662E+03));
#5247 = ( GEOMETRIC_REPRESENTATION_CONTEXT(2) 
PARAMETRIC_REPRESENTATION_CONTEXT() REPRESENTATION_CONTEXT('2D SPACE',''
  ) );
#5248 = ORIENTED_EDGE('',*,*,#5249,.F.);
#5249 = EDGE_CURVE('',#5250,#5224,#5252,.T.);
#5250 = VERTEX_POINT('',#5251);
#5251 = CARTESIAN_POINT('',(8.5,1.5635E+03,-17.));
#5252 = SURFACE_CURVE('',#5253,(#5258,#5265),.PCURVE_S1.);
#5253 = ELLIPSE('',#5254,2.12132034356,1.5);
#5254 = AXIS2_PLACEMENT_3D('',#5255,#5256,#5257);
#5255 = CARTESIAN_POINT('',(7.,1.562E+03,-17.));
#5256 = DIRECTION('',(-0.707106781187,0.707106781187,0.));
#5257 = DIRECTION('',(-0.707106781187,-0.707106781187,0.));
#5258 = PCURVE('',#4788,#5259);
#5259 = DEFINITIONAL_REPRESENTATION('',(#5260),#5264);
#5260 = ELLIPSE('',#5261,2.12132034356,1.5);
#5261 = AXIS2_PLACEMENT_2D('',#5262,#5263);
#5262 = CARTESIAN_POINT('',(9.983E+03,9.995757359313E+03));
#5263 = DIRECTION('',(0.,-1.));
#5264 = ( GEOMETRIC_REPRESENTATION_CONTEXT(2) 
PARAMETRIC_REPRESENTATION_CONTEXT() REPRESENTATION_CONTEXT('2D SPACE',''
  ) );
#5265 = PCURVE('',#5266,#5271);
#5266 = CYLINDRICAL_SURFACE('',#5267,1.5);
#5267 = AXIS2_PLACEMENT_3D('',#5268,#5269,#5270);
#5268 = CARTESIAN_POINT('',(7.,-100.,-17.));
#5269 = DIRECTION('',(0.,-1.,0.));
#5270 = DIRECTION('',(-1.184237892934E-15,-0.,-1.));
#5271 = DEFINITIONAL_REPRESENTATION('',(#5272),#5281);
#5272 = B_SPLINE_CURVE_WITH_KNOTS('',7,(#5273,#5274,#5275,#5276,#5277,
    #5278,#5279,#5280),.UNSPECIFIED.,.F.,.F.,(8,8),(3.14159265359,
    4.712388980385),.PIECEWISE_BEZIER_KNOTS.);
#5273 = CARTESIAN_POINT('',(1.570796326795,-1.6635E+03));
#5274 = CARTESIAN_POINT('',(1.346396851538,-1.6635E+03));
#5275 = CARTESIAN_POINT('',(1.121997376282,-1.663411876991E+03));
#5276 = CARTESIAN_POINT('',(0.897597901026,-1.663235643757E+03));
#5277 = CARTESIAN_POINT('',(0.673198425769,-1.662982120238E+03));
#5278 = CARTESIAN_POINT('',(0.448798950513,-1.662673197059E+03));
#5279 = CARTESIAN_POINT('',(0.224399475256,-1.662336599213E+03));
#5280 = CARTESIAN_POINT('',(1.184237892934E-15,-1.662E+03));
#5281 = ( GEOMETRIC_REPRESENTATION_CONTEXT(2) 
PARAMETRIC_REPRESENTATION_CONTEXT() REPRESENTATION_CONTEXT('2D SPACE',''
  ) );
#5282 = ORIENTED_EDGE('',*,*,#5283,.T.);
#5283 = EDGE_CURVE('',#5250,#5070,#5284,.T.);
#5284 = SURFACE_CURVE('',#5285,(#5289,#5295),.PCURVE_S1.);
#5285 = LINE('',#5286,#5287);
#5286 = CARTESIAN_POINT('',(8.5,1.5635E+03,-5.0085E+03));
#5287 = VECTOR('',#5288,1.);
#5288 = DIRECTION('',(0.,-0.,1.));
#5289 = PCURVE('',#4788,#5290);
#5290 = DEFINITIONAL_REPRESENTATION('',(#5291),#5294);
#5291 = B_SPLINE_CURVE_WITH_KNOTS('',1,(#5292,#5293),.UNSPECIFIED.,.F.,
  .F.,(2,2),(4.9915E+03,5.0255E+03),.PIECEWISE_BEZIER_KNOTS.);
#5292 = CARTESIAN_POINT('',(9.983E+03,9.997878679656E+03));
#5293 = CARTESIAN_POINT('',(1.0017E+04,9.997878679656E+03));
#5294 = ( GEOMETRIC_REPRESENTATION_CONTEXT(2) 
PARAMETRIC_REPRESENTATION_CONTEXT() REPRESENTATION_CONTEXT('2D SPACE',''
  ) );
#5295 = PCURVE('',#5296,#5301);
#5296 = PLANE('',#5297);
#5297 = AXIS2_PLACEMENT_3D('',#5298,#5299,#5300);
#5298 = CARTESIAN_POINT('',(8.5,-100.,-17.));
#5299 = DIRECTION('',(1.,0.,0.));
#5300 = DIRECTION('',(0.,0.,1.));
#5301 = DEFINITIONAL_REPRESENTATION('',(#5302),#5305);
#5302 = B_SPLINE_CURVE_WITH_KNOTS('',1,(#5303,#5304),.UNSPECIFIED.,.F.,
  .F.,(2,2),(4.9915E+03,5.0255E+03),.PIECEWISE_BEZIER_KNOTS.);
#5303 = CARTESIAN_POINT('',(0.,-1.6635E+03));
#5304 = CARTESIAN_POINT('',(34.,-1.6635E+03));
#5305 = ( GEOMETRIC_REPRESENTATION_CONTEXT(2) 
PARAMETRIC_REPRESENTATION_CONTEXT() REPRESENTATION_CONTEXT('2D SPACE',''
  ) );
#5306 = ADVANCED_FACE('',(#5307),#4763,.T.);
#5307 = FACE_BOUND('',#5308,.T.);
#5308 = EDGE_LOOP('',(#5309,#5339,#5360,#5361));
#5309 = ORIENTED_EDGE('',*,*,#5310,.F.);
#5310 = EDGE_CURVE('',#5311,#4722,#5313,.T.);
#5311 = VERTEX_POINT('',#5312);
#5312 = CARTESIAN_POINT('',(7.,3.,-20.));
#5313 = SURFACE_CURVE('',#5314,(#5319,#5332),.PCURVE_S1.);
#5314 = ELLIPSE('',#5315,4.242640687119,3.);
#5315 = AXIS2_PLACEMENT_3D('',#5316,#5317,#5318);
#5316 = CARTESIAN_POINT('',(7.,3.,-17.));
#5317 = DIRECTION('',(-0.707106781187,-0.707106781187,0.));
#5318 = DIRECTION('',(0.707106781187,-0.707106781187,0.));
#5319 = PCURVE('',#4763,#5320);
#5320 = DEFINITIONAL_REPRESENTATION('',(#5321),#5331);
#5321 = B_SPLINE_CURVE_WITH_KNOTS('',8,(#5322,#5323,#5324,#5325,#5326,
    #5327,#5328,#5329,#5330),.UNSPECIFIED.,.F.,.F.,(9,9),(4.712388980385
    ,6.28318530718),.PIECEWISE_BEZIER_KNOTS.);
#5322 = CARTESIAN_POINT('',(-8.881784197001E-16,-103.));
#5323 = CARTESIAN_POINT('',(0.196349540849,-102.4109513774));
#5324 = CARTESIAN_POINT('',(0.392699081699,-101.8219026148));
#5325 = CARTESIAN_POINT('',(0.589048622545,-101.2674602163));
#5326 = CARTESIAN_POINT('',(0.785398163401,-100.7822237474));
#5327 = CARTESIAN_POINT('',(0.981747704244,-100.3965458608));
#5328 = CARTESIAN_POINT('',(1.178097245097,-100.1321823278));
#5329 = CARTESIAN_POINT('',(1.374446785946,-100.));
#5330 = CARTESIAN_POINT('',(1.570796326795,-100.));
#5331 = ( GEOMETRIC_REPRESENTATION_CONTEXT(2) 
PARAMETRIC_REPRESENTATION_CONTEXT() REPRESENTATION_CONTEXT('2D SPACE',''
  ) );
#5332 = PCURVE('',#4736,#5333);
#5333 = DEFINITIONAL_REPRESENTATION('',(#5334),#5338);
#5334 = ELLIPSE('',#5335,4.242640687119,3.);
#5335 = AXIS2_PLACEMENT_2D('',#5336,#5337);
#5336 = CARTESIAN_POINT('',(1.0017E+04,9.995757359313E+03));
#5337 = DIRECTION('',(0.,1.));
#5338 = ( GEOMETRIC_REPRESENTATION_CONTEXT(2) 
PARAMETRIC_REPRESENTATION_CONTEXT() REPRESENTATION_CONTEXT('2D SPACE',''
  ) );
#5339 = ORIENTED_EDGE('',*,*,#5340,.T.);
#5340 = EDGE_CURVE('',#5311,#4894,#5341,.T.);
#5341 = SURFACE_CURVE('',#5342,(#5346,#5353),.PCURVE_S1.);
#5342 = LINE('',#5343,#5344);
#5343 = CARTESIAN_POINT('',(7.,-100.,-20.));
#5344 = VECTOR('',#5345,1.);
#5345 = DIRECTION('',(0.,1.,0.));
#5346 = PCURVE('',#4763,#5347);
#5347 = DEFINITIONAL_REPRESENTATION('',(#5348),#5352);
#5348 = LINE('',#5349,#5350);
#5349 = CARTESIAN_POINT('',(0.,0.));
#5350 = VECTOR('',#5351,1.);
#5351 = DIRECTION('',(0.,-1.));
#5352 = ( GEOMETRIC_REPRESENTATION_CONTEXT(2) 
PARAMETRIC_REPRESENTATION_CONTEXT() REPRESENTATION_CONTEXT('2D SPACE',''
  ) );
#5353 = PCURVE('',#4938,#5354);
#5354 = DEFINITIONAL_REPRESENTATION('',(#5355),#5359);
#5355 = LINE('',#5356,#5357);
#5356 = CARTESIAN_POINT('',(14.,0.));
#5357 = VECTOR('',#5358,1.);
#5358 = DIRECTION('',(0.,-1.));
#5359 = ( GEOMETRIC_REPRESENTATION_CONTEXT(2) 
PARAMETRIC_REPRESENTATION_CONTEXT() REPRESENTATION_CONTEXT('2D SPACE',''
  ) );
#5360 = ORIENTED_EDGE('',*,*,#4893,.F.);
#5361 = ORIENTED_EDGE('',*,*,#4747,.F.);
#5362 = ADVANCED_FACE('',(#5363,#5489),#4736,.T.);
#5363 = FACE_BOUND('',#5364,.T.);
#5364 = EDGE_LOOP('',(#5365,#5366,#5367,#5388,#5418,#5439,#5469,#5488));
#5365 = ORIENTED_EDGE('',*,*,#4721,.F.);
#5366 = ORIENTED_EDGE('',*,*,#4802,.T.);
#5367 = ORIENTED_EDGE('',*,*,#5368,.F.);
#5368 = EDGE_CURVE('',#5369,#4803,#5371,.T.);
#5369 = VERTEX_POINT('',#5370);
#5370 = CARTESIAN_POINT('',(-7.,17.,20.));
#5371 = SURFACE_CURVE('',#5372,(#5376,#5382),.PCURVE_S1.);
#5372 = LINE('',#5373,#5374);
#5373 = CARTESIAN_POINT('',(-3.501283905933E+03,3.511283905933E+03,20.)
  );
#5374 = VECTOR('',#5375,1.);
#5375 = DIRECTION('',(0.707106781187,-0.707106781187,-0.));
#5376 = PCURVE('',#4736,#5377);
#5377 = DEFINITIONAL_REPRESENTATION('',(#5378),#5381);
#5378 = B_SPLINE_CURVE_WITH_KNOTS('',1,(#5379,#5380),.UNSPECIFIED.,.F.,
  .F.,(2,2),(4.941663690552E+03,4.961462680425E+03),
  .PIECEWISE_BEZIER_KNOTS.);
#5379 = CARTESIAN_POINT('',(9.98E+03,9.97595836944E+03));
#5380 = CARTESIAN_POINT('',(9.98E+03,9.995757359313E+03));
#5381 = ( GEOMETRIC_REPRESENTATION_CONTEXT(2) 
PARAMETRIC_REPRESENTATION_CONTEXT() REPRESENTATION_CONTEXT('2D SPACE',''
  ) );
#5382 = PCURVE('',#4877,#5383);
#5383 = DEFINITIONAL_REPRESENTATION('',(#5384),#5387);
#5384 = B_SPLINE_CURVE_WITH_KNOTS('',1,(#5385,#5386),.UNSPECIFIED.,.F.,
  .F.,(2,2),(4.941663690552E+03,4.961462680425E+03),
  .PIECEWISE_BEZIER_KNOTS.);
#5385 = CARTESIAN_POINT('',(14.,-117.));
#5386 = CARTESIAN_POINT('',(0.,-103.));
#5387 = ( GEOMETRIC_REPRESENTATION_CONTEXT(2) 
PARAMETRIC_REPRESENTATION_CONTEXT() REPRESENTATION_CONTEXT('2D SPACE',''
  ) );
#5388 = ORIENTED_EDGE('',*,*,#5389,.T.);
#5389 = EDGE_CURVE('',#5369,#5390,#5392,.T.);
#5390 = VERTEX_POINT('',#5391);
#5391 = CARTESIAN_POINT('',(-10.,20.,17.));
#5392 = SURFACE_CURVE('',#5393,(#5398,#5405),.PCURVE_S1.);
#5393 = ELLIPSE('',#5394,4.242640687119,3.);
#5394 = AXIS2_PLACEMENT_3D('',#5395,#5396,#5397);
#5395 = CARTESIAN_POINT('',(-7.,17.,17.));
#5396 = DIRECTION('',(-0.707106781187,-0.707106781187,0.));
#5397 = DIRECTION('',(0.707106781187,-0.707106781187,0.));
#5398 = PCURVE('',#4736,#5399);
#5399 = DEFINITIONAL_REPRESENTATION('',(#5400),#5404);
#5400 = ELLIPSE('',#5401,4.242640687119,3.);
#5401 = AXIS2_PLACEMENT_2D('',#5402,#5403);
#5402 = CARTESIAN_POINT('',(9.983E+03,9.97595836944E+03));
#5403 = DIRECTION('',(0.,1.));
#5404 = ( GEOMETRIC_REPRESENTATION_CONTEXT(2) 
PARAMETRIC_REPRESENTATION_CONTEXT() REPRESENTATION_CONTEXT('2D SPACE',''
  ) );
#5405 = PCURVE('',#5027,#5406);
#5406 = DEFINITIONAL_REPRESENTATION('',(#5407),#5417);
#5407 = B_SPLINE_CURVE_WITH_KNOTS('',8,(#5408,#5409,#5410,#5411,#5412,
    #5413,#5414,#5415,#5416),.UNSPECIFIED.,.F.,.F.,(9,9),(1.570796326795
    ,3.14159265359),.PIECEWISE_BEZIER_KNOTS.);
#5408 = CARTESIAN_POINT('',(0.,-117.));
#5409 = CARTESIAN_POINT('',(0.196349540849,-117.5890486225));
#5410 = CARTESIAN_POINT('',(0.392699081699,-118.1780973849));
#5411 = CARTESIAN_POINT('',(0.589048622549,-118.7325397834));
#5412 = CARTESIAN_POINT('',(0.785398163394,-119.2177762517));
#5413 = CARTESIAN_POINT('',(0.981747704247,-119.6034541385));
#5414 = CARTESIAN_POINT('',(1.178097245096,-119.867817672));
#5415 = CARTESIAN_POINT('',(1.374446785946,-120.));
#5416 = CARTESIAN_POINT('',(1.570796326795,-120.));
#5417 = ( GEOMETRIC_REPRESENTATION_CONTEXT(2) 
PARAMETRIC_REPRESENTATION_CONTEXT() REPRESENTATION_CONTEXT('2D SPACE',''
  ) );
#5418 = ORIENTED_EDGE('',*,*,#5419,.F.);
#5419 = EDGE_CURVE('',#5420,#5390,#5422,.T.);
#5420 = VERTEX_POINT('',#5421);
#5421 = CARTESIAN_POINT('',(-10.,20.,-17.));
#5422 = SURFACE_CURVE('',#5423,(#5427,#5433),.PCURVE_S1.);
#5423 = LINE('',#5424,#5425);
#5424 = CARTESIAN_POINT('',(-10.,20.000000000001,5.0085E+03));
#5425 = VECTOR('',#5426,1.);
#5426 = DIRECTION('',(0.,0.,1.));
#5427 = PCURVE('',#4736,#5428);
#5428 = DEFINITIONAL_REPRESENTATION('',(#5429),#5432);
#5429 = B_SPLINE_CURVE_WITH_KNOTS('',1,(#5430,#5431),.UNSPECIFIED.,.F.,
  .F.,(2,2),(-5.0255E+03,-4.9915E+03),.PIECEWISE_BEZIER_KNOTS.);
#5430 = CARTESIAN_POINT('',(1.0017E+04,9.971715728753E+03));
#5431 = CARTESIAN_POINT('',(9.983E+03,9.971715728753E+03));
#5432 = ( GEOMETRIC_REPRESENTATION_CONTEXT(2) 
PARAMETRIC_REPRESENTATION_CONTEXT() REPRESENTATION_CONTEXT('2D SPACE',''
  ) );
#5433 = PCURVE('',#4999,#5434);
#5434 = DEFINITIONAL_REPRESENTATION('',(#5435),#5438);
#5435 = B_SPLINE_CURVE_WITH_KNOTS('',1,(#5436,#5437),.UNSPECIFIED.,.F.,
  .F.,(2,2),(-5.0255E+03,-4.9915E+03),.PIECEWISE_BEZIER_KNOTS.);
#5436 = CARTESIAN_POINT('',(34.,-120.));
#5437 = CARTESIAN_POINT('',(0.,-120.));
#5438 = ( GEOMETRIC_REPRESENTATION_CONTEXT(2) 
PARAMETRIC_REPRESENTATION_CONTEXT() REPRESENTATION_CONTEXT('2D SPACE',''
  ) );
#5439 = ORIENTED_EDGE('',*,*,#5440,.T.);
#5440 = EDGE_CURVE('',#5420,#5441,#5443,.T.);
#5441 = VERTEX_POINT('',#5442);
#5442 = CARTESIAN_POINT('',(-7.,17.,-20.));
#5443 = SURFACE_CURVE('',#5444,(#5449,#5456),.PCURVE_S1.);
#5444 = ELLIPSE('',#5445,4.242640687119,3.);
#5445 = AXIS2_PLACEMENT_3D('',#5446,#5447,#5448);
#5446 = CARTESIAN_POINT('',(-7.,17.,-17.));
#5447 = DIRECTION('',(-0.707106781187,-0.707106781187,0.));
#5448 = DIRECTION('',(0.707106781187,-0.707106781187,0.));
#5449 = PCURVE('',#4736,#5450);
#5450 = DEFINITIONAL_REPRESENTATION('',(#5451),#5455);
#5451 = ELLIPSE('',#5452,4.242640687119,3.);
#5452 = AXIS2_PLACEMENT_2D('',#5453,#5454);
#5453 = CARTESIAN_POINT('',(1.0017E+04,9.97595836944E+03));
#5454 = DIRECTION('',(0.,1.));
#5455 = ( GEOMETRIC_REPRESENTATION_CONTEXT(2) 
PARAMETRIC_REPRESENTATION_CONTEXT() REPRESENTATION_CONTEXT('2D SPACE',''
  ) );
#5456 = PCURVE('',#4966,#5457);
#5457 = DEFINITIONAL_REPRESENTATION('',(#5458),#5468);
#5458 = B_SPLINE_CURVE_WITH_KNOTS('',8,(#5459,#5460,#5461,#5462,#5463,
    #5464,#5465,#5466,#5467),.UNSPECIFIED.,.F.,.F.,(9,9),(3.14159265359,
    4.712388980385),.PIECEWISE_BEZIER_KNOTS.);
#5459 = CARTESIAN_POINT('',(0.,-120.));
#5460 = CARTESIAN_POINT('',(0.196349540849,-120.));
#5461 = CARTESIAN_POINT('',(0.392699081698,-119.867817672));
#5462 = CARTESIAN_POINT('',(0.589048622548,-119.6034541387));
#5463 = CARTESIAN_POINT('',(0.785398163393,-119.2177762521));
#5464 = CARTESIAN_POINT('',(0.981747704248,-118.7325397831));
#5465 = CARTESIAN_POINT('',(1.178097245096,-118.1780973849));
#5466 = CARTESIAN_POINT('',(1.374446785946,-117.5890486225));
#5467 = CARTESIAN_POINT('',(1.570796326795,-117.));
#5468 = ( GEOMETRIC_REPRESENTATION_CONTEXT(2) 
PARAMETRIC_REPRESENTATION_CONTEXT() REPRESENTATION_CONTEXT('2D SPACE',''
  ) );
#5469 = ORIENTED_EDGE('',*,*,#5470,.F.);
#5470 = EDGE_CURVE('',#5311,#5441,#5471,.T.);
#5471 = SURFACE_CURVE('',#5472,(#5476,#5482),.PCURVE_S1.);
#5472 = LINE('',#5473,#5474);
#5473 = CARTESIAN_POINT('',(-3.504783905933E+03,3.514783905933E+03,-20.)
  );
#5474 = VECTOR('',#5475,1.);
#5475 = DIRECTION('',(-0.707106781187,0.707106781187,0.));
#5476 = PCURVE('',#4736,#5477);
#5477 = DEFINITIONAL_REPRESENTATION('',(#5478),#5481);
#5478 = B_SPLINE_CURVE_WITH_KNOTS('',1,(#5479,#5480),.UNSPECIFIED.,.F.,
  .F.,(2,2),(-4.966412427894E+03,-4.94661343802E+03),
  .PIECEWISE_BEZIER_KNOTS.);
#5479 = CARTESIAN_POINT('',(1.002E+04,9.995757359313E+03));
#5480 = CARTESIAN_POINT('',(1.002E+04,9.97595836944E+03));
#5481 = ( GEOMETRIC_REPRESENTATION_CONTEXT(2) 
PARAMETRIC_REPRESENTATION_CONTEXT() REPRESENTATION_CONTEXT('2D SPACE',''
  ) );
#5482 = PCURVE('',#4938,#5483);
#5483 = DEFINITIONAL_REPRESENTATION('',(#5484),#5487);
#5484 = B_SPLINE_CURVE_WITH_KNOTS('',1,(#5485,#5486),.UNSPECIFIED.,.F.,
  .F.,(2,2),(-4.966412427894E+03,-4.94661343802E+03),
  .PIECEWISE_BEZIER_KNOTS.);
#5485 = CARTESIAN_POINT('',(14.,-103.));
#5486 = CARTESIAN_POINT('',(0.,-117.));
#5487 = ( GEOMETRIC_REPRESENTATION_CONTEXT(2) 
PARAMETRIC_REPRESENTATION_CONTEXT() REPRESENTATION_CONTEXT('2D SPACE',''
  ) );
#5488 = ORIENTED_EDGE('',*,*,#5310,.T.);
#5489 = FACE_BOUND('',#5490,.T.);
#5490 = EDGE_LOOP('',(#5491,#5522,#5543,#5572,#5593,#5622,#5643,#5672));
#5491 = ORIENTED_EDGE('',*,*,#5492,.F.);
#5492 = EDGE_CURVE('',#5493,#5495,#5497,.T.);
#5493 = VERTEX_POINT('',#5494);
#5494 = CARTESIAN_POINT('',(8.5,1.5,17.));
#5495 = VERTEX_POINT('',#5496);
#5496 = CARTESIAN_POINT('',(7.,3.,18.5));
#5497 = SURFACE_CURVE('',#5498,(#5503,#5510),.PCURVE_S1.);
#5498 = ELLIPSE('',#5499,2.12132034356,1.5);
#5499 = AXIS2_PLACEMENT_3D('',#5500,#5501,#5502);
#5500 = CARTESIAN_POINT('',(7.,3.,17.));
#5501 = DIRECTION('',(-0.707106781187,-0.707106781187,0.));
#5502 = DIRECTION('',(0.707106781187,-0.707106781187,0.));
#5503 = PCURVE('',#4736,#5504);
#5504 = DEFINITIONAL_REPRESENTATION('',(#5505),#5509);
#5505 = ELLIPSE('',#5506,2.12132034356,1.5);
#5506 = AXIS2_PLACEMENT_2D('',#5507,#5508);
#5507 = CARTESIAN_POINT('',(9.983E+03,9.995757359313E+03));
#5508 = DIRECTION('',(0.,1.));
#5509 = ( GEOMETRIC_REPRESENTATION_CONTEXT(2) 
PARAMETRIC_REPRESENTATION_CONTEXT() REPRESENTATION_CONTEXT('2D SPACE',''
  ) );
#5510 = PCURVE('',#5086,#5511);
#5511 = DEFINITIONAL_REPRESENTATION('',(#5512),#5521);
#5512 = B_SPLINE_CURVE_WITH_KNOTS('',7,(#5513,#5514,#5515,#5516,#5517,
    #5518,#5519,#5520),.UNSPECIFIED.,.F.,.F.,(8,8),(0.,1.570796326795),
  .PIECEWISE_BEZIER_KNOTS.);
#5513 = CARTESIAN_POINT('',(0.,-101.5));
#5514 = CARTESIAN_POINT('',(0.224399475256,-101.5));
#5515 = CARTESIAN_POINT('',(0.448798950513,-101.5881230089));
#5516 = CARTESIAN_POINT('',(0.673198425769,-101.764356243));
#5517 = CARTESIAN_POINT('',(0.897597901026,-102.0178797613));
#5518 = CARTESIAN_POINT('',(1.121997376282,-102.326802941));
#5519 = CARTESIAN_POINT('',(1.346396851538,-102.6634007871));
#5520 = CARTESIAN_POINT('',(1.570796326795,-103.));
#5521 = ( GEOMETRIC_REPRESENTATION_CONTEXT(2) 
PARAMETRIC_REPRESENTATION_CONTEXT() REPRESENTATION_CONTEXT('2D SPACE',''
  ) );
#5522 = ORIENTED_EDGE('',*,*,#5523,.T.);
#5523 = EDGE_CURVE('',#5493,#5524,#5526,.T.);
#5524 = VERTEX_POINT('',#5525);
#5525 = CARTESIAN_POINT('',(8.5,1.5,-17.));
#5526 = SURFACE_CURVE('',#5527,(#5531,#5537),.PCURVE_S1.);
#5527 = LINE('',#5528,#5529);
#5528 = CARTESIAN_POINT('',(8.5,1.500000000001,4.9915E+03));
#5529 = VECTOR('',#5530,1.);
#5530 = DIRECTION('',(0.,-0.,-1.));
#5531 = PCURVE('',#4736,#5532);
#5532 = DEFINITIONAL_REPRESENTATION('',(#5533),#5536);
#5533 = B_SPLINE_CURVE_WITH_KNOTS('',1,(#5534,#5535),.UNSPECIFIED.,.F.,
  .F.,(2,2),(4.9745E+03,5.0085E+03),.PIECEWISE_BEZIER_KNOTS.);
#5534 = CARTESIAN_POINT('',(9.983E+03,9.997878679656E+03));
#5535 = CARTESIAN_POINT('',(1.0017E+04,9.997878679656E+03));
#5536 = ( GEOMETRIC_REPRESENTATION_CONTEXT(2) 
PARAMETRIC_REPRESENTATION_CONTEXT() REPRESENTATION_CONTEXT('2D SPACE',''
  ) );
#5537 = PCURVE('',#5296,#5538);
#5538 = DEFINITIONAL_REPRESENTATION('',(#5539),#5542);
#5539 = B_SPLINE_CURVE_WITH_KNOTS('',1,(#5540,#5541),.UNSPECIFIED.,.F.,
  .F.,(2,2),(4.9745E+03,5.0085E+03),.PIECEWISE_BEZIER_KNOTS.);
#5540 = CARTESIAN_POINT('',(34.,-101.5));
#5541 = CARTESIAN_POINT('',(0.,-101.5));
#5542 = ( GEOMETRIC_REPRESENTATION_CONTEXT(2) 
PARAMETRIC_REPRESENTATION_CONTEXT() REPRESENTATION_CONTEXT('2D SPACE',''
  ) );
#5543 = ORIENTED_EDGE('',*,*,#5544,.F.);
#5544 = EDGE_CURVE('',#5545,#5524,#5547,.T.);
#5545 = VERTEX_POINT('',#5546);
#5546 = CARTESIAN_POINT('',(7.,3.,-18.5));
#5547 = SURFACE_CURVE('',#5548,(#5553,#5560),.PCURVE_S1.);
#5548 = ELLIPSE('',#5549,2.12132034356,1.5);
#5549 = AXIS2_PLACEMENT_3D('',#5550,#5551,#5552);
#5550 = CARTESIAN_POINT('',(7.,3.,-17.));
#5551 = DIRECTION('',(-0.707106781187,-0.707106781187,0.));
#5552 = DIRECTION('',(0.707106781187,-0.707106781187,0.));
#5553 = PCURVE('',#4736,#5554);
#5554 = DEFINITIONAL_REPRESENTATION('',(#5555),#5559);
#5555 = ELLIPSE('',#5556,2.12132034356,1.5);
#5556 = AXIS2_PLACEMENT_2D('',#5557,#5558);
#5557 = CARTESIAN_POINT('',(1.0017E+04,9.995757359313E+03));
#5558 = DIRECTION('',(0.,1.));
#5559 = ( GEOMETRIC_REPRESENTATION_CONTEXT(2) 
PARAMETRIC_REPRESENTATION_CONTEXT() REPRESENTATION_CONTEXT('2D SPACE',''
  ) );
#5560 = PCURVE('',#5266,#5561);
#5561 = DEFINITIONAL_REPRESENTATION('',(#5562),#5571);
#5562 = B_SPLINE_CURVE_WITH_KNOTS('',7,(#5563,#5564,#5565,#5566,#5567,
    #5568,#5569,#5570),.UNSPECIFIED.,.F.,.F.,(8,8),(4.712388980385,
    6.28318530718),.PIECEWISE_BEZIER_KNOTS.);
#5563 = CARTESIAN_POINT('',(0.,-103.));
#5564 = CARTESIAN_POINT('',(0.224399475256,-102.6634007871));
#5565 = CARTESIAN_POINT('',(0.448798950513,-102.326802941));
#5566 = CARTESIAN_POINT('',(0.673198425769,-102.0178797613));
#5567 = CARTESIAN_POINT('',(0.897597901026,-101.7643562431));
#5568 = CARTESIAN_POINT('',(1.121997376282,-101.5881230089));
#5569 = CARTESIAN_POINT('',(1.346396851538,-101.5));
#5570 = CARTESIAN_POINT('',(1.570796326795,-101.5));
#5571 = ( GEOMETRIC_REPRESENTATION_CONTEXT(2) 
PARAMETRIC_REPRESENTATION_CONTEXT() REPRESENTATION_CONTEXT('2D SPACE',''
  ) );
#5572 = ORIENTED_EDGE('',*,*,#5573,.T.);
#5573 = EDGE_CURVE('',#5545,#5574,#5576,.T.);
#5574 = VERTEX_POINT('',#5575);
#5575 = CARTESIAN_POINT('',(-7.,17.,-18.5));
#5576 = SURFACE_CURVE('',#5577,(#5581,#5587),.PCURVE_S1.);
#5577 = LINE('',#5578,#5579);
#5578 = CARTESIAN_POINT('',(-3.504783905933E+03,3.514783905933E+03,-18.5
    ));
#5579 = VECTOR('',#5580,1.);
#5580 = DIRECTION('',(-0.707106781187,0.707106781187,0.));
#5581 = PCURVE('',#4736,#5582);
#5582 = DEFINITIONAL_REPRESENTATION('',(#5583),#5586);
#5583 = B_SPLINE_CURVE_WITH_KNOTS('',1,(#5584,#5585),.UNSPECIFIED.,.F.,
  .F.,(2,2),(-4.966412427894E+03,-4.94661343802E+03),
  .PIECEWISE_BEZIER_KNOTS.);
#5584 = CARTESIAN_POINT('',(1.00185E+04,9.995757359313E+03));
#5585 = CARTESIAN_POINT('',(1.00185E+04,9.97595836944E+03));
#5586 = ( GEOMETRIC_REPRESENTATION_CONTEXT(2) 
PARAMETRIC_REPRESENTATION_CONTEXT() REPRESENTATION_CONTEXT('2D SPACE',''
  ) );
#5587 = PCURVE('',#5238,#5588);
#5588 = DEFINITIONAL_REPRESENTATION('',(#5589),#5592);
#5589 = B_SPLINE_CURVE_WITH_KNOTS('',1,(#5590,#5591),.UNSPECIFIED.,.F.,
  .F.,(2,2),(-4.966412427894E+03,-4.94661343802E+03),
  .PIECEWISE_BEZIER_KNOTS.);
#5590 = CARTESIAN_POINT('',(14.,-103.));
#5591 = CARTESIAN_POINT('',(0.,-117.));
#5592 = ( GEOMETRIC_REPRESENTATION_CONTEXT(2) 
PARAMETRIC_REPRESENTATION_CONTEXT() REPRESENTATION_CONTEXT('2D SPACE',''
  ) );
#5593 = ORIENTED_EDGE('',*,*,#5594,.F.);
#5594 = EDGE_CURVE('',#5595,#5574,#5597,.T.);
#5595 = VERTEX_POINT('',#5596);
#5596 = CARTESIAN_POINT('',(-8.5,18.5,-17.));
#5597 = SURFACE_CURVE('',#5598,(#5603,#5610),.PCURVE_S1.);
#5598 = ELLIPSE('',#5599,2.12132034356,1.5);
#5599 = AXIS2_PLACEMENT_3D('',#5600,#5601,#5602);
#5600 = CARTESIAN_POINT('',(-7.,17.,-17.));
#5601 = DIRECTION('',(-0.707106781187,-0.707106781187,0.));
#5602 = DIRECTION('',(0.707106781187,-0.707106781187,0.));
#5603 = PCURVE('',#4736,#5604);
#5604 = DEFINITIONAL_REPRESENTATION('',(#5605),#5609);
#5605 = ELLIPSE('',#5606,2.12132034356,1.5);
#5606 = AXIS2_PLACEMENT_2D('',#5607,#5608);
#5607 = CARTESIAN_POINT('',(1.0017E+04,9.97595836944E+03));
#5608 = DIRECTION('',(0.,1.));
#5609 = ( GEOMETRIC_REPRESENTATION_CONTEXT(2) 
PARAMETRIC_REPRESENTATION_CONTEXT() REPRESENTATION_CONTEXT('2D SPACE',''
  ) );
#5610 = PCURVE('',#5206,#5611);
#5611 = DEFINITIONAL_REPRESENTATION('',(#5612),#5621);
#5612 = B_SPLINE_CURVE_WITH_KNOTS('',7,(#5613,#5614,#5615,#5616,#5617,
    #5618,#5619,#5620),.UNSPECIFIED.,.F.,.F.,(8,8),(3.14159265359,
    4.712388980385),.PIECEWISE_BEZIER_KNOTS.);
#5613 = CARTESIAN_POINT('',(0.,-118.5));
#5614 = CARTESIAN_POINT('',(0.224399475256,-118.5));
#5615 = CARTESIAN_POINT('',(0.448798950513,-118.411876991));
#5616 = CARTESIAN_POINT('',(0.673198425769,-118.2356437569));
#5617 = CARTESIAN_POINT('',(0.897597901026,-117.9821202386));
#5618 = CARTESIAN_POINT('',(1.121997376282,-117.6731970589));
#5619 = CARTESIAN_POINT('',(1.346396851538,-117.3365992128));
#5620 = CARTESIAN_POINT('',(1.570796326795,-117.));
#5621 = ( GEOMETRIC_REPRESENTATION_CONTEXT(2) 
PARAMETRIC_REPRESENTATION_CONTEXT() REPRESENTATION_CONTEXT('2D SPACE',''
  ) );
#5622 = ORIENTED_EDGE('',*,*,#5623,.T.);
#5623 = EDGE_CURVE('',#5595,#5624,#5626,.T.);
#5624 = VERTEX_POINT('',#5625);
#5625 = CARTESIAN_POINT('',(-8.5,18.5,17.));
#5626 = SURFACE_CURVE('',#5627,(#5631,#5637),.PCURVE_S1.);
#5627 = LINE('',#5628,#5629);
#5628 = CARTESIAN_POINT('',(-8.5,18.500000000001,5.0085E+03));
#5629 = VECTOR('',#5630,1.);
#5630 = DIRECTION('',(0.,0.,1.));
#5631 = PCURVE('',#4736,#5632);
#5632 = DEFINITIONAL_REPRESENTATION('',(#5633),#5636);
#5633 = B_SPLINE_CURVE_WITH_KNOTS('',1,(#5634,#5635),.UNSPECIFIED.,.F.,
  .F.,(2,2),(-5.0255E+03,-4.9915E+03),.PIECEWISE_BEZIER_KNOTS.);
#5634 = CARTESIAN_POINT('',(1.0017E+04,9.973837049096E+03));
#5635 = CARTESIAN_POINT('',(9.983E+03,9.973837049096E+03));
#5636 = ( GEOMETRIC_REPRESENTATION_CONTEXT(2) 
PARAMETRIC_REPRESENTATION_CONTEXT() REPRESENTATION_CONTEXT('2D SPACE',''
  ) );
#5637 = PCURVE('',#5178,#5638);
#5638 = DEFINITIONAL_REPRESENTATION('',(#5639),#5642);
#5639 = B_SPLINE_CURVE_WITH_KNOTS('',1,(#5640,#5641),.UNSPECIFIED.,.F.,
  .F.,(2,2),(-5.0255E+03,-4.9915E+03),.PIECEWISE_BEZIER_KNOTS.);
#5640 = CARTESIAN_POINT('',(34.,-118.5));
#5641 = CARTESIAN_POINT('',(0.,-118.5));
#5642 = ( GEOMETRIC_REPRESENTATION_CONTEXT(2) 
PARAMETRIC_REPRESENTATION_CONTEXT() REPRESENTATION_CONTEXT('2D SPACE',''
  ) );
#5643 = ORIENTED_EDGE('',*,*,#5644,.F.);
#5644 = EDGE_CURVE('',#5645,#5624,#5647,.T.);
#5645 = VERTEX_POINT('',#5646);
#5646 = CARTESIAN_POINT('',(-7.,17.,18.5));
#5647 = SURFACE_CURVE('',#5648,(#5653,#5660),.PCURVE_S1.);
#5648 = ELLIPSE('',#5649,2.12132034356,1.5);
#5649 = AXIS2_PLACEMENT_3D('',#5650,#5651,#5652);
#5650 = CARTESIAN_POINT('',(-7.,17.,17.));
#5651 = DIRECTION('',(-0.707106781187,-0.707106781187,0.));
#5652 = DIRECTION('',(0.707106781187,-0.707106781187,0.));
#5653 = PCURVE('',#4736,#5654);
#5654 = DEFINITIONAL_REPRESENTATION('',(#5655),#5659);
#5655 = ELLIPSE('',#5656,2.12132034356,1.5);
#5656 = AXIS2_PLACEMENT_2D('',#5657,#5658);
#5657 = CARTESIAN_POINT('',(9.983E+03,9.97595836944E+03));
#5658 = DIRECTION('',(0.,1.));
#5659 = ( GEOMETRIC_REPRESENTATION_CONTEXT(2) 
PARAMETRIC_REPRESENTATION_CONTEXT() REPRESENTATION_CONTEXT('2D SPACE',''
  ) );
#5660 = PCURVE('',#5146,#5661);
#5661 = DEFINITIONAL_REPRESENTATION('',(#5662),#5671);
#5662 = B_SPLINE_CURVE_WITH_KNOTS('',7,(#5663,#5664,#5665,#5666,#5667,
    #5668,#5669,#5670),.UNSPECIFIED.,.F.,.F.,(8,8),(1.570796326795,
    3.14159265359),.PIECEWISE_BEZIER_KNOTS.);
#5663 = CARTESIAN_POINT('',(5.921189464668E-16,-117.));
#5664 = CARTESIAN_POINT('',(0.224399475256,-117.3365992128));
#5665 = CARTESIAN_POINT('',(0.448798950513,-117.6731970589));
#5666 = CARTESIAN_POINT('',(0.673198425769,-117.9821202386));
#5667 = CARTESIAN_POINT('',(0.897597901026,-118.2356437569));
#5668 = CARTESIAN_POINT('',(1.121997376282,-118.411876991));
#5669 = CARTESIAN_POINT('',(1.346396851538,-118.5));
#5670 = CARTESIAN_POINT('',(1.570796326795,-118.5));
#5671 = ( GEOMETRIC_REPRESENTATION_CONTEXT(2) 
PARAMETRIC_REPRESENTATION_CONTEXT() REPRESENTATION_CONTEXT('2D SPACE',''
  ) );
#5672 = ORIENTED_EDGE('',*,*,#5673,.T.);
#5673 = EDGE_CURVE('',#5645,#5495,#5674,.T.);
#5674 = SURFACE_CURVE('',#5675,(#5679,#5685),.PCURVE_S1.);
#5675 = LINE('',#5676,#5677);
#5676 = CARTESIAN_POINT('',(-3.501283905933E+03,3.511283905933E+03,18.5)
  );
#5677 = VECTOR('',#5678,1.);
#5678 = DIRECTION('',(0.707106781187,-0.707106781187,-0.));
#5679 = PCURVE('',#4736,#5680);
#5680 = DEFINITIONAL_REPRESENTATION('',(#5681),#5684);
#5681 = B_SPLINE_CURVE_WITH_KNOTS('',1,(#5682,#5683),.UNSPECIFIED.,.F.,
  .F.,(2,2),(4.941663690552E+03,4.961462680425E+03),
  .PIECEWISE_BEZIER_KNOTS.);
#5682 = CARTESIAN_POINT('',(9.9815E+03,9.97595836944E+03));
#5683 = CARTESIAN_POINT('',(9.9815E+03,9.995757359313E+03));
#5684 = ( GEOMETRIC_REPRESENTATION_CONTEXT(2) 
PARAMETRIC_REPRESENTATION_CONTEXT() REPRESENTATION_CONTEXT('2D SPACE',''
  ) );
#5685 = PCURVE('',#5118,#5686);
#5686 = DEFINITIONAL_REPRESENTATION('',(#5687),#5690);
#5687 = B_SPLINE_CURVE_WITH_KNOTS('',1,(#5688,#5689),.UNSPECIFIED.,.F.,
  .F.,(2,2),(4.941663690552E+03,4.961462680425E+03),
  .PIECEWISE_BEZIER_KNOTS.);
#5688 = CARTESIAN_POINT('',(14.,-117.));
#5689 = CARTESIAN_POINT('',(0.,-103.));
#5690 = ( GEOMETRIC_REPRESENTATION_CONTEXT(2) 
PARAMETRIC_REPRESENTATION_CONTEXT() REPRESENTATION_CONTEXT('2D SPACE',''
  ) );
#5691 = ADVANCED_FACE('',(#5692),#4877,.T.);
#5692 = FACE_BOUND('',#5693,.T.);
#5693 = EDGE_LOOP('',(#5694,#5715,#5716,#5717));
#5694 = ORIENTED_EDGE('',*,*,#5695,.F.);
#5695 = EDGE_CURVE('',#5369,#5011,#5696,.T.);
#5696 = SURFACE_CURVE('',#5697,(#5701,#5708),.PCURVE_S1.);
#5697 = LINE('',#5698,#5699);
#5698 = CARTESIAN_POINT('',(-7.,-100.,20.));
#5699 = VECTOR('',#5700,1.);
#5700 = DIRECTION('',(0.,1.,0.));
#5701 = PCURVE('',#4877,#5702);
#5702 = DEFINITIONAL_REPRESENTATION('',(#5703),#5707);
#5703 = LINE('',#5704,#5705);
#5704 = CARTESIAN_POINT('',(14.,0.));
#5705 = VECTOR('',#5706,1.);
#5706 = DIRECTION('',(0.,-1.));
#5707 = ( GEOMETRIC_REPRESENTATION_CONTEXT(2) 
PARAMETRIC_REPRESENTATION_CONTEXT() REPRESENTATION_CONTEXT('2D SPACE',''
  ) );
#5708 = PCURVE('',#5027,#5709);
#5709 = DEFINITIONAL_REPRESENTATION('',(#5710),#5714);
#5710 = LINE('',#5711,#5712);
#5711 = CARTESIAN_POINT('',(0.,0.));
#5712 = VECTOR('',#5713,1.);
#5713 = DIRECTION('',(0.,-1.));
#5714 = ( GEOMETRIC_REPRESENTATION_CONTEXT(2) 
PARAMETRIC_REPRESENTATION_CONTEXT() REPRESENTATION_CONTEXT('2D SPACE',''
  ) );
#5715 = ORIENTED_EDGE('',*,*,#5368,.T.);
#5716 = ORIENTED_EDGE('',*,*,#4863,.T.);
#5717 = ORIENTED_EDGE('',*,*,#5045,.T.);
#5718 = ADVANCED_FACE('',(#5719),#5027,.T.);
#5719 = FACE_BOUND('',#5720,.T.);
#5720 = EDGE_LOOP('',(#5721,#5722,#5723,#5724));
#5721 = ORIENTED_EDGE('',*,*,#5389,.F.);
#5722 = ORIENTED_EDGE('',*,*,#5695,.T.);
#5723 = ORIENTED_EDGE('',*,*,#5010,.F.);
#5724 = ORIENTED_EDGE('',*,*,#5725,.F.);
#5725 = EDGE_CURVE('',#5390,#4985,#5726,.T.);
#5726 = SURFACE_CURVE('',#5727,(#5731,#5738),.PCURVE_S1.);
#5727 = LINE('',#5728,#5729);
#5728 = CARTESIAN_POINT('',(-10.,-100.,17.));
#5729 = VECTOR('',#5730,1.);
#5730 = DIRECTION('',(0.,1.,0.));
#5731 = PCURVE('',#5027,#5732);
#5732 = DEFINITIONAL_REPRESENTATION('',(#5733),#5737);
#5733 = LINE('',#5734,#5735);
#5734 = CARTESIAN_POINT('',(1.570796326795,0.));
#5735 = VECTOR('',#5736,1.);
#5736 = DIRECTION('',(0.,-1.));
#5737 = ( GEOMETRIC_REPRESENTATION_CONTEXT(2) 
PARAMETRIC_REPRESENTATION_CONTEXT() REPRESENTATION_CONTEXT('2D SPACE',''
  ) );
#5738 = PCURVE('',#4999,#5739);
#5739 = DEFINITIONAL_REPRESENTATION('',(#5740),#5744);
#5740 = LINE('',#5741,#5742);
#5741 = CARTESIAN_POINT('',(0.,-0.));
#5742 = VECTOR('',#5743,1.);
#5743 = DIRECTION('',(0.,-1.));
#5744 = ( GEOMETRIC_REPRESENTATION_CONTEXT(2) 
PARAMETRIC_REPRESENTATION_CONTEXT() REPRESENTATION_CONTEXT('2D SPACE',''
  ) );
#5745 = ADVANCED_FACE('',(#5746),#4999,.T.);
#5746 = FACE_BOUND('',#5747,.T.);
#5747 = EDGE_LOOP('',(#5748,#5769,#5770,#5771));
#5748 = ORIENTED_EDGE('',*,*,#5749,.F.);
#5749 = EDGE_CURVE('',#5420,#4950,#5750,.T.);
#5750 = SURFACE_CURVE('',#5751,(#5755,#5762),.PCURVE_S1.);
#5751 = LINE('',#5752,#5753);
#5752 = CARTESIAN_POINT('',(-10.,-100.,-17.));
#5753 = VECTOR('',#5754,1.);
#5754 = DIRECTION('',(0.,1.,0.));
#5755 = PCURVE('',#4999,#5756);
#5756 = DEFINITIONAL_REPRESENTATION('',(#5757),#5761);
#5757 = LINE('',#5758,#5759);
#5758 = CARTESIAN_POINT('',(34.,0.));
#5759 = VECTOR('',#5760,1.);
#5760 = DIRECTION('',(0.,-1.));
#5761 = ( GEOMETRIC_REPRESENTATION_CONTEXT(2) 
PARAMETRIC_REPRESENTATION_CONTEXT() REPRESENTATION_CONTEXT('2D SPACE',''
  ) );
#5762 = PCURVE('',#4966,#5763);
#5763 = DEFINITIONAL_REPRESENTATION('',(#5764),#5768);
#5764 = LINE('',#5765,#5766);
#5765 = CARTESIAN_POINT('',(0.,0.));
#5766 = VECTOR('',#5767,1.);
#5767 = DIRECTION('',(0.,-1.));
#5768 = ( GEOMETRIC_REPRESENTATION_CONTEXT(2) 
PARAMETRIC_REPRESENTATION_CONTEXT() REPRESENTATION_CONTEXT('2D SPACE',''
  ) );
#5769 = ORIENTED_EDGE('',*,*,#5419,.T.);
#5770 = ORIENTED_EDGE('',*,*,#5725,.T.);
#5771 = ORIENTED_EDGE('',*,*,#4984,.T.);
#5772 = ADVANCED_FACE('',(#5773),#4966,.T.);
#5773 = FACE_BOUND('',#5774,.T.);
#5774 = EDGE_LOOP('',(#5775,#5776,#5777,#5778));
#5775 = ORIENTED_EDGE('',*,*,#5440,.F.);
#5776 = ORIENTED_EDGE('',*,*,#5749,.T.);
#5777 = ORIENTED_EDGE('',*,*,#4949,.F.);
#5778 = ORIENTED_EDGE('',*,*,#5779,.F.);
#5779 = EDGE_CURVE('',#5441,#4924,#5780,.T.);
#5780 = SURFACE_CURVE('',#5781,(#5785,#5792),.PCURVE_S1.);
#5781 = LINE('',#5782,#5783);
#5782 = CARTESIAN_POINT('',(-7.,-100.,-20.));
#5783 = VECTOR('',#5784,1.);
#5784 = DIRECTION('',(0.,1.,0.));
#5785 = PCURVE('',#4966,#5786);
#5786 = DEFINITIONAL_REPRESENTATION('',(#5787),#5791);
#5787 = LINE('',#5788,#5789);
#5788 = CARTESIAN_POINT('',(1.570796326795,0.));
#5789 = VECTOR('',#5790,1.);
#5790 = DIRECTION('',(0.,-1.));
#5791 = ( GEOMETRIC_REPRESENTATION_CONTEXT(2) 
PARAMETRIC_REPRESENTATION_CONTEXT() REPRESENTATION_CONTEXT('2D SPACE',''
  ) );
#5792 = PCURVE('',#4938,#5793);
#5793 = DEFINITIONAL_REPRESENTATION('',(#5794),#5798);
#5794 = LINE('',#5795,#5796);
#5795 = CARTESIAN_POINT('',(0.,0.));
#5796 = VECTOR('',#5797,1.);
#5797 = DIRECTION('',(0.,-1.));
#5798 = ( GEOMETRIC_REPRESENTATION_CONTEXT(2) 
PARAMETRIC_REPRESENTATION_CONTEXT() REPRESENTATION_CONTEXT('2D SPACE',''
  ) );
#5799 = ADVANCED_FACE('',(#5800),#4938,.T.);
#5800 = FACE_BOUND('',#5801,.T.);
#5801 = EDGE_LOOP('',(#5802,#5803,#5804,#5805));
#5802 = ORIENTED_EDGE('',*,*,#5340,.F.);
#5803 = ORIENTED_EDGE('',*,*,#5470,.T.);
#5804 = ORIENTED_EDGE('',*,*,#5779,.T.);
#5805 = ORIENTED_EDGE('',*,*,#4923,.T.);
#5806 = ADVANCED_FACE('',(#5807),#5086,.F.);
#5807 = FACE_BOUND('',#5808,.F.);
#5808 = EDGE_LOOP('',(#5809,#5810,#5831,#5832));
#5809 = ORIENTED_EDGE('',*,*,#5492,.F.);
#5810 = ORIENTED_EDGE('',*,*,#5811,.T.);
#5811 = EDGE_CURVE('',#5493,#5070,#5812,.T.);
#5812 = SURFACE_CURVE('',#5813,(#5817,#5824),.PCURVE_S1.);
#5813 = LINE('',#5814,#5815);
#5814 = CARTESIAN_POINT('',(8.5,-100.,17.));
#5815 = VECTOR('',#5816,1.);
#5816 = DIRECTION('',(0.,1.,0.));
#5817 = PCURVE('',#5086,#5818);
#5818 = DEFINITIONAL_REPRESENTATION('',(#5819),#5823);
#5819 = LINE('',#5820,#5821);
#5820 = CARTESIAN_POINT('',(0.,0.));
#5821 = VECTOR('',#5822,1.);
#5822 = DIRECTION('',(0.,-1.));
#5823 = ( GEOMETRIC_REPRESENTATION_CONTEXT(2) 
PARAMETRIC_REPRESENTATION_CONTEXT() REPRESENTATION_CONTEXT('2D SPACE',''
  ) );
#5824 = PCURVE('',#5296,#5825);
#5825 = DEFINITIONAL_REPRESENTATION('',(#5826),#5830);
#5826 = LINE('',#5827,#5828);
#5827 = CARTESIAN_POINT('',(34.,0.));
#5828 = VECTOR('',#5829,1.);
#5829 = DIRECTION('',(0.,-1.));
#5830 = ( GEOMETRIC_REPRESENTATION_CONTEXT(2) 
PARAMETRIC_REPRESENTATION_CONTEXT() REPRESENTATION_CONTEXT('2D SPACE',''
  ) );
#5831 = ORIENTED_EDGE('',*,*,#5067,.F.);
#5832 = ORIENTED_EDGE('',*,*,#5833,.F.);
#5833 = EDGE_CURVE('',#5495,#5068,#5834,.T.);
#5834 = SURFACE_CURVE('',#5835,(#5839,#5846),.PCURVE_S1.);
#5835 = LINE('',#5836,#5837);
#5836 = CARTESIAN_POINT('',(7.,-100.,18.5));
#5837 = VECTOR('',#5838,1.);
#5838 = DIRECTION('',(0.,1.,0.));
#5839 = PCURVE('',#5086,#5840);
#5840 = DEFINITIONAL_REPRESENTATION('',(#5841),#5845);
#5841 = LINE('',#5842,#5843);
#5842 = CARTESIAN_POINT('',(1.570796326795,0.));
#5843 = VECTOR('',#5844,1.);
#5844 = DIRECTION('',(0.,-1.));
#5845 = ( GEOMETRIC_REPRESENTATION_CONTEXT(2) 
PARAMETRIC_REPRESENTATION_CONTEXT() REPRESENTATION_CONTEXT('2D SPACE',''
  ) );
#5846 = PCURVE('',#5118,#5847);
#5847 = DEFINITIONAL_REPRESENTATION('',(#5848),#5852);
#5848 = LINE('',#5849,#5850);
#5849 = CARTESIAN_POINT('',(0.,0.));
#5850 = VECTOR('',#5851,1.);
#5851 = DIRECTION('',(0.,-1.));
#5852 = ( GEOMETRIC_REPRESENTATION_CONTEXT(2) 
PARAMETRIC_REPRESENTATION_CONTEXT() REPRESENTATION_CONTEXT('2D SPACE',''
  ) );
#5853 = ADVANCED_FACE('',(#5854),#5296,.F.);
#5854 = FACE_BOUND('',#5855,.F.);
#5855 = EDGE_LOOP('',(#5856,#5857,#5858,#5879));
#5856 = ORIENTED_EDGE('',*,*,#5811,.F.);
#5857 = ORIENTED_EDGE('',*,*,#5523,.T.);
#5858 = ORIENTED_EDGE('',*,*,#5859,.T.);
#5859 = EDGE_CURVE('',#5524,#5250,#5860,.T.);
#5860 = SURFACE_CURVE('',#5861,(#5865,#5872),.PCURVE_S1.);
#5861 = LINE('',#5862,#5863);
#5862 = CARTESIAN_POINT('',(8.5,-100.,-17.));
#5863 = VECTOR('',#5864,1.);
#5864 = DIRECTION('',(0.,1.,0.));
#5865 = PCURVE('',#5296,#5866);
#5866 = DEFINITIONAL_REPRESENTATION('',(#5867),#5871);
#5867 = LINE('',#5868,#5869);
#5868 = CARTESIAN_POINT('',(0.,0.));
#5869 = VECTOR('',#5870,1.);
#5870 = DIRECTION('',(0.,-1.));
#5871 = ( GEOMETRIC_REPRESENTATION_CONTEXT(2) 
PARAMETRIC_REPRESENTATION_CONTEXT() REPRESENTATION_CONTEXT('2D SPACE',''
  ) );
#5872 = PCURVE('',#5266,#5873);
#5873 = DEFINITIONAL_REPRESENTATION('',(#5874),#5878);
#5874 = LINE('',#5875,#5876);
#5875 = CARTESIAN_POINT('',(1.570796326795,0.));
#5876 = VECTOR('',#5877,1.);
#5877 = DIRECTION('',(0.,-1.));
#5878 = ( GEOMETRIC_REPRESENTATION_CONTEXT(2) 
PARAMETRIC_REPRESENTATION_CONTEXT() REPRESENTATION_CONTEXT('2D SPACE',''
  ) );
#5879 = ORIENTED_EDGE('',*,*,#5283,.T.);
#5880 = ADVANCED_FACE('',(#5881),#5266,.F.);
#5881 = FACE_BOUND('',#5882,.F.);
#5882 = EDGE_LOOP('',(#5883,#5884,#5905,#5906));
#5883 = ORIENTED_EDGE('',*,*,#5544,.F.);
#5884 = ORIENTED_EDGE('',*,*,#5885,.T.);
#5885 = EDGE_CURVE('',#5545,#5224,#5886,.T.);
#5886 = SURFACE_CURVE('',#5887,(#5891,#5898),.PCURVE_S1.);
#5887 = LINE('',#5888,#5889);
#5888 = CARTESIAN_POINT('',(7.,-100.,-18.5));
#5889 = VECTOR('',#5890,1.);
#5890 = DIRECTION('',(0.,1.,0.));
#5891 = PCURVE('',#5266,#5892);
#5892 = DEFINITIONAL_REPRESENTATION('',(#5893),#5897);
#5893 = LINE('',#5894,#5895);
#5894 = CARTESIAN_POINT('',(0.,0.));
#5895 = VECTOR('',#5896,1.);
#5896 = DIRECTION('',(0.,-1.));
#5897 = ( GEOMETRIC_REPRESENTATION_CONTEXT(2) 
PARAMETRIC_REPRESENTATION_CONTEXT() REPRESENTATION_CONTEXT('2D SPACE',''
  ) );
#5898 = PCURVE('',#5238,#5899);
#5899 = DEFINITIONAL_REPRESENTATION('',(#5900),#5904);
#5900 = LINE('',#5901,#5902);
#5901 = CARTESIAN_POINT('',(14.,0.));
#5902 = VECTOR('',#5903,1.);
#5903 = DIRECTION('',(0.,-1.));
#5904 = ( GEOMETRIC_REPRESENTATION_CONTEXT(2) 
PARAMETRIC_REPRESENTATION_CONTEXT() REPRESENTATION_CONTEXT('2D SPACE',''
  ) );
#5905 = ORIENTED_EDGE('',*,*,#5249,.F.);
#5906 = ORIENTED_EDGE('',*,*,#5859,.F.);
#5907 = ADVANCED_FACE('',(#5908),#5238,.F.);
#5908 = FACE_BOUND('',#5909,.F.);
#5909 = EDGE_LOOP('',(#5910,#5911,#5912,#5933));
#5910 = ORIENTED_EDGE('',*,*,#5885,.F.);
#5911 = ORIENTED_EDGE('',*,*,#5573,.T.);
#5912 = ORIENTED_EDGE('',*,*,#5913,.T.);
#5913 = EDGE_CURVE('',#5574,#5190,#5914,.T.);
#5914 = SURFACE_CURVE('',#5915,(#5919,#5926),.PCURVE_S1.);
#5915 = LINE('',#5916,#5917);
#5916 = CARTESIAN_POINT('',(-7.,-100.,-18.5));
#5917 = VECTOR('',#5918,1.);
#5918 = DIRECTION('',(0.,1.,0.));
#5919 = PCURVE('',#5238,#5920);
#5920 = DEFINITIONAL_REPRESENTATION('',(#5921),#5925);
#5921 = LINE('',#5922,#5923);
#5922 = CARTESIAN_POINT('',(0.,0.));
#5923 = VECTOR('',#5924,1.);
#5924 = DIRECTION('',(0.,-1.));
#5925 = ( GEOMETRIC_REPRESENTATION_CONTEXT(2) 
PARAMETRIC_REPRESENTATION_CONTEXT() REPRESENTATION_CONTEXT('2D SPACE',''
  ) );
#5926 = PCURVE('',#5206,#5927);
#5927 = DEFINITIONAL_REPRESENTATION('',(#5928),#5932);
#5928 = LINE('',#5929,#5930);
#5929 = CARTESIAN_POINT('',(1.570796326795,0.));
#5930 = VECTOR('',#5931,1.);
#5931 = DIRECTION('',(0.,-1.));
#5932 = ( GEOMETRIC_REPRESENTATION_CONTEXT(2) 
PARAMETRIC_REPRESENTATION_CONTEXT() REPRESENTATION_CONTEXT('2D SPACE',''
  ) );
#5933 = ORIENTED_EDGE('',*,*,#5223,.T.);
#5934 = ADVANCED_FACE('',(#5935),#5206,.F.);
#5935 = FACE_BOUND('',#5936,.F.);
#5936 = EDGE_LOOP('',(#5937,#5938,#5959,#5960));
#5937 = ORIENTED_EDGE('',*,*,#5594,.F.);
#5938 = ORIENTED_EDGE('',*,*,#5939,.T.);
#5939 = EDGE_CURVE('',#5595,#5164,#5940,.T.);
#5940 = SURFACE_CURVE('',#5941,(#5945,#5952),.PCURVE_S1.);
#5941 = LINE('',#5942,#5943);
#5942 = CARTESIAN_POINT('',(-8.5,-100.,-17.));
#5943 = VECTOR('',#5944,1.);
#5944 = DIRECTION('',(0.,1.,0.));
#5945 = PCURVE('',#5206,#5946);
#5946 = DEFINITIONAL_REPRESENTATION('',(#5947),#5951);
#5947 = LINE('',#5948,#5949);
#5948 = CARTESIAN_POINT('',(0.,0.));
#5949 = VECTOR('',#5950,1.);
#5950 = DIRECTION('',(0.,-1.));
#5951 = ( GEOMETRIC_REPRESENTATION_CONTEXT(2) 
PARAMETRIC_REPRESENTATION_CONTEXT() REPRESENTATION_CONTEXT('2D SPACE',''
  ) );
#5952 = PCURVE('',#5178,#5953);
#5953 = DEFINITIONAL_REPRESENTATION('',(#5954),#5958);
#5954 = LINE('',#5955,#5956);
#5955 = CARTESIAN_POINT('',(34.,0.));
#5956 = VECTOR('',#5957,1.);
#5957 = DIRECTION('',(0.,-1.));
#5958 = ( GEOMETRIC_REPRESENTATION_CONTEXT(2) 
PARAMETRIC_REPRESENTATION_CONTEXT() REPRESENTATION_CONTEXT('2D SPACE',''
  ) );
#5959 = ORIENTED_EDGE('',*,*,#5189,.F.);
#5960 = ORIENTED_EDGE('',*,*,#5913,.F.);
#5961 = ADVANCED_FACE('',(#5962),#5178,.F.);
#5962 = FACE_BOUND('',#5963,.F.);
#5963 = EDGE_LOOP('',(#5964,#5965,#5966,#5987));
#5964 = ORIENTED_EDGE('',*,*,#5939,.F.);
#5965 = ORIENTED_EDGE('',*,*,#5623,.T.);
#5966 = ORIENTED_EDGE('',*,*,#5967,.T.);
#5967 = EDGE_CURVE('',#5624,#5130,#5968,.T.);
#5968 = SURFACE_CURVE('',#5969,(#5973,#5980),.PCURVE_S1.);
#5969 = LINE('',#5970,#5971);
#5970 = CARTESIAN_POINT('',(-8.5,-100.,17.));
#5971 = VECTOR('',#5972,1.);
#5972 = DIRECTION('',(0.,1.,0.));
#5973 = PCURVE('',#5178,#5974);
#5974 = DEFINITIONAL_REPRESENTATION('',(#5975),#5979);
#5975 = LINE('',#5976,#5977);
#5976 = CARTESIAN_POINT('',(0.,-0.));
#5977 = VECTOR('',#5978,1.);
#5978 = DIRECTION('',(0.,-1.));
#5979 = ( GEOMETRIC_REPRESENTATION_CONTEXT(2) 
PARAMETRIC_REPRESENTATION_CONTEXT() REPRESENTATION_CONTEXT('2D SPACE',''
  ) );
#5980 = PCURVE('',#5146,#5981);
#5981 = DEFINITIONAL_REPRESENTATION('',(#5982),#5986);
#5982 = LINE('',#5983,#5984);
#5983 = CARTESIAN_POINT('',(1.570796326795,0.));
#5984 = VECTOR('',#5985,1.);
#5985 = DIRECTION('',(0.,-1.));
#5986 = ( GEOMETRIC_REPRESENTATION_CONTEXT(2) 
PARAMETRIC_REPRESENTATION_CONTEXT() REPRESENTATION_CONTEXT('2D SPACE',''
  ) );
#5987 = ORIENTED_EDGE('',*,*,#5163,.T.);
#5988 = ADVANCED_FACE('',(#5989),#5146,.F.);
#5989 = FACE_BOUND('',#5990,.F.);
#5990 = EDGE_LOOP('',(#5991,#5992,#6013,#6014));
#5991 = ORIENTED_EDGE('',*,*,#5644,.F.);
#5992 = ORIENTED_EDGE('',*,*,#5993,.T.);
#5993 = EDGE_CURVE('',#5645,#5104,#5994,.T.);
#5994 = SURFACE_CURVE('',#5995,(#5999,#6006),.PCURVE_S1.);
#5995 = LINE('',#5996,#5997);
#5996 = CARTESIAN_POINT('',(-7.,-100.,18.5));
#5997 = VECTOR('',#5998,1.);
#5998 = DIRECTION('',(0.,1.,0.));
#5999 = PCURVE('',#5146,#6000);
#6000 = DEFINITIONAL_REPRESENTATION('',(#6001),#6005);
#6001 = LINE('',#6002,#6003);
#6002 = CARTESIAN_POINT('',(0.,0.));
#6003 = VECTOR('',#6004,1.);
#6004 = DIRECTION('',(0.,-1.));
#6005 = ( GEOMETRIC_REPRESENTATION_CONTEXT(2) 
PARAMETRIC_REPRESENTATION_CONTEXT() REPRESENTATION_CONTEXT('2D SPACE',''
  ) );
#6006 = PCURVE('',#5118,#6007);
#6007 = DEFINITIONAL_REPRESENTATION('',(#6008),#6012);
#6008 = LINE('',#6009,#6010);
#6009 = CARTESIAN_POINT('',(14.,0.));
#6010 = VECTOR('',#6011,1.);
#6011 = DIRECTION('',(0.,-1.));
#6012 = ( GEOMETRIC_REPRESENTATION_CONTEXT(2) 
PARAMETRIC_REPRESENTATION_CONTEXT() REPRESENTATION_CONTEXT('2D SPACE',''
  ) );
#6013 = ORIENTED_EDGE('',*,*,#5129,.F.);
#6014 = ORIENTED_EDGE('',*,*,#5967,.F.);
#6015 = ADVANCED_FACE('',(#6016),#5118,.F.);
#6016 = FACE_BOUND('',#6017,.F.);
#6017 = EDGE_LOOP('',(#6018,#6019,#6020,#6021));
#6018 = ORIENTED_EDGE('',*,*,#5993,.F.);
#6019 = ORIENTED_EDGE('',*,*,#5673,.T.);
#6020 = ORIENTED_EDGE('',*,*,#5833,.T.);
#6021 = ORIENTED_EDGE('',*,*,#5103,.T.);
#6022 = ( GEOMETRIC_REPRESENTATION_CONTEXT(3) 
GLOBAL_UNCERTAINTY_ASSIGNED_CONTEXT((#6026)) 
GLOBAL_UNIT_ASSIGNED_CONTEXT((#6023,#6024,#6025)) REPRESENTATION_CONTEXT
('Context #1','3D Context with UNIT and UNCERTAINTY') );
#6023 = ( LENGTH_UNIT() NAMED_UNIT(*) SI_UNIT(.MILLI.,.METRE.) );
#6024 = ( NAMED_UNIT(*) PLANE_ANGLE_UNIT() SI_UNIT($,.RADIAN.) );
#6025 = ( NAMED_UNIT(*) SI_UNIT($,.STERADIAN.) SOLID_ANGLE_UNIT() );
#6026 = UNCERTAINTY_MEASURE_WITH_UNIT(LENGTH_MEASURE(2.E-07),#6023,
  'distance_accuracy_value','confusion accuracy');
#6027 = CONTEXT_DEPENDENT_SHAPE_REPRESENTATION(#6028,#6030);
#6028 = ( REPRESENTATION_RELATIONSHIP('','',#4679,#10) 
REPRESENTATION_RELATIONSHIP_WITH_TRANSFORMATION(#6029) 
SHAPE_REPRESENTATION_RELATIONSHIP() );
#6029 = ITEM_DEFINED_TRANSFORMATION('','',#11,#27);
#6030 = PRODUCT_DEFINITION_SHAPE('Placement','Placement of an item',
  #6031);
#6031 = NEXT_ASSEMBLY_USAGE_OCCURRENCE('20','\X2\0414043504420430043B044C\X0\ 4','',#5,#4674
  ,$);
#6032 = PRODUCT_RELATED_PRODUCT_CATEGORY('part',$,(#4676));
#6033 = SHAPE_DEFINITION_REPRESENTATION(#6034,#6040);
#6034 = PRODUCT_DEFINITION_SHAPE('','',#6035);
#6035 = PRODUCT_DEFINITION('design','',#6036,#6039);
#6036 = PRODUCT_DEFINITION_FORMATION('','',#6037);
#6037 = PRODUCT('\X2\0414043504420430043B044C\X0\ 5 40\X2\0445\X0\20\X2\0445\X0\1,5 L=1005 (8 \X2\044804420443043A\X0\)',
  '\X2\0414043504420430043B044C\X0\ 5 40\X2\0445\X0\20\X2\0445\X0\1,5 L=1005 (8 \X2\044804420443043A\X0\)','',(#6038));
#6038 = PRODUCT_CONTEXT('',#2,'mechanical');
#6039 = PRODUCT_DEFINITION_CONTEXT('part definition',#2,'design');
#6040 = ADVANCED_BREP_SHAPE_REPRESENTATION('',(#11,#6041),#7383);
#6041 = MANIFOLD_SOLID_BREP('',#6042);
#6042 = CLOSED_SHELL('',(#6043,#6159,#6249,#6667,#6723,#7052,#7079,#7106
    ,#7133,#7160,#7167,#7214,#7241,#7268,#7295,#7322,#7349,#7376));
#6043 = ADVANCED_FACE('',(#6044),#6058,.T.);
#6044 = FACE_BOUND('',#6045,.T.);
#6045 = EDGE_LOOP('',(#6046,#6081,#6107,#6135));
#6046 = ORIENTED_EDGE('',*,*,#6047,.F.);
#6047 = EDGE_CURVE('',#6048,#6050,#6052,.T.);
#6048 = VERTEX_POINT('',#6049);
#6049 = CARTESIAN_POINT('',(10.,3.979039320257E-13,17.));
#6050 = VERTEX_POINT('',#6051);
#6051 = CARTESIAN_POINT('',(10.,1.005E+03,17.));
#6052 = SURFACE_CURVE('',#6053,(#6057,#6069),.PCURVE_S1.);
#6053 = LINE('',#6054,#6055);
#6054 = CARTESIAN_POINT('',(10.,-100.,17.));
#6055 = VECTOR('',#6056,1.);
#6056 = DIRECTION('',(0.,1.,0.));
#6057 = PCURVE('',#6058,#6063);
#6058 = PLANE('',#6059);
#6059 = AXIS2_PLACEMENT_3D('',#6060,#6061,#6062);
#6060 = CARTESIAN_POINT('',(10.,-100.,-17.));
#6061 = DIRECTION('',(1.,0.,0.));
#6062 = DIRECTION('',(0.,0.,1.));
#6063 = DEFINITIONAL_REPRESENTATION('',(#6064),#6068);
#6064 = LINE('',#6065,#6066);
#6065 = CARTESIAN_POINT('',(34.,0.));
#6066 = VECTOR('',#6067,1.);
#6067 = DIRECTION('',(0.,-1.));
#6068 = ( GEOMETRIC_REPRESENTATION_CONTEXT(2) 
PARAMETRIC_REPRESENTATION_CONTEXT() REPRESENTATION_CONTEXT('2D SPACE',''
  ) );
#6069 = PCURVE('',#6070,#6075);
#6070 = CYLINDRICAL_SURFACE('',#6071,3.);
#6071 = AXIS2_PLACEMENT_3D('',#6072,#6073,#6074);
#6072 = CARTESIAN_POINT('',(7.,-100.,17.));
#6073 = DIRECTION('',(0.,-1.,0.));
#6074 = DIRECTION('',(1.,0.,0.));
#6075 = DEFINITIONAL_REPRESENTATION('',(#6076),#6080);
#6076 = LINE('',#6077,#6078);
#6077 = CARTESIAN_POINT('',(0.,0.));
#6078 = VECTOR('',#6079,1.);
#6079 = DIRECTION('',(0.,-1.));
#6080 = ( GEOMETRIC_REPRESENTATION_CONTEXT(2) 
PARAMETRIC_REPRESENTATION_CONTEXT() REPRESENTATION_CONTEXT('2D SPACE',''
  ) );
#6081 = ORIENTED_EDGE('',*,*,#6082,.T.);
#6082 = EDGE_CURVE('',#6048,#6083,#6085,.T.);
#6083 = VERTEX_POINT('',#6084);
#6084 = CARTESIAN_POINT('',(10.,3.979039320257E-13,-17.));
#6085 = SURFACE_CURVE('',#6086,(#6090,#6096),.PCURVE_S1.);
#6086 = LINE('',#6087,#6088);
#6087 = CARTESIAN_POINT('',(10.,6.536993168993E-13,4.9915E+03));
#6088 = VECTOR('',#6089,1.);
#6089 = DIRECTION('',(0.,-0.,-1.));
#6090 = PCURVE('',#6058,#6091);
#6091 = DEFINITIONAL_REPRESENTATION('',(#6092),#6095);
#6092 = B_SPLINE_CURVE_WITH_KNOTS('',1,(#6093,#6094),.UNSPECIFIED.,.F.,
  .F.,(2,2),(4.9745E+03,5.0085E+03),.PIECEWISE_BEZIER_KNOTS.);
#6093 = CARTESIAN_POINT('',(34.,-100.));
#6094 = CARTESIAN_POINT('',(0.,-100.));
#6095 = ( GEOMETRIC_REPRESENTATION_CONTEXT(2) 
PARAMETRIC_REPRESENTATION_CONTEXT() REPRESENTATION_CONTEXT('2D SPACE',''
  ) );
#6096 = PCURVE('',#6097,#6102);
#6097 = PLANE('',#6098);
#6098 = AXIS2_PLACEMENT_3D('',#6099,#6100,#6101);
#6099 = CARTESIAN_POINT('',(-7.061067811865E+03,7.071067811865E+03,
    1.E+04));
#6100 = DIRECTION('',(-0.707106781187,-0.707106781187,0.));
#6101 = DIRECTION('',(0.,0.,-1.));
#6102 = DEFINITIONAL_REPRESENTATION('',(#6103),#6106);
#6103 = B_SPLINE_CURVE_WITH_KNOTS('',1,(#6104,#6105),.UNSPECIFIED.,.F.,
  .F.,(2,2),(4.9745E+03,5.0085E+03),.PIECEWISE_BEZIER_KNOTS.);
#6104 = CARTESIAN_POINT('',(9.983E+03,1.E+04));
#6105 = CARTESIAN_POINT('',(1.0017E+04,1.E+04));
#6106 = ( GEOMETRIC_REPRESENTATION_CONTEXT(2) 
PARAMETRIC_REPRESENTATION_CONTEXT() REPRESENTATION_CONTEXT('2D SPACE',''
  ) );
#6107 = ORIENTED_EDGE('',*,*,#6108,.T.);
#6108 = EDGE_CURVE('',#6083,#6109,#6111,.T.);
#6109 = VERTEX_POINT('',#6110);
#6110 = CARTESIAN_POINT('',(10.,1.005E+03,-17.));
#6111 = SURFACE_CURVE('',#6112,(#6116,#6123),.PCURVE_S1.);
#6112 = LINE('',#6113,#6114);
#6113 = CARTESIAN_POINT('',(10.,-100.,-17.));
#6114 = VECTOR('',#6115,1.);
#6115 = DIRECTION('',(0.,1.,0.));
#6116 = PCURVE('',#6058,#6117);
#6117 = DEFINITIONAL_REPRESENTATION('',(#6118),#6122);
#6118 = LINE('',#6119,#6120);
#6119 = CARTESIAN_POINT('',(0.,0.));
#6120 = VECTOR('',#6121,1.);
#6121 = DIRECTION('',(0.,-1.));
#6122 = ( GEOMETRIC_REPRESENTATION_CONTEXT(2) 
PARAMETRIC_REPRESENTATION_CONTEXT() REPRESENTATION_CONTEXT('2D SPACE',''
  ) );
#6123 = PCURVE('',#6124,#6129);
#6124 = CYLINDRICAL_SURFACE('',#6125,3.);
#6125 = AXIS2_PLACEMENT_3D('',#6126,#6127,#6128);
#6126 = CARTESIAN_POINT('',(7.,-100.,-17.));
#6127 = DIRECTION('',(0.,-1.,0.));
#6128 = DIRECTION('',(5.921189464668E-16,0.,-1.));
#6129 = DEFINITIONAL_REPRESENTATION('',(#6130),#6134);
#6130 = LINE('',#6131,#6132);
#6131 = CARTESIAN_POINT('',(1.570796326795,0.));
#6132 = VECTOR('',#6133,1.);
#6133 = DIRECTION('',(0.,-1.));
#6134 = ( GEOMETRIC_REPRESENTATION_CONTEXT(2) 
PARAMETRIC_REPRESENTATION_CONTEXT() REPRESENTATION_CONTEXT('2D SPACE',''
  ) );
#6135 = ORIENTED_EDGE('',*,*,#6136,.T.);
#6136 = EDGE_CURVE('',#6109,#6050,#6137,.T.);
#6137 = SURFACE_CURVE('',#6138,(#6142,#6148),.PCURVE_S1.);
#6138 = LINE('',#6139,#6140);
#6139 = CARTESIAN_POINT('',(10.,1.005E+03,-5.0085E+03));
#6140 = VECTOR('',#6141,1.);
#6141 = DIRECTION('',(0.,-0.,1.));
#6142 = PCURVE('',#6058,#6143);
#6143 = DEFINITIONAL_REPRESENTATION('',(#6144),#6147);
#6144 = B_SPLINE_CURVE_WITH_KNOTS('',1,(#6145,#6146),.UNSPECIFIED.,.F.,
  .F.,(2,2),(4.9915E+03,5.0255E+03),.PIECEWISE_BEZIER_KNOTS.);
#6145 = CARTESIAN_POINT('',(0.,-1.105E+03));
#6146 = CARTESIAN_POINT('',(34.,-1.105E+03));
#6147 = ( GEOMETRIC_REPRESENTATION_CONTEXT(2) 
PARAMETRIC_REPRESENTATION_CONTEXT() REPRESENTATION_CONTEXT('2D SPACE',''
  ) );
#6148 = PCURVE('',#6149,#6154);
#6149 = PLANE('',#6150);
#6150 = AXIS2_PLACEMENT_3D('',#6151,#6152,#6153);
#6151 = CARTESIAN_POINT('',(-7.061067811865E+03,-6.066067811865E+03,
    -1.E+04));
#6152 = DIRECTION('',(-0.707106781187,0.707106781187,0.));
#6153 = DIRECTION('',(0.,0.,1.));
#6154 = DEFINITIONAL_REPRESENTATION('',(#6155),#6158);
#6155 = B_SPLINE_CURVE_WITH_KNOTS('',1,(#6156,#6157),.UNSPECIFIED.,.F.,
  .F.,(2,2),(4.9915E+03,5.0255E+03),.PIECEWISE_BEZIER_KNOTS.);
#6156 = CARTESIAN_POINT('',(9.983E+03,1.E+04));
#6157 = CARTESIAN_POINT('',(1.0017E+04,1.E+04));
#6158 = ( GEOMETRIC_REPRESENTATION_CONTEXT(2) 
PARAMETRIC_REPRESENTATION_CONTEXT() REPRESENTATION_CONTEXT('2D SPACE',''
  ) );
#6159 = ADVANCED_FACE('',(#6160),#6070,.T.);
#6160 = FACE_BOUND('',#6161,.T.);
#6161 = EDGE_LOOP('',(#6162,#6192,#6193,#6223));
#6162 = ORIENTED_EDGE('',*,*,#6163,.F.);
#6163 = EDGE_CURVE('',#6048,#6164,#6166,.T.);
#6164 = VERTEX_POINT('',#6165);
#6165 = CARTESIAN_POINT('',(7.,3.,20.));
#6166 = SURFACE_CURVE('',#6167,(#6172,#6185),.PCURVE_S1.);
#6167 = ELLIPSE('',#6168,4.242640687119,3.);
#6168 = AXIS2_PLACEMENT_3D('',#6169,#6170,#6171);
#6169 = CARTESIAN_POINT('',(7.,3.,17.));
#6170 = DIRECTION('',(-0.707106781187,-0.707106781187,0.));
#6171 = DIRECTION('',(0.707106781187,-0.707106781187,0.));
#6172 = PCURVE('',#6070,#6173);
#6173 = DEFINITIONAL_REPRESENTATION('',(#6174),#6184);
#6174 = B_SPLINE_CURVE_WITH_KNOTS('',8,(#6175,#6176,#6177,#6178,#6179,
    #6180,#6181,#6182,#6183),.UNSPECIFIED.,.F.,.F.,(9,9),(0.,
    1.570796326795),.PIECEWISE_BEZIER_KNOTS.);
#6175 = CARTESIAN_POINT('',(0.,-100.));
#6176 = CARTESIAN_POINT('',(0.196349540849,-100.));
#6177 = CARTESIAN_POINT('',(0.392699081698,-100.1321823279));
#6178 = CARTESIAN_POINT('',(0.589048622548,-100.3965458605));
#6179 = CARTESIAN_POINT('',(0.785398163397,-100.7822237485));
#6180 = CARTESIAN_POINT('',(0.981747704245,-101.2674602158));
#6181 = CARTESIAN_POINT('',(1.178097245095,-101.821902615));
#6182 = CARTESIAN_POINT('',(1.374446785946,-102.4109513774));
#6183 = CARTESIAN_POINT('',(1.570796326795,-103.));
#6184 = ( GEOMETRIC_REPRESENTATION_CONTEXT(2) 
PARAMETRIC_REPRESENTATION_CONTEXT() REPRESENTATION_CONTEXT('2D SPACE',''
  ) );
#6185 = PCURVE('',#6097,#6186);
#6186 = DEFINITIONAL_REPRESENTATION('',(#6187),#6191);
#6187 = ELLIPSE('',#6188,4.242640687119,3.);
#6188 = AXIS2_PLACEMENT_2D('',#6189,#6190);
#6189 = CARTESIAN_POINT('',(9.983E+03,9.995757359313E+03));
#6190 = DIRECTION('',(0.,1.));
#6191 = ( GEOMETRIC_REPRESENTATION_CONTEXT(2) 
PARAMETRIC_REPRESENTATION_CONTEXT() REPRESENTATION_CONTEXT('2D SPACE',''
  ) );
#6192 = ORIENTED_EDGE('',*,*,#6047,.T.);
#6193 = ORIENTED_EDGE('',*,*,#6194,.F.);
#6194 = EDGE_CURVE('',#6195,#6050,#6197,.T.);
#6195 = VERTEX_POINT('',#6196);
#6196 = CARTESIAN_POINT('',(7.,1.002E+03,20.));
#6197 = SURFACE_CURVE('',#6198,(#6203,#6216),.PCURVE_S1.);
#6198 = ELLIPSE('',#6199,4.242640687119,3.);
#6199 = AXIS2_PLACEMENT_3D('',#6200,#6201,#6202);
#6200 = CARTESIAN_POINT('',(7.,1.002E+03,17.));
#6201 = DIRECTION('',(-0.707106781187,0.707106781187,0.));
#6202 = DIRECTION('',(-0.707106781187,-0.707106781187,0.));
#6203 = PCURVE('',#6070,#6204);
#6204 = DEFINITIONAL_REPRESENTATION('',(#6205),#6215);
#6205 = B_SPLINE_CURVE_WITH_KNOTS('',8,(#6206,#6207,#6208,#6209,#6210,
    #6211,#6212,#6213,#6214),.UNSPECIFIED.,.F.,.F.,(9,9),(1.570796326795
    ,3.14159265359),.PIECEWISE_BEZIER_KNOTS.);
#6206 = CARTESIAN_POINT('',(1.570796326795,-1.102E+03));
#6207 = CARTESIAN_POINT('',(1.374446785946,-1.102589048623E+03));
#6208 = CARTESIAN_POINT('',(1.178097245096,-1.103178097385E+03));
#6209 = CARTESIAN_POINT('',(0.981747704248,-1.103732539783E+03));
#6210 = CARTESIAN_POINT('',(0.785398163394,-1.104217776251E+03));
#6211 = CARTESIAN_POINT('',(0.589048622548,-1.104603454137E+03));
#6212 = CARTESIAN_POINT('',(0.392699081698,-1.104867817672E+03));
#6213 = CARTESIAN_POINT('',(0.196349540849,-1.105E+03));
#6214 = CARTESIAN_POINT('',(0.,-1.105E+03));
#6215 = ( GEOMETRIC_REPRESENTATION_CONTEXT(2) 
PARAMETRIC_REPRESENTATION_CONTEXT() REPRESENTATION_CONTEXT('2D SPACE',''
  ) );
#6216 = PCURVE('',#6149,#6217);
#6217 = DEFINITIONAL_REPRESENTATION('',(#6218),#6222);
#6218 = ELLIPSE('',#6219,4.242640687119,3.);
#6219 = AXIS2_PLACEMENT_2D('',#6220,#6221);
#6220 = CARTESIAN_POINT('',(1.0017E+04,9.995757359313E+03));
#6221 = DIRECTION('',(0.,-1.));
#6222 = ( GEOMETRIC_REPRESENTATION_CONTEXT(2) 
PARAMETRIC_REPRESENTATION_CONTEXT() REPRESENTATION_CONTEXT('2D SPACE',''
  ) );
#6223 = ORIENTED_EDGE('',*,*,#6224,.F.);
#6224 = EDGE_CURVE('',#6164,#6195,#6225,.T.);
#6225 = SURFACE_CURVE('',#6226,(#6230,#6237),.PCURVE_S1.);
#6226 = LINE('',#6227,#6228);
#6227 = CARTESIAN_POINT('',(7.,-100.,20.));
#6228 = VECTOR('',#6229,1.);
#6229 = DIRECTION('',(0.,1.,0.));
#6230 = PCURVE('',#6070,#6231);
#6231 = DEFINITIONAL_REPRESENTATION('',(#6232),#6236);
#6232 = LINE('',#6233,#6234);
#6233 = CARTESIAN_POINT('',(1.570796326795,0.));
#6234 = VECTOR('',#6235,1.);
#6235 = DIRECTION('',(0.,-1.));
#6236 = ( GEOMETRIC_REPRESENTATION_CONTEXT(2) 
PARAMETRIC_REPRESENTATION_CONTEXT() REPRESENTATION_CONTEXT('2D SPACE',''
  ) );
#6237 = PCURVE('',#6238,#6243);
#6238 = PLANE('',#6239);
#6239 = AXIS2_PLACEMENT_3D('',#6240,#6241,#6242);
#6240 = CARTESIAN_POINT('',(7.,-100.,20.));
#6241 = DIRECTION('',(0.,-0.,1.));
#6242 = DIRECTION('',(-1.,0.,0.));
#6243 = DEFINITIONAL_REPRESENTATION('',(#6244),#6248);
#6244 = LINE('',#6245,#6246);
#6245 = CARTESIAN_POINT('',(0.,0.));
#6246 = VECTOR('',#6247,1.);
#6247 = DIRECTION('',(0.,-1.));
#6248 = ( GEOMETRIC_REPRESENTATION_CONTEXT(2) 
PARAMETRIC_REPRESENTATION_CONTEXT() REPRESENTATION_CONTEXT('2D SPACE',''
  ) );
#6249 = ADVANCED_FACE('',(#6250,#6425),#6149,.T.);
#6250 = FACE_BOUND('',#6251,.T.);
#6251 = EDGE_LOOP('',(#6252,#6253,#6283,#6309,#6344,#6370,#6405,#6424));
#6252 = ORIENTED_EDGE('',*,*,#6136,.F.);
#6253 = ORIENTED_EDGE('',*,*,#6254,.T.);
#6254 = EDGE_CURVE('',#6109,#6255,#6257,.T.);
#6255 = VERTEX_POINT('',#6256);
#6256 = CARTESIAN_POINT('',(7.,1.002E+03,-20.));
#6257 = SURFACE_CURVE('',#6258,(#6263,#6270),.PCURVE_S1.);
#6258 = ELLIPSE('',#6259,4.242640687119,3.);
#6259 = AXIS2_PLACEMENT_3D('',#6260,#6261,#6262);
#6260 = CARTESIAN_POINT('',(7.,1.002E+03,-17.));
#6261 = DIRECTION('',(-0.707106781187,0.707106781187,0.));
#6262 = DIRECTION('',(-0.707106781187,-0.707106781187,0.));
#6263 = PCURVE('',#6149,#6264);
#6264 = DEFINITIONAL_REPRESENTATION('',(#6265),#6269);
#6265 = ELLIPSE('',#6266,4.242640687119,3.);
#6266 = AXIS2_PLACEMENT_2D('',#6267,#6268);
#6267 = CARTESIAN_POINT('',(9.983E+03,9.995757359313E+03));
#6268 = DIRECTION('',(0.,-1.));
#6269 = ( GEOMETRIC_REPRESENTATION_CONTEXT(2) 
PARAMETRIC_REPRESENTATION_CONTEXT() REPRESENTATION_CONTEXT('2D SPACE',''
  ) );
#6270 = PCURVE('',#6124,#6271);
#6271 = DEFINITIONAL_REPRESENTATION('',(#6272),#6282);
#6272 = B_SPLINE_CURVE_WITH_KNOTS('',8,(#6273,#6274,#6275,#6276,#6277,
    #6278,#6279,#6280,#6281),.UNSPECIFIED.,.F.,.F.,(9,9),(3.14159265359,
    4.712388980385),.PIECEWISE_BEZIER_KNOTS.);
#6273 = CARTESIAN_POINT('',(1.570796326795,-1.105E+03));
#6274 = CARTESIAN_POINT('',(1.374446785946,-1.105E+03));
#6275 = CARTESIAN_POINT('',(1.178097245096,-1.104867817672E+03));
#6276 = CARTESIAN_POINT('',(0.981747704244,-1.10460345414E+03));
#6277 = CARTESIAN_POINT('',(0.785398163399,-1.104217776251E+03));
#6278 = CARTESIAN_POINT('',(0.589048622546,-1.103732539783E+03));
#6279 = CARTESIAN_POINT('',(0.392699081699,-1.103178097384E+03));
#6280 = CARTESIAN_POINT('',(0.196349540849,-1.102589048623E+03));
#6281 = CARTESIAN_POINT('',(0.,-1.102E+03));
#6282 = ( GEOMETRIC_REPRESENTATION_CONTEXT(2) 
PARAMETRIC_REPRESENTATION_CONTEXT() REPRESENTATION_CONTEXT('2D SPACE',''
  ) );
#6283 = ORIENTED_EDGE('',*,*,#6284,.F.);
#6284 = EDGE_CURVE('',#6285,#6255,#6287,.T.);
#6285 = VERTEX_POINT('',#6286);
#6286 = CARTESIAN_POINT('',(-7.,987.99999999999,-20.));
#6287 = SURFACE_CURVE('',#6288,(#6292,#6298),.PCURVE_S1.);
#6288 = LINE('',#6289,#6290);
#6289 = CARTESIAN_POINT('',(-3.806033905933E+03,-2.811033905933E+03,-20.
    ));
#6290 = VECTOR('',#6291,1.);
#6291 = DIRECTION('',(0.707106781187,0.707106781187,0.));
#6292 = PCURVE('',#6149,#6293);
#6293 = DEFINITIONAL_REPRESENTATION('',(#6294),#6297);
#6294 = B_SPLINE_CURVE_WITH_KNOTS('',1,(#6295,#6296),.UNSPECIFIED.,.F.,
  .F.,(2,2),(5.372645273685E+03,5.392444263559E+03),
  .PIECEWISE_BEZIER_KNOTS.);
#6295 = CARTESIAN_POINT('',(9.98E+03,9.97595836944E+03));
#6296 = CARTESIAN_POINT('',(9.98E+03,9.995757359313E+03));
#6297 = ( GEOMETRIC_REPRESENTATION_CONTEXT(2) 
PARAMETRIC_REPRESENTATION_CONTEXT() REPRESENTATION_CONTEXT('2D SPACE',''
  ) );
#6298 = PCURVE('',#6299,#6304);
#6299 = PLANE('',#6300);
#6300 = AXIS2_PLACEMENT_3D('',#6301,#6302,#6303);
#6301 = CARTESIAN_POINT('',(-7.,-100.,-20.));
#6302 = DIRECTION('',(0.,0.,-1.));
#6303 = DIRECTION('',(1.,0.,0.));
#6304 = DEFINITIONAL_REPRESENTATION('',(#6305),#6308);
#6305 = B_SPLINE_CURVE_WITH_KNOTS('',1,(#6306,#6307),.UNSPECIFIED.,.F.,
  .F.,(2,2),(5.372645273685E+03,5.392444263559E+03),
  .PIECEWISE_BEZIER_KNOTS.);
#6306 = CARTESIAN_POINT('',(0.,-1.088E+03));
#6307 = CARTESIAN_POINT('',(14.,-1.102E+03));
#6308 = ( GEOMETRIC_REPRESENTATION_CONTEXT(2) 
PARAMETRIC_REPRESENTATION_CONTEXT() REPRESENTATION_CONTEXT('2D SPACE',''
  ) );
#6309 = ORIENTED_EDGE('',*,*,#6310,.T.);
#6310 = EDGE_CURVE('',#6285,#6311,#6313,.T.);
#6311 = VERTEX_POINT('',#6312);
#6312 = CARTESIAN_POINT('',(-10.,984.99999999999,-17.));
#6313 = SURFACE_CURVE('',#6314,(#6319,#6326),.PCURVE_S1.);
#6314 = ELLIPSE('',#6315,4.242640687119,3.);
#6315 = AXIS2_PLACEMENT_3D('',#6316,#6317,#6318);
#6316 = CARTESIAN_POINT('',(-7.,987.99999999999,-17.));
#6317 = DIRECTION('',(-0.707106781187,0.707106781187,0.));
#6318 = DIRECTION('',(-0.707106781187,-0.707106781187,0.));
#6319 = PCURVE('',#6149,#6320);
#6320 = DEFINITIONAL_REPRESENTATION('',(#6321),#6325);
#6321 = ELLIPSE('',#6322,4.242640687119,3.);
#6322 = AXIS2_PLACEMENT_2D('',#6323,#6324);
#6323 = CARTESIAN_POINT('',(9.983E+03,9.97595836944E+03));
#6324 = DIRECTION('',(0.,-1.));
#6325 = ( GEOMETRIC_REPRESENTATION_CONTEXT(2) 
PARAMETRIC_REPRESENTATION_CONTEXT() REPRESENTATION_CONTEXT('2D SPACE',''
  ) );
#6326 = PCURVE('',#6327,#6332);
#6327 = CYLINDRICAL_SURFACE('',#6328,3.);
#6328 = AXIS2_PLACEMENT_3D('',#6329,#6330,#6331);
#6329 = CARTESIAN_POINT('',(-7.,-100.,-17.));
#6330 = DIRECTION('',(0.,-1.,0.));
#6331 = DIRECTION('',(-1.,0.,0.));
#6332 = DEFINITIONAL_REPRESENTATION('',(#6333),#6343);
#6333 = B_SPLINE_CURVE_WITH_KNOTS('',8,(#6334,#6335,#6336,#6337,#6338,
    #6339,#6340,#6341,#6342),.UNSPECIFIED.,.F.,.F.,(9,9),(4.712388980385
    ,6.28318530718),.PIECEWISE_BEZIER_KNOTS.);
#6334 = CARTESIAN_POINT('',(1.570796326795,-1.088E+03));
#6335 = CARTESIAN_POINT('',(1.374446785946,-1.087410951377E+03));
#6336 = CARTESIAN_POINT('',(1.178097245096,-1.086821902615E+03));
#6337 = CARTESIAN_POINT('',(0.981747704244,-1.086267460214E+03));
#6338 = CARTESIAN_POINT('',(0.785398163399,-1.085782223745E+03));
#6339 = CARTESIAN_POINT('',(0.589048622546,-1.08539654586E+03));
#6340 = CARTESIAN_POINT('',(0.392699081699,-1.085132182328E+03));
#6341 = CARTESIAN_POINT('',(0.196349540849,-1.085E+03));
#6342 = CARTESIAN_POINT('',(0.,-1.085E+03));
#6343 = ( GEOMETRIC_REPRESENTATION_CONTEXT(2) 
PARAMETRIC_REPRESENTATION_CONTEXT() REPRESENTATION_CONTEXT('2D SPACE',''
  ) );
#6344 = ORIENTED_EDGE('',*,*,#6345,.F.);
#6345 = EDGE_CURVE('',#6346,#6311,#6348,.T.);
#6346 = VERTEX_POINT('',#6347);
#6347 = CARTESIAN_POINT('',(-10.,984.99999999999,17.));
#6348 = SURFACE_CURVE('',#6349,(#6353,#6359),.PCURVE_S1.);
#6349 = LINE('',#6350,#6351);
#6350 = CARTESIAN_POINT('',(-10.,984.99999999999,-4.9915E+03));
#6351 = VECTOR('',#6352,1.);
#6352 = DIRECTION('',(0.,0.,-1.));
#6353 = PCURVE('',#6149,#6354);
#6354 = DEFINITIONAL_REPRESENTATION('',(#6355),#6358);
#6355 = B_SPLINE_CURVE_WITH_KNOTS('',1,(#6356,#6357),.UNSPECIFIED.,.F.,
  .F.,(2,2),(-5.0085E+03,-4.9745E+03),.PIECEWISE_BEZIER_KNOTS.);
#6356 = CARTESIAN_POINT('',(1.0017E+04,9.971715728753E+03));
#6357 = CARTESIAN_POINT('',(9.983E+03,9.971715728753E+03));
#6358 = ( GEOMETRIC_REPRESENTATION_CONTEXT(2) 
PARAMETRIC_REPRESENTATION_CONTEXT() REPRESENTATION_CONTEXT('2D SPACE',''
  ) );
#6359 = PCURVE('',#6360,#6365);
#6360 = PLANE('',#6361);
#6361 = AXIS2_PLACEMENT_3D('',#6362,#6363,#6364);
#6362 = CARTESIAN_POINT('',(-10.,-100.,17.));
#6363 = DIRECTION('',(-1.,0.,0.));
#6364 = DIRECTION('',(0.,0.,-1.));
#6365 = DEFINITIONAL_REPRESENTATION('',(#6366),#6369);
#6366 = B_SPLINE_CURVE_WITH_KNOTS('',1,(#6367,#6368),.UNSPECIFIED.,.F.,
  .F.,(2,2),(-5.0085E+03,-4.9745E+03),.PIECEWISE_BEZIER_KNOTS.);
#6367 = CARTESIAN_POINT('',(0.,-1.085E+03));
#6368 = CARTESIAN_POINT('',(34.,-1.085E+03));
#6369 = ( GEOMETRIC_REPRESENTATION_CONTEXT(2) 
PARAMETRIC_REPRESENTATION_CONTEXT() REPRESENTATION_CONTEXT('2D SPACE',''
  ) );
#6370 = ORIENTED_EDGE('',*,*,#6371,.T.);
#6371 = EDGE_CURVE('',#6346,#6372,#6374,.T.);
#6372 = VERTEX_POINT('',#6373);
#6373 = CARTESIAN_POINT('',(-7.,987.99999999999,20.));
#6374 = SURFACE_CURVE('',#6375,(#6380,#6387),.PCURVE_S1.);
#6375 = ELLIPSE('',#6376,4.242640687119,3.);
#6376 = AXIS2_PLACEMENT_3D('',#6377,#6378,#6379);
#6377 = CARTESIAN_POINT('',(-7.,987.99999999999,17.));
#6378 = DIRECTION('',(-0.707106781187,0.707106781187,0.));
#6379 = DIRECTION('',(-0.707106781187,-0.707106781187,0.));
#6380 = PCURVE('',#6149,#6381);
#6381 = DEFINITIONAL_REPRESENTATION('',(#6382),#6386);
#6382 = ELLIPSE('',#6383,4.242640687119,3.);
#6383 = AXIS2_PLACEMENT_2D('',#6384,#6385);
#6384 = CARTESIAN_POINT('',(1.0017E+04,9.97595836944E+03));
#6385 = DIRECTION('',(0.,-1.));
#6386 = ( GEOMETRIC_REPRESENTATION_CONTEXT(2) 
PARAMETRIC_REPRESENTATION_CONTEXT() REPRESENTATION_CONTEXT('2D SPACE',''
  ) );
#6387 = PCURVE('',#6388,#6393);
#6388 = CYLINDRICAL_SURFACE('',#6389,3.);
#6389 = AXIS2_PLACEMENT_3D('',#6390,#6391,#6392);
#6390 = CARTESIAN_POINT('',(-7.,-100.,17.));
#6391 = DIRECTION('',(0.,-1.,0.));
#6392 = DIRECTION('',(-5.921189464668E-16,0.,1.));
#6393 = DEFINITIONAL_REPRESENTATION('',(#6394),#6404);
#6394 = B_SPLINE_CURVE_WITH_KNOTS('',8,(#6395,#6396,#6397,#6398,#6399,
    #6400,#6401,#6402,#6403),.UNSPECIFIED.,.F.,.F.,(9,9),(0.,
    1.570796326795),.PIECEWISE_BEZIER_KNOTS.);
#6395 = CARTESIAN_POINT('',(1.570796326795,-1.085E+03));
#6396 = CARTESIAN_POINT('',(1.374446785946,-1.085E+03));
#6397 = CARTESIAN_POINT('',(1.178097245095,-1.085132182329E+03));
#6398 = CARTESIAN_POINT('',(0.981747704248,-1.085396545855E+03));
#6399 = CARTESIAN_POINT('',(0.785398163392,-1.085782223748E+03));
#6400 = CARTESIAN_POINT('',(0.589048622551,-1.086267460212E+03));
#6401 = CARTESIAN_POINT('',(0.392699081697,-1.086821902616E+03));
#6402 = CARTESIAN_POINT('',(0.196349540849,-1.087410951377E+03));
#6403 = CARTESIAN_POINT('',(0.,-1.088E+03));
#6404 = ( GEOMETRIC_REPRESENTATION_CONTEXT(2) 
PARAMETRIC_REPRESENTATION_CONTEXT() REPRESENTATION_CONTEXT('2D SPACE',''
  ) );
#6405 = ORIENTED_EDGE('',*,*,#6406,.F.);
#6406 = EDGE_CURVE('',#6195,#6372,#6407,.T.);
#6407 = SURFACE_CURVE('',#6408,(#6412,#6418),.PCURVE_S1.);
#6408 = LINE('',#6409,#6410);
#6409 = CARTESIAN_POINT('',(-3.802533905933E+03,-2.807533905933E+03,20.)
  );
#6410 = VECTOR('',#6411,1.);
#6411 = DIRECTION('',(-0.707106781187,-0.707106781187,0.));
#6412 = PCURVE('',#6149,#6413);
#6413 = DEFINITIONAL_REPRESENTATION('',(#6414),#6417);
#6414 = B_SPLINE_CURVE_WITH_KNOTS('',1,(#6415,#6416),.UNSPECIFIED.,.F.,
  .F.,(2,2),(-5.38749451609E+03,-5.367695526217E+03),
  .PIECEWISE_BEZIER_KNOTS.);
#6415 = CARTESIAN_POINT('',(1.002E+04,9.995757359313E+03));
#6416 = CARTESIAN_POINT('',(1.002E+04,9.97595836944E+03));
#6417 = ( GEOMETRIC_REPRESENTATION_CONTEXT(2) 
PARAMETRIC_REPRESENTATION_CONTEXT() REPRESENTATION_CONTEXT('2D SPACE',''
  ) );
#6418 = PCURVE('',#6238,#6419);
#6419 = DEFINITIONAL_REPRESENTATION('',(#6420),#6423);
#6420 = B_SPLINE_CURVE_WITH_KNOTS('',1,(#6421,#6422),.UNSPECIFIED.,.F.,
  .F.,(2,2),(-5.38749451609E+03,-5.367695526217E+03),
  .PIECEWISE_BEZIER_KNOTS.);
#6421 = CARTESIAN_POINT('',(0.,-1.102E+03));
#6422 = CARTESIAN_POINT('',(14.,-1.088E+03));
#6423 = ( GEOMETRIC_REPRESENTATION_CONTEXT(2) 
PARAMETRIC_REPRESENTATION_CONTEXT() REPRESENTATION_CONTEXT('2D SPACE',''
  ) );
#6424 = ORIENTED_EDGE('',*,*,#6194,.T.);
#6425 = FACE_BOUND('',#6426,.T.);
#6426 = EDGE_LOOP('',(#6427,#6463,#6489,#6523,#6549,#6583,#6609,#6643));
#6427 = ORIENTED_EDGE('',*,*,#6428,.F.);
#6428 = EDGE_CURVE('',#6429,#6431,#6433,.T.);
#6429 = VERTEX_POINT('',#6430);
#6430 = CARTESIAN_POINT('',(7.,1.002E+03,18.5));
#6431 = VERTEX_POINT('',#6432);
#6432 = CARTESIAN_POINT('',(8.5,1.0035E+03,17.));
#6433 = SURFACE_CURVE('',#6434,(#6439,#6446),.PCURVE_S1.);
#6434 = ELLIPSE('',#6435,2.12132034356,1.5);
#6435 = AXIS2_PLACEMENT_3D('',#6436,#6437,#6438);
#6436 = CARTESIAN_POINT('',(7.,1.002E+03,17.));
#6437 = DIRECTION('',(-0.707106781187,0.707106781187,0.));
#6438 = DIRECTION('',(-0.707106781187,-0.707106781187,0.));
#6439 = PCURVE('',#6149,#6440);
#6440 = DEFINITIONAL_REPRESENTATION('',(#6441),#6445);
#6441 = ELLIPSE('',#6442,2.12132034356,1.5);
#6442 = AXIS2_PLACEMENT_2D('',#6443,#6444);
#6443 = CARTESIAN_POINT('',(1.0017E+04,9.995757359313E+03));
#6444 = DIRECTION('',(0.,-1.));
#6445 = ( GEOMETRIC_REPRESENTATION_CONTEXT(2) 
PARAMETRIC_REPRESENTATION_CONTEXT() REPRESENTATION_CONTEXT('2D SPACE',''
  ) );
#6446 = PCURVE('',#6447,#6452);
#6447 = CYLINDRICAL_SURFACE('',#6448,1.5);
#6448 = AXIS2_PLACEMENT_3D('',#6449,#6450,#6451);
#6449 = CARTESIAN_POINT('',(7.,-100.,17.));
#6450 = DIRECTION('',(0.,-1.,0.));
#6451 = DIRECTION('',(1.,0.,0.));
#6452 = DEFINITIONAL_REPRESENTATION('',(#6453),#6462);
#6453 = B_SPLINE_CURVE_WITH_KNOTS('',7,(#6454,#6455,#6456,#6457,#6458,
    #6459,#6460,#6461),.UNSPECIFIED.,.F.,.F.,(8,8),(1.570796326795,
    3.14159265359),.PIECEWISE_BEZIER_KNOTS.);
#6454 = CARTESIAN_POINT('',(1.570796326795,-1.102E+03));
#6455 = CARTESIAN_POINT('',(1.346396851538,-1.102336599213E+03));
#6456 = CARTESIAN_POINT('',(1.121997376282,-1.102673197059E+03));
#6457 = CARTESIAN_POINT('',(0.897597901026,-1.102982120238E+03));
#6458 = CARTESIAN_POINT('',(0.673198425769,-1.103235643758E+03));
#6459 = CARTESIAN_POINT('',(0.448798950513,-1.103411876991E+03));
#6460 = CARTESIAN_POINT('',(0.224399475256,-1.1035E+03));
#6461 = CARTESIAN_POINT('',(0.,-1.1035E+03));
#6462 = ( GEOMETRIC_REPRESENTATION_CONTEXT(2) 
PARAMETRIC_REPRESENTATION_CONTEXT() REPRESENTATION_CONTEXT('2D SPACE',''
  ) );
#6463 = ORIENTED_EDGE('',*,*,#6464,.T.);
#6464 = EDGE_CURVE('',#6429,#6465,#6467,.T.);
#6465 = VERTEX_POINT('',#6466);
#6466 = CARTESIAN_POINT('',(-7.,987.99999999999,18.5));
#6467 = SURFACE_CURVE('',#6468,(#6472,#6478),.PCURVE_S1.);
#6468 = LINE('',#6469,#6470);
#6469 = CARTESIAN_POINT('',(-3.802533905933E+03,-2.807533905933E+03,18.5
    ));
#6470 = VECTOR('',#6471,1.);
#6471 = DIRECTION('',(-0.707106781187,-0.707106781187,0.));
#6472 = PCURVE('',#6149,#6473);
#6473 = DEFINITIONAL_REPRESENTATION('',(#6474),#6477);
#6474 = B_SPLINE_CURVE_WITH_KNOTS('',1,(#6475,#6476),.UNSPECIFIED.,.F.,
  .F.,(2,2),(-5.38749451609E+03,-5.367695526217E+03),
  .PIECEWISE_BEZIER_KNOTS.);
#6475 = CARTESIAN_POINT('',(1.00185E+04,9.995757359313E+03));
#6476 = CARTESIAN_POINT('',(1.00185E+04,9.97595836944E+03));
#6477 = ( GEOMETRIC_REPRESENTATION_CONTEXT(2) 
PARAMETRIC_REPRESENTATION_CONTEXT() REPRESENTATION_CONTEXT('2D SPACE',''
  ) );
#6478 = PCURVE('',#6479,#6484);
#6479 = PLANE('',#6480);
#6480 = AXIS2_PLACEMENT_3D('',#6481,#6482,#6483);
#6481 = CARTESIAN_POINT('',(7.,-100.,18.5));
#6482 = DIRECTION('',(0.,-0.,1.));
#6483 = DIRECTION('',(-1.,0.,0.));
#6484 = DEFINITIONAL_REPRESENTATION('',(#6485),#6488);
#6485 = B_SPLINE_CURVE_WITH_KNOTS('',1,(#6486,#6487),.UNSPECIFIED.,.F.,
  .F.,(2,2),(-5.38749451609E+03,-5.367695526217E+03),
  .PIECEWISE_BEZIER_KNOTS.);
#6486 = CARTESIAN_POINT('',(0.,-1.102E+03));
#6487 = CARTESIAN_POINT('',(14.,-1.088E+03));
#6488 = ( GEOMETRIC_REPRESENTATION_CONTEXT(2) 
PARAMETRIC_REPRESENTATION_CONTEXT() REPRESENTATION_CONTEXT('2D SPACE',''
  ) );
#6489 = ORIENTED_EDGE('',*,*,#6490,.F.);
#6490 = EDGE_CURVE('',#6491,#6465,#6493,.T.);
#6491 = VERTEX_POINT('',#6492);
#6492 = CARTESIAN_POINT('',(-8.5,986.5,17.));
#6493 = SURFACE_CURVE('',#6494,(#6499,#6506),.PCURVE_S1.);
#6494 = ELLIPSE('',#6495,2.12132034356,1.5);
#6495 = AXIS2_PLACEMENT_3D('',#6496,#6497,#6498);
#6496 = CARTESIAN_POINT('',(-7.,987.99999999999,17.));
#6497 = DIRECTION('',(-0.707106781187,0.707106781187,0.));
#6498 = DIRECTION('',(-0.707106781187,-0.707106781187,0.));
#6499 = PCURVE('',#6149,#6500);
#6500 = DEFINITIONAL_REPRESENTATION('',(#6501),#6505);
#6501 = ELLIPSE('',#6502,2.12132034356,1.5);
#6502 = AXIS2_PLACEMENT_2D('',#6503,#6504);
#6503 = CARTESIAN_POINT('',(1.0017E+04,9.97595836944E+03));
#6504 = DIRECTION('',(0.,-1.));
#6505 = ( GEOMETRIC_REPRESENTATION_CONTEXT(2) 
PARAMETRIC_REPRESENTATION_CONTEXT() REPRESENTATION_CONTEXT('2D SPACE',''
  ) );
#6506 = PCURVE('',#6507,#6512);
#6507 = CYLINDRICAL_SURFACE('',#6508,1.5);
#6508 = AXIS2_PLACEMENT_3D('',#6509,#6510,#6511);
#6509 = CARTESIAN_POINT('',(-7.,-100.,17.));
#6510 = DIRECTION('',(0.,-1.,0.));
#6511 = DIRECTION('',(1.184237892934E-15,0.,1.));
#6512 = DEFINITIONAL_REPRESENTATION('',(#6513),#6522);
#6513 = B_SPLINE_CURVE_WITH_KNOTS('',7,(#6514,#6515,#6516,#6517,#6518,
    #6519,#6520,#6521),.UNSPECIFIED.,.F.,.F.,(8,8),(-2.6645352591E-15,
    1.570796326795),.PIECEWISE_BEZIER_KNOTS.);
#6514 = CARTESIAN_POINT('',(1.570796326795,-1.0865E+03));
#6515 = CARTESIAN_POINT('',(1.346396851538,-1.0865E+03));
#6516 = CARTESIAN_POINT('',(1.121997376282,-1.086588123009E+03));
#6517 = CARTESIAN_POINT('',(0.897597901026,-1.086764356244E+03));
#6518 = CARTESIAN_POINT('',(0.673198425769,-1.087017879761E+03));
#6519 = CARTESIAN_POINT('',(0.448798950513,-1.087326802941E+03));
#6520 = CARTESIAN_POINT('',(0.224399475256,-1.087663400787E+03));
#6521 = CARTESIAN_POINT('',(5.921189464668E-16,-1.088E+03));
#6522 = ( GEOMETRIC_REPRESENTATION_CONTEXT(2) 
PARAMETRIC_REPRESENTATION_CONTEXT() REPRESENTATION_CONTEXT('2D SPACE',''
  ) );
#6523 = ORIENTED_EDGE('',*,*,#6524,.T.);
#6524 = EDGE_CURVE('',#6491,#6525,#6527,.T.);
#6525 = VERTEX_POINT('',#6526);
#6526 = CARTESIAN_POINT('',(-8.5,986.5,-17.));
#6527 = SURFACE_CURVE('',#6528,(#6532,#6538),.PCURVE_S1.);
#6528 = LINE('',#6529,#6530);
#6529 = CARTESIAN_POINT('',(-8.5,986.49999999999,-4.9915E+03));
#6530 = VECTOR('',#6531,1.);
#6531 = DIRECTION('',(0.,0.,-1.));
#6532 = PCURVE('',#6149,#6533);
#6533 = DEFINITIONAL_REPRESENTATION('',(#6534),#6537);
#6534 = B_SPLINE_CURVE_WITH_KNOTS('',1,(#6535,#6536),.UNSPECIFIED.,.F.,
  .F.,(2,2),(-5.0085E+03,-4.9745E+03),.PIECEWISE_BEZIER_KNOTS.);
#6535 = CARTESIAN_POINT('',(1.0017E+04,9.973837049096E+03));
#6536 = CARTESIAN_POINT('',(9.983E+03,9.973837049096E+03));
#6537 = ( GEOMETRIC_REPRESENTATION_CONTEXT(2) 
PARAMETRIC_REPRESENTATION_CONTEXT() REPRESENTATION_CONTEXT('2D SPACE',''
  ) );
#6538 = PCURVE('',#6539,#6544);
#6539 = PLANE('',#6540);
#6540 = AXIS2_PLACEMENT_3D('',#6541,#6542,#6543);
#6541 = CARTESIAN_POINT('',(-8.5,-100.,17.));
#6542 = DIRECTION('',(-1.,0.,0.));
#6543 = DIRECTION('',(0.,0.,-1.));
#6544 = DEFINITIONAL_REPRESENTATION('',(#6545),#6548);
#6545 = B_SPLINE_CURVE_WITH_KNOTS('',1,(#6546,#6547),.UNSPECIFIED.,.F.,
  .F.,(2,2),(-5.0085E+03,-4.9745E+03),.PIECEWISE_BEZIER_KNOTS.);
#6546 = CARTESIAN_POINT('',(0.,-1.0865E+03));
#6547 = CARTESIAN_POINT('',(34.,-1.0865E+03));
#6548 = ( GEOMETRIC_REPRESENTATION_CONTEXT(2) 
PARAMETRIC_REPRESENTATION_CONTEXT() REPRESENTATION_CONTEXT('2D SPACE',''
  ) );
#6549 = ORIENTED_EDGE('',*,*,#6550,.F.);
#6550 = EDGE_CURVE('',#6551,#6525,#6553,.T.);
#6551 = VERTEX_POINT('',#6552);
#6552 = CARTESIAN_POINT('',(-7.,987.99999999999,-18.5));
#6553 = SURFACE_CURVE('',#6554,(#6559,#6566),.PCURVE_S1.);
#6554 = ELLIPSE('',#6555,2.12132034356,1.5);
#6555 = AXIS2_PLACEMENT_3D('',#6556,#6557,#6558);
#6556 = CARTESIAN_POINT('',(-7.,987.99999999999,-17.));
#6557 = DIRECTION('',(-0.707106781187,0.707106781187,0.));
#6558 = DIRECTION('',(-0.707106781187,-0.707106781187,0.));
#6559 = PCURVE('',#6149,#6560);
#6560 = DEFINITIONAL_REPRESENTATION('',(#6561),#6565);
#6561 = ELLIPSE('',#6562,2.12132034356,1.5);
#6562 = AXIS2_PLACEMENT_2D('',#6563,#6564);
#6563 = CARTESIAN_POINT('',(9.983E+03,9.97595836944E+03));
#6564 = DIRECTION('',(0.,-1.));
#6565 = ( GEOMETRIC_REPRESENTATION_CONTEXT(2) 
PARAMETRIC_REPRESENTATION_CONTEXT() REPRESENTATION_CONTEXT('2D SPACE',''
  ) );
#6566 = PCURVE('',#6567,#6572);
#6567 = CYLINDRICAL_SURFACE('',#6568,1.5);
#6568 = AXIS2_PLACEMENT_3D('',#6569,#6570,#6571);
#6569 = CARTESIAN_POINT('',(-7.,-100.,-17.));
#6570 = DIRECTION('',(0.,-1.,0.));
#6571 = DIRECTION('',(-1.,0.,0.));
#6572 = DEFINITIONAL_REPRESENTATION('',(#6573),#6582);
#6573 = B_SPLINE_CURVE_WITH_KNOTS('',7,(#6574,#6575,#6576,#6577,#6578,
    #6579,#6580,#6581),.UNSPECIFIED.,.F.,.F.,(8,8),(4.712388980385,
    6.28318530718),.PIECEWISE_BEZIER_KNOTS.);
#6574 = CARTESIAN_POINT('',(1.570796326795,-1.088E+03));
#6575 = CARTESIAN_POINT('',(1.346396851538,-1.087663400787E+03));
#6576 = CARTESIAN_POINT('',(1.121997376282,-1.087326802941E+03));
#6577 = CARTESIAN_POINT('',(0.897597901026,-1.087017879762E+03));
#6578 = CARTESIAN_POINT('',(0.673198425769,-1.086764356242E+03));
#6579 = CARTESIAN_POINT('',(0.448798950513,-1.086588123009E+03));
#6580 = CARTESIAN_POINT('',(0.224399475256,-1.0865E+03));
#6581 = CARTESIAN_POINT('',(0.,-1.0865E+03));
#6582 = ( GEOMETRIC_REPRESENTATION_CONTEXT(2) 
PARAMETRIC_REPRESENTATION_CONTEXT() REPRESENTATION_CONTEXT('2D SPACE',''
  ) );
#6583 = ORIENTED_EDGE('',*,*,#6584,.T.);
#6584 = EDGE_CURVE('',#6551,#6585,#6587,.T.);
#6585 = VERTEX_POINT('',#6586);
#6586 = CARTESIAN_POINT('',(7.,1.002E+03,-18.5));
#6587 = SURFACE_CURVE('',#6588,(#6592,#6598),.PCURVE_S1.);
#6588 = LINE('',#6589,#6590);
#6589 = CARTESIAN_POINT('',(-3.806033905933E+03,-2.811033905933E+03,
    -18.5));
#6590 = VECTOR('',#6591,1.);
#6591 = DIRECTION('',(0.707106781187,0.707106781187,0.));
#6592 = PCURVE('',#6149,#6593);
#6593 = DEFINITIONAL_REPRESENTATION('',(#6594),#6597);
#6594 = B_SPLINE_CURVE_WITH_KNOTS('',1,(#6595,#6596),.UNSPECIFIED.,.F.,
  .F.,(2,2),(5.372645273685E+03,5.392444263559E+03),
  .PIECEWISE_BEZIER_KNOTS.);
#6595 = CARTESIAN_POINT('',(9.9815E+03,9.97595836944E+03));
#6596 = CARTESIAN_POINT('',(9.9815E+03,9.995757359313E+03));
#6597 = ( GEOMETRIC_REPRESENTATION_CONTEXT(2) 
PARAMETRIC_REPRESENTATION_CONTEXT() REPRESENTATION_CONTEXT('2D SPACE',''
  ) );
#6598 = PCURVE('',#6599,#6604);
#6599 = PLANE('',#6600);
#6600 = AXIS2_PLACEMENT_3D('',#6601,#6602,#6603);
#6601 = CARTESIAN_POINT('',(-7.,-100.,-18.5));
#6602 = DIRECTION('',(0.,0.,-1.));
#6603 = DIRECTION('',(1.,0.,0.));
#6604 = DEFINITIONAL_REPRESENTATION('',(#6605),#6608);
#6605 = B_SPLINE_CURVE_WITH_KNOTS('',1,(#6606,#6607),.UNSPECIFIED.,.F.,
  .F.,(2,2),(5.372645273685E+03,5.392444263559E+03),
  .PIECEWISE_BEZIER_KNOTS.);
#6606 = CARTESIAN_POINT('',(0.,-1.088E+03));
#6607 = CARTESIAN_POINT('',(14.,-1.102E+03));
#6608 = ( GEOMETRIC_REPRESENTATION_CONTEXT(2) 
PARAMETRIC_REPRESENTATION_CONTEXT() REPRESENTATION_CONTEXT('2D SPACE',''
  ) );
#6609 = ORIENTED_EDGE('',*,*,#6610,.F.);
#6610 = EDGE_CURVE('',#6611,#6585,#6613,.T.);
#6611 = VERTEX_POINT('',#6612);
#6612 = CARTESIAN_POINT('',(8.5,1.0035E+03,-17.));
#6613 = SURFACE_CURVE('',#6614,(#6619,#6626),.PCURVE_S1.);
#6614 = ELLIPSE('',#6615,2.12132034356,1.5);
#6615 = AXIS2_PLACEMENT_3D('',#6616,#6617,#6618);
#6616 = CARTESIAN_POINT('',(7.,1.002E+03,-17.));
#6617 = DIRECTION('',(-0.707106781187,0.707106781187,0.));
#6618 = DIRECTION('',(-0.707106781187,-0.707106781187,0.));
#6619 = PCURVE('',#6149,#6620);
#6620 = DEFINITIONAL_REPRESENTATION('',(#6621),#6625);
#6621 = ELLIPSE('',#6622,2.12132034356,1.5);
#6622 = AXIS2_PLACEMENT_2D('',#6623,#6624);
#6623 = CARTESIAN_POINT('',(9.983E+03,9.995757359313E+03));
#6624 = DIRECTION('',(0.,-1.));
#6625 = ( GEOMETRIC_REPRESENTATION_CONTEXT(2) 
PARAMETRIC_REPRESENTATION_CONTEXT() REPRESENTATION_CONTEXT('2D SPACE',''
  ) );
#6626 = PCURVE('',#6627,#6632);
#6627 = CYLINDRICAL_SURFACE('',#6628,1.5);
#6628 = AXIS2_PLACEMENT_3D('',#6629,#6630,#6631);
#6629 = CARTESIAN_POINT('',(7.,-100.,-17.));
#6630 = DIRECTION('',(0.,-1.,0.));
#6631 = DIRECTION('',(-1.184237892934E-15,-0.,-1.));
#6632 = DEFINITIONAL_REPRESENTATION('',(#6633),#6642);
#6633 = B_SPLINE_CURVE_WITH_KNOTS('',7,(#6634,#6635,#6636,#6637,#6638,
    #6639,#6640,#6641),.UNSPECIFIED.,.F.,.F.,(8,8),(3.14159265359,
    4.712388980385),.PIECEWISE_BEZIER_KNOTS.);
#6634 = CARTESIAN_POINT('',(1.570796326795,-1.1035E+03));
#6635 = CARTESIAN_POINT('',(1.346396851538,-1.1035E+03));
#6636 = CARTESIAN_POINT('',(1.121997376282,-1.103411876991E+03));
#6637 = CARTESIAN_POINT('',(0.897597901026,-1.103235643758E+03));
#6638 = CARTESIAN_POINT('',(0.673198425769,-1.102982120238E+03));
#6639 = CARTESIAN_POINT('',(0.448798950513,-1.102673197059E+03));
#6640 = CARTESIAN_POINT('',(0.224399475256,-1.102336599213E+03));
#6641 = CARTESIAN_POINT('',(1.184237892934E-15,-1.102E+03));
#6642 = ( GEOMETRIC_REPRESENTATION_CONTEXT(2) 
PARAMETRIC_REPRESENTATION_CONTEXT() REPRESENTATION_CONTEXT('2D SPACE',''
  ) );
#6643 = ORIENTED_EDGE('',*,*,#6644,.T.);
#6644 = EDGE_CURVE('',#6611,#6431,#6645,.T.);
#6645 = SURFACE_CURVE('',#6646,(#6650,#6656),.PCURVE_S1.);
#6646 = LINE('',#6647,#6648);
#6647 = CARTESIAN_POINT('',(8.5,1.0035E+03,-5.0085E+03));
#6648 = VECTOR('',#6649,1.);
#6649 = DIRECTION('',(0.,-0.,1.));
#6650 = PCURVE('',#6149,#6651);
#6651 = DEFINITIONAL_REPRESENTATION('',(#6652),#6655);
#6652 = B_SPLINE_CURVE_WITH_KNOTS('',1,(#6653,#6654),.UNSPECIFIED.,.F.,
  .F.,(2,2),(4.9915E+03,5.0255E+03),.PIECEWISE_BEZIER_KNOTS.);
#6653 = CARTESIAN_POINT('',(9.983E+03,9.997878679656E+03));
#6654 = CARTESIAN_POINT('',(1.0017E+04,9.997878679656E+03));
#6655 = ( GEOMETRIC_REPRESENTATION_CONTEXT(2) 
PARAMETRIC_REPRESENTATION_CONTEXT() REPRESENTATION_CONTEXT('2D SPACE',''
  ) );
#6656 = PCURVE('',#6657,#6662);
#6657 = PLANE('',#6658);
#6658 = AXIS2_PLACEMENT_3D('',#6659,#6660,#6661);
#6659 = CARTESIAN_POINT('',(8.5,-100.,-17.));
#6660 = DIRECTION('',(1.,0.,0.));
#6661 = DIRECTION('',(0.,0.,1.));
#6662 = DEFINITIONAL_REPRESENTATION('',(#6663),#6666);
#6663 = B_SPLINE_CURVE_WITH_KNOTS('',1,(#6664,#6665),.UNSPECIFIED.,.F.,
  .F.,(2,2),(4.9915E+03,5.0255E+03),.PIECEWISE_BEZIER_KNOTS.);
#6664 = CARTESIAN_POINT('',(0.,-1.1035E+03));
#6665 = CARTESIAN_POINT('',(34.,-1.1035E+03));
#6666 = ( GEOMETRIC_REPRESENTATION_CONTEXT(2) 
PARAMETRIC_REPRESENTATION_CONTEXT() REPRESENTATION_CONTEXT('2D SPACE',''
  ) );
#6667 = ADVANCED_FACE('',(#6668),#6124,.T.);
#6668 = FACE_BOUND('',#6669,.T.);
#6669 = EDGE_LOOP('',(#6670,#6700,#6721,#6722));
#6670 = ORIENTED_EDGE('',*,*,#6671,.F.);
#6671 = EDGE_CURVE('',#6672,#6083,#6674,.T.);
#6672 = VERTEX_POINT('',#6673);
#6673 = CARTESIAN_POINT('',(7.,3.,-20.));
#6674 = SURFACE_CURVE('',#6675,(#6680,#6693),.PCURVE_S1.);
#6675 = ELLIPSE('',#6676,4.242640687119,3.);
#6676 = AXIS2_PLACEMENT_3D('',#6677,#6678,#6679);
#6677 = CARTESIAN_POINT('',(7.,3.,-17.));
#6678 = DIRECTION('',(-0.707106781187,-0.707106781187,0.));
#6679 = DIRECTION('',(0.707106781187,-0.707106781187,0.));
#6680 = PCURVE('',#6124,#6681);
#6681 = DEFINITIONAL_REPRESENTATION('',(#6682),#6692);
#6682 = B_SPLINE_CURVE_WITH_KNOTS('',8,(#6683,#6684,#6685,#6686,#6687,
    #6688,#6689,#6690,#6691),.UNSPECIFIED.,.F.,.F.,(9,9),(4.712388980385
    ,6.28318530718),.PIECEWISE_BEZIER_KNOTS.);
#6683 = CARTESIAN_POINT('',(-8.881784197001E-16,-103.));
#6684 = CARTESIAN_POINT('',(0.196349540849,-102.4109513774));
#6685 = CARTESIAN_POINT('',(0.392699081699,-101.8219026148));
#6686 = CARTESIAN_POINT('',(0.589048622545,-101.2674602163));
#6687 = CARTESIAN_POINT('',(0.785398163401,-100.7822237474));
#6688 = CARTESIAN_POINT('',(0.981747704244,-100.3965458608));
#6689 = CARTESIAN_POINT('',(1.178097245097,-100.1321823278));
#6690 = CARTESIAN_POINT('',(1.374446785946,-100.));
#6691 = CARTESIAN_POINT('',(1.570796326795,-100.));
#6692 = ( GEOMETRIC_REPRESENTATION_CONTEXT(2) 
PARAMETRIC_REPRESENTATION_CONTEXT() REPRESENTATION_CONTEXT('2D SPACE',''
  ) );
#6693 = PCURVE('',#6097,#6694);
#6694 = DEFINITIONAL_REPRESENTATION('',(#6695),#6699);
#6695 = ELLIPSE('',#6696,4.242640687119,3.);
#6696 = AXIS2_PLACEMENT_2D('',#6697,#6698);
#6697 = CARTESIAN_POINT('',(1.0017E+04,9.995757359313E+03));
#6698 = DIRECTION('',(0.,1.));
#6699 = ( GEOMETRIC_REPRESENTATION_CONTEXT(2) 
PARAMETRIC_REPRESENTATION_CONTEXT() REPRESENTATION_CONTEXT('2D SPACE',''
  ) );
#6700 = ORIENTED_EDGE('',*,*,#6701,.T.);
#6701 = EDGE_CURVE('',#6672,#6255,#6702,.T.);
#6702 = SURFACE_CURVE('',#6703,(#6707,#6714),.PCURVE_S1.);
#6703 = LINE('',#6704,#6705);
#6704 = CARTESIAN_POINT('',(7.,-100.,-20.));
#6705 = VECTOR('',#6706,1.);
#6706 = DIRECTION('',(0.,1.,0.));
#6707 = PCURVE('',#6124,#6708);
#6708 = DEFINITIONAL_REPRESENTATION('',(#6709),#6713);
#6709 = LINE('',#6710,#6711);
#6710 = CARTESIAN_POINT('',(0.,0.));
#6711 = VECTOR('',#6712,1.);
#6712 = DIRECTION('',(0.,-1.));
#6713 = ( GEOMETRIC_REPRESENTATION_CONTEXT(2) 
PARAMETRIC_REPRESENTATION_CONTEXT() REPRESENTATION_CONTEXT('2D SPACE',''
  ) );
#6714 = PCURVE('',#6299,#6715);
#6715 = DEFINITIONAL_REPRESENTATION('',(#6716),#6720);
#6716 = LINE('',#6717,#6718);
#6717 = CARTESIAN_POINT('',(14.,0.));
#6718 = VECTOR('',#6719,1.);
#6719 = DIRECTION('',(0.,-1.));
#6720 = ( GEOMETRIC_REPRESENTATION_CONTEXT(2) 
PARAMETRIC_REPRESENTATION_CONTEXT() REPRESENTATION_CONTEXT('2D SPACE',''
  ) );
#6721 = ORIENTED_EDGE('',*,*,#6254,.F.);
#6722 = ORIENTED_EDGE('',*,*,#6108,.F.);
#6723 = ADVANCED_FACE('',(#6724,#6850),#6097,.T.);
#6724 = FACE_BOUND('',#6725,.T.);
#6725 = EDGE_LOOP('',(#6726,#6727,#6728,#6749,#6779,#6800,#6830,#6849));
#6726 = ORIENTED_EDGE('',*,*,#6082,.F.);
#6727 = ORIENTED_EDGE('',*,*,#6163,.T.);
#6728 = ORIENTED_EDGE('',*,*,#6729,.F.);
#6729 = EDGE_CURVE('',#6730,#6164,#6732,.T.);
#6730 = VERTEX_POINT('',#6731);
#6731 = CARTESIAN_POINT('',(-7.,17.,20.));
#6732 = SURFACE_CURVE('',#6733,(#6737,#6743),.PCURVE_S1.);
#6733 = LINE('',#6734,#6735);
#6734 = CARTESIAN_POINT('',(-3.501283905933E+03,3.511283905933E+03,20.)
  );
#6735 = VECTOR('',#6736,1.);
#6736 = DIRECTION('',(0.707106781187,-0.707106781187,-0.));
#6737 = PCURVE('',#6097,#6738);
#6738 = DEFINITIONAL_REPRESENTATION('',(#6739),#6742);
#6739 = B_SPLINE_CURVE_WITH_KNOTS('',1,(#6740,#6741),.UNSPECIFIED.,.F.,
  .F.,(2,2),(4.941663690552E+03,4.961462680425E+03),
  .PIECEWISE_BEZIER_KNOTS.);
#6740 = CARTESIAN_POINT('',(9.98E+03,9.97595836944E+03));
#6741 = CARTESIAN_POINT('',(9.98E+03,9.995757359313E+03));
#6742 = ( GEOMETRIC_REPRESENTATION_CONTEXT(2) 
PARAMETRIC_REPRESENTATION_CONTEXT() REPRESENTATION_CONTEXT('2D SPACE',''
  ) );
#6743 = PCURVE('',#6238,#6744);
#6744 = DEFINITIONAL_REPRESENTATION('',(#6745),#6748);
#6745 = B_SPLINE_CURVE_WITH_KNOTS('',1,(#6746,#6747),.UNSPECIFIED.,.F.,
  .F.,(2,2),(4.941663690552E+03,4.961462680425E+03),
  .PIECEWISE_BEZIER_KNOTS.);
#6746 = CARTESIAN_POINT('',(14.,-117.));
#6747 = CARTESIAN_POINT('',(0.,-103.));
#6748 = ( GEOMETRIC_REPRESENTATION_CONTEXT(2) 
PARAMETRIC_REPRESENTATION_CONTEXT() REPRESENTATION_CONTEXT('2D SPACE',''
  ) );
#6749 = ORIENTED_EDGE('',*,*,#6750,.T.);
#6750 = EDGE_CURVE('',#6730,#6751,#6753,.T.);
#6751 = VERTEX_POINT('',#6752);
#6752 = CARTESIAN_POINT('',(-10.,20.,17.));
#6753 = SURFACE_CURVE('',#6754,(#6759,#6766),.PCURVE_S1.);
#6754 = ELLIPSE('',#6755,4.242640687119,3.);
#6755 = AXIS2_PLACEMENT_3D('',#6756,#6757,#6758);
#6756 = CARTESIAN_POINT('',(-7.,17.,17.));
#6757 = DIRECTION('',(-0.707106781187,-0.707106781187,0.));
#6758 = DIRECTION('',(0.707106781187,-0.707106781187,0.));
#6759 = PCURVE('',#6097,#6760);
#6760 = DEFINITIONAL_REPRESENTATION('',(#6761),#6765);
#6761 = ELLIPSE('',#6762,4.242640687119,3.);
#6762 = AXIS2_PLACEMENT_2D('',#6763,#6764);
#6763 = CARTESIAN_POINT('',(9.983E+03,9.97595836944E+03));
#6764 = DIRECTION('',(0.,1.));
#6765 = ( GEOMETRIC_REPRESENTATION_CONTEXT(2) 
PARAMETRIC_REPRESENTATION_CONTEXT() REPRESENTATION_CONTEXT('2D SPACE',''
  ) );
#6766 = PCURVE('',#6388,#6767);
#6767 = DEFINITIONAL_REPRESENTATION('',(#6768),#6778);
#6768 = B_SPLINE_CURVE_WITH_KNOTS('',8,(#6769,#6770,#6771,#6772,#6773,
    #6774,#6775,#6776,#6777),.UNSPECIFIED.,.F.,.F.,(9,9),(1.570796326795
    ,3.14159265359),.PIECEWISE_BEZIER_KNOTS.);
#6769 = CARTESIAN_POINT('',(0.,-117.));
#6770 = CARTESIAN_POINT('',(0.196349540849,-117.5890486225));
#6771 = CARTESIAN_POINT('',(0.392699081699,-118.1780973849));
#6772 = CARTESIAN_POINT('',(0.589048622549,-118.7325397834));
#6773 = CARTESIAN_POINT('',(0.785398163394,-119.2177762517));
#6774 = CARTESIAN_POINT('',(0.981747704247,-119.6034541385));
#6775 = CARTESIAN_POINT('',(1.178097245096,-119.867817672));
#6776 = CARTESIAN_POINT('',(1.374446785946,-120.));
#6777 = CARTESIAN_POINT('',(1.570796326795,-120.));
#6778 = ( GEOMETRIC_REPRESENTATION_CONTEXT(2) 
PARAMETRIC_REPRESENTATION_CONTEXT() REPRESENTATION_CONTEXT('2D SPACE',''
  ) );
#6779 = ORIENTED_EDGE('',*,*,#6780,.F.);
#6780 = EDGE_CURVE('',#6781,#6751,#6783,.T.);
#6781 = VERTEX_POINT('',#6782);
#6782 = CARTESIAN_POINT('',(-10.,20.,-17.));
#6783 = SURFACE_CURVE('',#6784,(#6788,#6794),.PCURVE_S1.);
#6784 = LINE('',#6785,#6786);
#6785 = CARTESIAN_POINT('',(-10.,20.000000000001,5.0085E+03));
#6786 = VECTOR('',#6787,1.);
#6787 = DIRECTION('',(0.,0.,1.));
#6788 = PCURVE('',#6097,#6789);
#6789 = DEFINITIONAL_REPRESENTATION('',(#6790),#6793);
#6790 = B_SPLINE_CURVE_WITH_KNOTS('',1,(#6791,#6792),.UNSPECIFIED.,.F.,
  .F.,(2,2),(-5.0255E+03,-4.9915E+03),.PIECEWISE_BEZIER_KNOTS.);
#6791 = CARTESIAN_POINT('',(1.0017E+04,9.971715728753E+03));
#6792 = CARTESIAN_POINT('',(9.983E+03,9.971715728753E+03));
#6793 = ( GEOMETRIC_REPRESENTATION_CONTEXT(2) 
PARAMETRIC_REPRESENTATION_CONTEXT() REPRESENTATION_CONTEXT('2D SPACE',''
  ) );
#6794 = PCURVE('',#6360,#6795);
#6795 = DEFINITIONAL_REPRESENTATION('',(#6796),#6799);
#6796 = B_SPLINE_CURVE_WITH_KNOTS('',1,(#6797,#6798),.UNSPECIFIED.,.F.,
  .F.,(2,2),(-5.0255E+03,-4.9915E+03),.PIECEWISE_BEZIER_KNOTS.);
#6797 = CARTESIAN_POINT('',(34.,-120.));
#6798 = CARTESIAN_POINT('',(0.,-120.));
#6799 = ( GEOMETRIC_REPRESENTATION_CONTEXT(2) 
PARAMETRIC_REPRESENTATION_CONTEXT() REPRESENTATION_CONTEXT('2D SPACE',''
  ) );
#6800 = ORIENTED_EDGE('',*,*,#6801,.T.);
#6801 = EDGE_CURVE('',#6781,#6802,#6804,.T.);
#6802 = VERTEX_POINT('',#6803);
#6803 = CARTESIAN_POINT('',(-7.,17.,-20.));
#6804 = SURFACE_CURVE('',#6805,(#6810,#6817),.PCURVE_S1.);
#6805 = ELLIPSE('',#6806,4.242640687119,3.);
#6806 = AXIS2_PLACEMENT_3D('',#6807,#6808,#6809);
#6807 = CARTESIAN_POINT('',(-7.,17.,-17.));
#6808 = DIRECTION('',(-0.707106781187,-0.707106781187,0.));
#6809 = DIRECTION('',(0.707106781187,-0.707106781187,0.));
#6810 = PCURVE('',#6097,#6811);
#6811 = DEFINITIONAL_REPRESENTATION('',(#6812),#6816);
#6812 = ELLIPSE('',#6813,4.242640687119,3.);
#6813 = AXIS2_PLACEMENT_2D('',#6814,#6815);
#6814 = CARTESIAN_POINT('',(1.0017E+04,9.97595836944E+03));
#6815 = DIRECTION('',(0.,1.));
#6816 = ( GEOMETRIC_REPRESENTATION_CONTEXT(2) 
PARAMETRIC_REPRESENTATION_CONTEXT() REPRESENTATION_CONTEXT('2D SPACE',''
  ) );
#6817 = PCURVE('',#6327,#6818);
#6818 = DEFINITIONAL_REPRESENTATION('',(#6819),#6829);
#6819 = B_SPLINE_CURVE_WITH_KNOTS('',8,(#6820,#6821,#6822,#6823,#6824,
    #6825,#6826,#6827,#6828),.UNSPECIFIED.,.F.,.F.,(9,9),(3.14159265359,
    4.712388980385),.PIECEWISE_BEZIER_KNOTS.);
#6820 = CARTESIAN_POINT('',(0.,-120.));
#6821 = CARTESIAN_POINT('',(0.196349540849,-120.));
#6822 = CARTESIAN_POINT('',(0.392699081698,-119.867817672));
#6823 = CARTESIAN_POINT('',(0.589048622548,-119.6034541387));
#6824 = CARTESIAN_POINT('',(0.785398163393,-119.2177762521));
#6825 = CARTESIAN_POINT('',(0.981747704248,-118.7325397831));
#6826 = CARTESIAN_POINT('',(1.178097245096,-118.1780973849));
#6827 = CARTESIAN_POINT('',(1.374446785946,-117.5890486225));
#6828 = CARTESIAN_POINT('',(1.570796326795,-117.));
#6829 = ( GEOMETRIC_REPRESENTATION_CONTEXT(2) 
PARAMETRIC_REPRESENTATION_CONTEXT() REPRESENTATION_CONTEXT('2D SPACE',''
  ) );
#6830 = ORIENTED_EDGE('',*,*,#6831,.F.);
#6831 = EDGE_CURVE('',#6672,#6802,#6832,.T.);
#6832 = SURFACE_CURVE('',#6833,(#6837,#6843),.PCURVE_S1.);
#6833 = LINE('',#6834,#6835);
#6834 = CARTESIAN_POINT('',(-3.504783905933E+03,3.514783905933E+03,-20.)
  );
#6835 = VECTOR('',#6836,1.);
#6836 = DIRECTION('',(-0.707106781187,0.707106781187,0.));
#6837 = PCURVE('',#6097,#6838);
#6838 = DEFINITIONAL_REPRESENTATION('',(#6839),#6842);
#6839 = B_SPLINE_CURVE_WITH_KNOTS('',1,(#6840,#6841),.UNSPECIFIED.,.F.,
  .F.,(2,2),(-4.966412427894E+03,-4.94661343802E+03),
  .PIECEWISE_BEZIER_KNOTS.);
#6840 = CARTESIAN_POINT('',(1.002E+04,9.995757359313E+03));
#6841 = CARTESIAN_POINT('',(1.002E+04,9.97595836944E+03));
#6842 = ( GEOMETRIC_REPRESENTATION_CONTEXT(2) 
PARAMETRIC_REPRESENTATION_CONTEXT() REPRESENTATION_CONTEXT('2D SPACE',''
  ) );
#6843 = PCURVE('',#6299,#6844);
#6844 = DEFINITIONAL_REPRESENTATION('',(#6845),#6848);
#6845 = B_SPLINE_CURVE_WITH_KNOTS('',1,(#6846,#6847),.UNSPECIFIED.,.F.,
  .F.,(2,2),(-4.966412427894E+03,-4.94661343802E+03),
  .PIECEWISE_BEZIER_KNOTS.);
#6846 = CARTESIAN_POINT('',(14.,-103.));
#6847 = CARTESIAN_POINT('',(0.,-117.));
#6848 = ( GEOMETRIC_REPRESENTATION_CONTEXT(2) 
PARAMETRIC_REPRESENTATION_CONTEXT() REPRESENTATION_CONTEXT('2D SPACE',''
  ) );
#6849 = ORIENTED_EDGE('',*,*,#6671,.T.);
#6850 = FACE_BOUND('',#6851,.T.);
#6851 = EDGE_LOOP('',(#6852,#6883,#6904,#6933,#6954,#6983,#7004,#7033));
#6852 = ORIENTED_EDGE('',*,*,#6853,.F.);
#6853 = EDGE_CURVE('',#6854,#6856,#6858,.T.);
#6854 = VERTEX_POINT('',#6855);
#6855 = CARTESIAN_POINT('',(8.5,1.5,17.));
#6856 = VERTEX_POINT('',#6857);
#6857 = CARTESIAN_POINT('',(7.,3.,18.5));
#6858 = SURFACE_CURVE('',#6859,(#6864,#6871),.PCURVE_S1.);
#6859 = ELLIPSE('',#6860,2.12132034356,1.5);
#6860 = AXIS2_PLACEMENT_3D('',#6861,#6862,#6863);
#6861 = CARTESIAN_POINT('',(7.,3.,17.));
#6862 = DIRECTION('',(-0.707106781187,-0.707106781187,0.));
#6863 = DIRECTION('',(0.707106781187,-0.707106781187,0.));
#6864 = PCURVE('',#6097,#6865);
#6865 = DEFINITIONAL_REPRESENTATION('',(#6866),#6870);
#6866 = ELLIPSE('',#6867,2.12132034356,1.5);
#6867 = AXIS2_PLACEMENT_2D('',#6868,#6869);
#6868 = CARTESIAN_POINT('',(9.983E+03,9.995757359313E+03));
#6869 = DIRECTION('',(0.,1.));
#6870 = ( GEOMETRIC_REPRESENTATION_CONTEXT(2) 
PARAMETRIC_REPRESENTATION_CONTEXT() REPRESENTATION_CONTEXT('2D SPACE',''
  ) );
#6871 = PCURVE('',#6447,#6872);
#6872 = DEFINITIONAL_REPRESENTATION('',(#6873),#6882);
#6873 = B_SPLINE_CURVE_WITH_KNOTS('',7,(#6874,#6875,#6876,#6877,#6878,
    #6879,#6880,#6881),.UNSPECIFIED.,.F.,.F.,(8,8),(0.,1.570796326795),
  .PIECEWISE_BEZIER_KNOTS.);
#6874 = CARTESIAN_POINT('',(0.,-101.5));
#6875 = CARTESIAN_POINT('',(0.224399475256,-101.5));
#6876 = CARTESIAN_POINT('',(0.448798950513,-101.5881230089));
#6877 = CARTESIAN_POINT('',(0.673198425769,-101.764356243));
#6878 = CARTESIAN_POINT('',(0.897597901026,-102.0178797613));
#6879 = CARTESIAN_POINT('',(1.121997376282,-102.326802941));
#6880 = CARTESIAN_POINT('',(1.346396851538,-102.6634007871));
#6881 = CARTESIAN_POINT('',(1.570796326795,-103.));
#6882 = ( GEOMETRIC_REPRESENTATION_CONTEXT(2) 
PARAMETRIC_REPRESENTATION_CONTEXT() REPRESENTATION_CONTEXT('2D SPACE',''
  ) );
#6883 = ORIENTED_EDGE('',*,*,#6884,.T.);
#6884 = EDGE_CURVE('',#6854,#6885,#6887,.T.);
#6885 = VERTEX_POINT('',#6886);
#6886 = CARTESIAN_POINT('',(8.5,1.5,-17.));
#6887 = SURFACE_CURVE('',#6888,(#6892,#6898),.PCURVE_S1.);
#6888 = LINE('',#6889,#6890);
#6889 = CARTESIAN_POINT('',(8.5,1.500000000001,4.9915E+03));
#6890 = VECTOR('',#6891,1.);
#6891 = DIRECTION('',(0.,-0.,-1.));
#6892 = PCURVE('',#6097,#6893);
#6893 = DEFINITIONAL_REPRESENTATION('',(#6894),#6897);
#6894 = B_SPLINE_CURVE_WITH_KNOTS('',1,(#6895,#6896),.UNSPECIFIED.,.F.,
  .F.,(2,2),(4.9745E+03,5.0085E+03),.PIECEWISE_BEZIER_KNOTS.);
#6895 = CARTESIAN_POINT('',(9.983E+03,9.997878679656E+03));
#6896 = CARTESIAN_POINT('',(1.0017E+04,9.997878679656E+03));
#6897 = ( GEOMETRIC_REPRESENTATION_CONTEXT(2) 
PARAMETRIC_REPRESENTATION_CONTEXT() REPRESENTATION_CONTEXT('2D SPACE',''
  ) );
#6898 = PCURVE('',#6657,#6899);
#6899 = DEFINITIONAL_REPRESENTATION('',(#6900),#6903);
#6900 = B_SPLINE_CURVE_WITH_KNOTS('',1,(#6901,#6902),.UNSPECIFIED.,.F.,
  .F.,(2,2),(4.9745E+03,5.0085E+03),.PIECEWISE_BEZIER_KNOTS.);
#6901 = CARTESIAN_POINT('',(34.,-101.5));
#6902 = CARTESIAN_POINT('',(0.,-101.5));
#6903 = ( GEOMETRIC_REPRESENTATION_CONTEXT(2) 
PARAMETRIC_REPRESENTATION_CONTEXT() REPRESENTATION_CONTEXT('2D SPACE',''
  ) );
#6904 = ORIENTED_EDGE('',*,*,#6905,.F.);
#6905 = EDGE_CURVE('',#6906,#6885,#6908,.T.);
#6906 = VERTEX_POINT('',#6907);
#6907 = CARTESIAN_POINT('',(7.,3.,-18.5));
#6908 = SURFACE_CURVE('',#6909,(#6914,#6921),.PCURVE_S1.);
#6909 = ELLIPSE('',#6910,2.12132034356,1.5);
#6910 = AXIS2_PLACEMENT_3D('',#6911,#6912,#6913);
#6911 = CARTESIAN_POINT('',(7.,3.,-17.));
#6912 = DIRECTION('',(-0.707106781187,-0.707106781187,0.));
#6913 = DIRECTION('',(0.707106781187,-0.707106781187,0.));
#6914 = PCURVE('',#6097,#6915);
#6915 = DEFINITIONAL_REPRESENTATION('',(#6916),#6920);
#6916 = ELLIPSE('',#6917,2.12132034356,1.5);
#6917 = AXIS2_PLACEMENT_2D('',#6918,#6919);
#6918 = CARTESIAN_POINT('',(1.0017E+04,9.995757359313E+03));
#6919 = DIRECTION('',(0.,1.));
#6920 = ( GEOMETRIC_REPRESENTATION_CONTEXT(2) 
PARAMETRIC_REPRESENTATION_CONTEXT() REPRESENTATION_CONTEXT('2D SPACE',''
  ) );
#6921 = PCURVE('',#6627,#6922);
#6922 = DEFINITIONAL_REPRESENTATION('',(#6923),#6932);
#6923 = B_SPLINE_CURVE_WITH_KNOTS('',7,(#6924,#6925,#6926,#6927,#6928,
    #6929,#6930,#6931),.UNSPECIFIED.,.F.,.F.,(8,8),(4.712388980385,
    6.28318530718),.PIECEWISE_BEZIER_KNOTS.);
#6924 = CARTESIAN_POINT('',(0.,-103.));
#6925 = CARTESIAN_POINT('',(0.224399475256,-102.6634007871));
#6926 = CARTESIAN_POINT('',(0.448798950513,-102.326802941));
#6927 = CARTESIAN_POINT('',(0.673198425769,-102.0178797613));
#6928 = CARTESIAN_POINT('',(0.897597901026,-101.7643562431));
#6929 = CARTESIAN_POINT('',(1.121997376282,-101.5881230089));
#6930 = CARTESIAN_POINT('',(1.346396851538,-101.5));
#6931 = CARTESIAN_POINT('',(1.570796326795,-101.5));
#6932 = ( GEOMETRIC_REPRESENTATION_CONTEXT(2) 
PARAMETRIC_REPRESENTATION_CONTEXT() REPRESENTATION_CONTEXT('2D SPACE',''
  ) );
#6933 = ORIENTED_EDGE('',*,*,#6934,.T.);
#6934 = EDGE_CURVE('',#6906,#6935,#6937,.T.);
#6935 = VERTEX_POINT('',#6936);
#6936 = CARTESIAN_POINT('',(-7.,17.,-18.5));
#6937 = SURFACE_CURVE('',#6938,(#6942,#6948),.PCURVE_S1.);
#6938 = LINE('',#6939,#6940);
#6939 = CARTESIAN_POINT('',(-3.504783905933E+03,3.514783905933E+03,-18.5
    ));
#6940 = VECTOR('',#6941,1.);
#6941 = DIRECTION('',(-0.707106781187,0.707106781187,0.));
#6942 = PCURVE('',#6097,#6943);
#6943 = DEFINITIONAL_REPRESENTATION('',(#6944),#6947);
#6944 = B_SPLINE_CURVE_WITH_KNOTS('',1,(#6945,#6946),.UNSPECIFIED.,.F.,
  .F.,(2,2),(-4.966412427894E+03,-4.94661343802E+03),
  .PIECEWISE_BEZIER_KNOTS.);
#6945 = CARTESIAN_POINT('',(1.00185E+04,9.995757359313E+03));
#6946 = CARTESIAN_POINT('',(1.00185E+04,9.97595836944E+03));
#6947 = ( GEOMETRIC_REPRESENTATION_CONTEXT(2) 
PARAMETRIC_REPRESENTATION_CONTEXT() REPRESENTATION_CONTEXT('2D SPACE',''
  ) );
#6948 = PCURVE('',#6599,#6949);
#6949 = DEFINITIONAL_REPRESENTATION('',(#6950),#6953);
#6950 = B_SPLINE_CURVE_WITH_KNOTS('',1,(#6951,#6952),.UNSPECIFIED.,.F.,
  .F.,(2,2),(-4.966412427894E+03,-4.94661343802E+03),
  .PIECEWISE_BEZIER_KNOTS.);
#6951 = CARTESIAN_POINT('',(14.,-103.));
#6952 = CARTESIAN_POINT('',(0.,-117.));
#6953 = ( GEOMETRIC_REPRESENTATION_CONTEXT(2) 
PARAMETRIC_REPRESENTATION_CONTEXT() REPRESENTATION_CONTEXT('2D SPACE',''
  ) );
#6954 = ORIENTED_EDGE('',*,*,#6955,.F.);
#6955 = EDGE_CURVE('',#6956,#6935,#6958,.T.);
#6956 = VERTEX_POINT('',#6957);
#6957 = CARTESIAN_POINT('',(-8.5,18.5,-17.));
#6958 = SURFACE_CURVE('',#6959,(#6964,#6971),.PCURVE_S1.);
#6959 = ELLIPSE('',#6960,2.12132034356,1.5);
#6960 = AXIS2_PLACEMENT_3D('',#6961,#6962,#6963);
#6961 = CARTESIAN_POINT('',(-7.,17.,-17.));
#6962 = DIRECTION('',(-0.707106781187,-0.707106781187,0.));
#6963 = DIRECTION('',(0.707106781187,-0.707106781187,0.));
#6964 = PCURVE('',#6097,#6965);
#6965 = DEFINITIONAL_REPRESENTATION('',(#6966),#6970);
#6966 = ELLIPSE('',#6967,2.12132034356,1.5);
#6967 = AXIS2_PLACEMENT_2D('',#6968,#6969);
#6968 = CARTESIAN_POINT('',(1.0017E+04,9.97595836944E+03));
#6969 = DIRECTION('',(0.,1.));
#6970 = ( GEOMETRIC_REPRESENTATION_CONTEXT(2) 
PARAMETRIC_REPRESENTATION_CONTEXT() REPRESENTATION_CONTEXT('2D SPACE',''
  ) );
#6971 = PCURVE('',#6567,#6972);
#6972 = DEFINITIONAL_REPRESENTATION('',(#6973),#6982);
#6973 = B_SPLINE_CURVE_WITH_KNOTS('',7,(#6974,#6975,#6976,#6977,#6978,
    #6979,#6980,#6981),.UNSPECIFIED.,.F.,.F.,(8,8),(3.14159265359,
    4.712388980385),.PIECEWISE_BEZIER_KNOTS.);
#6974 = CARTESIAN_POINT('',(0.,-118.5));
#6975 = CARTESIAN_POINT('',(0.224399475256,-118.5));
#6976 = CARTESIAN_POINT('',(0.448798950513,-118.411876991));
#6977 = CARTESIAN_POINT('',(0.673198425769,-118.2356437569));
#6978 = CARTESIAN_POINT('',(0.897597901026,-117.9821202386));
#6979 = CARTESIAN_POINT('',(1.121997376282,-117.6731970589));
#6980 = CARTESIAN_POINT('',(1.346396851538,-117.3365992128));
#6981 = CARTESIAN_POINT('',(1.570796326795,-117.));
#6982 = ( GEOMETRIC_REPRESENTATION_CONTEXT(2) 
PARAMETRIC_REPRESENTATION_CONTEXT() REPRESENTATION_CONTEXT('2D SPACE',''
  ) );
#6983 = ORIENTED_EDGE('',*,*,#6984,.T.);
#6984 = EDGE_CURVE('',#6956,#6985,#6987,.T.);
#6985 = VERTEX_POINT('',#6986);
#6986 = CARTESIAN_POINT('',(-8.5,18.5,17.));
#6987 = SURFACE_CURVE('',#6988,(#6992,#6998),.PCURVE_S1.);
#6988 = LINE('',#6989,#6990);
#6989 = CARTESIAN_POINT('',(-8.5,18.500000000001,5.0085E+03));
#6990 = VECTOR('',#6991,1.);
#6991 = DIRECTION('',(0.,0.,1.));
#6992 = PCURVE('',#6097,#6993);
#6993 = DEFINITIONAL_REPRESENTATION('',(#6994),#6997);
#6994 = B_SPLINE_CURVE_WITH_KNOTS('',1,(#6995,#6996),.UNSPECIFIED.,.F.,
  .F.,(2,2),(-5.0255E+03,-4.9915E+03),.PIECEWISE_BEZIER_KNOTS.);
#6995 = CARTESIAN_POINT('',(1.0017E+04,9.973837049096E+03));
#6996 = CARTESIAN_POINT('',(9.983E+03,9.973837049096E+03));
#6997 = ( GEOMETRIC_REPRESENTATION_CONTEXT(2) 
PARAMETRIC_REPRESENTATION_CONTEXT() REPRESENTATION_CONTEXT('2D SPACE',''
  ) );
#6998 = PCURVE('',#6539,#6999);
#6999 = DEFINITIONAL_REPRESENTATION('',(#7000),#7003);
#7000 = B_SPLINE_CURVE_WITH_KNOTS('',1,(#7001,#7002),.UNSPECIFIED.,.F.,
  .F.,(2,2),(-5.0255E+03,-4.9915E+03),.PIECEWISE_BEZIER_KNOTS.);
#7001 = CARTESIAN_POINT('',(34.,-118.5));
#7002 = CARTESIAN_POINT('',(0.,-118.5));
#7003 = ( GEOMETRIC_REPRESENTATION_CONTEXT(2) 
PARAMETRIC_REPRESENTATION_CONTEXT() REPRESENTATION_CONTEXT('2D SPACE',''
  ) );
#7004 = ORIENTED_EDGE('',*,*,#7005,.F.);
#7005 = EDGE_CURVE('',#7006,#6985,#7008,.T.);
#7006 = VERTEX_POINT('',#7007);
#7007 = CARTESIAN_POINT('',(-7.,17.,18.5));
#7008 = SURFACE_CURVE('',#7009,(#7014,#7021),.PCURVE_S1.);
#7009 = ELLIPSE('',#7010,2.12132034356,1.5);
#7010 = AXIS2_PLACEMENT_3D('',#7011,#7012,#7013);
#7011 = CARTESIAN_POINT('',(-7.,17.,17.));
#7012 = DIRECTION('',(-0.707106781187,-0.707106781187,0.));
#7013 = DIRECTION('',(0.707106781187,-0.707106781187,0.));
#7014 = PCURVE('',#6097,#7015);
#7015 = DEFINITIONAL_REPRESENTATION('',(#7016),#7020);
#7016 = ELLIPSE('',#7017,2.12132034356,1.5);
#7017 = AXIS2_PLACEMENT_2D('',#7018,#7019);
#7018 = CARTESIAN_POINT('',(9.983E+03,9.97595836944E+03));
#7019 = DIRECTION('',(0.,1.));
#7020 = ( GEOMETRIC_REPRESENTATION_CONTEXT(2) 
PARAMETRIC_REPRESENTATION_CONTEXT() REPRESENTATION_CONTEXT('2D SPACE',''
  ) );
#7021 = PCURVE('',#6507,#7022);
#7022 = DEFINITIONAL_REPRESENTATION('',(#7023),#7032);
#7023 = B_SPLINE_CURVE_WITH_KNOTS('',7,(#7024,#7025,#7026,#7027,#7028,
    #7029,#7030,#7031),.UNSPECIFIED.,.F.,.F.,(8,8),(1.570796326795,
    3.14159265359),.PIECEWISE_BEZIER_KNOTS.);
#7024 = CARTESIAN_POINT('',(5.921189464668E-16,-117.));
#7025 = CARTESIAN_POINT('',(0.224399475256,-117.3365992128));
#7026 = CARTESIAN_POINT('',(0.448798950513,-117.6731970589));
#7027 = CARTESIAN_POINT('',(0.673198425769,-117.9821202386));
#7028 = CARTESIAN_POINT('',(0.897597901026,-118.2356437569));
#7029 = CARTESIAN_POINT('',(1.121997376282,-118.411876991));
#7030 = CARTESIAN_POINT('',(1.346396851538,-118.5));
#7031 = CARTESIAN_POINT('',(1.570796326795,-118.5));
#7032 = ( GEOMETRIC_REPRESENTATION_CONTEXT(2) 
PARAMETRIC_REPRESENTATION_CONTEXT() REPRESENTATION_CONTEXT('2D SPACE',''
  ) );
#7033 = ORIENTED_EDGE('',*,*,#7034,.T.);
#7034 = EDGE_CURVE('',#7006,#6856,#7035,.T.);
#7035 = SURFACE_CURVE('',#7036,(#7040,#7046),.PCURVE_S1.);
#7036 = LINE('',#7037,#7038);
#7037 = CARTESIAN_POINT('',(-3.501283905933E+03,3.511283905933E+03,18.5)
  );
#7038 = VECTOR('',#7039,1.);
#7039 = DIRECTION('',(0.707106781187,-0.707106781187,-0.));
#7040 = PCURVE('',#6097,#7041);
#7041 = DEFINITIONAL_REPRESENTATION('',(#7042),#7045);
#7042 = B_SPLINE_CURVE_WITH_KNOTS('',1,(#7043,#7044),.UNSPECIFIED.,.F.,
  .F.,(2,2),(4.941663690552E+03,4.961462680425E+03),
  .PIECEWISE_BEZIER_KNOTS.);
#7043 = CARTESIAN_POINT('',(9.9815E+03,9.97595836944E+03));
#7044 = CARTESIAN_POINT('',(9.9815E+03,9.995757359313E+03));
#7045 = ( GEOMETRIC_REPRESENTATION_CONTEXT(2) 
PARAMETRIC_REPRESENTATION_CONTEXT() REPRESENTATION_CONTEXT('2D SPACE',''
  ) );
#7046 = PCURVE('',#6479,#7047);
#7047 = DEFINITIONAL_REPRESENTATION('',(#7048),#7051);
#7048 = B_SPLINE_CURVE_WITH_KNOTS('',1,(#7049,#7050),.UNSPECIFIED.,.F.,
  .F.,(2,2),(4.941663690552E+03,4.961462680425E+03),
  .PIECEWISE_BEZIER_KNOTS.);
#7049 = CARTESIAN_POINT('',(14.,-117.));
#7050 = CARTESIAN_POINT('',(0.,-103.));
#7051 = ( GEOMETRIC_REPRESENTATION_CONTEXT(2) 
PARAMETRIC_REPRESENTATION_CONTEXT() REPRESENTATION_CONTEXT('2D SPACE',''
  ) );
#7052 = ADVANCED_FACE('',(#7053),#6238,.T.);
#7053 = FACE_BOUND('',#7054,.T.);
#7054 = EDGE_LOOP('',(#7055,#7076,#7077,#7078));
#7055 = ORIENTED_EDGE('',*,*,#7056,.F.);
#7056 = EDGE_CURVE('',#6730,#6372,#7057,.T.);
#7057 = SURFACE_CURVE('',#7058,(#7062,#7069),.PCURVE_S1.);
#7058 = LINE('',#7059,#7060);
#7059 = CARTESIAN_POINT('',(-7.,-100.,20.));
#7060 = VECTOR('',#7061,1.);
#7061 = DIRECTION('',(0.,1.,0.));
#7062 = PCURVE('',#6238,#7063);
#7063 = DEFINITIONAL_REPRESENTATION('',(#7064),#7068);
#7064 = LINE('',#7065,#7066);
#7065 = CARTESIAN_POINT('',(14.,0.));
#7066 = VECTOR('',#7067,1.);
#7067 = DIRECTION('',(0.,-1.));
#7068 = ( GEOMETRIC_REPRESENTATION_CONTEXT(2) 
PARAMETRIC_REPRESENTATION_CONTEXT() REPRESENTATION_CONTEXT('2D SPACE',''
  ) );
#7069 = PCURVE('',#6388,#7070);
#7070 = DEFINITIONAL_REPRESENTATION('',(#7071),#7075);
#7071 = LINE('',#7072,#7073);
#7072 = CARTESIAN_POINT('',(0.,0.));
#7073 = VECTOR('',#7074,1.);
#7074 = DIRECTION('',(0.,-1.));
#7075 = ( GEOMETRIC_REPRESENTATION_CONTEXT(2) 
PARAMETRIC_REPRESENTATION_CONTEXT() REPRESENTATION_CONTEXT('2D SPACE',''
  ) );
#7076 = ORIENTED_EDGE('',*,*,#6729,.T.);
#7077 = ORIENTED_EDGE('',*,*,#6224,.T.);
#7078 = ORIENTED_EDGE('',*,*,#6406,.T.);
#7079 = ADVANCED_FACE('',(#7080),#6388,.T.);
#7080 = FACE_BOUND('',#7081,.T.);
#7081 = EDGE_LOOP('',(#7082,#7083,#7084,#7085));
#7082 = ORIENTED_EDGE('',*,*,#6750,.F.);
#7083 = ORIENTED_EDGE('',*,*,#7056,.T.);
#7084 = ORIENTED_EDGE('',*,*,#6371,.F.);
#7085 = ORIENTED_EDGE('',*,*,#7086,.F.);
#7086 = EDGE_CURVE('',#6751,#6346,#7087,.T.);
#7087 = SURFACE_CURVE('',#7088,(#7092,#7099),.PCURVE_S1.);
#7088 = LINE('',#7089,#7090);
#7089 = CARTESIAN_POINT('',(-10.,-100.,17.));
#7090 = VECTOR('',#7091,1.);
#7091 = DIRECTION('',(0.,1.,0.));
#7092 = PCURVE('',#6388,#7093);
#7093 = DEFINITIONAL_REPRESENTATION('',(#7094),#7098);
#7094 = LINE('',#7095,#7096);
#7095 = CARTESIAN_POINT('',(1.570796326795,0.));
#7096 = VECTOR('',#7097,1.);
#7097 = DIRECTION('',(0.,-1.));
#7098 = ( GEOMETRIC_REPRESENTATION_CONTEXT(2) 
PARAMETRIC_REPRESENTATION_CONTEXT() REPRESENTATION_CONTEXT('2D SPACE',''
  ) );
#7099 = PCURVE('',#6360,#7100);
#7100 = DEFINITIONAL_REPRESENTATION('',(#7101),#7105);
#7101 = LINE('',#7102,#7103);
#7102 = CARTESIAN_POINT('',(0.,-0.));
#7103 = VECTOR('',#7104,1.);
#7104 = DIRECTION('',(0.,-1.));
#7105 = ( GEOMETRIC_REPRESENTATION_CONTEXT(2) 
PARAMETRIC_REPRESENTATION_CONTEXT() REPRESENTATION_CONTEXT('2D SPACE',''
  ) );
#7106 = ADVANCED_FACE('',(#7107),#6360,.T.);
#7107 = FACE_BOUND('',#7108,.T.);
#7108 = EDGE_LOOP('',(#7109,#7130,#7131,#7132));
#7109 = ORIENTED_EDGE('',*,*,#7110,.F.);
#7110 = EDGE_CURVE('',#6781,#6311,#7111,.T.);
#7111 = SURFACE_CURVE('',#7112,(#7116,#7123),.PCURVE_S1.);
#7112 = LINE('',#7113,#7114);
#7113 = CARTESIAN_POINT('',(-10.,-100.,-17.));
#7114 = VECTOR('',#7115,1.);
#7115 = DIRECTION('',(0.,1.,0.));
#7116 = PCURVE('',#6360,#7117);
#7117 = DEFINITIONAL_REPRESENTATION('',(#7118),#7122);
#7118 = LINE('',#7119,#7120);
#7119 = CARTESIAN_POINT('',(34.,0.));
#7120 = VECTOR('',#7121,1.);
#7121 = DIRECTION('',(0.,-1.));
#7122 = ( GEOMETRIC_REPRESENTATION_CONTEXT(2) 
PARAMETRIC_REPRESENTATION_CONTEXT() REPRESENTATION_CONTEXT('2D SPACE',''
  ) );
#7123 = PCURVE('',#6327,#7124);
#7124 = DEFINITIONAL_REPRESENTATION('',(#7125),#7129);
#7125 = LINE('',#7126,#7127);
#7126 = CARTESIAN_POINT('',(0.,0.));
#7127 = VECTOR('',#7128,1.);
#7128 = DIRECTION('',(0.,-1.));
#7129 = ( GEOMETRIC_REPRESENTATION_CONTEXT(2) 
PARAMETRIC_REPRESENTATION_CONTEXT() REPRESENTATION_CONTEXT('2D SPACE',''
  ) );
#7130 = ORIENTED_EDGE('',*,*,#6780,.T.);
#7131 = ORIENTED_EDGE('',*,*,#7086,.T.);
#7132 = ORIENTED_EDGE('',*,*,#6345,.T.);
#7133 = ADVANCED_FACE('',(#7134),#6327,.T.);
#7134 = FACE_BOUND('',#7135,.T.);
#7135 = EDGE_LOOP('',(#7136,#7137,#7138,#7139));
#7136 = ORIENTED_EDGE('',*,*,#6801,.F.);
#7137 = ORIENTED_EDGE('',*,*,#7110,.T.);
#7138 = ORIENTED_EDGE('',*,*,#6310,.F.);
#7139 = ORIENTED_EDGE('',*,*,#7140,.F.);
#7140 = EDGE_CURVE('',#6802,#6285,#7141,.T.);
#7141 = SURFACE_CURVE('',#7142,(#7146,#7153),.PCURVE_S1.);
#7142 = LINE('',#7143,#7144);
#7143 = CARTESIAN_POINT('',(-7.,-100.,-20.));
#7144 = VECTOR('',#7145,1.);
#7145 = DIRECTION('',(0.,1.,0.));
#7146 = PCURVE('',#6327,#7147);
#7147 = DEFINITIONAL_REPRESENTATION('',(#7148),#7152);
#7148 = LINE('',#7149,#7150);
#7149 = CARTESIAN_POINT('',(1.570796326795,0.));
#7150 = VECTOR('',#7151,1.);
#7151 = DIRECTION('',(0.,-1.));
#7152 = ( GEOMETRIC_REPRESENTATION_CONTEXT(2) 
PARAMETRIC_REPRESENTATION_CONTEXT() REPRESENTATION_CONTEXT('2D SPACE',''
  ) );
#7153 = PCURVE('',#6299,#7154);
#7154 = DEFINITIONAL_REPRESENTATION('',(#7155),#7159);
#7155 = LINE('',#7156,#7157);
#7156 = CARTESIAN_POINT('',(0.,0.));
#7157 = VECTOR('',#7158,1.);
#7158 = DIRECTION('',(0.,-1.));
#7159 = ( GEOMETRIC_REPRESENTATION_CONTEXT(2) 
PARAMETRIC_REPRESENTATION_CONTEXT() REPRESENTATION_CONTEXT('2D SPACE',''
  ) );
#7160 = ADVANCED_FACE('',(#7161),#6299,.T.);
#7161 = FACE_BOUND('',#7162,.T.);
#7162 = EDGE_LOOP('',(#7163,#7164,#7165,#7166));
#7163 = ORIENTED_EDGE('',*,*,#6701,.F.);
#7164 = ORIENTED_EDGE('',*,*,#6831,.T.);
#7165 = ORIENTED_EDGE('',*,*,#7140,.T.);
#7166 = ORIENTED_EDGE('',*,*,#6284,.T.);
#7167 = ADVANCED_FACE('',(#7168),#6447,.F.);
#7168 = FACE_BOUND('',#7169,.F.);
#7169 = EDGE_LOOP('',(#7170,#7171,#7192,#7193));
#7170 = ORIENTED_EDGE('',*,*,#6853,.F.);
#7171 = ORIENTED_EDGE('',*,*,#7172,.T.);
#7172 = EDGE_CURVE('',#6854,#6431,#7173,.T.);
#7173 = SURFACE_CURVE('',#7174,(#7178,#7185),.PCURVE_S1.);
#7174 = LINE('',#7175,#7176);
#7175 = CARTESIAN_POINT('',(8.5,-100.,17.));
#7176 = VECTOR('',#7177,1.);
#7177 = DIRECTION('',(0.,1.,0.));
#7178 = PCURVE('',#6447,#7179);
#7179 = DEFINITIONAL_REPRESENTATION('',(#7180),#7184);
#7180 = LINE('',#7181,#7182);
#7181 = CARTESIAN_POINT('',(0.,0.));
#7182 = VECTOR('',#7183,1.);
#7183 = DIRECTION('',(0.,-1.));
#7184 = ( GEOMETRIC_REPRESENTATION_CONTEXT(2) 
PARAMETRIC_REPRESENTATION_CONTEXT() REPRESENTATION_CONTEXT('2D SPACE',''
  ) );
#7185 = PCURVE('',#6657,#7186);
#7186 = DEFINITIONAL_REPRESENTATION('',(#7187),#7191);
#7187 = LINE('',#7188,#7189);
#7188 = CARTESIAN_POINT('',(34.,0.));
#7189 = VECTOR('',#7190,1.);
#7190 = DIRECTION('',(0.,-1.));
#7191 = ( GEOMETRIC_REPRESENTATION_CONTEXT(2) 
PARAMETRIC_REPRESENTATION_CONTEXT() REPRESENTATION_CONTEXT('2D SPACE',''
  ) );
#7192 = ORIENTED_EDGE('',*,*,#6428,.F.);
#7193 = ORIENTED_EDGE('',*,*,#7194,.F.);
#7194 = EDGE_CURVE('',#6856,#6429,#7195,.T.);
#7195 = SURFACE_CURVE('',#7196,(#7200,#7207),.PCURVE_S1.);
#7196 = LINE('',#7197,#7198);
#7197 = CARTESIAN_POINT('',(7.,-100.,18.5));
#7198 = VECTOR('',#7199,1.);
#7199 = DIRECTION('',(0.,1.,0.));
#7200 = PCURVE('',#6447,#7201);
#7201 = DEFINITIONAL_REPRESENTATION('',(#7202),#7206);
#7202 = LINE('',#7203,#7204);
#7203 = CARTESIAN_POINT('',(1.570796326795,0.));
#7204 = VECTOR('',#7205,1.);
#7205 = DIRECTION('',(0.,-1.));
#7206 = ( GEOMETRIC_REPRESENTATION_CONTEXT(2) 
PARAMETRIC_REPRESENTATION_CONTEXT() REPRESENTATION_CONTEXT('2D SPACE',''
  ) );
#7207 = PCURVE('',#6479,#7208);
#7208 = DEFINITIONAL_REPRESENTATION('',(#7209),#7213);
#7209 = LINE('',#7210,#7211);
#7210 = CARTESIAN_POINT('',(0.,0.));
#7211 = VECTOR('',#7212,1.);
#7212 = DIRECTION('',(0.,-1.));
#7213 = ( GEOMETRIC_REPRESENTATION_CONTEXT(2) 
PARAMETRIC_REPRESENTATION_CONTEXT() REPRESENTATION_CONTEXT('2D SPACE',''
  ) );
#7214 = ADVANCED_FACE('',(#7215),#6657,.F.);
#7215 = FACE_BOUND('',#7216,.F.);
#7216 = EDGE_LOOP('',(#7217,#7218,#7219,#7240));
#7217 = ORIENTED_EDGE('',*,*,#7172,.F.);
#7218 = ORIENTED_EDGE('',*,*,#6884,.T.);
#7219 = ORIENTED_EDGE('',*,*,#7220,.T.);
#7220 = EDGE_CURVE('',#6885,#6611,#7221,.T.);
#7221 = SURFACE_CURVE('',#7222,(#7226,#7233),.PCURVE_S1.);
#7222 = LINE('',#7223,#7224);
#7223 = CARTESIAN_POINT('',(8.5,-100.,-17.));
#7224 = VECTOR('',#7225,1.);
#7225 = DIRECTION('',(0.,1.,0.));
#7226 = PCURVE('',#6657,#7227);
#7227 = DEFINITIONAL_REPRESENTATION('',(#7228),#7232);
#7228 = LINE('',#7229,#7230);
#7229 = CARTESIAN_POINT('',(0.,0.));
#7230 = VECTOR('',#7231,1.);
#7231 = DIRECTION('',(0.,-1.));
#7232 = ( GEOMETRIC_REPRESENTATION_CONTEXT(2) 
PARAMETRIC_REPRESENTATION_CONTEXT() REPRESENTATION_CONTEXT('2D SPACE',''
  ) );
#7233 = PCURVE('',#6627,#7234);
#7234 = DEFINITIONAL_REPRESENTATION('',(#7235),#7239);
#7235 = LINE('',#7236,#7237);
#7236 = CARTESIAN_POINT('',(1.570796326795,0.));
#7237 = VECTOR('',#7238,1.);
#7238 = DIRECTION('',(0.,-1.));
#7239 = ( GEOMETRIC_REPRESENTATION_CONTEXT(2) 
PARAMETRIC_REPRESENTATION_CONTEXT() REPRESENTATION_CONTEXT('2D SPACE',''
  ) );
#7240 = ORIENTED_EDGE('',*,*,#6644,.T.);
#7241 = ADVANCED_FACE('',(#7242),#6627,.F.);
#7242 = FACE_BOUND('',#7243,.F.);
#7243 = EDGE_LOOP('',(#7244,#7245,#7266,#7267));
#7244 = ORIENTED_EDGE('',*,*,#6905,.F.);
#7245 = ORIENTED_EDGE('',*,*,#7246,.T.);
#7246 = EDGE_CURVE('',#6906,#6585,#7247,.T.);
#7247 = SURFACE_CURVE('',#7248,(#7252,#7259),.PCURVE_S1.);
#7248 = LINE('',#7249,#7250);
#7249 = CARTESIAN_POINT('',(7.,-100.,-18.5));
#7250 = VECTOR('',#7251,1.);
#7251 = DIRECTION('',(0.,1.,0.));
#7252 = PCURVE('',#6627,#7253);
#7253 = DEFINITIONAL_REPRESENTATION('',(#7254),#7258);
#7254 = LINE('',#7255,#7256);
#7255 = CARTESIAN_POINT('',(0.,0.));
#7256 = VECTOR('',#7257,1.);
#7257 = DIRECTION('',(0.,-1.));
#7258 = ( GEOMETRIC_REPRESENTATION_CONTEXT(2) 
PARAMETRIC_REPRESENTATION_CONTEXT() REPRESENTATION_CONTEXT('2D SPACE',''
  ) );
#7259 = PCURVE('',#6599,#7260);
#7260 = DEFINITIONAL_REPRESENTATION('',(#7261),#7265);
#7261 = LINE('',#7262,#7263);
#7262 = CARTESIAN_POINT('',(14.,0.));
#7263 = VECTOR('',#7264,1.);
#7264 = DIRECTION('',(0.,-1.));
#7265 = ( GEOMETRIC_REPRESENTATION_CONTEXT(2) 
PARAMETRIC_REPRESENTATION_CONTEXT() REPRESENTATION_CONTEXT('2D SPACE',''
  ) );
#7266 = ORIENTED_EDGE('',*,*,#6610,.F.);
#7267 = ORIENTED_EDGE('',*,*,#7220,.F.);
#7268 = ADVANCED_FACE('',(#7269),#6599,.F.);
#7269 = FACE_BOUND('',#7270,.F.);
#7270 = EDGE_LOOP('',(#7271,#7272,#7273,#7294));
#7271 = ORIENTED_EDGE('',*,*,#7246,.F.);
#7272 = ORIENTED_EDGE('',*,*,#6934,.T.);
#7273 = ORIENTED_EDGE('',*,*,#7274,.T.);
#7274 = EDGE_CURVE('',#6935,#6551,#7275,.T.);
#7275 = SURFACE_CURVE('',#7276,(#7280,#7287),.PCURVE_S1.);
#7276 = LINE('',#7277,#7278);
#7277 = CARTESIAN_POINT('',(-7.,-100.,-18.5));
#7278 = VECTOR('',#7279,1.);
#7279 = DIRECTION('',(0.,1.,0.));
#7280 = PCURVE('',#6599,#7281);
#7281 = DEFINITIONAL_REPRESENTATION('',(#7282),#7286);
#7282 = LINE('',#7283,#7284);
#7283 = CARTESIAN_POINT('',(0.,0.));
#7284 = VECTOR('',#7285,1.);
#7285 = DIRECTION('',(0.,-1.));
#7286 = ( GEOMETRIC_REPRESENTATION_CONTEXT(2) 
PARAMETRIC_REPRESENTATION_CONTEXT() REPRESENTATION_CONTEXT('2D SPACE',''
  ) );
#7287 = PCURVE('',#6567,#7288);
#7288 = DEFINITIONAL_REPRESENTATION('',(#7289),#7293);
#7289 = LINE('',#7290,#7291);
#7290 = CARTESIAN_POINT('',(1.570796326795,0.));
#7291 = VECTOR('',#7292,1.);
#7292 = DIRECTION('',(0.,-1.));
#7293 = ( GEOMETRIC_REPRESENTATION_CONTEXT(2) 
PARAMETRIC_REPRESENTATION_CONTEXT() REPRESENTATION_CONTEXT('2D SPACE',''
  ) );
#7294 = ORIENTED_EDGE('',*,*,#6584,.T.);
#7295 = ADVANCED_FACE('',(#7296),#6567,.F.);
#7296 = FACE_BOUND('',#7297,.F.);
#7297 = EDGE_LOOP('',(#7298,#7299,#7320,#7321));
#7298 = ORIENTED_EDGE('',*,*,#6955,.F.);
#7299 = ORIENTED_EDGE('',*,*,#7300,.T.);
#7300 = EDGE_CURVE('',#6956,#6525,#7301,.T.);
#7301 = SURFACE_CURVE('',#7302,(#7306,#7313),.PCURVE_S1.);
#7302 = LINE('',#7303,#7304);
#7303 = CARTESIAN_POINT('',(-8.5,-100.,-17.));
#7304 = VECTOR('',#7305,1.);
#7305 = DIRECTION('',(0.,1.,0.));
#7306 = PCURVE('',#6567,#7307);
#7307 = DEFINITIONAL_REPRESENTATION('',(#7308),#7312);
#7308 = LINE('',#7309,#7310);
#7309 = CARTESIAN_POINT('',(0.,0.));
#7310 = VECTOR('',#7311,1.);
#7311 = DIRECTION('',(0.,-1.));
#7312 = ( GEOMETRIC_REPRESENTATION_CONTEXT(2) 
PARAMETRIC_REPRESENTATION_CONTEXT() REPRESENTATION_CONTEXT('2D SPACE',''
  ) );
#7313 = PCURVE('',#6539,#7314);
#7314 = DEFINITIONAL_REPRESENTATION('',(#7315),#7319);
#7315 = LINE('',#7316,#7317);
#7316 = CARTESIAN_POINT('',(34.,0.));
#7317 = VECTOR('',#7318,1.);
#7318 = DIRECTION('',(0.,-1.));
#7319 = ( GEOMETRIC_REPRESENTATION_CONTEXT(2) 
PARAMETRIC_REPRESENTATION_CONTEXT() REPRESENTATION_CONTEXT('2D SPACE',''
  ) );
#7320 = ORIENTED_EDGE('',*,*,#6550,.F.);
#7321 = ORIENTED_EDGE('',*,*,#7274,.F.);
#7322 = ADVANCED_FACE('',(#7323),#6539,.F.);
#7323 = FACE_BOUND('',#7324,.F.);
#7324 = EDGE_LOOP('',(#7325,#7326,#7327,#7348));
#7325 = ORIENTED_EDGE('',*,*,#7300,.F.);
#7326 = ORIENTED_EDGE('',*,*,#6984,.T.);
#7327 = ORIENTED_EDGE('',*,*,#7328,.T.);
#7328 = EDGE_CURVE('',#6985,#6491,#7329,.T.);
#7329 = SURFACE_CURVE('',#7330,(#7334,#7341),.PCURVE_S1.);
#7330 = LINE('',#7331,#7332);
#7331 = CARTESIAN_POINT('',(-8.5,-100.,17.));
#7332 = VECTOR('',#7333,1.);
#7333 = DIRECTION('',(0.,1.,0.));
#7334 = PCURVE('',#6539,#7335);
#7335 = DEFINITIONAL_REPRESENTATION('',(#7336),#7340);
#7336 = LINE('',#7337,#7338);
#7337 = CARTESIAN_POINT('',(0.,-0.));
#7338 = VECTOR('',#7339,1.);
#7339 = DIRECTION('',(0.,-1.));
#7340 = ( GEOMETRIC_REPRESENTATION_CONTEXT(2) 
PARAMETRIC_REPRESENTATION_CONTEXT() REPRESENTATION_CONTEXT('2D SPACE',''
  ) );
#7341 = PCURVE('',#6507,#7342);
#7342 = DEFINITIONAL_REPRESENTATION('',(#7343),#7347);
#7343 = LINE('',#7344,#7345);
#7344 = CARTESIAN_POINT('',(1.570796326795,0.));
#7345 = VECTOR('',#7346,1.);
#7346 = DIRECTION('',(0.,-1.));
#7347 = ( GEOMETRIC_REPRESENTATION_CONTEXT(2) 
PARAMETRIC_REPRESENTATION_CONTEXT() REPRESENTATION_CONTEXT('2D SPACE',''
  ) );
#7348 = ORIENTED_EDGE('',*,*,#6524,.T.);
#7349 = ADVANCED_FACE('',(#7350),#6507,.F.);
#7350 = FACE_BOUND('',#7351,.F.);
#7351 = EDGE_LOOP('',(#7352,#7353,#7374,#7375));
#7352 = ORIENTED_EDGE('',*,*,#7005,.F.);
#7353 = ORIENTED_EDGE('',*,*,#7354,.T.);
#7354 = EDGE_CURVE('',#7006,#6465,#7355,.T.);
#7355 = SURFACE_CURVE('',#7356,(#7360,#7367),.PCURVE_S1.);
#7356 = LINE('',#7357,#7358);
#7357 = CARTESIAN_POINT('',(-7.,-100.,18.5));
#7358 = VECTOR('',#7359,1.);
#7359 = DIRECTION('',(0.,1.,0.));
#7360 = PCURVE('',#6507,#7361);
#7361 = DEFINITIONAL_REPRESENTATION('',(#7362),#7366);
#7362 = LINE('',#7363,#7364);
#7363 = CARTESIAN_POINT('',(0.,0.));
#7364 = VECTOR('',#7365,1.);
#7365 = DIRECTION('',(0.,-1.));
#7366 = ( GEOMETRIC_REPRESENTATION_CONTEXT(2) 
PARAMETRIC_REPRESENTATION_CONTEXT() REPRESENTATION_CONTEXT('2D SPACE',''
  ) );
#7367 = PCURVE('',#6479,#7368);
#7368 = DEFINITIONAL_REPRESENTATION('',(#7369),#7373);
#7369 = LINE('',#7370,#7371);
#7370 = CARTESIAN_POINT('',(14.,0.));
#7371 = VECTOR('',#7372,1.);
#7372 = DIRECTION('',(0.,-1.));
#7373 = ( GEOMETRIC_REPRESENTATION_CONTEXT(2) 
PARAMETRIC_REPRESENTATION_CONTEXT() REPRESENTATION_CONTEXT('2D SPACE',''
  ) );
#7374 = ORIENTED_EDGE('',*,*,#6490,.F.);
#7375 = ORIENTED_EDGE('',*,*,#7328,.F.);
#7376 = ADVANCED_FACE('',(#7377),#6479,.F.);
#7377 = FACE_BOUND('',#7378,.F.);
#7378 = EDGE_LOOP('',(#7379,#7380,#7381,#7382));
#7379 = ORIENTED_EDGE('',*,*,#7354,.F.);
#7380 = ORIENTED_EDGE('',*,*,#7034,.T.);
#7381 = ORIENTED_EDGE('',*,*,#7194,.T.);
#7382 = ORIENTED_EDGE('',*,*,#6464,.T.);
#7383 = ( GEOMETRIC_REPRESENTATION_CONTEXT(3) 
GLOBAL_UNCERTAINTY_ASSIGNED_CONTEXT((#7387)) 
GLOBAL_UNIT_ASSIGNED_CONTEXT((#7384,#7385,#7386)) REPRESENTATION_CONTEXT
('Context #1','3D Context with UNIT and UNCERTAINTY') );
#7384 = ( LENGTH_UNIT() NAMED_UNIT(*) SI_UNIT(.MILLI.,.METRE.) );
#7385 = ( NAMED_UNIT(*) PLANE_ANGLE_UNIT() SI_UNIT($,.RADIAN.) );
#7386 = ( NAMED_UNIT(*) SI_UNIT($,.STERADIAN.) SOLID_ANGLE_UNIT() );
#7387 = UNCERTAINTY_MEASURE_WITH_UNIT(LENGTH_MEASURE(2.E-07),#7384,
  'distance_accuracy_value','confusion accuracy');
#7388 = CONTEXT_DEPENDENT_SHAPE_REPRESENTATION(#7389,#7391);
#7389 = ( REPRESENTATION_RELATIONSHIP('','',#6040,#10) 
REPRESENTATION_RELATIONSHIP_WITH_TRANSFORMATION(#7390) 
SHAPE_REPRESENTATION_RELATIONSHIP() );
#7390 = ITEM_DEFINED_TRANSFORMATION('','',#11,#31);
#7391 = PRODUCT_DEFINITION_SHAPE('Placement','Placement of an item',
  #7392);
#7392 = NEXT_ASSEMBLY_USAGE_OCCURRENCE('21','\X2\0414043504420430043B044C\X0\ 5','',#5,#6035
  ,$);
#7393 = PRODUCT_RELATED_PRODUCT_CATEGORY('part',$,(#6037));
#7394 = SHAPE_DEFINITION_REPRESENTATION(#7395,#7401);
#7395 = PRODUCT_DEFINITION_SHAPE('','',#7396);
#7396 = PRODUCT_DEFINITION('design','',#7397,#7400);
#7397 = PRODUCT_DEFINITION_FORMATION('','',#7398);
#7398 = PRODUCT('\X2\0414043504420430043B044C\X0\ 6 40\X2\0445\X0\20\X2\0445\X0\1,5 L=965 (4 \X2\044804420443043A0438\X0\)',
  '\X2\0414043504420430043B044C\X0\ 6 40\X2\0445\X0\20\X2\0445\X0\1,5 L=965 (4 \X2\044804420443043A0438\X0\)','',(#7399));
#7399 = PRODUCT_CONTEXT('',#2,'mechanical');
#7400 = PRODUCT_DEFINITION_CONTEXT('part definition',#2,'design');
#7401 = ADVANCED_BREP_SHAPE_REPRESENTATION('',(#11,#7402),#8688);
#7402 = MANIFOLD_SOLID_BREP('',#7403);
#7403 = CLOSED_SHELL('',(#7404,#7520,#7602,#8010,#8060,#8357,#8384,#8411
    ,#8438,#8465,#8472,#8519,#8546,#8573,#8600,#8627,#8654,#8681));
#7404 = ADVANCED_FACE('',(#7405),#7419,.T.);
#7405 = FACE_BOUND('',#7406,.T.);
#7406 = EDGE_LOOP('',(#7407,#7442,#7468,#7496));
#7407 = ORIENTED_EDGE('',*,*,#7408,.F.);
#7408 = EDGE_CURVE('',#7409,#7411,#7413,.T.);
#7409 = VERTEX_POINT('',#7410);
#7410 = CARTESIAN_POINT('',(10.,0.,17.));
#7411 = VERTEX_POINT('',#7412);
#7412 = CARTESIAN_POINT('',(10.,965.,17.));
#7413 = SURFACE_CURVE('',#7414,(#7418,#7430),.PCURVE_S1.);
#7414 = LINE('',#7415,#7416);
#7415 = CARTESIAN_POINT('',(10.,-100.,17.));
#7416 = VECTOR('',#7417,1.);
#7417 = DIRECTION('',(0.,1.,0.));
#7418 = PCURVE('',#7419,#7424);
#7419 = PLANE('',#7420);
#7420 = AXIS2_PLACEMENT_3D('',#7421,#7422,#7423);
#7421 = CARTESIAN_POINT('',(10.,-100.,-17.));
#7422 = DIRECTION('',(1.,0.,0.));
#7423 = DIRECTION('',(0.,0.,1.));
#7424 = DEFINITIONAL_REPRESENTATION('',(#7425),#7429);
#7425 = LINE('',#7426,#7427);
#7426 = CARTESIAN_POINT('',(34.,0.));
#7427 = VECTOR('',#7428,1.);
#7428 = DIRECTION('',(0.,-1.));
#7429 = ( GEOMETRIC_REPRESENTATION_CONTEXT(2) 
PARAMETRIC_REPRESENTATION_CONTEXT() REPRESENTATION_CONTEXT('2D SPACE',''
  ) );
#7430 = PCURVE('',#7431,#7436);
#7431 = CYLINDRICAL_SURFACE('',#7432,3.);
#7432 = AXIS2_PLACEMENT_3D('',#7433,#7434,#7435);
#7433 = CARTESIAN_POINT('',(7.,-100.,17.));
#7434 = DIRECTION('',(0.,-1.,0.));
#7435 = DIRECTION('',(1.,0.,0.));
#7436 = DEFINITIONAL_REPRESENTATION('',(#7437),#7441);
#7437 = LINE('',#7438,#7439);
#7438 = CARTESIAN_POINT('',(0.,0.));
#7439 = VECTOR('',#7440,1.);
#7440 = DIRECTION('',(0.,-1.));
#7441 = ( GEOMETRIC_REPRESENTATION_CONTEXT(2) 
PARAMETRIC_REPRESENTATION_CONTEXT() REPRESENTATION_CONTEXT('2D SPACE',''
  ) );
#7442 = ORIENTED_EDGE('',*,*,#7443,.T.);
#7443 = EDGE_CURVE('',#7409,#7444,#7446,.T.);
#7444 = VERTEX_POINT('',#7445);
#7445 = CARTESIAN_POINT('',(10.,0.,-17.));
#7446 = SURFACE_CURVE('',#7447,(#7451,#7457),.PCURVE_S1.);
#7447 = LINE('',#7448,#7449);
#7448 = CARTESIAN_POINT('',(10.,0.,4.9915E+03));
#7449 = VECTOR('',#7450,1.);
#7450 = DIRECTION('',(0.,0.,-1.));
#7451 = PCURVE('',#7419,#7452);
#7452 = DEFINITIONAL_REPRESENTATION('',(#7453),#7456);
#7453 = B_SPLINE_CURVE_WITH_KNOTS('',1,(#7454,#7455),.UNSPECIFIED.,.F.,
  .F.,(2,2),(4.9745E+03,5.0085E+03),.PIECEWISE_BEZIER_KNOTS.);
#7454 = CARTESIAN_POINT('',(34.,-100.));
#7455 = CARTESIAN_POINT('',(0.,-100.));
#7456 = ( GEOMETRIC_REPRESENTATION_CONTEXT(2) 
PARAMETRIC_REPRESENTATION_CONTEXT() REPRESENTATION_CONTEXT('2D SPACE',''
  ) );
#7457 = PCURVE('',#7458,#7463);
#7458 = PLANE('',#7459);
#7459 = AXIS2_PLACEMENT_3D('',#7460,#7461,#7462);
#7460 = CARTESIAN_POINT('',(-9.99E+03,0.,1.E+04));
#7461 = DIRECTION('',(0.,-1.,0.));
#7462 = DIRECTION('',(0.,0.,-1.));
#7463 = DEFINITIONAL_REPRESENTATION('',(#7464),#7467);
#7464 = B_SPLINE_CURVE_WITH_KNOTS('',1,(#7465,#7466),.UNSPECIFIED.,.F.,
  .F.,(2,2),(4.9745E+03,5.0085E+03),.PIECEWISE_BEZIER_KNOTS.);
#7465 = CARTESIAN_POINT('',(9.983E+03,1.E+04));
#7466 = CARTESIAN_POINT('',(1.0017E+04,1.E+04));
#7467 = ( GEOMETRIC_REPRESENTATION_CONTEXT(2) 
PARAMETRIC_REPRESENTATION_CONTEXT() REPRESENTATION_CONTEXT('2D SPACE',''
  ) );
#7468 = ORIENTED_EDGE('',*,*,#7469,.T.);
#7469 = EDGE_CURVE('',#7444,#7470,#7472,.T.);
#7470 = VERTEX_POINT('',#7471);
#7471 = CARTESIAN_POINT('',(10.,965.,-17.));
#7472 = SURFACE_CURVE('',#7473,(#7477,#7484),.PCURVE_S1.);
#7473 = LINE('',#7474,#7475);
#7474 = CARTESIAN_POINT('',(10.,-100.,-17.));
#7475 = VECTOR('',#7476,1.);
#7476 = DIRECTION('',(0.,1.,0.));
#7477 = PCURVE('',#7419,#7478);
#7478 = DEFINITIONAL_REPRESENTATION('',(#7479),#7483);
#7479 = LINE('',#7480,#7481);
#7480 = CARTESIAN_POINT('',(0.,0.));
#7481 = VECTOR('',#7482,1.);
#7482 = DIRECTION('',(0.,-1.));
#7483 = ( GEOMETRIC_REPRESENTATION_CONTEXT(2) 
PARAMETRIC_REPRESENTATION_CONTEXT() REPRESENTATION_CONTEXT('2D SPACE',''
  ) );
#7484 = PCURVE('',#7485,#7490);
#7485 = CYLINDRICAL_SURFACE('',#7486,3.);
#7486 = AXIS2_PLACEMENT_3D('',#7487,#7488,#7489);
#7487 = CARTESIAN_POINT('',(7.,-100.,-17.));
#7488 = DIRECTION('',(0.,-1.,0.));
#7489 = DIRECTION('',(5.921189464668E-16,0.,-1.));
#7490 = DEFINITIONAL_REPRESENTATION('',(#7491),#7495);
#7491 = LINE('',#7492,#7493);
#7492 = CARTESIAN_POINT('',(1.570796326795,0.));
#7493 = VECTOR('',#7494,1.);
#7494 = DIRECTION('',(0.,-1.));
#7495 = ( GEOMETRIC_REPRESENTATION_CONTEXT(2) 
PARAMETRIC_REPRESENTATION_CONTEXT() REPRESENTATION_CONTEXT('2D SPACE',''
  ) );
#7496 = ORIENTED_EDGE('',*,*,#7497,.T.);
#7497 = EDGE_CURVE('',#7470,#7411,#7498,.T.);
#7498 = SURFACE_CURVE('',#7499,(#7503,#7509),.PCURVE_S1.);
#7499 = LINE('',#7500,#7501);
#7500 = CARTESIAN_POINT('',(10.,965.,-5.0085E+03));
#7501 = VECTOR('',#7502,1.);
#7502 = DIRECTION('',(0.,0.,1.));
#7503 = PCURVE('',#7419,#7504);
#7504 = DEFINITIONAL_REPRESENTATION('',(#7505),#7508);
#7505 = B_SPLINE_CURVE_WITH_KNOTS('',1,(#7506,#7507),.UNSPECIFIED.,.F.,
  .F.,(2,2),(4.9915E+03,5.0255E+03),.PIECEWISE_BEZIER_KNOTS.);
#7506 = CARTESIAN_POINT('',(0.,-1.065E+03));
#7507 = CARTESIAN_POINT('',(34.,-1.065E+03));
#7508 = ( GEOMETRIC_REPRESENTATION_CONTEXT(2) 
PARAMETRIC_REPRESENTATION_CONTEXT() REPRESENTATION_CONTEXT('2D SPACE',''
  ) );
#7509 = PCURVE('',#7510,#7515);
#7510 = PLANE('',#7511);
#7511 = AXIS2_PLACEMENT_3D('',#7512,#7513,#7514);
#7512 = CARTESIAN_POINT('',(-9.99E+03,965.,-1.E+04));
#7513 = DIRECTION('',(0.,1.,0.));
#7514 = DIRECTION('',(0.,0.,1.));
#7515 = DEFINITIONAL_REPRESENTATION('',(#7516),#7519);
#7516 = B_SPLINE_CURVE_WITH_KNOTS('',1,(#7517,#7518),.UNSPECIFIED.,.F.,
  .F.,(2,2),(4.9915E+03,5.0255E+03),.PIECEWISE_BEZIER_KNOTS.);
#7517 = CARTESIAN_POINT('',(9.983E+03,1.E+04));
#7518 = CARTESIAN_POINT('',(1.0017E+04,1.E+04));
#7519 = ( GEOMETRIC_REPRESENTATION_CONTEXT(2) 
PARAMETRIC_REPRESENTATION_CONTEXT() REPRESENTATION_CONTEXT('2D SPACE',''
  ) );
#7520 = ADVANCED_FACE('',(#7521),#7431,.T.);
#7521 = FACE_BOUND('',#7522,.T.);
#7522 = EDGE_LOOP('',(#7523,#7547,#7548,#7576));
#7523 = ORIENTED_EDGE('',*,*,#7524,.F.);
#7524 = EDGE_CURVE('',#7409,#7525,#7527,.T.);
#7525 = VERTEX_POINT('',#7526);
#7526 = CARTESIAN_POINT('',(7.,0.,20.));
#7527 = SURFACE_CURVE('',#7528,(#7533,#7540),.PCURVE_S1.);
#7528 = CIRCLE('',#7529,3.);
#7529 = AXIS2_PLACEMENT_3D('',#7530,#7531,#7532);
#7530 = CARTESIAN_POINT('',(7.,0.,17.));
#7531 = DIRECTION('',(0.,-1.,0.));
#7532 = DIRECTION('',(1.,0.,0.));
#7533 = PCURVE('',#7431,#7534);
#7534 = DEFINITIONAL_REPRESENTATION('',(#7535),#7539);
#7535 = LINE('',#7536,#7537);
#7536 = CARTESIAN_POINT('',(0.,-100.));
#7537 = VECTOR('',#7538,1.);
#7538 = DIRECTION('',(1.,0.));
#7539 = ( GEOMETRIC_REPRESENTATION_CONTEXT(2) 
PARAMETRIC_REPRESENTATION_CONTEXT() REPRESENTATION_CONTEXT('2D SPACE',''
  ) );
#7540 = PCURVE('',#7458,#7541);
#7541 = DEFINITIONAL_REPRESENTATION('',(#7542),#7546);
#7542 = CIRCLE('',#7543,3.);
#7543 = AXIS2_PLACEMENT_2D('',#7544,#7545);
#7544 = CARTESIAN_POINT('',(9.983E+03,9.997E+03));
#7545 = DIRECTION('',(0.,1.));
#7546 = ( GEOMETRIC_REPRESENTATION_CONTEXT(2) 
PARAMETRIC_REPRESENTATION_CONTEXT() REPRESENTATION_CONTEXT('2D SPACE',''
  ) );
#7547 = ORIENTED_EDGE('',*,*,#7408,.T.);
#7548 = ORIENTED_EDGE('',*,*,#7549,.T.);
#7549 = EDGE_CURVE('',#7411,#7550,#7552,.T.);
#7550 = VERTEX_POINT('',#7551);
#7551 = CARTESIAN_POINT('',(7.,965.,20.));
#7552 = SURFACE_CURVE('',#7553,(#7558,#7565),.PCURVE_S1.);
#7553 = CIRCLE('',#7554,3.);
#7554 = AXIS2_PLACEMENT_3D('',#7555,#7556,#7557);
#7555 = CARTESIAN_POINT('',(7.,965.,17.));
#7556 = DIRECTION('',(0.,-1.,0.));
#7557 = DIRECTION('',(1.,0.,0.));
#7558 = PCURVE('',#7431,#7559);
#7559 = DEFINITIONAL_REPRESENTATION('',(#7560),#7564);
#7560 = LINE('',#7561,#7562);
#7561 = CARTESIAN_POINT('',(0.,-1.065E+03));
#7562 = VECTOR('',#7563,1.);
#7563 = DIRECTION('',(1.,0.));
#7564 = ( GEOMETRIC_REPRESENTATION_CONTEXT(2) 
PARAMETRIC_REPRESENTATION_CONTEXT() REPRESENTATION_CONTEXT('2D SPACE',''
  ) );
#7565 = PCURVE('',#7510,#7566);
#7566 = DEFINITIONAL_REPRESENTATION('',(#7567),#7575);
#7567 = ( BOUNDED_CURVE() B_SPLINE_CURVE(2,(#7568,#7569,#7570,#7571,
#7572,#7573,#7574),.UNSPECIFIED.,.T.,.F.) B_SPLINE_CURVE_WITH_KNOTS((1,2
    ,2,2,2,1),(-2.094395102393,0.,2.094395102393,4.188790204786,
6.28318530718,8.377580409573),.UNSPECIFIED.) CURVE() 
GEOMETRIC_REPRESENTATION_ITEM() RATIONAL_B_SPLINE_CURVE((1.,0.5,1.,0.5,
1.,0.5,1.)) REPRESENTATION_ITEM('') );
#7568 = CARTESIAN_POINT('',(1.0017E+04,1.E+04));
#7569 = CARTESIAN_POINT('',(1.002219615242E+04,1.E+04));
#7570 = CARTESIAN_POINT('',(1.001959807621E+04,9.9955E+03));
#7571 = CARTESIAN_POINT('',(1.0017E+04,9.991E+03));
#7572 = CARTESIAN_POINT('',(1.001440192379E+04,9.9955E+03));
#7573 = CARTESIAN_POINT('',(1.001180384758E+04,1.E+04));
#7574 = CARTESIAN_POINT('',(1.0017E+04,1.E+04));
#7575 = ( GEOMETRIC_REPRESENTATION_CONTEXT(2) 
PARAMETRIC_REPRESENTATION_CONTEXT() REPRESENTATION_CONTEXT('2D SPACE',''
  ) );
#7576 = ORIENTED_EDGE('',*,*,#7577,.F.);
#7577 = EDGE_CURVE('',#7525,#7550,#7578,.T.);
#7578 = SURFACE_CURVE('',#7579,(#7583,#7590),.PCURVE_S1.);
#7579 = LINE('',#7580,#7581);
#7580 = CARTESIAN_POINT('',(7.,-100.,20.));
#7581 = VECTOR('',#7582,1.);
#7582 = DIRECTION('',(0.,1.,0.));
#7583 = PCURVE('',#7431,#7584);
#7584 = DEFINITIONAL_REPRESENTATION('',(#7585),#7589);
#7585 = LINE('',#7586,#7587);
#7586 = CARTESIAN_POINT('',(1.570796326795,0.));
#7587 = VECTOR('',#7588,1.);
#7588 = DIRECTION('',(0.,-1.));
#7589 = ( GEOMETRIC_REPRESENTATION_CONTEXT(2) 
PARAMETRIC_REPRESENTATION_CONTEXT() REPRESENTATION_CONTEXT('2D SPACE',''
  ) );
#7590 = PCURVE('',#7591,#7596);
#7591 = PLANE('',#7592);
#7592 = AXIS2_PLACEMENT_3D('',#7593,#7594,#7595);
#7593 = CARTESIAN_POINT('',(7.,-100.,20.));
#7594 = DIRECTION('',(0.,-0.,1.));
#7595 = DIRECTION('',(-1.,0.,0.));
#7596 = DEFINITIONAL_REPRESENTATION('',(#7597),#7601);
#7597 = LINE('',#7598,#7599);
#7598 = CARTESIAN_POINT('',(0.,0.));
#7599 = VECTOR('',#7600,1.);
#7600 = DIRECTION('',(0.,-1.));
#7601 = ( GEOMETRIC_REPRESENTATION_CONTEXT(2) 
PARAMETRIC_REPRESENTATION_CONTEXT() REPRESENTATION_CONTEXT('2D SPACE',''
  ) );
#7602 = ADVANCED_FACE('',(#7603,#7772),#7510,.T.);
#7603 = FACE_BOUND('',#7604,.T.);
#7604 = EDGE_LOOP('',(#7605,#7606,#7634,#7660,#7693,#7719,#7752,#7771));
#7605 = ORIENTED_EDGE('',*,*,#7497,.F.);
#7606 = ORIENTED_EDGE('',*,*,#7607,.F.);
#7607 = EDGE_CURVE('',#7608,#7470,#7610,.T.);
#7608 = VERTEX_POINT('',#7609);
#7609 = CARTESIAN_POINT('',(7.,965.,-20.));
#7610 = SURFACE_CURVE('',#7611,(#7616,#7627),.PCURVE_S1.);
#7611 = CIRCLE('',#7612,3.);
#7612 = AXIS2_PLACEMENT_3D('',#7613,#7614,#7615);
#7613 = CARTESIAN_POINT('',(7.,965.,-17.));
#7614 = DIRECTION('',(0.,-1.,0.));
#7615 = DIRECTION('',(5.921189464668E-16,0.,-1.));
#7616 = PCURVE('',#7510,#7617);
#7617 = DEFINITIONAL_REPRESENTATION('',(#7618),#7626);
#7618 = ( BOUNDED_CURVE() B_SPLINE_CURVE(2,(#7619,#7620,#7621,#7622,
#7623,#7624,#7625),.UNSPECIFIED.,.T.,.F.) B_SPLINE_CURVE_WITH_KNOTS((1,2
    ,2,2,2,1),(-2.094395102393,0.,2.094395102393,4.188790204786,
6.28318530718,8.377580409573),.UNSPECIFIED.) CURVE() 
GEOMETRIC_REPRESENTATION_ITEM() RATIONAL_B_SPLINE_CURVE((1.,0.5,1.,0.5,
1.,0.5,1.)) REPRESENTATION_ITEM('') );
#7619 = CARTESIAN_POINT('',(9.98E+03,9.997E+03));
#7620 = CARTESIAN_POINT('',(9.98E+03,1.000219615242E+04));
#7621 = CARTESIAN_POINT('',(9.9845E+03,9.999598076211E+03));
#7622 = CARTESIAN_POINT('',(9.989E+03,9.997E+03));
#7623 = CARTESIAN_POINT('',(9.9845E+03,9.994401923789E+03));
#7624 = CARTESIAN_POINT('',(9.98E+03,9.991803847577E+03));
#7625 = CARTESIAN_POINT('',(9.98E+03,9.997E+03));
#7626 = ( GEOMETRIC_REPRESENTATION_CONTEXT(2) 
PARAMETRIC_REPRESENTATION_CONTEXT() REPRESENTATION_CONTEXT('2D SPACE',''
  ) );
#7627 = PCURVE('',#7485,#7628);
#7628 = DEFINITIONAL_REPRESENTATION('',(#7629),#7633);
#7629 = LINE('',#7630,#7631);
#7630 = CARTESIAN_POINT('',(0.,-1.065E+03));
#7631 = VECTOR('',#7632,1.);
#7632 = DIRECTION('',(1.,0.));
#7633 = ( GEOMETRIC_REPRESENTATION_CONTEXT(2) 
PARAMETRIC_REPRESENTATION_CONTEXT() REPRESENTATION_CONTEXT('2D SPACE',''
  ) );
#7634 = ORIENTED_EDGE('',*,*,#7635,.F.);
#7635 = EDGE_CURVE('',#7636,#7608,#7638,.T.);
#7636 = VERTEX_POINT('',#7637);
#7637 = CARTESIAN_POINT('',(-7.,965.,-20.));
#7638 = SURFACE_CURVE('',#7639,(#7643,#7649),.PCURVE_S1.);
#7639 = LINE('',#7640,#7641);
#7640 = CARTESIAN_POINT('',(-4.9985E+03,965.,-20.));
#7641 = VECTOR('',#7642,1.);
#7642 = DIRECTION('',(1.,-0.,0.));
#7643 = PCURVE('',#7510,#7644);
#7644 = DEFINITIONAL_REPRESENTATION('',(#7645),#7648);
#7645 = B_SPLINE_CURVE_WITH_KNOTS('',1,(#7646,#7647),.UNSPECIFIED.,.F.,
  .F.,(2,2),(4.9915E+03,5.0055E+03),.PIECEWISE_BEZIER_KNOTS.);
#7646 = CARTESIAN_POINT('',(9.98E+03,9.983E+03));
#7647 = CARTESIAN_POINT('',(9.98E+03,9.997E+03));
#7648 = ( GEOMETRIC_REPRESENTATION_CONTEXT(2) 
PARAMETRIC_REPRESENTATION_CONTEXT() REPRESENTATION_CONTEXT('2D SPACE',''
  ) );
#7649 = PCURVE('',#7650,#7655);
#7650 = PLANE('',#7651);
#7651 = AXIS2_PLACEMENT_3D('',#7652,#7653,#7654);
#7652 = CARTESIAN_POINT('',(-7.,-100.,-20.));
#7653 = DIRECTION('',(0.,0.,-1.));
#7654 = DIRECTION('',(1.,0.,0.));
#7655 = DEFINITIONAL_REPRESENTATION('',(#7656),#7659);
#7656 = B_SPLINE_CURVE_WITH_KNOTS('',1,(#7657,#7658),.UNSPECIFIED.,.F.,
  .F.,(2,2),(4.9915E+03,5.0055E+03),.PIECEWISE_BEZIER_KNOTS.);
#7657 = CARTESIAN_POINT('',(0.,-1.065E+03));
#7658 = CARTESIAN_POINT('',(14.,-1.065E+03));
#7659 = ( GEOMETRIC_REPRESENTATION_CONTEXT(2) 
PARAMETRIC_REPRESENTATION_CONTEXT() REPRESENTATION_CONTEXT('2D SPACE',''
  ) );
#7660 = ORIENTED_EDGE('',*,*,#7661,.F.);
#7661 = EDGE_CURVE('',#7662,#7636,#7664,.T.);
#7662 = VERTEX_POINT('',#7663);
#7663 = CARTESIAN_POINT('',(-10.,965.,-17.));
#7664 = SURFACE_CURVE('',#7665,(#7670,#7681),.PCURVE_S1.);
#7665 = CIRCLE('',#7666,3.);
#7666 = AXIS2_PLACEMENT_3D('',#7667,#7668,#7669);
#7667 = CARTESIAN_POINT('',(-7.,965.,-17.));
#7668 = DIRECTION('',(0.,-1.,0.));
#7669 = DIRECTION('',(-1.,0.,0.));
#7670 = PCURVE('',#7510,#7671);
#7671 = DEFINITIONAL_REPRESENTATION('',(#7672),#7680);
#7672 = ( BOUNDED_CURVE() B_SPLINE_CURVE(2,(#7673,#7674,#7675,#7676,
#7677,#7678,#7679),.UNSPECIFIED.,.T.,.F.) B_SPLINE_CURVE_WITH_KNOTS((1,2
    ,2,2,2,1),(-2.094395102393,0.,2.094395102393,4.188790204786,
6.28318530718,8.377580409573),.UNSPECIFIED.) CURVE() 
GEOMETRIC_REPRESENTATION_ITEM() RATIONAL_B_SPLINE_CURVE((1.,0.5,1.,0.5,
1.,0.5,1.)) REPRESENTATION_ITEM('') );
#7673 = CARTESIAN_POINT('',(9.983E+03,9.98E+03));
#7674 = CARTESIAN_POINT('',(9.977803847577E+03,9.98E+03));
#7675 = CARTESIAN_POINT('',(9.980401923789E+03,9.9845E+03));
#7676 = CARTESIAN_POINT('',(9.983E+03,9.989E+03));
#7677 = CARTESIAN_POINT('',(9.985598076211E+03,9.9845E+03));
#7678 = CARTESIAN_POINT('',(9.988196152423E+03,9.98E+03));
#7679 = CARTESIAN_POINT('',(9.983E+03,9.98E+03));
#7680 = ( GEOMETRIC_REPRESENTATION_CONTEXT(2) 
PARAMETRIC_REPRESENTATION_CONTEXT() REPRESENTATION_CONTEXT('2D SPACE',''
  ) );
#7681 = PCURVE('',#7682,#7687);
#7682 = CYLINDRICAL_SURFACE('',#7683,3.);
#7683 = AXIS2_PLACEMENT_3D('',#7684,#7685,#7686);
#7684 = CARTESIAN_POINT('',(-7.,-100.,-17.));
#7685 = DIRECTION('',(0.,-1.,0.));
#7686 = DIRECTION('',(-1.,0.,0.));
#7687 = DEFINITIONAL_REPRESENTATION('',(#7688),#7692);
#7688 = LINE('',#7689,#7690);
#7689 = CARTESIAN_POINT('',(0.,-1.065E+03));
#7690 = VECTOR('',#7691,1.);
#7691 = DIRECTION('',(1.,0.));
#7692 = ( GEOMETRIC_REPRESENTATION_CONTEXT(2) 
PARAMETRIC_REPRESENTATION_CONTEXT() REPRESENTATION_CONTEXT('2D SPACE',''
  ) );
#7693 = ORIENTED_EDGE('',*,*,#7694,.F.);
#7694 = EDGE_CURVE('',#7695,#7662,#7697,.T.);
#7695 = VERTEX_POINT('',#7696);
#7696 = CARTESIAN_POINT('',(-10.,965.,17.));
#7697 = SURFACE_CURVE('',#7698,(#7702,#7708),.PCURVE_S1.);
#7698 = LINE('',#7699,#7700);
#7699 = CARTESIAN_POINT('',(-10.,965.,-4.9915E+03));
#7700 = VECTOR('',#7701,1.);
#7701 = DIRECTION('',(0.,0.,-1.));
#7702 = PCURVE('',#7510,#7703);
#7703 = DEFINITIONAL_REPRESENTATION('',(#7704),#7707);
#7704 = B_SPLINE_CURVE_WITH_KNOTS('',1,(#7705,#7706),.UNSPECIFIED.,.F.,
  .F.,(2,2),(-5.0085E+03,-4.9745E+03),.PIECEWISE_BEZIER_KNOTS.);
#7705 = CARTESIAN_POINT('',(1.0017E+04,9.98E+03));
#7706 = CARTESIAN_POINT('',(9.983E+03,9.98E+03));
#7707 = ( GEOMETRIC_REPRESENTATION_CONTEXT(2) 
PARAMETRIC_REPRESENTATION_CONTEXT() REPRESENTATION_CONTEXT('2D SPACE',''
  ) );
#7708 = PCURVE('',#7709,#7714);
#7709 = PLANE('',#7710);
#7710 = AXIS2_PLACEMENT_3D('',#7711,#7712,#7713);
#7711 = CARTESIAN_POINT('',(-10.,-100.,17.));
#7712 = DIRECTION('',(-1.,0.,0.));
#7713 = DIRECTION('',(0.,0.,-1.));
#7714 = DEFINITIONAL_REPRESENTATION('',(#7715),#7718);
#7715 = B_SPLINE_CURVE_WITH_KNOTS('',1,(#7716,#7717),.UNSPECIFIED.,.F.,
  .F.,(2,2),(-5.0085E+03,-4.9745E+03),.PIECEWISE_BEZIER_KNOTS.);
#7716 = CARTESIAN_POINT('',(0.,-1.065E+03));
#7717 = CARTESIAN_POINT('',(34.,-1.065E+03));
#7718 = ( GEOMETRIC_REPRESENTATION_CONTEXT(2) 
PARAMETRIC_REPRESENTATION_CONTEXT() REPRESENTATION_CONTEXT('2D SPACE',''
  ) );
#7719 = ORIENTED_EDGE('',*,*,#7720,.F.);
#7720 = EDGE_CURVE('',#7721,#7695,#7723,.T.);
#7721 = VERTEX_POINT('',#7722);
#7722 = CARTESIAN_POINT('',(-7.,965.,20.));
#7723 = SURFACE_CURVE('',#7724,(#7729,#7740),.PCURVE_S1.);
#7724 = CIRCLE('',#7725,3.);
#7725 = AXIS2_PLACEMENT_3D('',#7726,#7727,#7728);
#7726 = CARTESIAN_POINT('',(-7.,965.,17.));
#7727 = DIRECTION('',(0.,-1.,0.));
#7728 = DIRECTION('',(-5.921189464668E-16,0.,1.));
#7729 = PCURVE('',#7510,#7730);
#7730 = DEFINITIONAL_REPRESENTATION('',(#7731),#7739);
#7731 = ( BOUNDED_CURVE() B_SPLINE_CURVE(2,(#7732,#7733,#7734,#7735,
#7736,#7737,#7738),.UNSPECIFIED.,.T.,.F.) B_SPLINE_CURVE_WITH_KNOTS((1,2
    ,2,2,2,1),(-2.094395102393,0.,2.094395102393,4.188790204786,
6.28318530718,8.377580409573),.UNSPECIFIED.) CURVE() 
GEOMETRIC_REPRESENTATION_ITEM() RATIONAL_B_SPLINE_CURVE((1.,0.5,1.,0.5,
1.,0.5,1.)) REPRESENTATION_ITEM('') );
#7732 = CARTESIAN_POINT('',(1.002E+04,9.983E+03));
#7733 = CARTESIAN_POINT('',(1.002E+04,9.977803847577E+03));
#7734 = CARTESIAN_POINT('',(1.00155E+04,9.980401923789E+03));
#7735 = CARTESIAN_POINT('',(1.0011E+04,9.983E+03));
#7736 = CARTESIAN_POINT('',(1.00155E+04,9.985598076211E+03));
#7737 = CARTESIAN_POINT('',(1.002E+04,9.988196152423E+03));
#7738 = CARTESIAN_POINT('',(1.002E+04,9.983E+03));
#7739 = ( GEOMETRIC_REPRESENTATION_CONTEXT(2) 
PARAMETRIC_REPRESENTATION_CONTEXT() REPRESENTATION_CONTEXT('2D SPACE',''
  ) );
#7740 = PCURVE('',#7741,#7746);
#7741 = CYLINDRICAL_SURFACE('',#7742,3.);
#7742 = AXIS2_PLACEMENT_3D('',#7743,#7744,#7745);
#7743 = CARTESIAN_POINT('',(-7.,-100.,17.));
#7744 = DIRECTION('',(0.,-1.,0.));
#7745 = DIRECTION('',(-5.921189464668E-16,0.,1.));
#7746 = DEFINITIONAL_REPRESENTATION('',(#7747),#7751);
#7747 = LINE('',#7748,#7749);
#7748 = CARTESIAN_POINT('',(0.,-1.065E+03));
#7749 = VECTOR('',#7750,1.);
#7750 = DIRECTION('',(1.,0.));
#7751 = ( GEOMETRIC_REPRESENTATION_CONTEXT(2) 
PARAMETRIC_REPRESENTATION_CONTEXT() REPRESENTATION_CONTEXT('2D SPACE',''
  ) );
#7752 = ORIENTED_EDGE('',*,*,#7753,.F.);
#7753 = EDGE_CURVE('',#7550,#7721,#7754,.T.);
#7754 = SURFACE_CURVE('',#7755,(#7759,#7765),.PCURVE_S1.);
#7755 = LINE('',#7756,#7757);
#7756 = CARTESIAN_POINT('',(-4.9915E+03,965.,20.));
#7757 = VECTOR('',#7758,1.);
#7758 = DIRECTION('',(-1.,0.,0.));
#7759 = PCURVE('',#7510,#7760);
#7760 = DEFINITIONAL_REPRESENTATION('',(#7761),#7764);
#7761 = B_SPLINE_CURVE_WITH_KNOTS('',1,(#7762,#7763),.UNSPECIFIED.,.F.,
  .F.,(2,2),(-4.9985E+03,-4.9845E+03),.PIECEWISE_BEZIER_KNOTS.);
#7762 = CARTESIAN_POINT('',(1.002E+04,9.997E+03));
#7763 = CARTESIAN_POINT('',(1.002E+04,9.983E+03));
#7764 = ( GEOMETRIC_REPRESENTATION_CONTEXT(2) 
PARAMETRIC_REPRESENTATION_CONTEXT() REPRESENTATION_CONTEXT('2D SPACE',''
  ) );
#7765 = PCURVE('',#7591,#7766);
#7766 = DEFINITIONAL_REPRESENTATION('',(#7767),#7770);
#7767 = B_SPLINE_CURVE_WITH_KNOTS('',1,(#7768,#7769),.UNSPECIFIED.,.F.,
  .F.,(2,2),(-4.9985E+03,-4.9845E+03),.PIECEWISE_BEZIER_KNOTS.);
#7768 = CARTESIAN_POINT('',(0.,-1.065E+03));
#7769 = CARTESIAN_POINT('',(14.,-1.065E+03));
#7770 = ( GEOMETRIC_REPRESENTATION_CONTEXT(2) 
PARAMETRIC_REPRESENTATION_CONTEXT() REPRESENTATION_CONTEXT('2D SPACE',''
  ) );
#7771 = ORIENTED_EDGE('',*,*,#7549,.F.);
#7772 = FACE_BOUND('',#7773,.T.);
#7773 = EDGE_LOOP('',(#7774,#7802,#7835,#7861,#7894,#7920,#7953,#7979));
#7774 = ORIENTED_EDGE('',*,*,#7775,.T.);
#7775 = EDGE_CURVE('',#7776,#7778,#7780,.T.);
#7776 = VERTEX_POINT('',#7777);
#7777 = CARTESIAN_POINT('',(8.5,965.,-17.));
#7778 = VERTEX_POINT('',#7779);
#7779 = CARTESIAN_POINT('',(8.5,965.,17.));
#7780 = SURFACE_CURVE('',#7781,(#7785,#7791),.PCURVE_S1.);
#7781 = LINE('',#7782,#7783);
#7782 = CARTESIAN_POINT('',(8.5,965.,-5.0085E+03));
#7783 = VECTOR('',#7784,1.);
#7784 = DIRECTION('',(0.,0.,1.));
#7785 = PCURVE('',#7510,#7786);
#7786 = DEFINITIONAL_REPRESENTATION('',(#7787),#7790);
#7787 = B_SPLINE_CURVE_WITH_KNOTS('',1,(#7788,#7789),.UNSPECIFIED.,.F.,
  .F.,(2,2),(4.9915E+03,5.0255E+03),.PIECEWISE_BEZIER_KNOTS.);
#7788 = CARTESIAN_POINT('',(9.983E+03,9.9985E+03));
#7789 = CARTESIAN_POINT('',(1.0017E+04,9.9985E+03));
#7790 = ( GEOMETRIC_REPRESENTATION_CONTEXT(2) 
PARAMETRIC_REPRESENTATION_CONTEXT() REPRESENTATION_CONTEXT('2D SPACE',''
  ) );
#7791 = PCURVE('',#7792,#7797);
#7792 = PLANE('',#7793);
#7793 = AXIS2_PLACEMENT_3D('',#7794,#7795,#7796);
#7794 = CARTESIAN_POINT('',(8.5,-100.,-17.));
#7795 = DIRECTION('',(1.,0.,0.));
#7796 = DIRECTION('',(0.,0.,1.));
#7797 = DEFINITIONAL_REPRESENTATION('',(#7798),#7801);
#7798 = B_SPLINE_CURVE_WITH_KNOTS('',1,(#7799,#7800),.UNSPECIFIED.,.F.,
  .F.,(2,2),(4.9915E+03,5.0255E+03),.PIECEWISE_BEZIER_KNOTS.);
#7799 = CARTESIAN_POINT('',(0.,-1.065E+03));
#7800 = CARTESIAN_POINT('',(34.,-1.065E+03));
#7801 = ( GEOMETRIC_REPRESENTATION_CONTEXT(2) 
PARAMETRIC_REPRESENTATION_CONTEXT() REPRESENTATION_CONTEXT('2D SPACE',''
  ) );
#7802 = ORIENTED_EDGE('',*,*,#7803,.T.);
#7803 = EDGE_CURVE('',#7778,#7804,#7806,.T.);
#7804 = VERTEX_POINT('',#7805);
#7805 = CARTESIAN_POINT('',(7.,965.,18.5));
#7806 = SURFACE_CURVE('',#7807,(#7812,#7823),.PCURVE_S1.);
#7807 = CIRCLE('',#7808,1.5);
#7808 = AXIS2_PLACEMENT_3D('',#7809,#7810,#7811);
#7809 = CARTESIAN_POINT('',(7.,965.,17.));
#7810 = DIRECTION('',(0.,-1.,0.));
#7811 = DIRECTION('',(1.,0.,0.));
#7812 = PCURVE('',#7510,#7813);
#7813 = DEFINITIONAL_REPRESENTATION('',(#7814),#7822);
#7814 = ( BOUNDED_CURVE() B_SPLINE_CURVE(2,(#7815,#7816,#7817,#7818,
#7819,#7820,#7821),.UNSPECIFIED.,.T.,.F.) B_SPLINE_CURVE_WITH_KNOTS((1,2
    ,2,2,2,1),(-2.094395102393,0.,2.094395102393,4.188790204786,
6.28318530718,8.377580409573),.UNSPECIFIED.) CURVE() 
GEOMETRIC_REPRESENTATION_ITEM() RATIONAL_B_SPLINE_CURVE((1.,0.5,1.,0.5,
1.,0.5,1.)) REPRESENTATION_ITEM('') );
#7815 = CARTESIAN_POINT('',(1.0017E+04,9.9985E+03));
#7816 = CARTESIAN_POINT('',(1.001959807621E+04,9.9985E+03));
#7817 = CARTESIAN_POINT('',(1.001829903811E+04,9.99625E+03));
#7818 = CARTESIAN_POINT('',(1.0017E+04,9.994E+03));
#7819 = CARTESIAN_POINT('',(1.001570096189E+04,9.99625E+03));
#7820 = CARTESIAN_POINT('',(1.001440192379E+04,9.9985E+03));
#7821 = CARTESIAN_POINT('',(1.0017E+04,9.9985E+03));
#7822 = ( GEOMETRIC_REPRESENTATION_CONTEXT(2) 
PARAMETRIC_REPRESENTATION_CONTEXT() REPRESENTATION_CONTEXT('2D SPACE',''
  ) );
#7823 = PCURVE('',#7824,#7829);
#7824 = CYLINDRICAL_SURFACE('',#7825,1.5);
#7825 = AXIS2_PLACEMENT_3D('',#7826,#7827,#7828);
#7826 = CARTESIAN_POINT('',(7.,-100.,17.));
#7827 = DIRECTION('',(0.,-1.,0.));
#7828 = DIRECTION('',(1.,0.,0.));
#7829 = DEFINITIONAL_REPRESENTATION('',(#7830),#7834);
#7830 = LINE('',#7831,#7832);
#7831 = CARTESIAN_POINT('',(0.,-1.065E+03));
#7832 = VECTOR('',#7833,1.);
#7833 = DIRECTION('',(1.,0.));
#7834 = ( GEOMETRIC_REPRESENTATION_CONTEXT(2) 
PARAMETRIC_REPRESENTATION_CONTEXT() REPRESENTATION_CONTEXT('2D SPACE',''
  ) );
#7835 = ORIENTED_EDGE('',*,*,#7836,.T.);
#7836 = EDGE_CURVE('',#7804,#7837,#7839,.T.);
#7837 = VERTEX_POINT('',#7838);
#7838 = CARTESIAN_POINT('',(-7.,965.,18.5));
#7839 = SURFACE_CURVE('',#7840,(#7844,#7850),.PCURVE_S1.);
#7840 = LINE('',#7841,#7842);
#7841 = CARTESIAN_POINT('',(-4.9915E+03,965.,18.5));
#7842 = VECTOR('',#7843,1.);
#7843 = DIRECTION('',(-1.,0.,0.));
#7844 = PCURVE('',#7510,#7845);
#7845 = DEFINITIONAL_REPRESENTATION('',(#7846),#7849);
#7846 = B_SPLINE_CURVE_WITH_KNOTS('',1,(#7847,#7848),.UNSPECIFIED.,.F.,
  .F.,(2,2),(-4.9985E+03,-4.9845E+03),.PIECEWISE_BEZIER_KNOTS.);
#7847 = CARTESIAN_POINT('',(1.00185E+04,9.997E+03));
#7848 = CARTESIAN_POINT('',(1.00185E+04,9.983E+03));
#7849 = ( GEOMETRIC_REPRESENTATION_CONTEXT(2) 
PARAMETRIC_REPRESENTATION_CONTEXT() REPRESENTATION_CONTEXT('2D SPACE',''
  ) );
#7850 = PCURVE('',#7851,#7856);
#7851 = PLANE('',#7852);
#7852 = AXIS2_PLACEMENT_3D('',#7853,#7854,#7855);
#7853 = CARTESIAN_POINT('',(7.,-100.,18.5));
#7854 = DIRECTION('',(0.,-0.,1.));
#7855 = DIRECTION('',(-1.,0.,0.));
#7856 = DEFINITIONAL_REPRESENTATION('',(#7857),#7860);
#7857 = B_SPLINE_CURVE_WITH_KNOTS('',1,(#7858,#7859),.UNSPECIFIED.,.F.,
  .F.,(2,2),(-4.9985E+03,-4.9845E+03),.PIECEWISE_BEZIER_KNOTS.);
#7858 = CARTESIAN_POINT('',(0.,-1.065E+03));
#7859 = CARTESIAN_POINT('',(14.,-1.065E+03));
#7860 = ( GEOMETRIC_REPRESENTATION_CONTEXT(2) 
PARAMETRIC_REPRESENTATION_CONTEXT() REPRESENTATION_CONTEXT('2D SPACE',''
  ) );
#7861 = ORIENTED_EDGE('',*,*,#7862,.T.);
#7862 = EDGE_CURVE('',#7837,#7863,#7865,.T.);
#7863 = VERTEX_POINT('',#7864);
#7864 = CARTESIAN_POINT('',(-8.5,965.,17.));
#7865 = SURFACE_CURVE('',#7866,(#7871,#7882),.PCURVE_S1.);
#7866 = CIRCLE('',#7867,1.5);
#7867 = AXIS2_PLACEMENT_3D('',#7868,#7869,#7870);
#7868 = CARTESIAN_POINT('',(-7.,965.,17.));
#7869 = DIRECTION('',(0.,-1.,0.));
#7870 = DIRECTION('',(1.184237892934E-15,0.,1.));
#7871 = PCURVE('',#7510,#7872);
#7872 = DEFINITIONAL_REPRESENTATION('',(#7873),#7881);
#7873 = ( BOUNDED_CURVE() B_SPLINE_CURVE(2,(#7874,#7875,#7876,#7877,
#7878,#7879,#7880),.UNSPECIFIED.,.T.,.F.) B_SPLINE_CURVE_WITH_KNOTS((1,2
    ,2,2,2,1),(-2.094395102393,0.,2.094395102393,4.188790204786,
6.28318530718,8.377580409573),.UNSPECIFIED.) CURVE() 
GEOMETRIC_REPRESENTATION_ITEM() RATIONAL_B_SPLINE_CURVE((1.,0.5,1.,0.5,
1.,0.5,1.)) REPRESENTATION_ITEM('') );
#7874 = CARTESIAN_POINT('',(1.00185E+04,9.983E+03));
#7875 = CARTESIAN_POINT('',(1.00185E+04,9.980401923789E+03));
#7876 = CARTESIAN_POINT('',(1.001625E+04,9.981700961894E+03));
#7877 = CARTESIAN_POINT('',(1.0014E+04,9.983E+03));
#7878 = CARTESIAN_POINT('',(1.001625E+04,9.984299038106E+03));
#7879 = CARTESIAN_POINT('',(1.00185E+04,9.985598076211E+03));
#7880 = CARTESIAN_POINT('',(1.00185E+04,9.983E+03));
#7881 = ( GEOMETRIC_REPRESENTATION_CONTEXT(2) 
PARAMETRIC_REPRESENTATION_CONTEXT() REPRESENTATION_CONTEXT('2D SPACE',''
  ) );
#7882 = PCURVE('',#7883,#7888);
#7883 = CYLINDRICAL_SURFACE('',#7884,1.5);
#7884 = AXIS2_PLACEMENT_3D('',#7885,#7886,#7887);
#7885 = CARTESIAN_POINT('',(-7.,-100.,17.));
#7886 = DIRECTION('',(0.,-1.,0.));
#7887 = DIRECTION('',(1.184237892934E-15,0.,1.));
#7888 = DEFINITIONAL_REPRESENTATION('',(#7889),#7893);
#7889 = LINE('',#7890,#7891);
#7890 = CARTESIAN_POINT('',(0.,-1.065E+03));
#7891 = VECTOR('',#7892,1.);
#7892 = DIRECTION('',(1.,0.));
#7893 = ( GEOMETRIC_REPRESENTATION_CONTEXT(2) 
PARAMETRIC_REPRESENTATION_CONTEXT() REPRESENTATION_CONTEXT('2D SPACE',''
  ) );
#7894 = ORIENTED_EDGE('',*,*,#7895,.T.);
#7895 = EDGE_CURVE('',#7863,#7896,#7898,.T.);
#7896 = VERTEX_POINT('',#7897);
#7897 = CARTESIAN_POINT('',(-8.5,965.,-17.));
#7898 = SURFACE_CURVE('',#7899,(#7903,#7909),.PCURVE_S1.);
#7899 = LINE('',#7900,#7901);
#7900 = CARTESIAN_POINT('',(-8.5,965.,-4.9915E+03));
#7901 = VECTOR('',#7902,1.);
#7902 = DIRECTION('',(0.,0.,-1.));
#7903 = PCURVE('',#7510,#7904);
#7904 = DEFINITIONAL_REPRESENTATION('',(#7905),#7908);
#7905 = B_SPLINE_CURVE_WITH_KNOTS('',1,(#7906,#7907),.UNSPECIFIED.,.F.,
  .F.,(2,2),(-5.0085E+03,-4.9745E+03),.PIECEWISE_BEZIER_KNOTS.);
#7906 = CARTESIAN_POINT('',(1.0017E+04,9.9815E+03));
#7907 = CARTESIAN_POINT('',(9.983E+03,9.9815E+03));
#7908 = ( GEOMETRIC_REPRESENTATION_CONTEXT(2) 
PARAMETRIC_REPRESENTATION_CONTEXT() REPRESENTATION_CONTEXT('2D SPACE',''
  ) );
#7909 = PCURVE('',#7910,#7915);
#7910 = PLANE('',#7911);
#7911 = AXIS2_PLACEMENT_3D('',#7912,#7913,#7914);
#7912 = CARTESIAN_POINT('',(-8.5,-100.,17.));
#7913 = DIRECTION('',(-1.,0.,0.));
#7914 = DIRECTION('',(0.,0.,-1.));
#7915 = DEFINITIONAL_REPRESENTATION('',(#7916),#7919);
#7916 = B_SPLINE_CURVE_WITH_KNOTS('',1,(#7917,#7918),.UNSPECIFIED.,.F.,
  .F.,(2,2),(-5.0085E+03,-4.9745E+03),.PIECEWISE_BEZIER_KNOTS.);
#7917 = CARTESIAN_POINT('',(0.,-1.065E+03));
#7918 = CARTESIAN_POINT('',(34.,-1.065E+03));
#7919 = ( GEOMETRIC_REPRESENTATION_CONTEXT(2) 
PARAMETRIC_REPRESENTATION_CONTEXT() REPRESENTATION_CONTEXT('2D SPACE',''
  ) );
#7920 = ORIENTED_EDGE('',*,*,#7921,.T.);
#7921 = EDGE_CURVE('',#7896,#7922,#7924,.T.);
#7922 = VERTEX_POINT('',#7923);
#7923 = CARTESIAN_POINT('',(-7.,965.,-18.5));
#7924 = SURFACE_CURVE('',#7925,(#7930,#7941),.PCURVE_S1.);
#7925 = CIRCLE('',#7926,1.5);
#7926 = AXIS2_PLACEMENT_3D('',#7927,#7928,#7929);
#7927 = CARTESIAN_POINT('',(-7.,965.,-17.));
#7928 = DIRECTION('',(0.,-1.,0.));
#7929 = DIRECTION('',(-1.,0.,0.));
#7930 = PCURVE('',#7510,#7931);
#7931 = DEFINITIONAL_REPRESENTATION('',(#7932),#7940);
#7932 = ( BOUNDED_CURVE() B_SPLINE_CURVE(2,(#7933,#7934,#7935,#7936,
#7937,#7938,#7939),.UNSPECIFIED.,.T.,.F.) B_SPLINE_CURVE_WITH_KNOTS((1,2
    ,2,2,2,1),(-2.094395102393,0.,2.094395102393,4.188790204786,
6.28318530718,8.377580409573),.UNSPECIFIED.) CURVE() 
GEOMETRIC_REPRESENTATION_ITEM() RATIONAL_B_SPLINE_CURVE((1.,0.5,1.,0.5,
1.,0.5,1.)) REPRESENTATION_ITEM('') );
#7933 = CARTESIAN_POINT('',(9.983E+03,9.9815E+03));
#7934 = CARTESIAN_POINT('',(9.980401923789E+03,9.9815E+03));
#7935 = CARTESIAN_POINT('',(9.981700961894E+03,9.98375E+03));
#7936 = CARTESIAN_POINT('',(9.983E+03,9.986E+03));
#7937 = CARTESIAN_POINT('',(9.984299038106E+03,9.98375E+03));
#7938 = CARTESIAN_POINT('',(9.985598076211E+03,9.9815E+03));
#7939 = CARTESIAN_POINT('',(9.983E+03,9.9815E+03));
#7940 = ( GEOMETRIC_REPRESENTATION_CONTEXT(2) 
PARAMETRIC_REPRESENTATION_CONTEXT() REPRESENTATION_CONTEXT('2D SPACE',''
  ) );
#7941 = PCURVE('',#7942,#7947);
#7942 = CYLINDRICAL_SURFACE('',#7943,1.5);
#7943 = AXIS2_PLACEMENT_3D('',#7944,#7945,#7946);
#7944 = CARTESIAN_POINT('',(-7.,-100.,-17.));
#7945 = DIRECTION('',(0.,-1.,0.));
#7946 = DIRECTION('',(-1.,0.,0.));
#7947 = DEFINITIONAL_REPRESENTATION('',(#7948),#7952);
#7948 = LINE('',#7949,#7950);
#7949 = CARTESIAN_POINT('',(0.,-1.065E+03));
#7950 = VECTOR('',#7951,1.);
#7951 = DIRECTION('',(1.,0.));
#7952 = ( GEOMETRIC_REPRESENTATION_CONTEXT(2) 
PARAMETRIC_REPRESENTATION_CONTEXT() REPRESENTATION_CONTEXT('2D SPACE',''
  ) );
#7953 = ORIENTED_EDGE('',*,*,#7954,.T.);
#7954 = EDGE_CURVE('',#7922,#7955,#7957,.T.);
#7955 = VERTEX_POINT('',#7956);
#7956 = CARTESIAN_POINT('',(7.,965.,-18.5));
#7957 = SURFACE_CURVE('',#7958,(#7962,#7968),.PCURVE_S1.);
#7958 = LINE('',#7959,#7960);
#7959 = CARTESIAN_POINT('',(-4.9985E+03,965.,-18.5));
#7960 = VECTOR('',#7961,1.);
#7961 = DIRECTION('',(1.,-0.,0.));
#7962 = PCURVE('',#7510,#7963);
#7963 = DEFINITIONAL_REPRESENTATION('',(#7964),#7967);
#7964 = B_SPLINE_CURVE_WITH_KNOTS('',1,(#7965,#7966),.UNSPECIFIED.,.F.,
  .F.,(2,2),(4.9915E+03,5.0055E+03),.PIECEWISE_BEZIER_KNOTS.);
#7965 = CARTESIAN_POINT('',(9.9815E+03,9.983E+03));
#7966 = CARTESIAN_POINT('',(9.9815E+03,9.997E+03));
#7967 = ( GEOMETRIC_REPRESENTATION_CONTEXT(2) 
PARAMETRIC_REPRESENTATION_CONTEXT() REPRESENTATION_CONTEXT('2D SPACE',''
  ) );
#7968 = PCURVE('',#7969,#7974);
#7969 = PLANE('',#7970);
#7970 = AXIS2_PLACEMENT_3D('',#7971,#7972,#7973);
#7971 = CARTESIAN_POINT('',(-7.,-100.,-18.5));
#7972 = DIRECTION('',(0.,0.,-1.));
#7973 = DIRECTION('',(1.,0.,0.));
#7974 = DEFINITIONAL_REPRESENTATION('',(#7975),#7978);
#7975 = B_SPLINE_CURVE_WITH_KNOTS('',1,(#7976,#7977),.UNSPECIFIED.,.F.,
  .F.,(2,2),(4.9915E+03,5.0055E+03),.PIECEWISE_BEZIER_KNOTS.);
#7976 = CARTESIAN_POINT('',(0.,-1.065E+03));
#7977 = CARTESIAN_POINT('',(14.,-1.065E+03));
#7978 = ( GEOMETRIC_REPRESENTATION_CONTEXT(2) 
PARAMETRIC_REPRESENTATION_CONTEXT() REPRESENTATION_CONTEXT('2D SPACE',''
  ) );
#7979 = ORIENTED_EDGE('',*,*,#7980,.T.);
#7980 = EDGE_CURVE('',#7955,#7776,#7981,.T.);
#7981 = SURFACE_CURVE('',#7982,(#7987,#7998),.PCURVE_S1.);
#7982 = CIRCLE('',#7983,1.5);
#7983 = AXIS2_PLACEMENT_3D('',#7984,#7985,#7986);
#7984 = CARTESIAN_POINT('',(7.,965.,-17.));
#7985 = DIRECTION('',(0.,-1.,0.));
#7986 = DIRECTION('',(-1.184237892934E-15,-0.,-1.));
#7987 = PCURVE('',#7510,#7988);
#7988 = DEFINITIONAL_REPRESENTATION('',(#7989),#7997);
#7989 = ( BOUNDED_CURVE() B_SPLINE_CURVE(2,(#7990,#7991,#7992,#7993,
#7994,#7995,#7996),.UNSPECIFIED.,.T.,.F.) B_SPLINE_CURVE_WITH_KNOTS((1,2
    ,2,2,2,1),(-2.094395102393,0.,2.094395102393,4.188790204786,
6.28318530718,8.377580409573),.UNSPECIFIED.) CURVE() 
GEOMETRIC_REPRESENTATION_ITEM() RATIONAL_B_SPLINE_CURVE((1.,0.5,1.,0.5,
1.,0.5,1.)) REPRESENTATION_ITEM('') );
#7990 = CARTESIAN_POINT('',(9.9815E+03,9.997E+03));
#7991 = CARTESIAN_POINT('',(9.9815E+03,9.999598076211E+03));
#7992 = CARTESIAN_POINT('',(9.98375E+03,9.998299038106E+03));
#7993 = CARTESIAN_POINT('',(9.986E+03,9.997E+03));
#7994 = CARTESIAN_POINT('',(9.98375E+03,9.995700961894E+03));
#7995 = CARTESIAN_POINT('',(9.9815E+03,9.994401923789E+03));
#7996 = CARTESIAN_POINT('',(9.9815E+03,9.997E+03));
#7997 = ( GEOMETRIC_REPRESENTATION_CONTEXT(2) 
PARAMETRIC_REPRESENTATION_CONTEXT() REPRESENTATION_CONTEXT('2D SPACE',''
  ) );
#7998 = PCURVE('',#7999,#8004);
#7999 = CYLINDRICAL_SURFACE('',#8000,1.5);
#8000 = AXIS2_PLACEMENT_3D('',#8001,#8002,#8003);
#8001 = CARTESIAN_POINT('',(7.,-100.,-17.));
#8002 = DIRECTION('',(0.,-1.,0.));
#8003 = DIRECTION('',(-1.184237892934E-15,-0.,-1.));
#8004 = DEFINITIONAL_REPRESENTATION('',(#8005),#8009);
#8005 = LINE('',#8006,#8007);
#8006 = CARTESIAN_POINT('',(0.,-1.065E+03));
#8007 = VECTOR('',#8008,1.);
#8008 = DIRECTION('',(1.,0.));
#8009 = ( GEOMETRIC_REPRESENTATION_CONTEXT(2) 
PARAMETRIC_REPRESENTATION_CONTEXT() REPRESENTATION_CONTEXT('2D SPACE',''
  ) );
#8010 = ADVANCED_FACE('',(#8011),#7485,.T.);
#8011 = FACE_BOUND('',#8012,.T.);
#8012 = EDGE_LOOP('',(#8013,#8037,#8058,#8059));
#8013 = ORIENTED_EDGE('',*,*,#8014,.F.);
#8014 = EDGE_CURVE('',#8015,#7444,#8017,.T.);
#8015 = VERTEX_POINT('',#8016);
#8016 = CARTESIAN_POINT('',(7.,0.,-20.));
#8017 = SURFACE_CURVE('',#8018,(#8023,#8030),.PCURVE_S1.);
#8018 = CIRCLE('',#8019,3.);
#8019 = AXIS2_PLACEMENT_3D('',#8020,#8021,#8022);
#8020 = CARTESIAN_POINT('',(7.,0.,-17.));
#8021 = DIRECTION('',(0.,-1.,0.));
#8022 = DIRECTION('',(5.921189464668E-16,0.,-1.));
#8023 = PCURVE('',#7485,#8024);
#8024 = DEFINITIONAL_REPRESENTATION('',(#8025),#8029);
#8025 = LINE('',#8026,#8027);
#8026 = CARTESIAN_POINT('',(0.,-100.));
#8027 = VECTOR('',#8028,1.);
#8028 = DIRECTION('',(1.,0.));
#8029 = ( GEOMETRIC_REPRESENTATION_CONTEXT(2) 
PARAMETRIC_REPRESENTATION_CONTEXT() REPRESENTATION_CONTEXT('2D SPACE',''
  ) );
#8030 = PCURVE('',#7458,#8031);
#8031 = DEFINITIONAL_REPRESENTATION('',(#8032),#8036);
#8032 = CIRCLE('',#8033,3.);
#8033 = AXIS2_PLACEMENT_2D('',#8034,#8035);
#8034 = CARTESIAN_POINT('',(1.0017E+04,9.997E+03));
#8035 = DIRECTION('',(1.,5.921189464668E-16));
#8036 = ( GEOMETRIC_REPRESENTATION_CONTEXT(2) 
PARAMETRIC_REPRESENTATION_CONTEXT() REPRESENTATION_CONTEXT('2D SPACE',''
  ) );
#8037 = ORIENTED_EDGE('',*,*,#8038,.T.);
#8038 = EDGE_CURVE('',#8015,#7608,#8039,.T.);
#8039 = SURFACE_CURVE('',#8040,(#8044,#8051),.PCURVE_S1.);
#8040 = LINE('',#8041,#8042);
#8041 = CARTESIAN_POINT('',(7.,-100.,-20.));
#8042 = VECTOR('',#8043,1.);
#8043 = DIRECTION('',(0.,1.,0.));
#8044 = PCURVE('',#7485,#8045);
#8045 = DEFINITIONAL_REPRESENTATION('',(#8046),#8050);
#8046 = LINE('',#8047,#8048);
#8047 = CARTESIAN_POINT('',(0.,0.));
#8048 = VECTOR('',#8049,1.);
#8049 = DIRECTION('',(0.,-1.));
#8050 = ( GEOMETRIC_REPRESENTATION_CONTEXT(2) 
PARAMETRIC_REPRESENTATION_CONTEXT() REPRESENTATION_CONTEXT('2D SPACE',''
  ) );
#8051 = PCURVE('',#7650,#8052);
#8052 = DEFINITIONAL_REPRESENTATION('',(#8053),#8057);
#8053 = LINE('',#8054,#8055);
#8054 = CARTESIAN_POINT('',(14.,0.));
#8055 = VECTOR('',#8056,1.);
#8056 = DIRECTION('',(0.,-1.));
#8057 = ( GEOMETRIC_REPRESENTATION_CONTEXT(2) 
PARAMETRIC_REPRESENTATION_CONTEXT() REPRESENTATION_CONTEXT('2D SPACE',''
  ) );
#8058 = ORIENTED_EDGE('',*,*,#7607,.T.);
#8059 = ORIENTED_EDGE('',*,*,#7469,.F.);
#8060 = ADVANCED_FACE('',(#8061,#8175),#7458,.T.);
#8061 = FACE_BOUND('',#8062,.T.);
#8062 = EDGE_LOOP('',(#8063,#8064,#8065,#8086,#8110,#8131,#8155,#8174));
#8063 = ORIENTED_EDGE('',*,*,#7443,.F.);
#8064 = ORIENTED_EDGE('',*,*,#7524,.T.);
#8065 = ORIENTED_EDGE('',*,*,#8066,.F.);
#8066 = EDGE_CURVE('',#8067,#7525,#8069,.T.);
#8067 = VERTEX_POINT('',#8068);
#8068 = CARTESIAN_POINT('',(-7.,0.,20.));
#8069 = SURFACE_CURVE('',#8070,(#8074,#8080),.PCURVE_S1.);
#8070 = LINE('',#8071,#8072);
#8071 = CARTESIAN_POINT('',(-4.9915E+03,0.,20.));
#8072 = VECTOR('',#8073,1.);
#8073 = DIRECTION('',(1.,0.,0.));
#8074 = PCURVE('',#7458,#8075);
#8075 = DEFINITIONAL_REPRESENTATION('',(#8076),#8079);
#8076 = B_SPLINE_CURVE_WITH_KNOTS('',1,(#8077,#8078),.UNSPECIFIED.,.F.,
  .F.,(2,2),(4.9845E+03,4.9985E+03),.PIECEWISE_BEZIER_KNOTS.);
#8077 = CARTESIAN_POINT('',(9.98E+03,9.983E+03));
#8078 = CARTESIAN_POINT('',(9.98E+03,9.997E+03));
#8079 = ( GEOMETRIC_REPRESENTATION_CONTEXT(2) 
PARAMETRIC_REPRESENTATION_CONTEXT() REPRESENTATION_CONTEXT('2D SPACE',''
  ) );
#8080 = PCURVE('',#7591,#8081);
#8081 = DEFINITIONAL_REPRESENTATION('',(#8082),#8085);
#8082 = B_SPLINE_CURVE_WITH_KNOTS('',1,(#8083,#8084),.UNSPECIFIED.,.F.,
  .F.,(2,2),(4.9845E+03,4.9985E+03),.PIECEWISE_BEZIER_KNOTS.);
#8083 = CARTESIAN_POINT('',(14.,-100.));
#8084 = CARTESIAN_POINT('',(0.,-100.));
#8085 = ( GEOMETRIC_REPRESENTATION_CONTEXT(2) 
PARAMETRIC_REPRESENTATION_CONTEXT() REPRESENTATION_CONTEXT('2D SPACE',''
  ) );
#8086 = ORIENTED_EDGE('',*,*,#8087,.T.);
#8087 = EDGE_CURVE('',#8067,#8088,#8090,.T.);
#8088 = VERTEX_POINT('',#8089);
#8089 = CARTESIAN_POINT('',(-10.,0.,17.));
#8090 = SURFACE_CURVE('',#8091,(#8096,#8103),.PCURVE_S1.);
#8091 = CIRCLE('',#8092,3.);
#8092 = AXIS2_PLACEMENT_3D('',#8093,#8094,#8095);
#8093 = CARTESIAN_POINT('',(-7.,0.,17.));
#8094 = DIRECTION('',(0.,-1.,0.));
#8095 = DIRECTION('',(-5.921189464668E-16,0.,1.));
#8096 = PCURVE('',#7458,#8097);
#8097 = DEFINITIONAL_REPRESENTATION('',(#8098),#8102);
#8098 = CIRCLE('',#8099,3.);
#8099 = AXIS2_PLACEMENT_2D('',#8100,#8101);
#8100 = CARTESIAN_POINT('',(9.983E+03,9.983E+03));
#8101 = DIRECTION('',(-1.,-5.921189464668E-16));
#8102 = ( GEOMETRIC_REPRESENTATION_CONTEXT(2) 
PARAMETRIC_REPRESENTATION_CONTEXT() REPRESENTATION_CONTEXT('2D SPACE',''
  ) );
#8103 = PCURVE('',#7741,#8104);
#8104 = DEFINITIONAL_REPRESENTATION('',(#8105),#8109);
#8105 = LINE('',#8106,#8107);
#8106 = CARTESIAN_POINT('',(0.,-100.));
#8107 = VECTOR('',#8108,1.);
#8108 = DIRECTION('',(1.,0.));
#8109 = ( GEOMETRIC_REPRESENTATION_CONTEXT(2) 
PARAMETRIC_REPRESENTATION_CONTEXT() REPRESENTATION_CONTEXT('2D SPACE',''
  ) );
#8110 = ORIENTED_EDGE('',*,*,#8111,.F.);
#8111 = EDGE_CURVE('',#8112,#8088,#8114,.T.);
#8112 = VERTEX_POINT('',#8113);
#8113 = CARTESIAN_POINT('',(-10.,0.,-17.));
#8114 = SURFACE_CURVE('',#8115,(#8119,#8125),.PCURVE_S1.);
#8115 = LINE('',#8116,#8117);
#8116 = CARTESIAN_POINT('',(-10.,0.,5.0085E+03));
#8117 = VECTOR('',#8118,1.);
#8118 = DIRECTION('',(0.,0.,1.));
#8119 = PCURVE('',#7458,#8120);
#8120 = DEFINITIONAL_REPRESENTATION('',(#8121),#8124);
#8121 = B_SPLINE_CURVE_WITH_KNOTS('',1,(#8122,#8123),.UNSPECIFIED.,.F.,
  .F.,(2,2),(-5.0255E+03,-4.9915E+03),.PIECEWISE_BEZIER_KNOTS.);
#8122 = CARTESIAN_POINT('',(1.0017E+04,9.98E+03));
#8123 = CARTESIAN_POINT('',(9.983E+03,9.98E+03));
#8124 = ( GEOMETRIC_REPRESENTATION_CONTEXT(2) 
PARAMETRIC_REPRESENTATION_CONTEXT() REPRESENTATION_CONTEXT('2D SPACE',''
  ) );
#8125 = PCURVE('',#7709,#8126);
#8126 = DEFINITIONAL_REPRESENTATION('',(#8127),#8130);
#8127 = B_SPLINE_CURVE_WITH_KNOTS('',1,(#8128,#8129),.UNSPECIFIED.,.F.,
  .F.,(2,2),(-5.0255E+03,-4.9915E+03),.PIECEWISE_BEZIER_KNOTS.);
#8128 = CARTESIAN_POINT('',(34.,-100.));
#8129 = CARTESIAN_POINT('',(0.,-100.));
#8130 = ( GEOMETRIC_REPRESENTATION_CONTEXT(2) 
PARAMETRIC_REPRESENTATION_CONTEXT() REPRESENTATION_CONTEXT('2D SPACE',''
  ) );
#8131 = ORIENTED_EDGE('',*,*,#8132,.T.);
#8132 = EDGE_CURVE('',#8112,#8133,#8135,.T.);
#8133 = VERTEX_POINT('',#8134);
#8134 = CARTESIAN_POINT('',(-7.,0.,-20.));
#8135 = SURFACE_CURVE('',#8136,(#8141,#8148),.PCURVE_S1.);
#8136 = CIRCLE('',#8137,3.);
#8137 = AXIS2_PLACEMENT_3D('',#8138,#8139,#8140);
#8138 = CARTESIAN_POINT('',(-7.,0.,-17.));
#8139 = DIRECTION('',(0.,-1.,0.));
#8140 = DIRECTION('',(-1.,0.,0.));
#8141 = PCURVE('',#7458,#8142);
#8142 = DEFINITIONAL_REPRESENTATION('',(#8143),#8147);
#8143 = CIRCLE('',#8144,3.);
#8144 = AXIS2_PLACEMENT_2D('',#8145,#8146);
#8145 = CARTESIAN_POINT('',(1.0017E+04,9.983E+03));
#8146 = DIRECTION('',(0.,-1.));
#8147 = ( GEOMETRIC_REPRESENTATION_CONTEXT(2) 
PARAMETRIC_REPRESENTATION_CONTEXT() REPRESENTATION_CONTEXT('2D SPACE',''
  ) );
#8148 = PCURVE('',#7682,#8149);
#8149 = DEFINITIONAL_REPRESENTATION('',(#8150),#8154);
#8150 = LINE('',#8151,#8152);
#8151 = CARTESIAN_POINT('',(0.,-100.));
#8152 = VECTOR('',#8153,1.);
#8153 = DIRECTION('',(1.,0.));
#8154 = ( GEOMETRIC_REPRESENTATION_CONTEXT(2) 
PARAMETRIC_REPRESENTATION_CONTEXT() REPRESENTATION_CONTEXT('2D SPACE',''
  ) );
#8155 = ORIENTED_EDGE('',*,*,#8156,.F.);
#8156 = EDGE_CURVE('',#8015,#8133,#8157,.T.);
#8157 = SURFACE_CURVE('',#8158,(#8162,#8168),.PCURVE_S1.);
#8158 = LINE('',#8159,#8160);
#8159 = CARTESIAN_POINT('',(-4.9985E+03,0.,-20.));
#8160 = VECTOR('',#8161,1.);
#8161 = DIRECTION('',(-1.,-0.,-0.));
#8162 = PCURVE('',#7458,#8163);
#8163 = DEFINITIONAL_REPRESENTATION('',(#8164),#8167);
#8164 = B_SPLINE_CURVE_WITH_KNOTS('',1,(#8165,#8166),.UNSPECIFIED.,.F.,
  .F.,(2,2),(-5.0055E+03,-4.9915E+03),.PIECEWISE_BEZIER_KNOTS.);
#8165 = CARTESIAN_POINT('',(1.002E+04,9.997E+03));
#8166 = CARTESIAN_POINT('',(1.002E+04,9.983E+03));
#8167 = ( GEOMETRIC_REPRESENTATION_CONTEXT(2) 
PARAMETRIC_REPRESENTATION_CONTEXT() REPRESENTATION_CONTEXT('2D SPACE',''
  ) );
#8168 = PCURVE('',#7650,#8169);
#8169 = DEFINITIONAL_REPRESENTATION('',(#8170),#8173);
#8170 = B_SPLINE_CURVE_WITH_KNOTS('',1,(#8171,#8172),.UNSPECIFIED.,.F.,
  .F.,(2,2),(-5.0055E+03,-4.9915E+03),.PIECEWISE_BEZIER_KNOTS.);
#8171 = CARTESIAN_POINT('',(14.,-100.));
#8172 = CARTESIAN_POINT('',(0.,-100.));
#8173 = ( GEOMETRIC_REPRESENTATION_CONTEXT(2) 
PARAMETRIC_REPRESENTATION_CONTEXT() REPRESENTATION_CONTEXT('2D SPACE',''
  ) );
#8174 = ORIENTED_EDGE('',*,*,#8014,.T.);
#8175 = FACE_BOUND('',#8176,.T.);
#8176 = EDGE_LOOP('',(#8177,#8203,#8224,#8248,#8269,#8293,#8314,#8338));
#8177 = ORIENTED_EDGE('',*,*,#8178,.F.);
#8178 = EDGE_CURVE('',#8179,#8181,#8183,.T.);
#8179 = VERTEX_POINT('',#8180);
#8180 = CARTESIAN_POINT('',(8.5,0.,17.));
#8181 = VERTEX_POINT('',#8182);
#8182 = CARTESIAN_POINT('',(7.,0.,18.5));
#8183 = SURFACE_CURVE('',#8184,(#8189,#8196),.PCURVE_S1.);
#8184 = CIRCLE('',#8185,1.5);
#8185 = AXIS2_PLACEMENT_3D('',#8186,#8187,#8188);
#8186 = CARTESIAN_POINT('',(7.,0.,17.));
#8187 = DIRECTION('',(0.,-1.,0.));
#8188 = DIRECTION('',(1.,0.,0.));
#8189 = PCURVE('',#7458,#8190);
#8190 = DEFINITIONAL_REPRESENTATION('',(#8191),#8195);
#8191 = CIRCLE('',#8192,1.5);
#8192 = AXIS2_PLACEMENT_2D('',#8193,#8194);
#8193 = CARTESIAN_POINT('',(9.983E+03,9.997E+03));
#8194 = DIRECTION('',(0.,1.));
#8195 = ( GEOMETRIC_REPRESENTATION_CONTEXT(2) 
PARAMETRIC_REPRESENTATION_CONTEXT() REPRESENTATION_CONTEXT('2D SPACE',''
  ) );
#8196 = PCURVE('',#7824,#8197);
#8197 = DEFINITIONAL_REPRESENTATION('',(#8198),#8202);
#8198 = LINE('',#8199,#8200);
#8199 = CARTESIAN_POINT('',(0.,-100.));
#8200 = VECTOR('',#8201,1.);
#8201 = DIRECTION('',(1.,0.));
#8202 = ( GEOMETRIC_REPRESENTATION_CONTEXT(2) 
PARAMETRIC_REPRESENTATION_CONTEXT() REPRESENTATION_CONTEXT('2D SPACE',''
  ) );
#8203 = ORIENTED_EDGE('',*,*,#8204,.T.);
#8204 = EDGE_CURVE('',#8179,#8205,#8207,.T.);
#8205 = VERTEX_POINT('',#8206);
#8206 = CARTESIAN_POINT('',(8.5,0.,-17.));
#8207 = SURFACE_CURVE('',#8208,(#8212,#8218),.PCURVE_S1.);
#8208 = LINE('',#8209,#8210);
#8209 = CARTESIAN_POINT('',(8.5,0.,4.9915E+03));
#8210 = VECTOR('',#8211,1.);
#8211 = DIRECTION('',(0.,0.,-1.));
#8212 = PCURVE('',#7458,#8213);
#8213 = DEFINITIONAL_REPRESENTATION('',(#8214),#8217);
#8214 = B_SPLINE_CURVE_WITH_KNOTS('',1,(#8215,#8216),.UNSPECIFIED.,.F.,
  .F.,(2,2),(4.9745E+03,5.0085E+03),.PIECEWISE_BEZIER_KNOTS.);
#8215 = CARTESIAN_POINT('',(9.983E+03,9.9985E+03));
#8216 = CARTESIAN_POINT('',(1.0017E+04,9.9985E+03));
#8217 = ( GEOMETRIC_REPRESENTATION_CONTEXT(2) 
PARAMETRIC_REPRESENTATION_CONTEXT() REPRESENTATION_CONTEXT('2D SPACE',''
  ) );
#8218 = PCURVE('',#7792,#8219);
#8219 = DEFINITIONAL_REPRESENTATION('',(#8220),#8223);
#8220 = B_SPLINE_CURVE_WITH_KNOTS('',1,(#8221,#8222),.UNSPECIFIED.,.F.,
  .F.,(2,2),(4.9745E+03,5.0085E+03),.PIECEWISE_BEZIER_KNOTS.);
#8221 = CARTESIAN_POINT('',(34.,-100.));
#8222 = CARTESIAN_POINT('',(0.,-100.));
#8223 = ( GEOMETRIC_REPRESENTATION_CONTEXT(2) 
PARAMETRIC_REPRESENTATION_CONTEXT() REPRESENTATION_CONTEXT('2D SPACE',''
  ) );
#8224 = ORIENTED_EDGE('',*,*,#8225,.F.);
#8225 = EDGE_CURVE('',#8226,#8205,#8228,.T.);
#8226 = VERTEX_POINT('',#8227);
#8227 = CARTESIAN_POINT('',(7.,0.,-18.5));
#8228 = SURFACE_CURVE('',#8229,(#8234,#8241),.PCURVE_S1.);
#8229 = CIRCLE('',#8230,1.5);
#8230 = AXIS2_PLACEMENT_3D('',#8231,#8232,#8233);
#8231 = CARTESIAN_POINT('',(7.,0.,-17.));
#8232 = DIRECTION('',(0.,-1.,0.));
#8233 = DIRECTION('',(-1.184237892934E-15,-0.,-1.));
#8234 = PCURVE('',#7458,#8235);
#8235 = DEFINITIONAL_REPRESENTATION('',(#8236),#8240);
#8236 = CIRCLE('',#8237,1.5);
#8237 = AXIS2_PLACEMENT_2D('',#8238,#8239);
#8238 = CARTESIAN_POINT('',(1.0017E+04,9.997E+03));
#8239 = DIRECTION('',(1.,-1.184237892934E-15));
#8240 = ( GEOMETRIC_REPRESENTATION_CONTEXT(2) 
PARAMETRIC_REPRESENTATION_CONTEXT() REPRESENTATION_CONTEXT('2D SPACE',''
  ) );
#8241 = PCURVE('',#7999,#8242);
#8242 = DEFINITIONAL_REPRESENTATION('',(#8243),#8247);
#8243 = LINE('',#8244,#8245);
#8244 = CARTESIAN_POINT('',(0.,-100.));
#8245 = VECTOR('',#8246,1.);
#8246 = DIRECTION('',(1.,0.));
#8247 = ( GEOMETRIC_REPRESENTATION_CONTEXT(2) 
PARAMETRIC_REPRESENTATION_CONTEXT() REPRESENTATION_CONTEXT('2D SPACE',''
  ) );
#8248 = ORIENTED_EDGE('',*,*,#8249,.T.);
#8249 = EDGE_CURVE('',#8226,#8250,#8252,.T.);
#8250 = VERTEX_POINT('',#8251);
#8251 = CARTESIAN_POINT('',(-7.,0.,-18.5));
#8252 = SURFACE_CURVE('',#8253,(#8257,#8263),.PCURVE_S1.);
#8253 = LINE('',#8254,#8255);
#8254 = CARTESIAN_POINT('',(-4.9985E+03,0.,-18.5));
#8255 = VECTOR('',#8256,1.);
#8256 = DIRECTION('',(-1.,-0.,-0.));
#8257 = PCURVE('',#7458,#8258);
#8258 = DEFINITIONAL_REPRESENTATION('',(#8259),#8262);
#8259 = B_SPLINE_CURVE_WITH_KNOTS('',1,(#8260,#8261),.UNSPECIFIED.,.F.,
  .F.,(2,2),(-5.0055E+03,-4.9915E+03),.PIECEWISE_BEZIER_KNOTS.);
#8260 = CARTESIAN_POINT('',(1.00185E+04,9.997E+03));
#8261 = CARTESIAN_POINT('',(1.00185E+04,9.983E+03));
#8262 = ( GEOMETRIC_REPRESENTATION_CONTEXT(2) 
PARAMETRIC_REPRESENTATION_CONTEXT() REPRESENTATION_CONTEXT('2D SPACE',''
  ) );
#8263 = PCURVE('',#7969,#8264);
#8264 = DEFINITIONAL_REPRESENTATION('',(#8265),#8268);
#8265 = B_SPLINE_CURVE_WITH_KNOTS('',1,(#8266,#8267),.UNSPECIFIED.,.F.,
  .F.,(2,2),(-5.0055E+03,-4.9915E+03),.PIECEWISE_BEZIER_KNOTS.);
#8266 = CARTESIAN_POINT('',(14.,-100.));
#8267 = CARTESIAN_POINT('',(0.,-100.));
#8268 = ( GEOMETRIC_REPRESENTATION_CONTEXT(2) 
PARAMETRIC_REPRESENTATION_CONTEXT() REPRESENTATION_CONTEXT('2D SPACE',''
  ) );
#8269 = ORIENTED_EDGE('',*,*,#8270,.F.);
#8270 = EDGE_CURVE('',#8271,#8250,#8273,.T.);
#8271 = VERTEX_POINT('',#8272);
#8272 = CARTESIAN_POINT('',(-8.5,0.,-17.));
#8273 = SURFACE_CURVE('',#8274,(#8279,#8286),.PCURVE_S1.);
#8274 = CIRCLE('',#8275,1.5);
#8275 = AXIS2_PLACEMENT_3D('',#8276,#8277,#8278);
#8276 = CARTESIAN_POINT('',(-7.,0.,-17.));
#8277 = DIRECTION('',(0.,-1.,0.));
#8278 = DIRECTION('',(-1.,0.,0.));
#8279 = PCURVE('',#7458,#8280);
#8280 = DEFINITIONAL_REPRESENTATION('',(#8281),#8285);
#8281 = CIRCLE('',#8282,1.5);
#8282 = AXIS2_PLACEMENT_2D('',#8283,#8284);
#8283 = CARTESIAN_POINT('',(1.0017E+04,9.983E+03));
#8284 = DIRECTION('',(0.,-1.));
#8285 = ( GEOMETRIC_REPRESENTATION_CONTEXT(2) 
PARAMETRIC_REPRESENTATION_CONTEXT() REPRESENTATION_CONTEXT('2D SPACE',''
  ) );
#8286 = PCURVE('',#7942,#8287);
#8287 = DEFINITIONAL_REPRESENTATION('',(#8288),#8292);
#8288 = LINE('',#8289,#8290);
#8289 = CARTESIAN_POINT('',(0.,-100.));
#8290 = VECTOR('',#8291,1.);
#8291 = DIRECTION('',(1.,0.));
#8292 = ( GEOMETRIC_REPRESENTATION_CONTEXT(2) 
PARAMETRIC_REPRESENTATION_CONTEXT() REPRESENTATION_CONTEXT('2D SPACE',''
  ) );
#8293 = ORIENTED_EDGE('',*,*,#8294,.T.);
#8294 = EDGE_CURVE('',#8271,#8295,#8297,.T.);
#8295 = VERTEX_POINT('',#8296);
#8296 = CARTESIAN_POINT('',(-8.5,0.,17.));
#8297 = SURFACE_CURVE('',#8298,(#8302,#8308),.PCURVE_S1.);
#8298 = LINE('',#8299,#8300);
#8299 = CARTESIAN_POINT('',(-8.5,0.,5.0085E+03));
#8300 = VECTOR('',#8301,1.);
#8301 = DIRECTION('',(0.,0.,1.));
#8302 = PCURVE('',#7458,#8303);
#8303 = DEFINITIONAL_REPRESENTATION('',(#8304),#8307);
#8304 = B_SPLINE_CURVE_WITH_KNOTS('',1,(#8305,#8306),.UNSPECIFIED.,.F.,
  .F.,(2,2),(-5.0255E+03,-4.9915E+03),.PIECEWISE_BEZIER_KNOTS.);
#8305 = CARTESIAN_POINT('',(1.0017E+04,9.9815E+03));
#8306 = CARTESIAN_POINT('',(9.983E+03,9.9815E+03));
#8307 = ( GEOMETRIC_REPRESENTATION_CONTEXT(2) 
PARAMETRIC_REPRESENTATION_CONTEXT() REPRESENTATION_CONTEXT('2D SPACE',''
  ) );
#8308 = PCURVE('',#7910,#8309);
#8309 = DEFINITIONAL_REPRESENTATION('',(#8310),#8313);
#8310 = B_SPLINE_CURVE_WITH_KNOTS('',1,(#8311,#8312),.UNSPECIFIED.,.F.,
  .F.,(2,2),(-5.0255E+03,-4.9915E+03),.PIECEWISE_BEZIER_KNOTS.);
#8311 = CARTESIAN_POINT('',(34.,-100.));
#8312 = CARTESIAN_POINT('',(0.,-100.));
#8313 = ( GEOMETRIC_REPRESENTATION_CONTEXT(2) 
PARAMETRIC_REPRESENTATION_CONTEXT() REPRESENTATION_CONTEXT('2D SPACE',''
  ) );
#8314 = ORIENTED_EDGE('',*,*,#8315,.F.);
#8315 = EDGE_CURVE('',#8316,#8295,#8318,.T.);
#8316 = VERTEX_POINT('',#8317);
#8317 = CARTESIAN_POINT('',(-7.,0.,18.5));
#8318 = SURFACE_CURVE('',#8319,(#8324,#8331),.PCURVE_S1.);
#8319 = CIRCLE('',#8320,1.5);
#8320 = AXIS2_PLACEMENT_3D('',#8321,#8322,#8323);
#8321 = CARTESIAN_POINT('',(-7.,0.,17.));
#8322 = DIRECTION('',(0.,-1.,0.));
#8323 = DIRECTION('',(1.184237892934E-15,0.,1.));
#8324 = PCURVE('',#7458,#8325);
#8325 = DEFINITIONAL_REPRESENTATION('',(#8326),#8330);
#8326 = CIRCLE('',#8327,1.5);
#8327 = AXIS2_PLACEMENT_2D('',#8328,#8329);
#8328 = CARTESIAN_POINT('',(9.983E+03,9.983E+03));
#8329 = DIRECTION('',(-1.,1.184237892934E-15));
#8330 = ( GEOMETRIC_REPRESENTATION_CONTEXT(2) 
PARAMETRIC_REPRESENTATION_CONTEXT() REPRESENTATION_CONTEXT('2D SPACE',''
  ) );
#8331 = PCURVE('',#7883,#8332);
#8332 = DEFINITIONAL_REPRESENTATION('',(#8333),#8337);
#8333 = LINE('',#8334,#8335);
#8334 = CARTESIAN_POINT('',(0.,-100.));
#8335 = VECTOR('',#8336,1.);
#8336 = DIRECTION('',(1.,0.));
#8337 = ( GEOMETRIC_REPRESENTATION_CONTEXT(2) 
PARAMETRIC_REPRESENTATION_CONTEXT() REPRESENTATION_CONTEXT('2D SPACE',''
  ) );
#8338 = ORIENTED_EDGE('',*,*,#8339,.T.);
#8339 = EDGE_CURVE('',#8316,#8181,#8340,.T.);
#8340 = SURFACE_CURVE('',#8341,(#8345,#8351),.PCURVE_S1.);
#8341 = LINE('',#8342,#8343);
#8342 = CARTESIAN_POINT('',(-4.9915E+03,0.,18.5));
#8343 = VECTOR('',#8344,1.);
#8344 = DIRECTION('',(1.,0.,0.));
#8345 = PCURVE('',#7458,#8346);
#8346 = DEFINITIONAL_REPRESENTATION('',(#8347),#8350);
#8347 = B_SPLINE_CURVE_WITH_KNOTS('',1,(#8348,#8349),.UNSPECIFIED.,.F.,
  .F.,(2,2),(4.9845E+03,4.9985E+03),.PIECEWISE_BEZIER_KNOTS.);
#8348 = CARTESIAN_POINT('',(9.9815E+03,9.983E+03));
#8349 = CARTESIAN_POINT('',(9.9815E+03,9.997E+03));
#8350 = ( GEOMETRIC_REPRESENTATION_CONTEXT(2) 
PARAMETRIC_REPRESENTATION_CONTEXT() REPRESENTATION_CONTEXT('2D SPACE',''
  ) );
#8351 = PCURVE('',#7851,#8352);
#8352 = DEFINITIONAL_REPRESENTATION('',(#8353),#8356);
#8353 = B_SPLINE_CURVE_WITH_KNOTS('',1,(#8354,#8355),.UNSPECIFIED.,.F.,
  .F.,(2,2),(4.9845E+03,4.9985E+03),.PIECEWISE_BEZIER_KNOTS.);
#8354 = CARTESIAN_POINT('',(14.,-100.));
#8355 = CARTESIAN_POINT('',(0.,-100.));
#8356 = ( GEOMETRIC_REPRESENTATION_CONTEXT(2) 
PARAMETRIC_REPRESENTATION_CONTEXT() REPRESENTATION_CONTEXT('2D SPACE',''
  ) );
#8357 = ADVANCED_FACE('',(#8358),#7591,.T.);
#8358 = FACE_BOUND('',#8359,.T.);
#8359 = EDGE_LOOP('',(#8360,#8381,#8382,#8383));
#8360 = ORIENTED_EDGE('',*,*,#8361,.F.);
#8361 = EDGE_CURVE('',#8067,#7721,#8362,.T.);
#8362 = SURFACE_CURVE('',#8363,(#8367,#8374),.PCURVE_S1.);
#8363 = LINE('',#8364,#8365);
#8364 = CARTESIAN_POINT('',(-7.,-100.,20.));
#8365 = VECTOR('',#8366,1.);
#8366 = DIRECTION('',(0.,1.,0.));
#8367 = PCURVE('',#7591,#8368);
#8368 = DEFINITIONAL_REPRESENTATION('',(#8369),#8373);
#8369 = LINE('',#8370,#8371);
#8370 = CARTESIAN_POINT('',(14.,0.));
#8371 = VECTOR('',#8372,1.);
#8372 = DIRECTION('',(0.,-1.));
#8373 = ( GEOMETRIC_REPRESENTATION_CONTEXT(2) 
PARAMETRIC_REPRESENTATION_CONTEXT() REPRESENTATION_CONTEXT('2D SPACE',''
  ) );
#8374 = PCURVE('',#7741,#8375);
#8375 = DEFINITIONAL_REPRESENTATION('',(#8376),#8380);
#8376 = LINE('',#8377,#8378);
#8377 = CARTESIAN_POINT('',(0.,0.));
#8378 = VECTOR('',#8379,1.);
#8379 = DIRECTION('',(0.,-1.));
#8380 = ( GEOMETRIC_REPRESENTATION_CONTEXT(2) 
PARAMETRIC_REPRESENTATION_CONTEXT() REPRESENTATION_CONTEXT('2D SPACE',''
  ) );
#8381 = ORIENTED_EDGE('',*,*,#8066,.T.);
#8382 = ORIENTED_EDGE('',*,*,#7577,.T.);
#8383 = ORIENTED_EDGE('',*,*,#7753,.T.);
#8384 = ADVANCED_FACE('',(#8385),#7741,.T.);
#8385 = FACE_BOUND('',#8386,.T.);
#8386 = EDGE_LOOP('',(#8387,#8388,#8389,#8390));
#8387 = ORIENTED_EDGE('',*,*,#8087,.F.);
#8388 = ORIENTED_EDGE('',*,*,#8361,.T.);
#8389 = ORIENTED_EDGE('',*,*,#7720,.T.);
#8390 = ORIENTED_EDGE('',*,*,#8391,.F.);
#8391 = EDGE_CURVE('',#8088,#7695,#8392,.T.);
#8392 = SURFACE_CURVE('',#8393,(#8397,#8404),.PCURVE_S1.);
#8393 = LINE('',#8394,#8395);
#8394 = CARTESIAN_POINT('',(-10.,-100.,17.));
#8395 = VECTOR('',#8396,1.);
#8396 = DIRECTION('',(0.,1.,0.));
#8397 = PCURVE('',#7741,#8398);
#8398 = DEFINITIONAL_REPRESENTATION('',(#8399),#8403);
#8399 = LINE('',#8400,#8401);
#8400 = CARTESIAN_POINT('',(1.570796326795,0.));
#8401 = VECTOR('',#8402,1.);
#8402 = DIRECTION('',(0.,-1.));
#8403 = ( GEOMETRIC_REPRESENTATION_CONTEXT(2) 
PARAMETRIC_REPRESENTATION_CONTEXT() REPRESENTATION_CONTEXT('2D SPACE',''
  ) );
#8404 = PCURVE('',#7709,#8405);
#8405 = DEFINITIONAL_REPRESENTATION('',(#8406),#8410);
#8406 = LINE('',#8407,#8408);
#8407 = CARTESIAN_POINT('',(0.,-0.));
#8408 = VECTOR('',#8409,1.);
#8409 = DIRECTION('',(0.,-1.));
#8410 = ( GEOMETRIC_REPRESENTATION_CONTEXT(2) 
PARAMETRIC_REPRESENTATION_CONTEXT() REPRESENTATION_CONTEXT('2D SPACE',''
  ) );
#8411 = ADVANCED_FACE('',(#8412),#7709,.T.);
#8412 = FACE_BOUND('',#8413,.T.);
#8413 = EDGE_LOOP('',(#8414,#8435,#8436,#8437));
#8414 = ORIENTED_EDGE('',*,*,#8415,.F.);
#8415 = EDGE_CURVE('',#8112,#7662,#8416,.T.);
#8416 = SURFACE_CURVE('',#8417,(#8421,#8428),.PCURVE_S1.);
#8417 = LINE('',#8418,#8419);
#8418 = CARTESIAN_POINT('',(-10.,-100.,-17.));
#8419 = VECTOR('',#8420,1.);
#8420 = DIRECTION('',(0.,1.,0.));
#8421 = PCURVE('',#7709,#8422);
#8422 = DEFINITIONAL_REPRESENTATION('',(#8423),#8427);
#8423 = LINE('',#8424,#8425);
#8424 = CARTESIAN_POINT('',(34.,0.));
#8425 = VECTOR('',#8426,1.);
#8426 = DIRECTION('',(0.,-1.));
#8427 = ( GEOMETRIC_REPRESENTATION_CONTEXT(2) 
PARAMETRIC_REPRESENTATION_CONTEXT() REPRESENTATION_CONTEXT('2D SPACE',''
  ) );
#8428 = PCURVE('',#7682,#8429);
#8429 = DEFINITIONAL_REPRESENTATION('',(#8430),#8434);
#8430 = LINE('',#8431,#8432);
#8431 = CARTESIAN_POINT('',(0.,0.));
#8432 = VECTOR('',#8433,1.);
#8433 = DIRECTION('',(0.,-1.));
#8434 = ( GEOMETRIC_REPRESENTATION_CONTEXT(2) 
PARAMETRIC_REPRESENTATION_CONTEXT() REPRESENTATION_CONTEXT('2D SPACE',''
  ) );
#8435 = ORIENTED_EDGE('',*,*,#8111,.T.);
#8436 = ORIENTED_EDGE('',*,*,#8391,.T.);
#8437 = ORIENTED_EDGE('',*,*,#7694,.T.);
#8438 = ADVANCED_FACE('',(#8439),#7682,.T.);
#8439 = FACE_BOUND('',#8440,.T.);
#8440 = EDGE_LOOP('',(#8441,#8442,#8443,#8444));
#8441 = ORIENTED_EDGE('',*,*,#8132,.F.);
#8442 = ORIENTED_EDGE('',*,*,#8415,.T.);
#8443 = ORIENTED_EDGE('',*,*,#7661,.T.);
#8444 = ORIENTED_EDGE('',*,*,#8445,.F.);
#8445 = EDGE_CURVE('',#8133,#7636,#8446,.T.);
#8446 = SURFACE_CURVE('',#8447,(#8451,#8458),.PCURVE_S1.);
#8447 = LINE('',#8448,#8449);
#8448 = CARTESIAN_POINT('',(-7.,-100.,-20.));
#8449 = VECTOR('',#8450,1.);
#8450 = DIRECTION('',(0.,1.,0.));
#8451 = PCURVE('',#7682,#8452);
#8452 = DEFINITIONAL_REPRESENTATION('',(#8453),#8457);
#8453 = LINE('',#8454,#8455);
#8454 = CARTESIAN_POINT('',(1.570796326795,0.));
#8455 = VECTOR('',#8456,1.);
#8456 = DIRECTION('',(0.,-1.));
#8457 = ( GEOMETRIC_REPRESENTATION_CONTEXT(2) 
PARAMETRIC_REPRESENTATION_CONTEXT() REPRESENTATION_CONTEXT('2D SPACE',''
  ) );
#8458 = PCURVE('',#7650,#8459);
#8459 = DEFINITIONAL_REPRESENTATION('',(#8460),#8464);
#8460 = LINE('',#8461,#8462);
#8461 = CARTESIAN_POINT('',(0.,0.));
#8462 = VECTOR('',#8463,1.);
#8463 = DIRECTION('',(0.,-1.));
#8464 = ( GEOMETRIC_REPRESENTATION_CONTEXT(2) 
PARAMETRIC_REPRESENTATION_CONTEXT() REPRESENTATION_CONTEXT('2D SPACE',''
  ) );
#8465 = ADVANCED_FACE('',(#8466),#7650,.T.);
#8466 = FACE_BOUND('',#8467,.T.);
#8467 = EDGE_LOOP('',(#8468,#8469,#8470,#8471));
#8468 = ORIENTED_EDGE('',*,*,#8038,.F.);
#8469 = ORIENTED_EDGE('',*,*,#8156,.T.);
#8470 = ORIENTED_EDGE('',*,*,#8445,.T.);
#8471 = ORIENTED_EDGE('',*,*,#7635,.T.);
#8472 = ADVANCED_FACE('',(#8473),#7792,.F.);
#8473 = FACE_BOUND('',#8474,.F.);
#8474 = EDGE_LOOP('',(#8475,#8496,#8497,#8518));
#8475 = ORIENTED_EDGE('',*,*,#8476,.F.);
#8476 = EDGE_CURVE('',#8179,#7778,#8477,.T.);
#8477 = SURFACE_CURVE('',#8478,(#8482,#8489),.PCURVE_S1.);
#8478 = LINE('',#8479,#8480);
#8479 = CARTESIAN_POINT('',(8.5,-100.,17.));
#8480 = VECTOR('',#8481,1.);
#8481 = DIRECTION('',(0.,1.,0.));
#8482 = PCURVE('',#7792,#8483);
#8483 = DEFINITIONAL_REPRESENTATION('',(#8484),#8488);
#8484 = LINE('',#8485,#8486);
#8485 = CARTESIAN_POINT('',(34.,0.));
#8486 = VECTOR('',#8487,1.);
#8487 = DIRECTION('',(0.,-1.));
#8488 = ( GEOMETRIC_REPRESENTATION_CONTEXT(2) 
PARAMETRIC_REPRESENTATION_CONTEXT() REPRESENTATION_CONTEXT('2D SPACE',''
  ) );
#8489 = PCURVE('',#7824,#8490);
#8490 = DEFINITIONAL_REPRESENTATION('',(#8491),#8495);
#8491 = LINE('',#8492,#8493);
#8492 = CARTESIAN_POINT('',(0.,0.));
#8493 = VECTOR('',#8494,1.);
#8494 = DIRECTION('',(0.,-1.));
#8495 = ( GEOMETRIC_REPRESENTATION_CONTEXT(2) 
PARAMETRIC_REPRESENTATION_CONTEXT() REPRESENTATION_CONTEXT('2D SPACE',''
  ) );
#8496 = ORIENTED_EDGE('',*,*,#8204,.T.);
#8497 = ORIENTED_EDGE('',*,*,#8498,.T.);
#8498 = EDGE_CURVE('',#8205,#7776,#8499,.T.);
#8499 = SURFACE_CURVE('',#8500,(#8504,#8511),.PCURVE_S1.);
#8500 = LINE('',#8501,#8502);
#8501 = CARTESIAN_POINT('',(8.5,-100.,-17.));
#8502 = VECTOR('',#8503,1.);
#8503 = DIRECTION('',(0.,1.,0.));
#8504 = PCURVE('',#7792,#8505);
#8505 = DEFINITIONAL_REPRESENTATION('',(#8506),#8510);
#8506 = LINE('',#8507,#8508);
#8507 = CARTESIAN_POINT('',(0.,0.));
#8508 = VECTOR('',#8509,1.);
#8509 = DIRECTION('',(0.,-1.));
#8510 = ( GEOMETRIC_REPRESENTATION_CONTEXT(2) 
PARAMETRIC_REPRESENTATION_CONTEXT() REPRESENTATION_CONTEXT('2D SPACE',''
  ) );
#8511 = PCURVE('',#7999,#8512);
#8512 = DEFINITIONAL_REPRESENTATION('',(#8513),#8517);
#8513 = LINE('',#8514,#8515);
#8514 = CARTESIAN_POINT('',(1.570796326795,0.));
#8515 = VECTOR('',#8516,1.);
#8516 = DIRECTION('',(0.,-1.));
#8517 = ( GEOMETRIC_REPRESENTATION_CONTEXT(2) 
PARAMETRIC_REPRESENTATION_CONTEXT() REPRESENTATION_CONTEXT('2D SPACE',''
  ) );
#8518 = ORIENTED_EDGE('',*,*,#7775,.T.);
#8519 = ADVANCED_FACE('',(#8520),#7999,.F.);
#8520 = FACE_BOUND('',#8521,.F.);
#8521 = EDGE_LOOP('',(#8522,#8523,#8544,#8545));
#8522 = ORIENTED_EDGE('',*,*,#8225,.F.);
#8523 = ORIENTED_EDGE('',*,*,#8524,.T.);
#8524 = EDGE_CURVE('',#8226,#7955,#8525,.T.);
#8525 = SURFACE_CURVE('',#8526,(#8530,#8537),.PCURVE_S1.);
#8526 = LINE('',#8527,#8528);
#8527 = CARTESIAN_POINT('',(7.,-100.,-18.5));
#8528 = VECTOR('',#8529,1.);
#8529 = DIRECTION('',(0.,1.,0.));
#8530 = PCURVE('',#7999,#8531);
#8531 = DEFINITIONAL_REPRESENTATION('',(#8532),#8536);
#8532 = LINE('',#8533,#8534);
#8533 = CARTESIAN_POINT('',(0.,0.));
#8534 = VECTOR('',#8535,1.);
#8535 = DIRECTION('',(0.,-1.));
#8536 = ( GEOMETRIC_REPRESENTATION_CONTEXT(2) 
PARAMETRIC_REPRESENTATION_CONTEXT() REPRESENTATION_CONTEXT('2D SPACE',''
  ) );
#8537 = PCURVE('',#7969,#8538);
#8538 = DEFINITIONAL_REPRESENTATION('',(#8539),#8543);
#8539 = LINE('',#8540,#8541);
#8540 = CARTESIAN_POINT('',(14.,0.));
#8541 = VECTOR('',#8542,1.);
#8542 = DIRECTION('',(0.,-1.));
#8543 = ( GEOMETRIC_REPRESENTATION_CONTEXT(2) 
PARAMETRIC_REPRESENTATION_CONTEXT() REPRESENTATION_CONTEXT('2D SPACE',''
  ) );
#8544 = ORIENTED_EDGE('',*,*,#7980,.T.);
#8545 = ORIENTED_EDGE('',*,*,#8498,.F.);
#8546 = ADVANCED_FACE('',(#8547),#7969,.F.);
#8547 = FACE_BOUND('',#8548,.F.);
#8548 = EDGE_LOOP('',(#8549,#8550,#8551,#8572));
#8549 = ORIENTED_EDGE('',*,*,#8524,.F.);
#8550 = ORIENTED_EDGE('',*,*,#8249,.T.);
#8551 = ORIENTED_EDGE('',*,*,#8552,.T.);
#8552 = EDGE_CURVE('',#8250,#7922,#8553,.T.);
#8553 = SURFACE_CURVE('',#8554,(#8558,#8565),.PCURVE_S1.);
#8554 = LINE('',#8555,#8556);
#8555 = CARTESIAN_POINT('',(-7.,-100.,-18.5));
#8556 = VECTOR('',#8557,1.);
#8557 = DIRECTION('',(0.,1.,0.));
#8558 = PCURVE('',#7969,#8559);
#8559 = DEFINITIONAL_REPRESENTATION('',(#8560),#8564);
#8560 = LINE('',#8561,#8562);
#8561 = CARTESIAN_POINT('',(0.,0.));
#8562 = VECTOR('',#8563,1.);
#8563 = DIRECTION('',(0.,-1.));
#8564 = ( GEOMETRIC_REPRESENTATION_CONTEXT(2) 
PARAMETRIC_REPRESENTATION_CONTEXT() REPRESENTATION_CONTEXT('2D SPACE',''
  ) );
#8565 = PCURVE('',#7942,#8566);
#8566 = DEFINITIONAL_REPRESENTATION('',(#8567),#8571);
#8567 = LINE('',#8568,#8569);
#8568 = CARTESIAN_POINT('',(1.570796326795,0.));
#8569 = VECTOR('',#8570,1.);
#8570 = DIRECTION('',(0.,-1.));
#8571 = ( GEOMETRIC_REPRESENTATION_CONTEXT(2) 
PARAMETRIC_REPRESENTATION_CONTEXT() REPRESENTATION_CONTEXT('2D SPACE',''
  ) );
#8572 = ORIENTED_EDGE('',*,*,#7954,.T.);
#8573 = ADVANCED_FACE('',(#8574),#7942,.F.);
#8574 = FACE_BOUND('',#8575,.F.);
#8575 = EDGE_LOOP('',(#8576,#8577,#8598,#8599));
#8576 = ORIENTED_EDGE('',*,*,#8270,.F.);
#8577 = ORIENTED_EDGE('',*,*,#8578,.T.);
#8578 = EDGE_CURVE('',#8271,#7896,#8579,.T.);
#8579 = SURFACE_CURVE('',#8580,(#8584,#8591),.PCURVE_S1.);
#8580 = LINE('',#8581,#8582);
#8581 = CARTESIAN_POINT('',(-8.5,-100.,-17.));
#8582 = VECTOR('',#8583,1.);
#8583 = DIRECTION('',(0.,1.,0.));
#8584 = PCURVE('',#7942,#8585);
#8585 = DEFINITIONAL_REPRESENTATION('',(#8586),#8590);
#8586 = LINE('',#8587,#8588);
#8587 = CARTESIAN_POINT('',(0.,0.));
#8588 = VECTOR('',#8589,1.);
#8589 = DIRECTION('',(0.,-1.));
#8590 = ( GEOMETRIC_REPRESENTATION_CONTEXT(2) 
PARAMETRIC_REPRESENTATION_CONTEXT() REPRESENTATION_CONTEXT('2D SPACE',''
  ) );
#8591 = PCURVE('',#7910,#8592);
#8592 = DEFINITIONAL_REPRESENTATION('',(#8593),#8597);
#8593 = LINE('',#8594,#8595);
#8594 = CARTESIAN_POINT('',(34.,0.));
#8595 = VECTOR('',#8596,1.);
#8596 = DIRECTION('',(0.,-1.));
#8597 = ( GEOMETRIC_REPRESENTATION_CONTEXT(2) 
PARAMETRIC_REPRESENTATION_CONTEXT() REPRESENTATION_CONTEXT('2D SPACE',''
  ) );
#8598 = ORIENTED_EDGE('',*,*,#7921,.T.);
#8599 = ORIENTED_EDGE('',*,*,#8552,.F.);
#8600 = ADVANCED_FACE('',(#8601),#7910,.F.);
#8601 = FACE_BOUND('',#8602,.F.);
#8602 = EDGE_LOOP('',(#8603,#8604,#8605,#8626));
#8603 = ORIENTED_EDGE('',*,*,#8578,.F.);
#8604 = ORIENTED_EDGE('',*,*,#8294,.T.);
#8605 = ORIENTED_EDGE('',*,*,#8606,.T.);
#8606 = EDGE_CURVE('',#8295,#7863,#8607,.T.);
#8607 = SURFACE_CURVE('',#8608,(#8612,#8619),.PCURVE_S1.);
#8608 = LINE('',#8609,#8610);
#8609 = CARTESIAN_POINT('',(-8.5,-100.,17.));
#8610 = VECTOR('',#8611,1.);
#8611 = DIRECTION('',(0.,1.,0.));
#8612 = PCURVE('',#7910,#8613);
#8613 = DEFINITIONAL_REPRESENTATION('',(#8614),#8618);
#8614 = LINE('',#8615,#8616);
#8615 = CARTESIAN_POINT('',(0.,-0.));
#8616 = VECTOR('',#8617,1.);
#8617 = DIRECTION('',(0.,-1.));
#8618 = ( GEOMETRIC_REPRESENTATION_CONTEXT(2) 
PARAMETRIC_REPRESENTATION_CONTEXT() REPRESENTATION_CONTEXT('2D SPACE',''
  ) );
#8619 = PCURVE('',#7883,#8620);
#8620 = DEFINITIONAL_REPRESENTATION('',(#8621),#8625);
#8621 = LINE('',#8622,#8623);
#8622 = CARTESIAN_POINT('',(1.570796326795,0.));
#8623 = VECTOR('',#8624,1.);
#8624 = DIRECTION('',(0.,-1.));
#8625 = ( GEOMETRIC_REPRESENTATION_CONTEXT(2) 
PARAMETRIC_REPRESENTATION_CONTEXT() REPRESENTATION_CONTEXT('2D SPACE',''
  ) );
#8626 = ORIENTED_EDGE('',*,*,#7895,.T.);
#8627 = ADVANCED_FACE('',(#8628),#7883,.F.);
#8628 = FACE_BOUND('',#8629,.F.);
#8629 = EDGE_LOOP('',(#8630,#8631,#8652,#8653));
#8630 = ORIENTED_EDGE('',*,*,#8315,.F.);
#8631 = ORIENTED_EDGE('',*,*,#8632,.T.);
#8632 = EDGE_CURVE('',#8316,#7837,#8633,.T.);
#8633 = SURFACE_CURVE('',#8634,(#8638,#8645),.PCURVE_S1.);
#8634 = LINE('',#8635,#8636);
#8635 = CARTESIAN_POINT('',(-7.,-100.,18.5));
#8636 = VECTOR('',#8637,1.);
#8637 = DIRECTION('',(0.,1.,0.));
#8638 = PCURVE('',#7883,#8639);
#8639 = DEFINITIONAL_REPRESENTATION('',(#8640),#8644);
#8640 = LINE('',#8641,#8642);
#8641 = CARTESIAN_POINT('',(0.,0.));
#8642 = VECTOR('',#8643,1.);
#8643 = DIRECTION('',(0.,-1.));
#8644 = ( GEOMETRIC_REPRESENTATION_CONTEXT(2) 
PARAMETRIC_REPRESENTATION_CONTEXT() REPRESENTATION_CONTEXT('2D SPACE',''
  ) );
#8645 = PCURVE('',#7851,#8646);
#8646 = DEFINITIONAL_REPRESENTATION('',(#8647),#8651);
#8647 = LINE('',#8648,#8649);
#8648 = CARTESIAN_POINT('',(14.,0.));
#8649 = VECTOR('',#8650,1.);
#8650 = DIRECTION('',(0.,-1.));
#8651 = ( GEOMETRIC_REPRESENTATION_CONTEXT(2) 
PARAMETRIC_REPRESENTATION_CONTEXT() REPRESENTATION_CONTEXT('2D SPACE',''
  ) );
#8652 = ORIENTED_EDGE('',*,*,#7862,.T.);
#8653 = ORIENTED_EDGE('',*,*,#8606,.F.);
#8654 = ADVANCED_FACE('',(#8655),#7851,.F.);
#8655 = FACE_BOUND('',#8656,.F.);
#8656 = EDGE_LOOP('',(#8657,#8658,#8659,#8680));
#8657 = ORIENTED_EDGE('',*,*,#8632,.F.);
#8658 = ORIENTED_EDGE('',*,*,#8339,.T.);
#8659 = ORIENTED_EDGE('',*,*,#8660,.T.);
#8660 = EDGE_CURVE('',#8181,#7804,#8661,.T.);
#8661 = SURFACE_CURVE('',#8662,(#8666,#8673),.PCURVE_S1.);
#8662 = LINE('',#8663,#8664);
#8663 = CARTESIAN_POINT('',(7.,-100.,18.5));
#8664 = VECTOR('',#8665,1.);
#8665 = DIRECTION('',(0.,1.,0.));
#8666 = PCURVE('',#7851,#8667);
#8667 = DEFINITIONAL_REPRESENTATION('',(#8668),#8672);
#8668 = LINE('',#8669,#8670);
#8669 = CARTESIAN_POINT('',(0.,0.));
#8670 = VECTOR('',#8671,1.);
#8671 = DIRECTION('',(0.,-1.));
#8672 = ( GEOMETRIC_REPRESENTATION_CONTEXT(2) 
PARAMETRIC_REPRESENTATION_CONTEXT() REPRESENTATION_CONTEXT('2D SPACE',''
  ) );
#8673 = PCURVE('',#7824,#8674);
#8674 = DEFINITIONAL_REPRESENTATION('',(#8675),#8679);
#8675 = LINE('',#8676,#8677);
#8676 = CARTESIAN_POINT('',(1.570796326795,0.));
#8677 = VECTOR('',#8678,1.);
#8678 = DIRECTION('',(0.,-1.));
#8679 = ( GEOMETRIC_REPRESENTATION_CONTEXT(2) 
PARAMETRIC_REPRESENTATION_CONTEXT() REPRESENTATION_CONTEXT('2D SPACE',''
  ) );
#8680 = ORIENTED_EDGE('',*,*,#7836,.T.);
#8681 = ADVANCED_FACE('',(#8682),#7824,.F.);
#8682 = FACE_BOUND('',#8683,.F.);
#8683 = EDGE_LOOP('',(#8684,#8685,#8686,#8687));
#8684 = ORIENTED_EDGE('',*,*,#8178,.F.);
#8685 = ORIENTED_EDGE('',*,*,#8476,.T.);
#8686 = ORIENTED_EDGE('',*,*,#7803,.T.);
#8687 = ORIENTED_EDGE('',*,*,#8660,.F.);
#8688 = ( GEOMETRIC_REPRESENTATION_CONTEXT(3) 
GLOBAL_UNCERTAINTY_ASSIGNED_CONTEXT((#8692)) 
GLOBAL_UNIT_ASSIGNED_CONTEXT((#8689,#8690,#8691)) REPRESENTATION_CONTEXT
('Context #1','3D Context with UNIT and UNCERTAINTY') );
#8689 = ( LENGTH_UNIT() NAMED_UNIT(*) SI_UNIT(.MILLI.,.METRE.) );
#8690 = ( NAMED_UNIT(*) PLANE_ANGLE_UNIT() SI_UNIT($,.RADIAN.) );
#8691 = ( NAMED_UNIT(*) SI_UNIT($,.STERADIAN.) SOLID_ANGLE_UNIT() );
#8692 = UNCERTAINTY_MEASURE_WITH_UNIT(LENGTH_MEASURE(2.E-07),#8689,
  'distance_accuracy_value','confusion accuracy');
#8693 = CONTEXT_DEPENDENT_SHAPE_REPRESENTATION(#8694,#8696);
#8694 = ( REPRESENTATION_RELATIONSHIP('','',#7401,#10) 
REPRESENTATION_RELATIONSHIP_WITH_TRANSFORMATION(#8695) 
SHAPE_REPRESENTATION_RELATIONSHIP() );
#8695 = ITEM_DEFINED_TRANSFORMATION('','',#11,#35);
#8696 = PRODUCT_DEFINITION_SHAPE('Placement','Placement of an item',
  #8697);
#8697 = NEXT_ASSEMBLY_USAGE_OCCURRENCE('22','\X2\0414043504420430043B044C\X0\ 6','',#5,#7396
  ,$);
#8698 = PRODUCT_RELATED_PRODUCT_CATEGORY('part',$,(#7398));
#8699 = SHAPE_DEFINITION_REPRESENTATION(#8700,#8706);
#8700 = PRODUCT_DEFINITION_SHAPE('','',#8701);
#8701 = PRODUCT_DEFINITION('design','',#8702,#8705);
#8702 = PRODUCT_DEFINITION_FORMATION('','',#8703);
#8703 = PRODUCT('\X2\0414043504420430043B044C\X0\ 7 40\X2\0445\X0\20\X2\0445\X0\1,5 L=300 (4 \X2\044804420443043A0438\X0\)',
  '\X2\0414043504420430043B044C\X0\ 7 40\X2\0445\X0\20\X2\0445\X0\1,5 L=300 (4 \X2\044804420443043A0438\X0\)','',(#8704));
#8704 = PRODUCT_CONTEXT('',#2,'mechanical');
#8705 = PRODUCT_DEFINITION_CONTEXT('part definition',#2,'design');
#8706 = ADVANCED_BREP_SHAPE_REPRESENTATION('',(#11,#8707),#10825);
#8707 = MANIFOLD_SOLID_BREP('',#8708);
#8708 = CLOSED_SHELL('',(#8709,#9037,#9125,#9540,#9895,#9922,#9991,
    #10038,#10085,#10110,#10179,#10226,#10273,#10298,#10325,#10352,
    #10379,#10476,#10483,#10530,#10557,#10584,#10671,#10698,#10725,
    #10752,#10771,#10798));
#8709 = ADVANCED_FACE('',(#8710,#8825,#8931),#8724,.T.);
#8710 = FACE_BOUND('',#8711,.T.);
#8711 = EDGE_LOOP('',(#8712,#8747,#8773,#8801));
#8712 = ORIENTED_EDGE('',*,*,#8713,.F.);
#8713 = EDGE_CURVE('',#8714,#8716,#8718,.T.);
#8714 = VERTEX_POINT('',#8715);
#8715 = CARTESIAN_POINT('',(10.,-8.526512829121E-14,17.));
#8716 = VERTEX_POINT('',#8717);
#8717 = CARTESIAN_POINT('',(10.,300.,17.));
#8718 = SURFACE_CURVE('',#8719,(#8723,#8735),.PCURVE_S1.);
#8719 = LINE('',#8720,#8721);
#8720 = CARTESIAN_POINT('',(10.,-100.,17.));
#8721 = VECTOR('',#8722,1.);
#8722 = DIRECTION('',(0.,1.,0.));
#8723 = PCURVE('',#8724,#8729);
#8724 = PLANE('',#8725);
#8725 = AXIS2_PLACEMENT_3D('',#8726,#8727,#8728);
#8726 = CARTESIAN_POINT('',(10.,-100.,-17.));
#8727 = DIRECTION('',(1.,0.,0.));
#8728 = DIRECTION('',(0.,0.,1.));
#8729 = DEFINITIONAL_REPRESENTATION('',(#8730),#8734);
#8730 = LINE('',#8731,#8732);
#8731 = CARTESIAN_POINT('',(34.,0.));
#8732 = VECTOR('',#8733,1.);
#8733 = DIRECTION('',(0.,-1.));
#8734 = ( GEOMETRIC_REPRESENTATION_CONTEXT(2) 
PARAMETRIC_REPRESENTATION_CONTEXT() REPRESENTATION_CONTEXT('2D SPACE',''
  ) );
#8735 = PCURVE('',#8736,#8741);
#8736 = CYLINDRICAL_SURFACE('',#8737,3.);
#8737 = AXIS2_PLACEMENT_3D('',#8738,#8739,#8740);
#8738 = CARTESIAN_POINT('',(7.,-100.,17.));
#8739 = DIRECTION('',(0.,-1.,0.));
#8740 = DIRECTION('',(1.,0.,0.));
#8741 = DEFINITIONAL_REPRESENTATION('',(#8742),#8746);
#8742 = LINE('',#8743,#8744);
#8743 = CARTESIAN_POINT('',(0.,0.));
#8744 = VECTOR('',#8745,1.);
#8745 = DIRECTION('',(0.,-1.));
#8746 = ( GEOMETRIC_REPRESENTATION_CONTEXT(2) 
PARAMETRIC_REPRESENTATION_CONTEXT() REPRESENTATION_CONTEXT('2D SPACE',''
  ) );
#8747 = ORIENTED_EDGE('',*,*,#8748,.T.);
#8748 = EDGE_CURVE('',#8714,#8749,#8751,.T.);
#8749 = VERTEX_POINT('',#8750);
#8750 = CARTESIAN_POINT('',(10.,-8.526512829121E-14,-17.));
#8751 = SURFACE_CURVE('',#8752,(#8756,#8762),.PCURVE_S1.);
#8752 = LINE('',#8753,#8754);
#8753 = CARTESIAN_POINT('',(10.,1.989519660128E-13,4.9915E+03));
#8754 = VECTOR('',#8755,1.);
#8755 = DIRECTION('',(0.,-0.,-1.));
#8756 = PCURVE('',#8724,#8757);
#8757 = DEFINITIONAL_REPRESENTATION('',(#8758),#8761);
#8758 = B_SPLINE_CURVE_WITH_KNOTS('',1,(#8759,#8760),.UNSPECIFIED.,.F.,
  .F.,(2,2),(4.9745E+03,5.0085E+03),.PIECEWISE_BEZIER_KNOTS.);
#8759 = CARTESIAN_POINT('',(34.,-100.));
#8760 = CARTESIAN_POINT('',(0.,-100.));
#8761 = ( GEOMETRIC_REPRESENTATION_CONTEXT(2) 
PARAMETRIC_REPRESENTATION_CONTEXT() REPRESENTATION_CONTEXT('2D SPACE',''
  ) );
#8762 = PCURVE('',#8763,#8768);
#8763 = PLANE('',#8764);
#8764 = AXIS2_PLACEMENT_3D('',#8765,#8766,#8767);
#8765 = CARTESIAN_POINT('',(-9.109215051751E+03,4.103646773288E+03,
    1.E+04));
#8766 = DIRECTION('',(-0.410364677329,-0.911921505175,0.));
#8767 = DIRECTION('',(0.,0.,-1.));
#8768 = DEFINITIONAL_REPRESENTATION('',(#8769),#8772);
#8769 = B_SPLINE_CURVE_WITH_KNOTS('',1,(#8770,#8771),.UNSPECIFIED.,.F.,
  .F.,(2,2),(4.9745E+03,5.0085E+03),.PIECEWISE_BEZIER_KNOTS.);
#8770 = CARTESIAN_POINT('',(9.983E+03,1.E+04));
#8771 = CARTESIAN_POINT('',(1.0017E+04,1.E+04));
#8772 = ( GEOMETRIC_REPRESENTATION_CONTEXT(2) 
PARAMETRIC_REPRESENTATION_CONTEXT() REPRESENTATION_CONTEXT('2D SPACE',''
  ) );
#8773 = ORIENTED_EDGE('',*,*,#8774,.T.);
#8774 = EDGE_CURVE('',#8749,#8775,#8777,.T.);
#8775 = VERTEX_POINT('',#8776);
#8776 = CARTESIAN_POINT('',(10.,300.,-17.));
#8777 = SURFACE_CURVE('',#8778,(#8782,#8789),.PCURVE_S1.);
#8778 = LINE('',#8779,#8780);
#8779 = CARTESIAN_POINT('',(10.,-100.,-17.));
#8780 = VECTOR('',#8781,1.);
#8781 = DIRECTION('',(0.,1.,0.));
#8782 = PCURVE('',#8724,#8783);
#8783 = DEFINITIONAL_REPRESENTATION('',(#8784),#8788);
#8784 = LINE('',#8785,#8786);
#8785 = CARTESIAN_POINT('',(0.,0.));
#8786 = VECTOR('',#8787,1.);
#8787 = DIRECTION('',(0.,-1.));
#8788 = ( GEOMETRIC_REPRESENTATION_CONTEXT(2) 
PARAMETRIC_REPRESENTATION_CONTEXT() REPRESENTATION_CONTEXT('2D SPACE',''
  ) );
#8789 = PCURVE('',#8790,#8795);
#8790 = CYLINDRICAL_SURFACE('',#8791,3.);
#8791 = AXIS2_PLACEMENT_3D('',#8792,#8793,#8794);
#8792 = CARTESIAN_POINT('',(7.,-100.,-17.));
#8793 = DIRECTION('',(0.,-1.,0.));
#8794 = DIRECTION('',(5.921189464668E-16,0.,-1.));
#8795 = DEFINITIONAL_REPRESENTATION('',(#8796),#8800);
#8796 = LINE('',#8797,#8798);
#8797 = CARTESIAN_POINT('',(1.570796326795,0.));
#8798 = VECTOR('',#8799,1.);
#8799 = DIRECTION('',(0.,-1.));
#8800 = ( GEOMETRIC_REPRESENTATION_CONTEXT(2) 
PARAMETRIC_REPRESENTATION_CONTEXT() REPRESENTATION_CONTEXT('2D SPACE',''
  ) );
#8801 = ORIENTED_EDGE('',*,*,#8802,.T.);
#8802 = EDGE_CURVE('',#8775,#8716,#8803,.T.);
#8803 = SURFACE_CURVE('',#8804,(#8808,#8814),.PCURVE_S1.);
#8804 = LINE('',#8805,#8806);
#8805 = CARTESIAN_POINT('',(10.,300.,-5.0085E+03));
#8806 = VECTOR('',#8807,1.);
#8807 = DIRECTION('',(0.,-0.,1.));
#8808 = PCURVE('',#8724,#8809);
#8809 = DEFINITIONAL_REPRESENTATION('',(#8810),#8813);
#8810 = B_SPLINE_CURVE_WITH_KNOTS('',1,(#8811,#8812),.UNSPECIFIED.,.F.,
  .F.,(2,2),(4.9915E+03,5.0255E+03),.PIECEWISE_BEZIER_KNOTS.);
#8811 = CARTESIAN_POINT('',(0.,-400.));
#8812 = CARTESIAN_POINT('',(34.,-400.));
#8813 = ( GEOMETRIC_REPRESENTATION_CONTEXT(2) 
PARAMETRIC_REPRESENTATION_CONTEXT() REPRESENTATION_CONTEXT('2D SPACE',''
  ) );
#8814 = PCURVE('',#8815,#8820);
#8815 = PLANE('',#8816);
#8816 = AXIS2_PLACEMENT_3D('',#8817,#8818,#8819);
#8817 = CARTESIAN_POINT('',(-9.109215051751E+03,-3.803646773288E+03,
    -1.E+04));
#8818 = DIRECTION('',(-0.410364677329,0.911921505175,0.));
#8819 = DIRECTION('',(0.,0.,1.));
#8820 = DEFINITIONAL_REPRESENTATION('',(#8821),#8824);
#8821 = B_SPLINE_CURVE_WITH_KNOTS('',1,(#8822,#8823),.UNSPECIFIED.,.F.,
  .F.,(2,2),(4.9915E+03,5.0255E+03),.PIECEWISE_BEZIER_KNOTS.);
#8822 = CARTESIAN_POINT('',(9.983E+03,1.E+04));
#8823 = CARTESIAN_POINT('',(1.0017E+04,1.E+04));
#8824 = ( GEOMETRIC_REPRESENTATION_CONTEXT(2) 
PARAMETRIC_REPRESENTATION_CONTEXT() REPRESENTATION_CONTEXT('2D SPACE',''
  ) );
#8825 = FACE_BOUND('',#8826,.T.);
#8826 = EDGE_LOOP('',(#8827,#8855,#8881,#8907));
#8827 = ORIENTED_EDGE('',*,*,#8828,.T.);
#8828 = EDGE_CURVE('',#8829,#8831,#8833,.T.);
#8829 = VERTEX_POINT('',#8830);
#8830 = CARTESIAN_POINT('',(10.,264.5,-3.5));
#8831 = VERTEX_POINT('',#8832);
#8832 = CARTESIAN_POINT('',(10.,257.5,-3.5));
#8833 = SURFACE_CURVE('',#8834,(#8838,#8844),.PCURVE_S1.);
#8834 = LINE('',#8835,#8836);
#8835 = CARTESIAN_POINT('',(10.,78.75,-3.5));
#8836 = VECTOR('',#8837,1.);
#8837 = DIRECTION('',(0.,-1.,0.));
#8838 = PCURVE('',#8724,#8839);
#8839 = DEFINITIONAL_REPRESENTATION('',(#8840),#8843);
#8840 = B_SPLINE_CURVE_WITH_KNOTS('',1,(#8841,#8842),.UNSPECIFIED.,.F.,
  .F.,(2,2),(-185.75,-178.75),.PIECEWISE_BEZIER_KNOTS.);
#8841 = CARTESIAN_POINT('',(13.5,-364.5));
#8842 = CARTESIAN_POINT('',(13.5,-357.5));
#8843 = ( GEOMETRIC_REPRESENTATION_CONTEXT(2) 
PARAMETRIC_REPRESENTATION_CONTEXT() REPRESENTATION_CONTEXT('2D SPACE',''
  ) );
#8844 = PCURVE('',#8845,#8850);
#8845 = PLANE('',#8846);
#8846 = AXIS2_PLACEMENT_3D('',#8847,#8848,#8849);
#8847 = CARTESIAN_POINT('',(5.,257.5,-3.5));
#8848 = DIRECTION('',(0.,0.,1.));
#8849 = DIRECTION('',(1.,0.,-0.));
#8850 = DEFINITIONAL_REPRESENTATION('',(#8851),#8854);
#8851 = B_SPLINE_CURVE_WITH_KNOTS('',1,(#8852,#8853),.UNSPECIFIED.,.F.,
  .F.,(2,2),(-185.75,-178.75),.PIECEWISE_BEZIER_KNOTS.);
#8852 = CARTESIAN_POINT('',(5.,7.));
#8853 = CARTESIAN_POINT('',(5.,0.));
#8854 = ( GEOMETRIC_REPRESENTATION_CONTEXT(2) 
PARAMETRIC_REPRESENTATION_CONTEXT() REPRESENTATION_CONTEXT('2D SPACE',''
  ) );
#8855 = ORIENTED_EDGE('',*,*,#8856,.T.);
#8856 = EDGE_CURVE('',#8831,#8857,#8859,.T.);
#8857 = VERTEX_POINT('',#8858);
#8858 = CARTESIAN_POINT('',(10.,257.5,3.5));
#8859 = SURFACE_CURVE('',#8860,(#8864,#8870),.PCURVE_S1.);
#8860 = LINE('',#8861,#8862);
#8861 = CARTESIAN_POINT('',(10.,257.5,-10.25));
#8862 = VECTOR('',#8863,1.);
#8863 = DIRECTION('',(0.,-0.,1.));
#8864 = PCURVE('',#8724,#8865);
#8865 = DEFINITIONAL_REPRESENTATION('',(#8866),#8869);
#8866 = B_SPLINE_CURVE_WITH_KNOTS('',1,(#8867,#8868),.UNSPECIFIED.,.F.,
  .F.,(2,2),(6.75,13.75),.PIECEWISE_BEZIER_KNOTS.);
#8867 = CARTESIAN_POINT('',(13.5,-357.5));
#8868 = CARTESIAN_POINT('',(20.5,-357.5));
#8869 = ( GEOMETRIC_REPRESENTATION_CONTEXT(2) 
PARAMETRIC_REPRESENTATION_CONTEXT() REPRESENTATION_CONTEXT('2D SPACE',''
  ) );
#8870 = PCURVE('',#8871,#8876);
#8871 = PLANE('',#8872);
#8872 = AXIS2_PLACEMENT_3D('',#8873,#8874,#8875);
#8873 = CARTESIAN_POINT('',(5.,257.5,-3.5));
#8874 = DIRECTION('',(-0.,1.,0.));
#8875 = DIRECTION('',(0.,0.,1.));
#8876 = DEFINITIONAL_REPRESENTATION('',(#8877),#8880);
#8877 = B_SPLINE_CURVE_WITH_KNOTS('',1,(#8878,#8879),.UNSPECIFIED.,.F.,
  .F.,(2,2),(6.75,13.75),.PIECEWISE_BEZIER_KNOTS.);
#8878 = CARTESIAN_POINT('',(0.,5.));
#8879 = CARTESIAN_POINT('',(7.,5.));
#8880 = ( GEOMETRIC_REPRESENTATION_CONTEXT(2) 
PARAMETRIC_REPRESENTATION_CONTEXT() REPRESENTATION_CONTEXT('2D SPACE',''
  ) );
#8881 = ORIENTED_EDGE('',*,*,#8882,.F.);
#8882 = EDGE_CURVE('',#8883,#8857,#8885,.T.);
#8883 = VERTEX_POINT('',#8884);
#8884 = CARTESIAN_POINT('',(10.,264.5,3.5));
#8885 = SURFACE_CURVE('',#8886,(#8890,#8896),.PCURVE_S1.);
#8886 = LINE('',#8887,#8888);
#8887 = CARTESIAN_POINT('',(10.,78.75,3.5));
#8888 = VECTOR('',#8889,1.);
#8889 = DIRECTION('',(0.,-1.,0.));
#8890 = PCURVE('',#8724,#8891);
#8891 = DEFINITIONAL_REPRESENTATION('',(#8892),#8895);
#8892 = B_SPLINE_CURVE_WITH_KNOTS('',1,(#8893,#8894),.UNSPECIFIED.,.F.,
  .F.,(2,2),(-185.75,-178.75),.PIECEWISE_BEZIER_KNOTS.);
#8893 = CARTESIAN_POINT('',(20.5,-364.5));
#8894 = CARTESIAN_POINT('',(20.5,-357.5));
#8895 = ( GEOMETRIC_REPRESENTATION_CONTEXT(2) 
PARAMETRIC_REPRESENTATION_CONTEXT() REPRESENTATION_CONTEXT('2D SPACE',''
  ) );
#8896 = PCURVE('',#8897,#8902);
#8897 = PLANE('',#8898);
#8898 = AXIS2_PLACEMENT_3D('',#8899,#8900,#8901);
#8899 = CARTESIAN_POINT('',(5.,257.5,3.5));
#8900 = DIRECTION('',(0.,0.,1.));
#8901 = DIRECTION('',(1.,0.,-0.));
#8902 = DEFINITIONAL_REPRESENTATION('',(#8903),#8906);
#8903 = B_SPLINE_CURVE_WITH_KNOTS('',1,(#8904,#8905),.UNSPECIFIED.,.F.,
  .F.,(2,2),(-185.75,-178.75),.PIECEWISE_BEZIER_KNOTS.);
#8904 = CARTESIAN_POINT('',(5.,7.));
#8905 = CARTESIAN_POINT('',(5.,0.));
#8906 = ( GEOMETRIC_REPRESENTATION_CONTEXT(2) 
PARAMETRIC_REPRESENTATION_CONTEXT() REPRESENTATION_CONTEXT('2D SPACE',''
  ) );
#8907 = ORIENTED_EDGE('',*,*,#8908,.F.);
#8908 = EDGE_CURVE('',#8829,#8883,#8909,.T.);
#8909 = SURFACE_CURVE('',#8910,(#8914,#8920),.PCURVE_S1.);
#8910 = LINE('',#8911,#8912);
#8911 = CARTESIAN_POINT('',(10.,264.5,-10.25));
#8912 = VECTOR('',#8913,1.);
#8913 = DIRECTION('',(0.,-0.,1.));
#8914 = PCURVE('',#8724,#8915);
#8915 = DEFINITIONAL_REPRESENTATION('',(#8916),#8919);
#8916 = B_SPLINE_CURVE_WITH_KNOTS('',1,(#8917,#8918),.UNSPECIFIED.,.F.,
  .F.,(2,2),(6.75,13.75),.PIECEWISE_BEZIER_KNOTS.);
#8917 = CARTESIAN_POINT('',(13.5,-364.5));
#8918 = CARTESIAN_POINT('',(20.5,-364.5));
#8919 = ( GEOMETRIC_REPRESENTATION_CONTEXT(2) 
PARAMETRIC_REPRESENTATION_CONTEXT() REPRESENTATION_CONTEXT('2D SPACE',''
  ) );
#8920 = PCURVE('',#8921,#8926);
#8921 = PLANE('',#8922);
#8922 = AXIS2_PLACEMENT_3D('',#8923,#8924,#8925);
#8923 = CARTESIAN_POINT('',(5.,264.5,-3.5));
#8924 = DIRECTION('',(-0.,1.,0.));
#8925 = DIRECTION('',(0.,0.,1.));
#8926 = DEFINITIONAL_REPRESENTATION('',(#8927),#8930);
#8927 = B_SPLINE_CURVE_WITH_KNOTS('',1,(#8928,#8929),.UNSPECIFIED.,.F.,
  .F.,(2,2),(6.75,13.75),.PIECEWISE_BEZIER_KNOTS.);
#8928 = CARTESIAN_POINT('',(0.,5.));
#8929 = CARTESIAN_POINT('',(7.,5.));
#8930 = ( GEOMETRIC_REPRESENTATION_CONTEXT(2) 
PARAMETRIC_REPRESENTATION_CONTEXT() REPRESENTATION_CONTEXT('2D SPACE',''
  ) );
#8931 = FACE_BOUND('',#8932,.T.);
#8932 = EDGE_LOOP('',(#8933,#8961,#8987,#9013));
#8933 = ORIENTED_EDGE('',*,*,#8934,.T.);
#8934 = EDGE_CURVE('',#8935,#8937,#8939,.T.);
#8935 = VERTEX_POINT('',#8936);
#8936 = CARTESIAN_POINT('',(10.,42.5,-3.5));
#8937 = VERTEX_POINT('',#8938);
#8938 = CARTESIAN_POINT('',(10.,35.5,-3.5));
#8939 = SURFACE_CURVE('',#8940,(#8944,#8950),.PCURVE_S1.);
#8940 = LINE('',#8941,#8942);
#8941 = CARTESIAN_POINT('',(10.,-32.25,-3.5));
#8942 = VECTOR('',#8943,1.);
#8943 = DIRECTION('',(0.,-1.,0.));
#8944 = PCURVE('',#8724,#8945);
#8945 = DEFINITIONAL_REPRESENTATION('',(#8946),#8949);
#8946 = B_SPLINE_CURVE_WITH_KNOTS('',1,(#8947,#8948),.UNSPECIFIED.,.F.,
  .F.,(2,2),(-74.75,-67.75),.PIECEWISE_BEZIER_KNOTS.);
#8947 = CARTESIAN_POINT('',(13.5,-142.5));
#8948 = CARTESIAN_POINT('',(13.5,-135.5));
#8949 = ( GEOMETRIC_REPRESENTATION_CONTEXT(2) 
PARAMETRIC_REPRESENTATION_CONTEXT() REPRESENTATION_CONTEXT('2D SPACE',''
  ) );
#8950 = PCURVE('',#8951,#8956);
#8951 = PLANE('',#8952);
#8952 = AXIS2_PLACEMENT_3D('',#8953,#8954,#8955);
#8953 = CARTESIAN_POINT('',(5.,35.5,-3.5));
#8954 = DIRECTION('',(0.,0.,1.));
#8955 = DIRECTION('',(1.,0.,-0.));
#8956 = DEFINITIONAL_REPRESENTATION('',(#8957),#8960);
#8957 = B_SPLINE_CURVE_WITH_KNOTS('',1,(#8958,#8959),.UNSPECIFIED.,.F.,
  .F.,(2,2),(-74.75,-67.75),.PIECEWISE_BEZIER_KNOTS.);
#8958 = CARTESIAN_POINT('',(5.,7.));
#8959 = CARTESIAN_POINT('',(5.,0.));
#8960 = ( GEOMETRIC_REPRESENTATION_CONTEXT(2) 
PARAMETRIC_REPRESENTATION_CONTEXT() REPRESENTATION_CONTEXT('2D SPACE',''
  ) );
#8961 = ORIENTED_EDGE('',*,*,#8962,.T.);
#8962 = EDGE_CURVE('',#8937,#8963,#8965,.T.);
#8963 = VERTEX_POINT('',#8964);
#8964 = CARTESIAN_POINT('',(10.,35.5,3.5));
#8965 = SURFACE_CURVE('',#8966,(#8970,#8976),.PCURVE_S1.);
#8966 = LINE('',#8967,#8968);
#8967 = CARTESIAN_POINT('',(10.,35.5,-10.25));
#8968 = VECTOR('',#8969,1.);
#8969 = DIRECTION('',(0.,-0.,1.));
#8970 = PCURVE('',#8724,#8971);
#8971 = DEFINITIONAL_REPRESENTATION('',(#8972),#8975);
#8972 = B_SPLINE_CURVE_WITH_KNOTS('',1,(#8973,#8974),.UNSPECIFIED.,.F.,
  .F.,(2,2),(6.75,13.75),.PIECEWISE_BEZIER_KNOTS.);
#8973 = CARTESIAN_POINT('',(13.5,-135.5));
#8974 = CARTESIAN_POINT('',(20.5,-135.5));
#8975 = ( GEOMETRIC_REPRESENTATION_CONTEXT(2) 
PARAMETRIC_REPRESENTATION_CONTEXT() REPRESENTATION_CONTEXT('2D SPACE',''
  ) );
#8976 = PCURVE('',#8977,#8982);
#8977 = PLANE('',#8978);
#8978 = AXIS2_PLACEMENT_3D('',#8979,#8980,#8981);
#8979 = CARTESIAN_POINT('',(5.,35.5,-3.5));
#8980 = DIRECTION('',(-0.,1.,0.));
#8981 = DIRECTION('',(0.,0.,1.));
#8982 = DEFINITIONAL_REPRESENTATION('',(#8983),#8986);
#8983 = B_SPLINE_CURVE_WITH_KNOTS('',1,(#8984,#8985),.UNSPECIFIED.,.F.,
  .F.,(2,2),(6.75,13.75),.PIECEWISE_BEZIER_KNOTS.);
#8984 = CARTESIAN_POINT('',(0.,5.));
#8985 = CARTESIAN_POINT('',(7.,5.));
#8986 = ( GEOMETRIC_REPRESENTATION_CONTEXT(2) 
PARAMETRIC_REPRESENTATION_CONTEXT() REPRESENTATION_CONTEXT('2D SPACE',''
  ) );
#8987 = ORIENTED_EDGE('',*,*,#8988,.F.);
#8988 = EDGE_CURVE('',#8989,#8963,#8991,.T.);
#8989 = VERTEX_POINT('',#8990);
#8990 = CARTESIAN_POINT('',(10.,42.5,3.5));
#8991 = SURFACE_CURVE('',#8992,(#8996,#9002),.PCURVE_S1.);
#8992 = LINE('',#8993,#8994);
#8993 = CARTESIAN_POINT('',(10.,-32.25,3.5));
#8994 = VECTOR('',#8995,1.);
#8995 = DIRECTION('',(0.,-1.,0.));
#8996 = PCURVE('',#8724,#8997);
#8997 = DEFINITIONAL_REPRESENTATION('',(#8998),#9001);
#8998 = B_SPLINE_CURVE_WITH_KNOTS('',1,(#8999,#9000),.UNSPECIFIED.,.F.,
  .F.,(2,2),(-74.75,-67.75),.PIECEWISE_BEZIER_KNOTS.);
#8999 = CARTESIAN_POINT('',(20.5,-142.5));
#9000 = CARTESIAN_POINT('',(20.5,-135.5));
#9001 = ( GEOMETRIC_REPRESENTATION_CONTEXT(2) 
PARAMETRIC_REPRESENTATION_CONTEXT() REPRESENTATION_CONTEXT('2D SPACE',''
  ) );
#9002 = PCURVE('',#9003,#9008);
#9003 = PLANE('',#9004);
#9004 = AXIS2_PLACEMENT_3D('',#9005,#9006,#9007);
#9005 = CARTESIAN_POINT('',(5.,35.5,3.5));
#9006 = DIRECTION('',(0.,0.,1.));
#9007 = DIRECTION('',(1.,0.,-0.));
#9008 = DEFINITIONAL_REPRESENTATION('',(#9009),#9012);
#9009 = B_SPLINE_CURVE_WITH_KNOTS('',1,(#9010,#9011),.UNSPECIFIED.,.F.,
  .F.,(2,2),(-74.75,-67.75),.PIECEWISE_BEZIER_KNOTS.);
#9010 = CARTESIAN_POINT('',(5.,7.));
#9011 = CARTESIAN_POINT('',(5.,0.));
#9012 = ( GEOMETRIC_REPRESENTATION_CONTEXT(2) 
PARAMETRIC_REPRESENTATION_CONTEXT() REPRESENTATION_CONTEXT('2D SPACE',''
  ) );
#9013 = ORIENTED_EDGE('',*,*,#9014,.F.);
#9014 = EDGE_CURVE('',#8935,#8989,#9015,.T.);
#9015 = SURFACE_CURVE('',#9016,(#9020,#9026),.PCURVE_S1.);
#9016 = LINE('',#9017,#9018);
#9017 = CARTESIAN_POINT('',(10.,42.5,-10.25));
#9018 = VECTOR('',#9019,1.);
#9019 = DIRECTION('',(0.,-0.,1.));
#9020 = PCURVE('',#8724,#9021);
#9021 = DEFINITIONAL_REPRESENTATION('',(#9022),#9025);
#9022 = B_SPLINE_CURVE_WITH_KNOTS('',1,(#9023,#9024),.UNSPECIFIED.,.F.,
  .F.,(2,2),(6.75,13.75),.PIECEWISE_BEZIER_KNOTS.);
#9023 = CARTESIAN_POINT('',(13.5,-142.5));
#9024 = CARTESIAN_POINT('',(20.5,-142.5));
#9025 = ( GEOMETRIC_REPRESENTATION_CONTEXT(2) 
PARAMETRIC_REPRESENTATION_CONTEXT() REPRESENTATION_CONTEXT('2D SPACE',''
  ) );
#9026 = PCURVE('',#9027,#9032);
#9027 = PLANE('',#9028);
#9028 = AXIS2_PLACEMENT_3D('',#9029,#9030,#9031);
#9029 = CARTESIAN_POINT('',(5.,42.5,-3.5));
#9030 = DIRECTION('',(-0.,1.,0.));
#9031 = DIRECTION('',(0.,0.,1.));
#9032 = DEFINITIONAL_REPRESENTATION('',(#9033),#9036);
#9033 = B_SPLINE_CURVE_WITH_KNOTS('',1,(#9034,#9035),.UNSPECIFIED.,.F.,
  .F.,(2,2),(6.75,13.75),.PIECEWISE_BEZIER_KNOTS.);
#9034 = CARTESIAN_POINT('',(0.,5.));
#9035 = CARTESIAN_POINT('',(7.,5.));
#9036 = ( GEOMETRIC_REPRESENTATION_CONTEXT(2) 
PARAMETRIC_REPRESENTATION_CONTEXT() REPRESENTATION_CONTEXT('2D SPACE',''
  ) );
#9037 = ADVANCED_FACE('',(#9038),#8736,.T.);
#9038 = FACE_BOUND('',#9039,.T.);
#9039 = EDGE_LOOP('',(#9040,#9069,#9070,#9099));
#9040 = ORIENTED_EDGE('',*,*,#9041,.F.);
#9041 = EDGE_CURVE('',#8714,#9042,#9044,.T.);
#9042 = VERTEX_POINT('',#9043);
#9043 = CARTESIAN_POINT('',(7.,1.35,20.));
#9044 = SURFACE_CURVE('',#9045,(#9050,#9062),.PCURVE_S1.);
#9045 = ELLIPSE('',#9046,3.289756829919,3.);
#9046 = AXIS2_PLACEMENT_3D('',#9047,#9048,#9049);
#9047 = CARTESIAN_POINT('',(7.,1.35,17.));
#9048 = DIRECTION('',(-0.410364677329,-0.911921505175,0.));
#9049 = DIRECTION('',(0.911921505175,-0.410364677329,0.));
#9050 = PCURVE('',#8736,#9051);
#9051 = DEFINITIONAL_REPRESENTATION('',(#9052),#9061);
#9052 = B_SPLINE_CURVE_WITH_KNOTS('',7,(#9053,#9054,#9055,#9056,#9057,
    #9058,#9059,#9060),.UNSPECIFIED.,.F.,.F.,(8,8),(0.,1.570796326795),
  .PIECEWISE_BEZIER_KNOTS.);
#9053 = CARTESIAN_POINT('',(0.,-100.));
#9054 = CARTESIAN_POINT('',(0.224399475256,-100.));
#9055 = CARTESIAN_POINT('',(0.448798950513,-100.079310708));
#9056 = CARTESIAN_POINT('',(0.673198425769,-100.2379206187));
#9057 = CARTESIAN_POINT('',(0.897597901026,-100.4660917851));
#9058 = CARTESIAN_POINT('',(1.121997376282,-100.7441226469));
#9059 = CARTESIAN_POINT('',(1.346396851538,-101.0470607084));
#9060 = CARTESIAN_POINT('',(1.570796326795,-101.35));
#9061 = ( GEOMETRIC_REPRESENTATION_CONTEXT(2) 
PARAMETRIC_REPRESENTATION_CONTEXT() REPRESENTATION_CONTEXT('2D SPACE',''
  ) );
#9062 = PCURVE('',#8763,#9063);
#9063 = DEFINITIONAL_REPRESENTATION('',(#9064),#9068);
#9064 = ELLIPSE('',#9065,3.289756829919,3.);
#9065 = AXIS2_PLACEMENT_2D('',#9066,#9067);
#9066 = CARTESIAN_POINT('',(9.983E+03,9.99671024317E+03));
#9067 = DIRECTION('',(0.,1.));
#9068 = ( GEOMETRIC_REPRESENTATION_CONTEXT(2) 
PARAMETRIC_REPRESENTATION_CONTEXT() REPRESENTATION_CONTEXT('2D SPACE',''
  ) );
#9069 = ORIENTED_EDGE('',*,*,#8713,.T.);
#9070 = ORIENTED_EDGE('',*,*,#9071,.F.);
#9071 = EDGE_CURVE('',#9072,#8716,#9074,.T.);
#9072 = VERTEX_POINT('',#9073);
#9073 = CARTESIAN_POINT('',(7.,298.64999999999,20.));
#9074 = SURFACE_CURVE('',#9075,(#9080,#9092),.PCURVE_S1.);
#9075 = ELLIPSE('',#9076,3.289756829919,3.);
#9076 = AXIS2_PLACEMENT_3D('',#9077,#9078,#9079);
#9077 = CARTESIAN_POINT('',(7.,298.64999999999,17.));
#9078 = DIRECTION('',(-0.410364677329,0.911921505175,0.));
#9079 = DIRECTION('',(-0.911921505175,-0.410364677329,0.));
#9080 = PCURVE('',#8736,#9081);
#9081 = DEFINITIONAL_REPRESENTATION('',(#9082),#9091);
#9082 = B_SPLINE_CURVE_WITH_KNOTS('',7,(#9083,#9084,#9085,#9086,#9087,
    #9088,#9089,#9090),.UNSPECIFIED.,.F.,.F.,(8,8),(1.570796326795,
    3.14159265359),.PIECEWISE_BEZIER_KNOTS.);
#9083 = CARTESIAN_POINT('',(1.570796326795,-398.6499999999));
#9084 = CARTESIAN_POINT('',(1.346396851538,-398.9529392915));
#9085 = CARTESIAN_POINT('',(1.121997376282,-399.255877353));
#9086 = CARTESIAN_POINT('',(0.897597901025,-399.5339082147));
#9087 = CARTESIAN_POINT('',(0.673198425769,-399.7620793812));
#9088 = CARTESIAN_POINT('',(0.448798950513,-399.9206892919));
#9089 = CARTESIAN_POINT('',(0.224399475256,-399.9999999999));
#9090 = CARTESIAN_POINT('',(0.,-399.9999999999));
#9091 = ( GEOMETRIC_REPRESENTATION_CONTEXT(2) 
PARAMETRIC_REPRESENTATION_CONTEXT() REPRESENTATION_CONTEXT('2D SPACE',''
  ) );
#9092 = PCURVE('',#8815,#9093);
#9093 = DEFINITIONAL_REPRESENTATION('',(#9094),#9098);
#9094 = ELLIPSE('',#9095,3.289756829919,3.);
#9095 = AXIS2_PLACEMENT_2D('',#9096,#9097);
#9096 = CARTESIAN_POINT('',(1.0017E+04,9.99671024317E+03));
#9097 = DIRECTION('',(0.,-1.));
#9098 = ( GEOMETRIC_REPRESENTATION_CONTEXT(2) 
PARAMETRIC_REPRESENTATION_CONTEXT() REPRESENTATION_CONTEXT('2D SPACE',''
  ) );
#9099 = ORIENTED_EDGE('',*,*,#9100,.F.);
#9100 = EDGE_CURVE('',#9042,#9072,#9101,.T.);
#9101 = SURFACE_CURVE('',#9102,(#9106,#9113),.PCURVE_S1.);
#9102 = LINE('',#9103,#9104);
#9103 = CARTESIAN_POINT('',(7.,-100.,20.));
#9104 = VECTOR('',#9105,1.);
#9105 = DIRECTION('',(0.,1.,0.));
#9106 = PCURVE('',#8736,#9107);
#9107 = DEFINITIONAL_REPRESENTATION('',(#9108),#9112);
#9108 = LINE('',#9109,#9110);
#9109 = CARTESIAN_POINT('',(1.570796326795,0.));
#9110 = VECTOR('',#9111,1.);
#9111 = DIRECTION('',(0.,-1.));
#9112 = ( GEOMETRIC_REPRESENTATION_CONTEXT(2) 
PARAMETRIC_REPRESENTATION_CONTEXT() REPRESENTATION_CONTEXT('2D SPACE',''
  ) );
#9113 = PCURVE('',#9114,#9119);
#9114 = PLANE('',#9115);
#9115 = AXIS2_PLACEMENT_3D('',#9116,#9117,#9118);
#9116 = CARTESIAN_POINT('',(7.,-100.,20.));
#9117 = DIRECTION('',(0.,-0.,1.));
#9118 = DIRECTION('',(-1.,0.,0.));
#9119 = DEFINITIONAL_REPRESENTATION('',(#9120),#9124);
#9120 = LINE('',#9121,#9122);
#9121 = CARTESIAN_POINT('',(0.,0.));
#9122 = VECTOR('',#9123,1.);
#9123 = DIRECTION('',(0.,-1.));
#9124 = ( GEOMETRIC_REPRESENTATION_CONTEXT(2) 
PARAMETRIC_REPRESENTATION_CONTEXT() REPRESENTATION_CONTEXT('2D SPACE',''
  ) );
#9125 = ADVANCED_FACE('',(#9126,#9298),#8763,.T.);
#9126 = FACE_BOUND('',#9127,.T.);
#9127 = EDGE_LOOP('',(#9128,#9129,#9130,#9151,#9185,#9211,#9245,#9271));
#9128 = ORIENTED_EDGE('',*,*,#8748,.F.);
#9129 = ORIENTED_EDGE('',*,*,#9041,.T.);
#9130 = ORIENTED_EDGE('',*,*,#9131,.F.);
#9131 = EDGE_CURVE('',#9132,#9042,#9134,.T.);
#9132 = VERTEX_POINT('',#9133);
#9133 = CARTESIAN_POINT('',(-7.,7.65,20.));
#9134 = SURFACE_CURVE('',#9135,(#9139,#9145),.PCURVE_S1.);
#9135 = LINE('',#9136,#9137);
#9136 = CARTESIAN_POINT('',(-4.532143908412E+03,2.043964758785E+03,20.)
  );
#9137 = VECTOR('',#9138,1.);
#9138 = DIRECTION('',(0.911921505175,-0.410364677329,-0.));
#9139 = PCURVE('',#8763,#9140);
#9140 = DEFINITIONAL_REPRESENTATION('',(#9141),#9144);
#9141 = B_SPLINE_CURVE_WITH_KNOTS('',1,(#9142,#9143),.UNSPECIFIED.,.F.,
  .F.,(2,2),(4.962207693022E+03,4.977559891561E+03),
  .PIECEWISE_BEZIER_KNOTS.);
#9142 = CARTESIAN_POINT('',(9.98E+03,9.98135804463E+03));
#9143 = CARTESIAN_POINT('',(9.98E+03,9.99671024317E+03));
#9144 = ( GEOMETRIC_REPRESENTATION_CONTEXT(2) 
PARAMETRIC_REPRESENTATION_CONTEXT() REPRESENTATION_CONTEXT('2D SPACE',''
  ) );
#9145 = PCURVE('',#9114,#9146);
#9146 = DEFINITIONAL_REPRESENTATION('',(#9147),#9150);
#9147 = B_SPLINE_CURVE_WITH_KNOTS('',1,(#9148,#9149),.UNSPECIFIED.,.F.,
  .F.,(2,2),(4.962207693022E+03,4.977559891561E+03),
  .PIECEWISE_BEZIER_KNOTS.);
#9148 = CARTESIAN_POINT('',(14.,-107.65));
#9149 = CARTESIAN_POINT('',(0.,-101.35));
#9150 = ( GEOMETRIC_REPRESENTATION_CONTEXT(2) 
PARAMETRIC_REPRESENTATION_CONTEXT() REPRESENTATION_CONTEXT('2D SPACE',''
  ) );
#9151 = ORIENTED_EDGE('',*,*,#9152,.T.);
#9152 = EDGE_CURVE('',#9132,#9153,#9155,.T.);
#9153 = VERTEX_POINT('',#9154);
#9154 = CARTESIAN_POINT('',(-10.,9.,17.));
#9155 = SURFACE_CURVE('',#9156,(#9161,#9168),.PCURVE_S1.);
#9156 = ELLIPSE('',#9157,3.289756829919,3.);
#9157 = AXIS2_PLACEMENT_3D('',#9158,#9159,#9160);
#9158 = CARTESIAN_POINT('',(-7.,7.65,17.));
#9159 = DIRECTION('',(-0.410364677329,-0.911921505175,0.));
#9160 = DIRECTION('',(0.911921505175,-0.410364677329,0.));
#9161 = PCURVE('',#8763,#9162);
#9162 = DEFINITIONAL_REPRESENTATION('',(#9163),#9167);
#9163 = ELLIPSE('',#9164,3.289756829919,3.);
#9164 = AXIS2_PLACEMENT_2D('',#9165,#9166);
#9165 = CARTESIAN_POINT('',(9.983E+03,9.98135804463E+03));
#9166 = DIRECTION('',(0.,1.));
#9167 = ( GEOMETRIC_REPRESENTATION_CONTEXT(2) 
PARAMETRIC_REPRESENTATION_CONTEXT() REPRESENTATION_CONTEXT('2D SPACE',''
  ) );
#9168 = PCURVE('',#9169,#9174);
#9169 = CYLINDRICAL_SURFACE('',#9170,3.);
#9170 = AXIS2_PLACEMENT_3D('',#9171,#9172,#9173);
#9171 = CARTESIAN_POINT('',(-7.,-100.,17.));
#9172 = DIRECTION('',(0.,-1.,0.));
#9173 = DIRECTION('',(-5.921189464668E-16,0.,1.));
#9174 = DEFINITIONAL_REPRESENTATION('',(#9175),#9184);
#9175 = B_SPLINE_CURVE_WITH_KNOTS('',7,(#9176,#9177,#9178,#9179,#9180,
    #9181,#9182,#9183),.UNSPECIFIED.,.F.,.F.,(8,8),(1.570796326795,
    3.14159265359),.PIECEWISE_BEZIER_KNOTS.);
#9176 = CARTESIAN_POINT('',(0.,-107.65));
#9177 = CARTESIAN_POINT('',(0.224399475256,-107.9529392915));
#9178 = CARTESIAN_POINT('',(0.448798950513,-108.255877353));
#9179 = CARTESIAN_POINT('',(0.673198425769,-108.5339082148));
#9180 = CARTESIAN_POINT('',(0.897597901026,-108.7620793811));
#9181 = CARTESIAN_POINT('',(1.121997376282,-108.9206892919));
#9182 = CARTESIAN_POINT('',(1.346396851538,-109.));
#9183 = CARTESIAN_POINT('',(1.570796326795,-109.));
#9184 = ( GEOMETRIC_REPRESENTATION_CONTEXT(2) 
PARAMETRIC_REPRESENTATION_CONTEXT() REPRESENTATION_CONTEXT('2D SPACE',''
  ) );
#9185 = ORIENTED_EDGE('',*,*,#9186,.F.);
#9186 = EDGE_CURVE('',#9187,#9153,#9189,.T.);
#9187 = VERTEX_POINT('',#9188);
#9188 = CARTESIAN_POINT('',(-10.,9.,-17.));
#9189 = SURFACE_CURVE('',#9190,(#9194,#9200),.PCURVE_S1.);
#9190 = LINE('',#9191,#9192);
#9191 = CARTESIAN_POINT('',(-10.,9.000000000001,5.0085E+03));
#9192 = VECTOR('',#9193,1.);
#9193 = DIRECTION('',(0.,0.,1.));
#9194 = PCURVE('',#8763,#9195);
#9195 = DEFINITIONAL_REPRESENTATION('',(#9196),#9199);
#9196 = B_SPLINE_CURVE_WITH_KNOTS('',1,(#9197,#9198),.UNSPECIFIED.,.F.,
  .F.,(2,2),(-5.0255E+03,-4.9915E+03),.PIECEWISE_BEZIER_KNOTS.);
#9197 = CARTESIAN_POINT('',(1.0017E+04,9.978068287801E+03));
#9198 = CARTESIAN_POINT('',(9.983E+03,9.978068287801E+03));
#9199 = ( GEOMETRIC_REPRESENTATION_CONTEXT(2) 
PARAMETRIC_REPRESENTATION_CONTEXT() REPRESENTATION_CONTEXT('2D SPACE',''
  ) );
#9200 = PCURVE('',#9201,#9206);
#9201 = PLANE('',#9202);
#9202 = AXIS2_PLACEMENT_3D('',#9203,#9204,#9205);
#9203 = CARTESIAN_POINT('',(-10.,-100.,17.));
#9204 = DIRECTION('',(-1.,0.,0.));
#9205 = DIRECTION('',(0.,0.,-1.));
#9206 = DEFINITIONAL_REPRESENTATION('',(#9207),#9210);
#9207 = B_SPLINE_CURVE_WITH_KNOTS('',1,(#9208,#9209),.UNSPECIFIED.,.F.,
  .F.,(2,2),(-5.0255E+03,-4.9915E+03),.PIECEWISE_BEZIER_KNOTS.);
#9208 = CARTESIAN_POINT('',(34.,-109.));
#9209 = CARTESIAN_POINT('',(0.,-109.));
#9210 = ( GEOMETRIC_REPRESENTATION_CONTEXT(2) 
PARAMETRIC_REPRESENTATION_CONTEXT() REPRESENTATION_CONTEXT('2D SPACE',''
  ) );
#9211 = ORIENTED_EDGE('',*,*,#9212,.T.);
#9212 = EDGE_CURVE('',#9187,#9213,#9215,.T.);
#9213 = VERTEX_POINT('',#9214);
#9214 = CARTESIAN_POINT('',(-7.,7.65,-20.));
#9215 = SURFACE_CURVE('',#9216,(#9221,#9228),.PCURVE_S1.);
#9216 = ELLIPSE('',#9217,3.289756829919,3.);
#9217 = AXIS2_PLACEMENT_3D('',#9218,#9219,#9220);
#9218 = CARTESIAN_POINT('',(-7.,7.65,-17.));
#9219 = DIRECTION('',(-0.410364677329,-0.911921505175,0.));
#9220 = DIRECTION('',(0.911921505175,-0.410364677329,0.));
#9221 = PCURVE('',#8763,#9222);
#9222 = DEFINITIONAL_REPRESENTATION('',(#9223),#9227);
#9223 = ELLIPSE('',#9224,3.289756829919,3.);
#9224 = AXIS2_PLACEMENT_2D('',#9225,#9226);
#9225 = CARTESIAN_POINT('',(1.0017E+04,9.98135804463E+03));
#9226 = DIRECTION('',(0.,1.));
#9227 = ( GEOMETRIC_REPRESENTATION_CONTEXT(2) 
PARAMETRIC_REPRESENTATION_CONTEXT() REPRESENTATION_CONTEXT('2D SPACE',''
  ) );
#9228 = PCURVE('',#9229,#9234);
#9229 = CYLINDRICAL_SURFACE('',#9230,3.);
#9230 = AXIS2_PLACEMENT_3D('',#9231,#9232,#9233);
#9231 = CARTESIAN_POINT('',(-7.,-100.,-17.));
#9232 = DIRECTION('',(0.,-1.,0.));
#9233 = DIRECTION('',(-1.,0.,0.));
#9234 = DEFINITIONAL_REPRESENTATION('',(#9235),#9244);
#9235 = B_SPLINE_CURVE_WITH_KNOTS('',7,(#9236,#9237,#9238,#9239,#9240,
    #9241,#9242,#9243),.UNSPECIFIED.,.F.,.F.,(8,8),(3.14159265359,
    4.712388980385),.PIECEWISE_BEZIER_KNOTS.);
#9236 = CARTESIAN_POINT('',(0.,-109.));
#9237 = CARTESIAN_POINT('',(0.224399475256,-109.));
#9238 = CARTESIAN_POINT('',(0.448798950513,-108.9206892919));
#9239 = CARTESIAN_POINT('',(0.673198425769,-108.7620793812));
#9240 = CARTESIAN_POINT('',(0.897597901026,-108.5339082148));
#9241 = CARTESIAN_POINT('',(1.121997376282,-108.255877353));
#9242 = CARTESIAN_POINT('',(1.346396851538,-107.9529392915));
#9243 = CARTESIAN_POINT('',(1.570796326795,-107.65));
#9244 = ( GEOMETRIC_REPRESENTATION_CONTEXT(2) 
PARAMETRIC_REPRESENTATION_CONTEXT() REPRESENTATION_CONTEXT('2D SPACE',''
  ) );
#9245 = ORIENTED_EDGE('',*,*,#9246,.F.);
#9246 = EDGE_CURVE('',#9247,#9213,#9249,.T.);
#9247 = VERTEX_POINT('',#9248);
#9248 = CARTESIAN_POINT('',(7.,1.35,-20.));
#9249 = SURFACE_CURVE('',#9250,(#9254,#9260),.PCURVE_S1.);
#9250 = LINE('',#9251,#9252);
#9251 = CARTESIAN_POINT('',(-4.537965114233E+03,2.046584301405E+03,-20.)
  );
#9252 = VECTOR('',#9253,1.);
#9253 = DIRECTION('',(-0.911921505175,0.410364677329,0.));
#9254 = PCURVE('',#8763,#9255);
#9255 = DEFINITIONAL_REPRESENTATION('',(#9256),#9259);
#9256 = B_SPLINE_CURVE_WITH_KNOTS('',1,(#9257,#9258),.UNSPECIFIED.,.F.,
  .F.,(2,2),(-4.983943342098E+03,-4.968591143558E+03),
  .PIECEWISE_BEZIER_KNOTS.);
#9257 = CARTESIAN_POINT('',(1.002E+04,9.99671024317E+03));
#9258 = CARTESIAN_POINT('',(1.002E+04,9.98135804463E+03));
#9259 = ( GEOMETRIC_REPRESENTATION_CONTEXT(2) 
PARAMETRIC_REPRESENTATION_CONTEXT() REPRESENTATION_CONTEXT('2D SPACE',''
  ) );
#9260 = PCURVE('',#9261,#9266);
#9261 = PLANE('',#9262);
#9262 = AXIS2_PLACEMENT_3D('',#9263,#9264,#9265);
#9263 = CARTESIAN_POINT('',(-7.,-100.,-20.));
#9264 = DIRECTION('',(0.,0.,-1.));
#9265 = DIRECTION('',(1.,0.,0.));
#9266 = DEFINITIONAL_REPRESENTATION('',(#9267),#9270);
#9267 = B_SPLINE_CURVE_WITH_KNOTS('',1,(#9268,#9269),.UNSPECIFIED.,.F.,
  .F.,(2,2),(-4.983943342098E+03,-4.968591143558E+03),
  .PIECEWISE_BEZIER_KNOTS.);
#9268 = CARTESIAN_POINT('',(14.,-101.35));
#9269 = CARTESIAN_POINT('',(0.,-107.65));
#9270 = ( GEOMETRIC_REPRESENTATION_CONTEXT(2) 
PARAMETRIC_REPRESENTATION_CONTEXT() REPRESENTATION_CONTEXT('2D SPACE',''
  ) );
#9271 = ORIENTED_EDGE('',*,*,#9272,.T.);
#9272 = EDGE_CURVE('',#9247,#8749,#9273,.T.);
#9273 = SURFACE_CURVE('',#9274,(#9279,#9286),.PCURVE_S1.);
#9274 = ELLIPSE('',#9275,3.289756829919,3.);
#9275 = AXIS2_PLACEMENT_3D('',#9276,#9277,#9278);
#9276 = CARTESIAN_POINT('',(7.,1.35,-17.));
#9277 = DIRECTION('',(-0.410364677329,-0.911921505175,0.));
#9278 = DIRECTION('',(0.911921505175,-0.410364677329,0.));
#9279 = PCURVE('',#8763,#9280);
#9280 = DEFINITIONAL_REPRESENTATION('',(#9281),#9285);
#9281 = ELLIPSE('',#9282,3.289756829919,3.);
#9282 = AXIS2_PLACEMENT_2D('',#9283,#9284);
#9283 = CARTESIAN_POINT('',(1.0017E+04,9.99671024317E+03));
#9284 = DIRECTION('',(0.,1.));
#9285 = ( GEOMETRIC_REPRESENTATION_CONTEXT(2) 
PARAMETRIC_REPRESENTATION_CONTEXT() REPRESENTATION_CONTEXT('2D SPACE',''
  ) );
#9286 = PCURVE('',#8790,#9287);
#9287 = DEFINITIONAL_REPRESENTATION('',(#9288),#9297);
#9288 = B_SPLINE_CURVE_WITH_KNOTS('',7,(#9289,#9290,#9291,#9292,#9293,
    #9294,#9295,#9296),.UNSPECIFIED.,.F.,.F.,(8,8),(4.712388980385,
    6.28318530718),.PIECEWISE_BEZIER_KNOTS.);
#9289 = CARTESIAN_POINT('',(-8.881784197001E-16,-101.35));
#9290 = CARTESIAN_POINT('',(0.224399475256,-101.0470607084));
#9291 = CARTESIAN_POINT('',(0.448798950513,-100.7441226469));
#9292 = CARTESIAN_POINT('',(0.673198425769,-100.4660917852));
#9293 = CARTESIAN_POINT('',(0.897597901026,-100.2379206187));
#9294 = CARTESIAN_POINT('',(1.121997376282,-100.079310708));
#9295 = CARTESIAN_POINT('',(1.346396851538,-100.));
#9296 = CARTESIAN_POINT('',(1.570796326795,-100.));
#9297 = ( GEOMETRIC_REPRESENTATION_CONTEXT(2) 
PARAMETRIC_REPRESENTATION_CONTEXT() REPRESENTATION_CONTEXT('2D SPACE',''
  ) );
#9298 = FACE_BOUND('',#9299,.T.);
#9299 = EDGE_LOOP('',(#9300,#9336,#9362,#9396,#9422,#9456,#9482,#9516));
#9300 = ORIENTED_EDGE('',*,*,#9301,.F.);
#9301 = EDGE_CURVE('',#9302,#9304,#9306,.T.);
#9302 = VERTEX_POINT('',#9303);
#9303 = CARTESIAN_POINT('',(8.5,0.675,17.));
#9304 = VERTEX_POINT('',#9305);
#9305 = CARTESIAN_POINT('',(7.,1.35,18.5));
#9306 = SURFACE_CURVE('',#9307,(#9312,#9319),.PCURVE_S1.);
#9307 = ELLIPSE('',#9308,1.64487841496,1.5);
#9308 = AXIS2_PLACEMENT_3D('',#9309,#9310,#9311);
#9309 = CARTESIAN_POINT('',(7.,1.35,17.));
#9310 = DIRECTION('',(-0.410364677329,-0.911921505175,0.));
#9311 = DIRECTION('',(0.911921505175,-0.410364677329,0.));
#9312 = PCURVE('',#8763,#9313);
#9313 = DEFINITIONAL_REPRESENTATION('',(#9314),#9318);
#9314 = ELLIPSE('',#9315,1.64487841496,1.5);
#9315 = AXIS2_PLACEMENT_2D('',#9316,#9317);
#9316 = CARTESIAN_POINT('',(9.983E+03,9.99671024317E+03));
#9317 = DIRECTION('',(0.,1.));
#9318 = ( GEOMETRIC_REPRESENTATION_CONTEXT(2) 
PARAMETRIC_REPRESENTATION_CONTEXT() REPRESENTATION_CONTEXT('2D SPACE',''
  ) );
#9319 = PCURVE('',#9320,#9325);
#9320 = CYLINDRICAL_SURFACE('',#9321,1.5);
#9321 = AXIS2_PLACEMENT_3D('',#9322,#9323,#9324);
#9322 = CARTESIAN_POINT('',(7.,-100.,17.));
#9323 = DIRECTION('',(0.,-1.,0.));
#9324 = DIRECTION('',(1.,0.,0.));
#9325 = DEFINITIONAL_REPRESENTATION('',(#9326),#9335);
#9326 = B_SPLINE_CURVE_WITH_KNOTS('',7,(#9327,#9328,#9329,#9330,#9331,
    #9332,#9333,#9334),.UNSPECIFIED.,.F.,.F.,(8,8),(0.,1.570796326795),
  .PIECEWISE_BEZIER_KNOTS.);
#9327 = CARTESIAN_POINT('',(0.,-100.675));
#9328 = CARTESIAN_POINT('',(0.224399475256,-100.675));
#9329 = CARTESIAN_POINT('',(0.448798950513,-100.714655354));
#9330 = CARTESIAN_POINT('',(0.673198425769,-100.7939603093));
#9331 = CARTESIAN_POINT('',(0.897597901026,-100.9080458926));
#9332 = CARTESIAN_POINT('',(1.121997376282,-101.0470613234));
#9333 = CARTESIAN_POINT('',(1.346396851538,-101.1985303542));
#9334 = CARTESIAN_POINT('',(1.570796326795,-101.35));
#9335 = ( GEOMETRIC_REPRESENTATION_CONTEXT(2) 
PARAMETRIC_REPRESENTATION_CONTEXT() REPRESENTATION_CONTEXT('2D SPACE',''
  ) );
#9336 = ORIENTED_EDGE('',*,*,#9337,.T.);
#9337 = EDGE_CURVE('',#9302,#9338,#9340,.T.);
#9338 = VERTEX_POINT('',#9339);
#9339 = CARTESIAN_POINT('',(8.5,0.675,-17.));
#9340 = SURFACE_CURVE('',#9341,(#9345,#9351),.PCURVE_S1.);
#9341 = LINE('',#9342,#9343);
#9342 = CARTESIAN_POINT('',(8.5,0.675000000001,4.9915E+03));
#9343 = VECTOR('',#9344,1.);
#9344 = DIRECTION('',(0.,-0.,-1.));
#9345 = PCURVE('',#8763,#9346);
#9346 = DEFINITIONAL_REPRESENTATION('',(#9347),#9350);
#9347 = B_SPLINE_CURVE_WITH_KNOTS('',1,(#9348,#9349),.UNSPECIFIED.,.F.,
  .F.,(2,2),(4.9745E+03,5.0085E+03),.PIECEWISE_BEZIER_KNOTS.);
#9348 = CARTESIAN_POINT('',(9.983E+03,9.998355121585E+03));
#9349 = CARTESIAN_POINT('',(1.0017E+04,9.998355121585E+03));
#9350 = ( GEOMETRIC_REPRESENTATION_CONTEXT(2) 
PARAMETRIC_REPRESENTATION_CONTEXT() REPRESENTATION_CONTEXT('2D SPACE',''
  ) );
#9351 = PCURVE('',#9352,#9357);
#9352 = PLANE('',#9353);
#9353 = AXIS2_PLACEMENT_3D('',#9354,#9355,#9356);
#9354 = CARTESIAN_POINT('',(8.5,-100.,-17.));
#9355 = DIRECTION('',(1.,0.,0.));
#9356 = DIRECTION('',(0.,0.,1.));
#9357 = DEFINITIONAL_REPRESENTATION('',(#9358),#9361);
#9358 = B_SPLINE_CURVE_WITH_KNOTS('',1,(#9359,#9360),.UNSPECIFIED.,.F.,
  .F.,(2,2),(4.9745E+03,5.0085E+03),.PIECEWISE_BEZIER_KNOTS.);
#9359 = CARTESIAN_POINT('',(34.,-100.675));
#9360 = CARTESIAN_POINT('',(0.,-100.675));
#9361 = ( GEOMETRIC_REPRESENTATION_CONTEXT(2) 
PARAMETRIC_REPRESENTATION_CONTEXT() REPRESENTATION_CONTEXT('2D SPACE',''
  ) );
#9362 = ORIENTED_EDGE('',*,*,#9363,.F.);
#9363 = EDGE_CURVE('',#9364,#9338,#9366,.T.);
#9364 = VERTEX_POINT('',#9365);
#9365 = CARTESIAN_POINT('',(7.,1.35,-18.5));
#9366 = SURFACE_CURVE('',#9367,(#9372,#9379),.PCURVE_S1.);
#9367 = ELLIPSE('',#9368,1.64487841496,1.5);
#9368 = AXIS2_PLACEMENT_3D('',#9369,#9370,#9371);
#9369 = CARTESIAN_POINT('',(7.,1.35,-17.));
#9370 = DIRECTION('',(-0.410364677329,-0.911921505175,0.));
#9371 = DIRECTION('',(0.911921505175,-0.410364677329,0.));
#9372 = PCURVE('',#8763,#9373);
#9373 = DEFINITIONAL_REPRESENTATION('',(#9374),#9378);
#9374 = ELLIPSE('',#9375,1.64487841496,1.5);
#9375 = AXIS2_PLACEMENT_2D('',#9376,#9377);
#9376 = CARTESIAN_POINT('',(1.0017E+04,9.99671024317E+03));
#9377 = DIRECTION('',(0.,1.));
#9378 = ( GEOMETRIC_REPRESENTATION_CONTEXT(2) 
PARAMETRIC_REPRESENTATION_CONTEXT() REPRESENTATION_CONTEXT('2D SPACE',''
  ) );
#9379 = PCURVE('',#9380,#9385);
#9380 = CYLINDRICAL_SURFACE('',#9381,1.5);
#9381 = AXIS2_PLACEMENT_3D('',#9382,#9383,#9384);
#9382 = CARTESIAN_POINT('',(7.,-100.,-17.));
#9383 = DIRECTION('',(0.,-1.,0.));
#9384 = DIRECTION('',(-1.184237892934E-15,-0.,-1.));
#9385 = DEFINITIONAL_REPRESENTATION('',(#9386),#9395);
#9386 = B_SPLINE_CURVE_WITH_KNOTS('',7,(#9387,#9388,#9389,#9390,#9391,
    #9392,#9393,#9394),.UNSPECIFIED.,.F.,.F.,(8,8),(4.712388980385,
    6.28318530718),.PIECEWISE_BEZIER_KNOTS.);
#9387 = CARTESIAN_POINT('',(0.,-101.35));
#9388 = CARTESIAN_POINT('',(0.224399475256,-101.1985303542));
#9389 = CARTESIAN_POINT('',(0.448798950513,-101.0470613234));
#9390 = CARTESIAN_POINT('',(0.673198425769,-100.9080458925));
#9391 = CARTESIAN_POINT('',(0.897597901026,-100.7939603094));
#9392 = CARTESIAN_POINT('',(1.121997376282,-100.714655354));
#9393 = CARTESIAN_POINT('',(1.346396851538,-100.675));
#9394 = CARTESIAN_POINT('',(1.570796326795,-100.675));
#9395 = ( GEOMETRIC_REPRESENTATION_CONTEXT(2) 
PARAMETRIC_REPRESENTATION_CONTEXT() REPRESENTATION_CONTEXT('2D SPACE',''
  ) );
#9396 = ORIENTED_EDGE('',*,*,#9397,.T.);
#9397 = EDGE_CURVE('',#9364,#9398,#9400,.T.);
#9398 = VERTEX_POINT('',#9399);
#9399 = CARTESIAN_POINT('',(-7.,7.65,-18.5));
#9400 = SURFACE_CURVE('',#9401,(#9405,#9411),.PCURVE_S1.);
#9401 = LINE('',#9402,#9403);
#9402 = CARTESIAN_POINT('',(-4.537965114233E+03,2.046584301405E+03,-18.5
    ));
#9403 = VECTOR('',#9404,1.);
#9404 = DIRECTION('',(-0.911921505175,0.410364677329,0.));
#9405 = PCURVE('',#8763,#9406);
#9406 = DEFINITIONAL_REPRESENTATION('',(#9407),#9410);
#9407 = B_SPLINE_CURVE_WITH_KNOTS('',1,(#9408,#9409),.UNSPECIFIED.,.F.,
  .F.,(2,2),(-4.983943342098E+03,-4.968591143558E+03),
  .PIECEWISE_BEZIER_KNOTS.);
#9408 = CARTESIAN_POINT('',(1.00185E+04,9.99671024317E+03));
#9409 = CARTESIAN_POINT('',(1.00185E+04,9.98135804463E+03));
#9410 = ( GEOMETRIC_REPRESENTATION_CONTEXT(2) 
PARAMETRIC_REPRESENTATION_CONTEXT() REPRESENTATION_CONTEXT('2D SPACE',''
  ) );
#9411 = PCURVE('',#9412,#9417);
#9412 = PLANE('',#9413);
#9413 = AXIS2_PLACEMENT_3D('',#9414,#9415,#9416);
#9414 = CARTESIAN_POINT('',(-7.,-100.,-18.5));
#9415 = DIRECTION('',(0.,0.,-1.));
#9416 = DIRECTION('',(1.,0.,0.));
#9417 = DEFINITIONAL_REPRESENTATION('',(#9418),#9421);
#9418 = B_SPLINE_CURVE_WITH_KNOTS('',1,(#9419,#9420),.UNSPECIFIED.,.F.,
  .F.,(2,2),(-4.983943342098E+03,-4.968591143558E+03),
  .PIECEWISE_BEZIER_KNOTS.);
#9419 = CARTESIAN_POINT('',(14.,-101.35));
#9420 = CARTESIAN_POINT('',(0.,-107.65));
#9421 = ( GEOMETRIC_REPRESENTATION_CONTEXT(2) 
PARAMETRIC_REPRESENTATION_CONTEXT() REPRESENTATION_CONTEXT('2D SPACE',''
  ) );
#9422 = ORIENTED_EDGE('',*,*,#9423,.F.);
#9423 = EDGE_CURVE('',#9424,#9398,#9426,.T.);
#9424 = VERTEX_POINT('',#9425);
#9425 = CARTESIAN_POINT('',(-8.5,8.325,-17.));
#9426 = SURFACE_CURVE('',#9427,(#9432,#9439),.PCURVE_S1.);
#9427 = ELLIPSE('',#9428,1.64487841496,1.5);
#9428 = AXIS2_PLACEMENT_3D('',#9429,#9430,#9431);
#9429 = CARTESIAN_POINT('',(-7.,7.65,-17.));
#9430 = DIRECTION('',(-0.410364677329,-0.911921505175,0.));
#9431 = DIRECTION('',(0.911921505175,-0.410364677329,0.));
#9432 = PCURVE('',#8763,#9433);
#9433 = DEFINITIONAL_REPRESENTATION('',(#9434),#9438);
#9434 = ELLIPSE('',#9435,1.64487841496,1.5);
#9435 = AXIS2_PLACEMENT_2D('',#9436,#9437);
#9436 = CARTESIAN_POINT('',(1.0017E+04,9.98135804463E+03));
#9437 = DIRECTION('',(0.,1.));
#9438 = ( GEOMETRIC_REPRESENTATION_CONTEXT(2) 
PARAMETRIC_REPRESENTATION_CONTEXT() REPRESENTATION_CONTEXT('2D SPACE',''
  ) );
#9439 = PCURVE('',#9440,#9445);
#9440 = CYLINDRICAL_SURFACE('',#9441,1.5);
#9441 = AXIS2_PLACEMENT_3D('',#9442,#9443,#9444);
#9442 = CARTESIAN_POINT('',(-7.,-100.,-17.));
#9443 = DIRECTION('',(0.,-1.,0.));
#9444 = DIRECTION('',(-1.,0.,0.));
#9445 = DEFINITIONAL_REPRESENTATION('',(#9446),#9455);
#9446 = B_SPLINE_CURVE_WITH_KNOTS('',7,(#9447,#9448,#9449,#9450,#9451,
    #9452,#9453,#9454),.UNSPECIFIED.,.F.,.F.,(8,8),(3.14159265359,
    4.712388980385),.PIECEWISE_BEZIER_KNOTS.);
#9447 = CARTESIAN_POINT('',(0.,-108.325));
#9448 = CARTESIAN_POINT('',(0.224399475256,-108.325));
#9449 = CARTESIAN_POINT('',(0.448798950513,-108.2853446459));
#9450 = CARTESIAN_POINT('',(0.673198425769,-108.2060396906));
#9451 = CARTESIAN_POINT('',(0.897597901026,-108.0919541073));
#9452 = CARTESIAN_POINT('',(1.121997376282,-107.9529386765));
#9453 = CARTESIAN_POINT('',(1.346396851538,-107.8014696457));
#9454 = CARTESIAN_POINT('',(1.570796326795,-107.65));
#9455 = ( GEOMETRIC_REPRESENTATION_CONTEXT(2) 
PARAMETRIC_REPRESENTATION_CONTEXT() REPRESENTATION_CONTEXT('2D SPACE',''
  ) );
#9456 = ORIENTED_EDGE('',*,*,#9457,.T.);
#9457 = EDGE_CURVE('',#9424,#9458,#9460,.T.);
#9458 = VERTEX_POINT('',#9459);
#9459 = CARTESIAN_POINT('',(-8.5,8.325,17.));
#9460 = SURFACE_CURVE('',#9461,(#9465,#9471),.PCURVE_S1.);
#9461 = LINE('',#9462,#9463);
#9462 = CARTESIAN_POINT('',(-8.5,8.325,5.0085E+03));
#9463 = VECTOR('',#9464,1.);
#9464 = DIRECTION('',(0.,0.,1.));
#9465 = PCURVE('',#8763,#9466);
#9466 = DEFINITIONAL_REPRESENTATION('',(#9467),#9470);
#9467 = B_SPLINE_CURVE_WITH_KNOTS('',1,(#9468,#9469),.UNSPECIFIED.,.F.,
  .F.,(2,2),(-5.0255E+03,-4.9915E+03),.PIECEWISE_BEZIER_KNOTS.);
#9468 = CARTESIAN_POINT('',(1.0017E+04,9.979713166215E+03));
#9469 = CARTESIAN_POINT('',(9.983E+03,9.979713166215E+03));
#9470 = ( GEOMETRIC_REPRESENTATION_CONTEXT(2) 
PARAMETRIC_REPRESENTATION_CONTEXT() REPRESENTATION_CONTEXT('2D SPACE',''
  ) );
#9471 = PCURVE('',#9472,#9477);
#9472 = PLANE('',#9473);
#9473 = AXIS2_PLACEMENT_3D('',#9474,#9475,#9476);
#9474 = CARTESIAN_POINT('',(-8.5,-100.,17.));
#9475 = DIRECTION('',(-1.,0.,0.));
#9476 = DIRECTION('',(0.,0.,-1.));
#9477 = DEFINITIONAL_REPRESENTATION('',(#9478),#9481);
#9478 = B_SPLINE_CURVE_WITH_KNOTS('',1,(#9479,#9480),.UNSPECIFIED.,.F.,
  .F.,(2,2),(-5.0255E+03,-4.9915E+03),.PIECEWISE_BEZIER_KNOTS.);
#9479 = CARTESIAN_POINT('',(34.,-108.325));
#9480 = CARTESIAN_POINT('',(0.,-108.325));
#9481 = ( GEOMETRIC_REPRESENTATION_CONTEXT(2) 
PARAMETRIC_REPRESENTATION_CONTEXT() REPRESENTATION_CONTEXT('2D SPACE',''
  ) );
#9482 = ORIENTED_EDGE('',*,*,#9483,.F.);
#9483 = EDGE_CURVE('',#9484,#9458,#9486,.T.);
#9484 = VERTEX_POINT('',#9485);
#9485 = CARTESIAN_POINT('',(-7.,7.65,18.5));
#9486 = SURFACE_CURVE('',#9487,(#9492,#9499),.PCURVE_S1.);
#9487 = ELLIPSE('',#9488,1.64487841496,1.5);
#9488 = AXIS2_PLACEMENT_3D('',#9489,#9490,#9491);
#9489 = CARTESIAN_POINT('',(-7.,7.65,17.));
#9490 = DIRECTION('',(-0.410364677329,-0.911921505175,0.));
#9491 = DIRECTION('',(0.911921505175,-0.410364677329,0.));
#9492 = PCURVE('',#8763,#9493);
#9493 = DEFINITIONAL_REPRESENTATION('',(#9494),#9498);
#9494 = ELLIPSE('',#9495,1.64487841496,1.5);
#9495 = AXIS2_PLACEMENT_2D('',#9496,#9497);
#9496 = CARTESIAN_POINT('',(9.983E+03,9.98135804463E+03));
#9497 = DIRECTION('',(0.,1.));
#9498 = ( GEOMETRIC_REPRESENTATION_CONTEXT(2) 
PARAMETRIC_REPRESENTATION_CONTEXT() REPRESENTATION_CONTEXT('2D SPACE',''
  ) );
#9499 = PCURVE('',#9500,#9505);
#9500 = CYLINDRICAL_SURFACE('',#9501,1.5);
#9501 = AXIS2_PLACEMENT_3D('',#9502,#9503,#9504);
#9502 = CARTESIAN_POINT('',(-7.,-100.,17.));
#9503 = DIRECTION('',(0.,-1.,0.));
#9504 = DIRECTION('',(1.184237892934E-15,0.,1.));
#9505 = DEFINITIONAL_REPRESENTATION('',(#9506),#9515);
#9506 = B_SPLINE_CURVE_WITH_KNOTS('',7,(#9507,#9508,#9509,#9510,#9511,
    #9512,#9513,#9514),.UNSPECIFIED.,.F.,.F.,(8,8),(1.570796326795,
    3.14159265359),.PIECEWISE_BEZIER_KNOTS.);
#9507 = CARTESIAN_POINT('',(0.,-107.65));
#9508 = CARTESIAN_POINT('',(0.224399475256,-107.8014696457));
#9509 = CARTESIAN_POINT('',(0.448798950513,-107.9529386765));
#9510 = CARTESIAN_POINT('',(0.673198425769,-108.0919541074));
#9511 = CARTESIAN_POINT('',(0.897597901026,-108.2060396906));
#9512 = CARTESIAN_POINT('',(1.121997376282,-108.285344646));
#9513 = CARTESIAN_POINT('',(1.346396851538,-108.325));
#9514 = CARTESIAN_POINT('',(1.570796326795,-108.325));
#9515 = ( GEOMETRIC_REPRESENTATION_CONTEXT(2) 
PARAMETRIC_REPRESENTATION_CONTEXT() REPRESENTATION_CONTEXT('2D SPACE',''
  ) );
#9516 = ORIENTED_EDGE('',*,*,#9517,.T.);
#9517 = EDGE_CURVE('',#9484,#9304,#9518,.T.);
#9518 = SURFACE_CURVE('',#9519,(#9523,#9529),.PCURVE_S1.);
#9519 = LINE('',#9520,#9521);
#9520 = CARTESIAN_POINT('',(-4.532143908412E+03,2.043964758785E+03,18.5)
  );
#9521 = VECTOR('',#9522,1.);
#9522 = DIRECTION('',(0.911921505175,-0.410364677329,-0.));
#9523 = PCURVE('',#8763,#9524);
#9524 = DEFINITIONAL_REPRESENTATION('',(#9525),#9528);
#9525 = B_SPLINE_CURVE_WITH_KNOTS('',1,(#9526,#9527),.UNSPECIFIED.,.F.,
  .F.,(2,2),(4.962207693022E+03,4.977559891561E+03),
  .PIECEWISE_BEZIER_KNOTS.);
#9526 = CARTESIAN_POINT('',(9.9815E+03,9.98135804463E+03));
#9527 = CARTESIAN_POINT('',(9.9815E+03,9.99671024317E+03));
#9528 = ( GEOMETRIC_REPRESENTATION_CONTEXT(2) 
PARAMETRIC_REPRESENTATION_CONTEXT() REPRESENTATION_CONTEXT('2D SPACE',''
  ) );
#9529 = PCURVE('',#9530,#9535);
#9530 = PLANE('',#9531);
#9531 = AXIS2_PLACEMENT_3D('',#9532,#9533,#9534);
#9532 = CARTESIAN_POINT('',(7.,-100.,18.5));
#9533 = DIRECTION('',(0.,-0.,1.));
#9534 = DIRECTION('',(-1.,0.,0.));
#9535 = DEFINITIONAL_REPRESENTATION('',(#9536),#9539);
#9536 = B_SPLINE_CURVE_WITH_KNOTS('',1,(#9537,#9538),.UNSPECIFIED.,.F.,
  .F.,(2,2),(4.962207693022E+03,4.977559891561E+03),
  .PIECEWISE_BEZIER_KNOTS.);
#9537 = CARTESIAN_POINT('',(14.,-107.65));
#9538 = CARTESIAN_POINT('',(0.,-101.35));
#9539 = ( GEOMETRIC_REPRESENTATION_CONTEXT(2) 
PARAMETRIC_REPRESENTATION_CONTEXT() REPRESENTATION_CONTEXT('2D SPACE',''
  ) );
#9540 = ADVANCED_FACE('',(#9541,#9693),#8815,.T.);
#9541 = FACE_BOUND('',#9542,.T.);
#9542 = EDGE_LOOP('',(#9543,#9544,#9573,#9594,#9623,#9644,#9673,#9692));
#9543 = ORIENTED_EDGE('',*,*,#8802,.F.);
#9544 = ORIENTED_EDGE('',*,*,#9545,.T.);
#9545 = EDGE_CURVE('',#8775,#9546,#9548,.T.);
#9546 = VERTEX_POINT('',#9547);
#9547 = CARTESIAN_POINT('',(7.,298.64999999999,-20.));
#9548 = SURFACE_CURVE('',#9549,(#9554,#9561),.PCURVE_S1.);
#9549 = ELLIPSE('',#9550,3.289756829919,3.);
#9550 = AXIS2_PLACEMENT_3D('',#9551,#9552,#9553);
#9551 = CARTESIAN_POINT('',(7.,298.64999999999,-17.));
#9552 = DIRECTION('',(-0.410364677329,0.911921505175,0.));
#9553 = DIRECTION('',(-0.911921505175,-0.410364677329,0.));
#9554 = PCURVE('',#8815,#9555);
#9555 = DEFINITIONAL_REPRESENTATION('',(#9556),#9560);
#9556 = ELLIPSE('',#9557,3.289756829919,3.);
#9557 = AXIS2_PLACEMENT_2D('',#9558,#9559);
#9558 = CARTESIAN_POINT('',(9.983E+03,9.99671024317E+03));
#9559 = DIRECTION('',(0.,-1.));
#9560 = ( GEOMETRIC_REPRESENTATION_CONTEXT(2) 
PARAMETRIC_REPRESENTATION_CONTEXT() REPRESENTATION_CONTEXT('2D SPACE',''
  ) );
#9561 = PCURVE('',#8790,#9562);
#9562 = DEFINITIONAL_REPRESENTATION('',(#9563),#9572);
#9563 = B_SPLINE_CURVE_WITH_KNOTS('',7,(#9564,#9565,#9566,#9567,#9568,
    #9569,#9570,#9571),.UNSPECIFIED.,.F.,.F.,(8,8),(3.14159265359,
    4.712388980385),.PIECEWISE_BEZIER_KNOTS.);
#9564 = CARTESIAN_POINT('',(1.570796326795,-399.9999999999));
#9565 = CARTESIAN_POINT('',(1.346396851538,-399.9999999999));
#9566 = CARTESIAN_POINT('',(1.121997376282,-399.920689292));
#9567 = CARTESIAN_POINT('',(0.897597901026,-399.7620793812));
#9568 = CARTESIAN_POINT('',(0.673198425769,-399.5339082148));
#9569 = CARTESIAN_POINT('',(0.448798950513,-399.255877353));
#9570 = CARTESIAN_POINT('',(0.224399475256,-398.9529392915));
#9571 = CARTESIAN_POINT('',(0.,-398.6499999999));
#9572 = ( GEOMETRIC_REPRESENTATION_CONTEXT(2) 
PARAMETRIC_REPRESENTATION_CONTEXT() REPRESENTATION_CONTEXT('2D SPACE',''
  ) );
#9573 = ORIENTED_EDGE('',*,*,#9574,.F.);
#9574 = EDGE_CURVE('',#9575,#9546,#9577,.T.);
#9575 = VERTEX_POINT('',#9576);
#9576 = CARTESIAN_POINT('',(-7.,292.34999999999,-20.));
#9577 = SURFACE_CURVE('',#9578,(#9582,#9588),.PCURVE_S1.);
#9578 = LINE('',#9579,#9580);
#9579 = CARTESIAN_POINT('',(-4.631520207788E+03,-1.788684093505E+03,-20.
    ));
#9580 = VECTOR('',#9581,1.);
#9581 = DIRECTION('',(0.911921505175,0.410364677329,0.));
#9582 = PCURVE('',#8815,#9583);
#9583 = DEFINITIONAL_REPRESENTATION('',(#9584),#9587);
#9584 = B_SPLINE_CURVE_WITH_KNOTS('',1,(#9585,#9586),.UNSPECIFIED.,.F.,
  .F.,(2,2),(5.07118231289E+03,5.08653451143E+03),
  .PIECEWISE_BEZIER_KNOTS.);
#9585 = CARTESIAN_POINT('',(9.98E+03,9.98135804463E+03));
#9586 = CARTESIAN_POINT('',(9.98E+03,9.99671024317E+03));
#9587 = ( GEOMETRIC_REPRESENTATION_CONTEXT(2) 
PARAMETRIC_REPRESENTATION_CONTEXT() REPRESENTATION_CONTEXT('2D SPACE',''
  ) );
#9588 = PCURVE('',#9261,#9589);
#9589 = DEFINITIONAL_REPRESENTATION('',(#9590),#9593);
#9590 = B_SPLINE_CURVE_WITH_KNOTS('',1,(#9591,#9592),.UNSPECIFIED.,.F.,
  .F.,(2,2),(5.07118231289E+03,5.08653451143E+03),
  .PIECEWISE_BEZIER_KNOTS.);
#9591 = CARTESIAN_POINT('',(0.,-392.3499999999));
#9592 = CARTESIAN_POINT('',(14.,-398.6499999999));
#9593 = ( GEOMETRIC_REPRESENTATION_CONTEXT(2) 
PARAMETRIC_REPRESENTATION_CONTEXT() REPRESENTATION_CONTEXT('2D SPACE',''
  ) );
#9594 = ORIENTED_EDGE('',*,*,#9595,.T.);
#9595 = EDGE_CURVE('',#9575,#9596,#9598,.T.);
#9596 = VERTEX_POINT('',#9597);
#9597 = CARTESIAN_POINT('',(-10.,290.99999999999,-17.));
#9598 = SURFACE_CURVE('',#9599,(#9604,#9611),.PCURVE_S1.);
#9599 = ELLIPSE('',#9600,3.289756829919,3.);
#9600 = AXIS2_PLACEMENT_3D('',#9601,#9602,#9603);
#9601 = CARTESIAN_POINT('',(-7.,292.34999999999,-17.));
#9602 = DIRECTION('',(-0.410364677329,0.911921505175,0.));
#9603 = DIRECTION('',(-0.911921505175,-0.410364677329,0.));
#9604 = PCURVE('',#8815,#9605);
#9605 = DEFINITIONAL_REPRESENTATION('',(#9606),#9610);
#9606 = ELLIPSE('',#9607,3.289756829919,3.);
#9607 = AXIS2_PLACEMENT_2D('',#9608,#9609);
#9608 = CARTESIAN_POINT('',(9.983E+03,9.98135804463E+03));
#9609 = DIRECTION('',(0.,-1.));
#9610 = ( GEOMETRIC_REPRESENTATION_CONTEXT(2) 
PARAMETRIC_REPRESENTATION_CONTEXT() REPRESENTATION_CONTEXT('2D SPACE',''
  ) );
#9611 = PCURVE('',#9229,#9612);
#9612 = DEFINITIONAL_REPRESENTATION('',(#9613),#9622);
#9613 = B_SPLINE_CURVE_WITH_KNOTS('',7,(#9614,#9615,#9616,#9617,#9618,
    #9619,#9620,#9621),.UNSPECIFIED.,.F.,.F.,(8,8),(4.712388980385,
    6.28318530718),.PIECEWISE_BEZIER_KNOTS.);
#9614 = CARTESIAN_POINT('',(1.570796326795,-392.3499999999));
#9615 = CARTESIAN_POINT('',(1.346396851538,-392.0470607084));
#9616 = CARTESIAN_POINT('',(1.121997376282,-391.7441226468));
#9617 = CARTESIAN_POINT('',(0.897597901026,-391.4660917853));
#9618 = CARTESIAN_POINT('',(0.673198425769,-391.2379206187));
#9619 = CARTESIAN_POINT('',(0.448798950513,-391.079310708));
#9620 = CARTESIAN_POINT('',(0.224399475256,-390.9999999999));
#9621 = CARTESIAN_POINT('',(0.,-390.9999999999));
#9622 = ( GEOMETRIC_REPRESENTATION_CONTEXT(2) 
PARAMETRIC_REPRESENTATION_CONTEXT() REPRESENTATION_CONTEXT('2D SPACE',''
  ) );
#9623 = ORIENTED_EDGE('',*,*,#9624,.F.);
#9624 = EDGE_CURVE('',#9625,#9596,#9627,.T.);
#9625 = VERTEX_POINT('',#9626);
#9626 = CARTESIAN_POINT('',(-10.,290.99999999999,17.));
#9627 = SURFACE_CURVE('',#9628,(#9632,#9638),.PCURVE_S1.);
#9628 = LINE('',#9629,#9630);
#9629 = CARTESIAN_POINT('',(-10.,290.99999999999,-4.9915E+03));
#9630 = VECTOR('',#9631,1.);
#9631 = DIRECTION('',(0.,0.,-1.));
#9632 = PCURVE('',#8815,#9633);
#9633 = DEFINITIONAL_REPRESENTATION('',(#9634),#9637);
#9634 = B_SPLINE_CURVE_WITH_KNOTS('',1,(#9635,#9636),.UNSPECIFIED.,.F.,
  .F.,(2,2),(-5.0085E+03,-4.9745E+03),.PIECEWISE_BEZIER_KNOTS.);
#9635 = CARTESIAN_POINT('',(1.0017E+04,9.978068287801E+03));
#9636 = CARTESIAN_POINT('',(9.983E+03,9.978068287801E+03));
#9637 = ( GEOMETRIC_REPRESENTATION_CONTEXT(2) 
PARAMETRIC_REPRESENTATION_CONTEXT() REPRESENTATION_CONTEXT('2D SPACE',''
  ) );
#9638 = PCURVE('',#9201,#9639);
#9639 = DEFINITIONAL_REPRESENTATION('',(#9640),#9643);
#9640 = B_SPLINE_CURVE_WITH_KNOTS('',1,(#9641,#9642),.UNSPECIFIED.,.F.,
  .F.,(2,2),(-5.0085E+03,-4.9745E+03),.PIECEWISE_BEZIER_KNOTS.);
#9641 = CARTESIAN_POINT('',(0.,-390.9999999999));
#9642 = CARTESIAN_POINT('',(34.,-390.9999999999));
#9643 = ( GEOMETRIC_REPRESENTATION_CONTEXT(2) 
PARAMETRIC_REPRESENTATION_CONTEXT() REPRESENTATION_CONTEXT('2D SPACE',''
  ) );
#9644 = ORIENTED_EDGE('',*,*,#9645,.T.);
#9645 = EDGE_CURVE('',#9625,#9646,#9648,.T.);
#9646 = VERTEX_POINT('',#9647);
#9647 = CARTESIAN_POINT('',(-7.,292.34999999999,20.));
#9648 = SURFACE_CURVE('',#9649,(#9654,#9661),.PCURVE_S1.);
#9649 = ELLIPSE('',#9650,3.289756829919,3.);
#9650 = AXIS2_PLACEMENT_3D('',#9651,#9652,#9653);
#9651 = CARTESIAN_POINT('',(-7.,292.34999999999,17.));
#9652 = DIRECTION('',(-0.410364677329,0.911921505175,0.));
#9653 = DIRECTION('',(-0.911921505175,-0.410364677329,0.));
#9654 = PCURVE('',#8815,#9655);
#9655 = DEFINITIONAL_REPRESENTATION('',(#9656),#9660);
#9656 = ELLIPSE('',#9657,3.289756829919,3.);
#9657 = AXIS2_PLACEMENT_2D('',#9658,#9659);
#9658 = CARTESIAN_POINT('',(1.0017E+04,9.98135804463E+03));
#9659 = DIRECTION('',(0.,-1.));
#9660 = ( GEOMETRIC_REPRESENTATION_CONTEXT(2) 
PARAMETRIC_REPRESENTATION_CONTEXT() REPRESENTATION_CONTEXT('2D SPACE',''
  ) );
#9661 = PCURVE('',#9169,#9662);
#9662 = DEFINITIONAL_REPRESENTATION('',(#9663),#9672);
#9663 = B_SPLINE_CURVE_WITH_KNOTS('',7,(#9664,#9665,#9666,#9667,#9668,
    #9669,#9670,#9671),.UNSPECIFIED.,.F.,.F.,(8,8),(0.,1.570796326795),
  .PIECEWISE_BEZIER_KNOTS.);
#9664 = CARTESIAN_POINT('',(1.570796326795,-390.9999999999));
#9665 = CARTESIAN_POINT('',(1.346396851538,-390.9999999999));
#9666 = CARTESIAN_POINT('',(1.121997376282,-391.079310708));
#9667 = CARTESIAN_POINT('',(0.897597901026,-391.2379206187));
#9668 = CARTESIAN_POINT('',(0.673198425769,-391.4660917853));
#9669 = CARTESIAN_POINT('',(0.448798950513,-391.7441226469));
#9670 = CARTESIAN_POINT('',(0.224399475256,-392.0470607084));
#9671 = CARTESIAN_POINT('',(0.,-392.3499999999));
#9672 = ( GEOMETRIC_REPRESENTATION_CONTEXT(2) 
PARAMETRIC_REPRESENTATION_CONTEXT() REPRESENTATION_CONTEXT('2D SPACE',''
  ) );
#9673 = ORIENTED_EDGE('',*,*,#9674,.F.);
#9674 = EDGE_CURVE('',#9072,#9646,#9675,.T.);
#9675 = SURFACE_CURVE('',#9676,(#9680,#9686),.PCURVE_S1.);
#9676 = LINE('',#9677,#9678);
#9677 = CARTESIAN_POINT('',(-4.625699001967E+03,-1.786064550885E+03,20.)
  );
#9678 = VECTOR('',#9679,1.);
#9679 = DIRECTION('',(-0.911921505175,-0.410364677329,0.));
#9680 = PCURVE('',#8815,#9681);
#9681 = DEFINITIONAL_REPRESENTATION('',(#9682),#9685);
#9682 = B_SPLINE_CURVE_WITH_KNOTS('',1,(#9683,#9684),.UNSPECIFIED.,.F.,
  .F.,(2,2),(-5.080151060894E+03,-5.064798862354E+03),
  .PIECEWISE_BEZIER_KNOTS.);
#9683 = CARTESIAN_POINT('',(1.002E+04,9.99671024317E+03));
#9684 = CARTESIAN_POINT('',(1.002E+04,9.98135804463E+03));
#9685 = ( GEOMETRIC_REPRESENTATION_CONTEXT(2) 
PARAMETRIC_REPRESENTATION_CONTEXT() REPRESENTATION_CONTEXT('2D SPACE',''
  ) );
#9686 = PCURVE('',#9114,#9687);
#9687 = DEFINITIONAL_REPRESENTATION('',(#9688),#9691);
#9688 = B_SPLINE_CURVE_WITH_KNOTS('',1,(#9689,#9690),.UNSPECIFIED.,.F.,
  .F.,(2,2),(-5.080151060894E+03,-5.064798862354E+03),
  .PIECEWISE_BEZIER_KNOTS.);
#9689 = CARTESIAN_POINT('',(0.,-398.6499999999));
#9690 = CARTESIAN_POINT('',(14.,-392.3499999999));
#9691 = ( GEOMETRIC_REPRESENTATION_CONTEXT(2) 
PARAMETRIC_REPRESENTATION_CONTEXT() REPRESENTATION_CONTEXT('2D SPACE',''
  ) );
#9692 = ORIENTED_EDGE('',*,*,#9071,.T.);
#9693 = FACE_BOUND('',#9694,.T.);
#9694 = EDGE_LOOP('',(#9695,#9726,#9747,#9776,#9797,#9826,#9847,#9876));
#9695 = ORIENTED_EDGE('',*,*,#9696,.F.);
#9696 = EDGE_CURVE('',#9697,#9699,#9701,.T.);
#9697 = VERTEX_POINT('',#9698);
#9698 = CARTESIAN_POINT('',(7.,298.64999999999,18.5));
#9699 = VERTEX_POINT('',#9700);
#9700 = CARTESIAN_POINT('',(8.5,299.325,17.));
#9701 = SURFACE_CURVE('',#9702,(#9707,#9714),.PCURVE_S1.);
#9702 = ELLIPSE('',#9703,1.64487841496,1.5);
#9703 = AXIS2_PLACEMENT_3D('',#9704,#9705,#9706);
#9704 = CARTESIAN_POINT('',(7.,298.64999999999,17.));
#9705 = DIRECTION('',(-0.410364677329,0.911921505175,0.));
#9706 = DIRECTION('',(-0.911921505175,-0.410364677329,0.));
#9707 = PCURVE('',#8815,#9708);
#9708 = DEFINITIONAL_REPRESENTATION('',(#9709),#9713);
#9709 = ELLIPSE('',#9710,1.64487841496,1.5);
#9710 = AXIS2_PLACEMENT_2D('',#9711,#9712);
#9711 = CARTESIAN_POINT('',(1.0017E+04,9.99671024317E+03));
#9712 = DIRECTION('',(0.,-1.));
#9713 = ( GEOMETRIC_REPRESENTATION_CONTEXT(2) 
PARAMETRIC_REPRESENTATION_CONTEXT() REPRESENTATION_CONTEXT('2D SPACE',''
  ) );
#9714 = PCURVE('',#9320,#9715);
#9715 = DEFINITIONAL_REPRESENTATION('',(#9716),#9725);
#9716 = B_SPLINE_CURVE_WITH_KNOTS('',7,(#9717,#9718,#9719,#9720,#9721,
    #9722,#9723,#9724),.UNSPECIFIED.,.F.,.F.,(8,8),(1.570796326795,
    3.14159265359),.PIECEWISE_BEZIER_KNOTS.);
#9717 = CARTESIAN_POINT('',(1.570796326795,-398.6499999999));
#9718 = CARTESIAN_POINT('',(1.346396851538,-398.8014696457));
#9719 = CARTESIAN_POINT('',(1.121997376282,-398.9529386765));
#9720 = CARTESIAN_POINT('',(0.897597901026,-399.0919541073));
#9721 = CARTESIAN_POINT('',(0.673198425769,-399.2060396906));
#9722 = CARTESIAN_POINT('',(0.448798950513,-399.285344646));
#9723 = CARTESIAN_POINT('',(0.224399475256,-399.3249999999));
#9724 = CARTESIAN_POINT('',(0.,-399.3249999999));
#9725 = ( GEOMETRIC_REPRESENTATION_CONTEXT(2) 
PARAMETRIC_REPRESENTATION_CONTEXT() REPRESENTATION_CONTEXT('2D SPACE',''
  ) );
#9726 = ORIENTED_EDGE('',*,*,#9727,.T.);
#9727 = EDGE_CURVE('',#9697,#9728,#9730,.T.);
#9728 = VERTEX_POINT('',#9729);
#9729 = CARTESIAN_POINT('',(-7.,292.34999999999,18.5));
#9730 = SURFACE_CURVE('',#9731,(#9735,#9741),.PCURVE_S1.);
#9731 = LINE('',#9732,#9733);
#9732 = CARTESIAN_POINT('',(-4.625699001967E+03,-1.786064550885E+03,18.5
    ));
#9733 = VECTOR('',#9734,1.);
#9734 = DIRECTION('',(-0.911921505175,-0.410364677329,0.));
#9735 = PCURVE('',#8815,#9736);
#9736 = DEFINITIONAL_REPRESENTATION('',(#9737),#9740);
#9737 = B_SPLINE_CURVE_WITH_KNOTS('',1,(#9738,#9739),.UNSPECIFIED.,.F.,
  .F.,(2,2),(-5.080151060894E+03,-5.064798862354E+03),
  .PIECEWISE_BEZIER_KNOTS.);
#9738 = CARTESIAN_POINT('',(1.00185E+04,9.99671024317E+03));
#9739 = CARTESIAN_POINT('',(1.00185E+04,9.98135804463E+03));
#9740 = ( GEOMETRIC_REPRESENTATION_CONTEXT(2) 
PARAMETRIC_REPRESENTATION_CONTEXT() REPRESENTATION_CONTEXT('2D SPACE',''
  ) );
#9741 = PCURVE('',#9530,#9742);
#9742 = DEFINITIONAL_REPRESENTATION('',(#9743),#9746);
#9743 = B_SPLINE_CURVE_WITH_KNOTS('',1,(#9744,#9745),.UNSPECIFIED.,.F.,
  .F.,(2,2),(-5.080151060894E+03,-5.064798862354E+03),
  .PIECEWISE_BEZIER_KNOTS.);
#9744 = CARTESIAN_POINT('',(0.,-398.6499999999));
#9745 = CARTESIAN_POINT('',(14.,-392.3499999999));
#9746 = ( GEOMETRIC_REPRESENTATION_CONTEXT(2) 
PARAMETRIC_REPRESENTATION_CONTEXT() REPRESENTATION_CONTEXT('2D SPACE',''
  ) );
#9747 = ORIENTED_EDGE('',*,*,#9748,.F.);
#9748 = EDGE_CURVE('',#9749,#9728,#9751,.T.);
#9749 = VERTEX_POINT('',#9750);
#9750 = CARTESIAN_POINT('',(-8.5,291.67499999999,17.));
#9751 = SURFACE_CURVE('',#9752,(#9757,#9764),.PCURVE_S1.);
#9752 = ELLIPSE('',#9753,1.64487841496,1.5);
#9753 = AXIS2_PLACEMENT_3D('',#9754,#9755,#9756);
#9754 = CARTESIAN_POINT('',(-7.,292.34999999999,17.));
#9755 = DIRECTION('',(-0.410364677329,0.911921505175,0.));
#9756 = DIRECTION('',(-0.911921505175,-0.410364677329,0.));
#9757 = PCURVE('',#8815,#9758);
#9758 = DEFINITIONAL_REPRESENTATION('',(#9759),#9763);
#9759 = ELLIPSE('',#9760,1.64487841496,1.5);
#9760 = AXIS2_PLACEMENT_2D('',#9761,#9762);
#9761 = CARTESIAN_POINT('',(1.0017E+04,9.98135804463E+03));
#9762 = DIRECTION('',(0.,-1.));
#9763 = ( GEOMETRIC_REPRESENTATION_CONTEXT(2) 
PARAMETRIC_REPRESENTATION_CONTEXT() REPRESENTATION_CONTEXT('2D SPACE',''
  ) );
#9764 = PCURVE('',#9500,#9765);
#9765 = DEFINITIONAL_REPRESENTATION('',(#9766),#9775);
#9766 = B_SPLINE_CURVE_WITH_KNOTS('',7,(#9767,#9768,#9769,#9770,#9771,
    #9772,#9773,#9774),.UNSPECIFIED.,.F.,.F.,(8,8),(-2.6645352591E-15,
    1.570796326795),.PIECEWISE_BEZIER_KNOTS.);
#9767 = CARTESIAN_POINT('',(1.570796326795,-391.6749999999));
#9768 = CARTESIAN_POINT('',(1.346396851538,-391.6749999999));
#9769 = CARTESIAN_POINT('',(1.121997376282,-391.714655354));
#9770 = CARTESIAN_POINT('',(0.897597901026,-391.7939603092));
#9771 = CARTESIAN_POINT('',(0.673198425769,-391.9080458928));
#9772 = CARTESIAN_POINT('',(0.448798950513,-392.0470613234));
#9773 = CARTESIAN_POINT('',(0.224399475256,-392.1985303542));
#9774 = CARTESIAN_POINT('',(5.921189464668E-16,-392.3499999999));
#9775 = ( GEOMETRIC_REPRESENTATION_CONTEXT(2) 
PARAMETRIC_REPRESENTATION_CONTEXT() REPRESENTATION_CONTEXT('2D SPACE',''
  ) );
#9776 = ORIENTED_EDGE('',*,*,#9777,.T.);
#9777 = EDGE_CURVE('',#9749,#9778,#9780,.T.);
#9778 = VERTEX_POINT('',#9779);
#9779 = CARTESIAN_POINT('',(-8.5,291.67499999999,-17.));
#9780 = SURFACE_CURVE('',#9781,(#9785,#9791),.PCURVE_S1.);
#9781 = LINE('',#9782,#9783);
#9782 = CARTESIAN_POINT('',(-8.5,291.67499999999,-4.9915E+03));
#9783 = VECTOR('',#9784,1.);
#9784 = DIRECTION('',(0.,0.,-1.));
#9785 = PCURVE('',#8815,#9786);
#9786 = DEFINITIONAL_REPRESENTATION('',(#9787),#9790);
#9787 = B_SPLINE_CURVE_WITH_KNOTS('',1,(#9788,#9789),.UNSPECIFIED.,.F.,
  .F.,(2,2),(-5.0085E+03,-4.9745E+03),.PIECEWISE_BEZIER_KNOTS.);
#9788 = CARTESIAN_POINT('',(1.0017E+04,9.979713166215E+03));
#9789 = CARTESIAN_POINT('',(9.983E+03,9.979713166215E+03));
#9790 = ( GEOMETRIC_REPRESENTATION_CONTEXT(2) 
PARAMETRIC_REPRESENTATION_CONTEXT() REPRESENTATION_CONTEXT('2D SPACE',''
  ) );
#9791 = PCURVE('',#9472,#9792);
#9792 = DEFINITIONAL_REPRESENTATION('',(#9793),#9796);
#9793 = B_SPLINE_CURVE_WITH_KNOTS('',1,(#9794,#9795),.UNSPECIFIED.,.F.,
  .F.,(2,2),(-5.0085E+03,-4.9745E+03),.PIECEWISE_BEZIER_KNOTS.);
#9794 = CARTESIAN_POINT('',(0.,-391.6749999999));
#9795 = CARTESIAN_POINT('',(34.,-391.6749999999));
#9796 = ( GEOMETRIC_REPRESENTATION_CONTEXT(2) 
PARAMETRIC_REPRESENTATION_CONTEXT() REPRESENTATION_CONTEXT('2D SPACE',''
  ) );
#9797 = ORIENTED_EDGE('',*,*,#9798,.F.);
#9798 = EDGE_CURVE('',#9799,#9778,#9801,.T.);
#9799 = VERTEX_POINT('',#9800);
#9800 = CARTESIAN_POINT('',(-7.,292.34999999999,-18.5));
#9801 = SURFACE_CURVE('',#9802,(#9807,#9814),.PCURVE_S1.);
#9802 = ELLIPSE('',#9803,1.64487841496,1.5);
#9803 = AXIS2_PLACEMENT_3D('',#9804,#9805,#9806);
#9804 = CARTESIAN_POINT('',(-7.,292.34999999999,-17.));
#9805 = DIRECTION('',(-0.410364677329,0.911921505175,0.));
#9806 = DIRECTION('',(-0.911921505175,-0.410364677329,0.));
#9807 = PCURVE('',#8815,#9808);
#9808 = DEFINITIONAL_REPRESENTATION('',(#9809),#9813);
#9809 = ELLIPSE('',#9810,1.64487841496,1.5);
#9810 = AXIS2_PLACEMENT_2D('',#9811,#9812);
#9811 = CARTESIAN_POINT('',(9.983E+03,9.98135804463E+03));
#9812 = DIRECTION('',(0.,-1.));
#9813 = ( GEOMETRIC_REPRESENTATION_CONTEXT(2) 
PARAMETRIC_REPRESENTATION_CONTEXT() REPRESENTATION_CONTEXT('2D SPACE',''
  ) );
#9814 = PCURVE('',#9440,#9815);
#9815 = DEFINITIONAL_REPRESENTATION('',(#9816),#9825);
#9816 = B_SPLINE_CURVE_WITH_KNOTS('',7,(#9817,#9818,#9819,#9820,#9821,
    #9822,#9823,#9824),.UNSPECIFIED.,.F.,.F.,(8,8),(4.712388980385,
    6.28318530718),.PIECEWISE_BEZIER_KNOTS.);
#9817 = CARTESIAN_POINT('',(1.570796326795,-392.3499999999));
#9818 = CARTESIAN_POINT('',(1.346396851538,-392.1985303542));
#9819 = CARTESIAN_POINT('',(1.121997376282,-392.0470613233));
#9820 = CARTESIAN_POINT('',(0.897597901026,-391.9080458929));
#9821 = CARTESIAN_POINT('',(0.673198425769,-391.7939603091));
#9822 = CARTESIAN_POINT('',(0.448798950513,-391.714655354));
#9823 = CARTESIAN_POINT('',(0.224399475256,-391.6749999999));
#9824 = CARTESIAN_POINT('',(0.,-391.6749999999));
#9825 = ( GEOMETRIC_REPRESENTATION_CONTEXT(2) 
PARAMETRIC_REPRESENTATION_CONTEXT() REPRESENTATION_CONTEXT('2D SPACE',''
  ) );
#9826 = ORIENTED_EDGE('',*,*,#9827,.T.);
#9827 = EDGE_CURVE('',#9799,#9828,#9830,.T.);
#9828 = VERTEX_POINT('',#9829);
#9829 = CARTESIAN_POINT('',(7.,298.64999999999,-18.5));
#9830 = SURFACE_CURVE('',#9831,(#9835,#9841),.PCURVE_S1.);
#9831 = LINE('',#9832,#9833);
#9832 = CARTESIAN_POINT('',(-4.631520207788E+03,-1.788684093505E+03,
    -18.5));
#9833 = VECTOR('',#9834,1.);
#9834 = DIRECTION('',(0.911921505175,0.410364677329,0.));
#9835 = PCURVE('',#8815,#9836);
#9836 = DEFINITIONAL_REPRESENTATION('',(#9837),#9840);
#9837 = B_SPLINE_CURVE_WITH_KNOTS('',1,(#9838,#9839),.UNSPECIFIED.,.F.,
  .F.,(2,2),(5.07118231289E+03,5.08653451143E+03),
  .PIECEWISE_BEZIER_KNOTS.);
#9838 = CARTESIAN_POINT('',(9.9815E+03,9.98135804463E+03));
#9839 = CARTESIAN_POINT('',(9.9815E+03,9.99671024317E+03));
#9840 = ( GEOMETRIC_REPRESENTATION_CONTEXT(2) 
PARAMETRIC_REPRESENTATION_CONTEXT() REPRESENTATION_CONTEXT('2D SPACE',''
  ) );
#9841 = PCURVE('',#9412,#9842);
#9842 = DEFINITIONAL_REPRESENTATION('',(#9843),#9846);
#9843 = B_SPLINE_CURVE_WITH_KNOTS('',1,(#9844,#9845),.UNSPECIFIED.,.F.,
  .F.,(2,2),(5.07118231289E+03,5.08653451143E+03),
  .PIECEWISE_BEZIER_KNOTS.);
#9844 = CARTESIAN_POINT('',(0.,-392.3499999999));
#9845 = CARTESIAN_POINT('',(14.,-398.6499999999));
#9846 = ( GEOMETRIC_REPRESENTATION_CONTEXT(2) 
PARAMETRIC_REPRESENTATION_CONTEXT() REPRESENTATION_CONTEXT('2D SPACE',''
  ) );
#9847 = ORIENTED_EDGE('',*,*,#9848,.F.);
#9848 = EDGE_CURVE('',#9849,#9828,#9851,.T.);
#9849 = VERTEX_POINT('',#9850);
#9850 = CARTESIAN_POINT('',(8.5,299.325,-17.));
#9851 = SURFACE_CURVE('',#9852,(#9857,#9864),.PCURVE_S1.);
#9852 = ELLIPSE('',#9853,1.64487841496,1.5);
#9853 = AXIS2_PLACEMENT_3D('',#9854,#9855,#9856);
#9854 = CARTESIAN_POINT('',(7.,298.64999999999,-17.));
#9855 = DIRECTION('',(-0.410364677329,0.911921505175,0.));
#9856 = DIRECTION('',(-0.911921505175,-0.410364677329,0.));
#9857 = PCURVE('',#8815,#9858);
#9858 = DEFINITIONAL_REPRESENTATION('',(#9859),#9863);
#9859 = ELLIPSE('',#9860,1.64487841496,1.5);
#9860 = AXIS2_PLACEMENT_2D('',#9861,#9862);
#9861 = CARTESIAN_POINT('',(9.983E+03,9.99671024317E+03));
#9862 = DIRECTION('',(0.,-1.));
#9863 = ( GEOMETRIC_REPRESENTATION_CONTEXT(2) 
PARAMETRIC_REPRESENTATION_CONTEXT() REPRESENTATION_CONTEXT('2D SPACE',''
  ) );
#9864 = PCURVE('',#9380,#9865);
#9865 = DEFINITIONAL_REPRESENTATION('',(#9866),#9875);
#9866 = B_SPLINE_CURVE_WITH_KNOTS('',7,(#9867,#9868,#9869,#9870,#9871,
    #9872,#9873,#9874),.UNSPECIFIED.,.F.,.F.,(8,8),(3.14159265359,
    4.712388980385),.PIECEWISE_BEZIER_KNOTS.);
#9867 = CARTESIAN_POINT('',(1.570796326795,-399.3249999999));
#9868 = CARTESIAN_POINT('',(1.346396851538,-399.3249999999));
#9869 = CARTESIAN_POINT('',(1.121997376282,-399.2853446459));
#9870 = CARTESIAN_POINT('',(0.897597901026,-399.2060396908));
#9871 = CARTESIAN_POINT('',(0.67319842577,-399.0919541072));
#9872 = CARTESIAN_POINT('',(0.448798950513,-398.9529386765));
#9873 = CARTESIAN_POINT('',(0.224399475256,-398.8014696457));
#9874 = CARTESIAN_POINT('',(5.921189464668E-16,-398.6499999999));
#9875 = ( GEOMETRIC_REPRESENTATION_CONTEXT(2) 
PARAMETRIC_REPRESENTATION_CONTEXT() REPRESENTATION_CONTEXT('2D SPACE',''
  ) );
#9876 = ORIENTED_EDGE('',*,*,#9877,.T.);
#9877 = EDGE_CURVE('',#9849,#9699,#9878,.T.);
#9878 = SURFACE_CURVE('',#9879,(#9883,#9889),.PCURVE_S1.);
#9879 = LINE('',#9880,#9881);
#9880 = CARTESIAN_POINT('',(8.5,299.32499999999,-5.0085E+03));
#9881 = VECTOR('',#9882,1.);
#9882 = DIRECTION('',(0.,-0.,1.));
#9883 = PCURVE('',#8815,#9884);
#9884 = DEFINITIONAL_REPRESENTATION('',(#9885),#9888);
#9885 = B_SPLINE_CURVE_WITH_KNOTS('',1,(#9886,#9887),.UNSPECIFIED.,.F.,
  .F.,(2,2),(4.9915E+03,5.0255E+03),.PIECEWISE_BEZIER_KNOTS.);
#9886 = CARTESIAN_POINT('',(9.983E+03,9.998355121585E+03));
#9887 = CARTESIAN_POINT('',(1.0017E+04,9.998355121585E+03));
#9888 = ( GEOMETRIC_REPRESENTATION_CONTEXT(2) 
PARAMETRIC_REPRESENTATION_CONTEXT() REPRESENTATION_CONTEXT('2D SPACE',''
  ) );
#9889 = PCURVE('',#9352,#9890);
#9890 = DEFINITIONAL_REPRESENTATION('',(#9891),#9894);
#9891 = B_SPLINE_CURVE_WITH_KNOTS('',1,(#9892,#9893),.UNSPECIFIED.,.F.,
  .F.,(2,2),(4.9915E+03,5.0255E+03),.PIECEWISE_BEZIER_KNOTS.);
#9892 = CARTESIAN_POINT('',(0.,-399.3249999999));
#9893 = CARTESIAN_POINT('',(34.,-399.3249999999));
#9894 = ( GEOMETRIC_REPRESENTATION_CONTEXT(2) 
PARAMETRIC_REPRESENTATION_CONTEXT() REPRESENTATION_CONTEXT('2D SPACE',''
  ) );
#9895 = ADVANCED_FACE('',(#9896),#8790,.T.);
#9896 = FACE_BOUND('',#9897,.T.);
#9897 = EDGE_LOOP('',(#9898,#9899,#9920,#9921));
#9898 = ORIENTED_EDGE('',*,*,#9272,.F.);
#9899 = ORIENTED_EDGE('',*,*,#9900,.T.);
#9900 = EDGE_CURVE('',#9247,#9546,#9901,.T.);
#9901 = SURFACE_CURVE('',#9902,(#9906,#9913),.PCURVE_S1.);
#9902 = LINE('',#9903,#9904);
#9903 = CARTESIAN_POINT('',(7.,-100.,-20.));
#9904 = VECTOR('',#9905,1.);
#9905 = DIRECTION('',(0.,1.,0.));
#9906 = PCURVE('',#8790,#9907);
#9907 = DEFINITIONAL_REPRESENTATION('',(#9908),#9912);
#9908 = LINE('',#9909,#9910);
#9909 = CARTESIAN_POINT('',(0.,0.));
#9910 = VECTOR('',#9911,1.);
#9911 = DIRECTION('',(0.,-1.));
#9912 = ( GEOMETRIC_REPRESENTATION_CONTEXT(2) 
PARAMETRIC_REPRESENTATION_CONTEXT() REPRESENTATION_CONTEXT('2D SPACE',''
  ) );
#9913 = PCURVE('',#9261,#9914);
#9914 = DEFINITIONAL_REPRESENTATION('',(#9915),#9919);
#9915 = LINE('',#9916,#9917);
#9916 = CARTESIAN_POINT('',(14.,0.));
#9917 = VECTOR('',#9918,1.);
#9918 = DIRECTION('',(0.,-1.));
#9919 = ( GEOMETRIC_REPRESENTATION_CONTEXT(2) 
PARAMETRIC_REPRESENTATION_CONTEXT() REPRESENTATION_CONTEXT('2D SPACE',''
  ) );
#9920 = ORIENTED_EDGE('',*,*,#9545,.F.);
#9921 = ORIENTED_EDGE('',*,*,#8774,.F.);
#9922 = ADVANCED_FACE('',(#9923),#8845,.T.);
#9923 = FACE_BOUND('',#9924,.T.);
#9924 = EDGE_LOOP('',(#9925,#9948,#9969,#9990));
#9925 = ORIENTED_EDGE('',*,*,#9926,.F.);
#9926 = EDGE_CURVE('',#9927,#8829,#9929,.T.);
#9927 = VERTEX_POINT('',#9928);
#9928 = CARTESIAN_POINT('',(8.5,264.5,-3.5));
#9929 = SURFACE_CURVE('',#9930,(#9934,#9941),.PCURVE_S1.);
#9930 = LINE('',#9931,#9932);
#9931 = CARTESIAN_POINT('',(5.,264.5,-3.5));
#9932 = VECTOR('',#9933,1.);
#9933 = DIRECTION('',(1.,0.,-0.));
#9934 = PCURVE('',#8845,#9935);
#9935 = DEFINITIONAL_REPRESENTATION('',(#9936),#9940);
#9936 = LINE('',#9937,#9938);
#9937 = CARTESIAN_POINT('',(0.,7.));
#9938 = VECTOR('',#9939,1.);
#9939 = DIRECTION('',(1.,0.));
#9940 = ( GEOMETRIC_REPRESENTATION_CONTEXT(2) 
PARAMETRIC_REPRESENTATION_CONTEXT() REPRESENTATION_CONTEXT('2D SPACE',''
  ) );
#9941 = PCURVE('',#8921,#9942);
#9942 = DEFINITIONAL_REPRESENTATION('',(#9943),#9947);
#9943 = LINE('',#9944,#9945);
#9944 = CARTESIAN_POINT('',(0.,0.));
#9945 = VECTOR('',#9946,1.);
#9946 = DIRECTION('',(0.,1.));
#9947 = ( GEOMETRIC_REPRESENTATION_CONTEXT(2) 
PARAMETRIC_REPRESENTATION_CONTEXT() REPRESENTATION_CONTEXT('2D SPACE',''
  ) );
#9948 = ORIENTED_EDGE('',*,*,#9949,.T.);
#9949 = EDGE_CURVE('',#9927,#9950,#9952,.T.);
#9950 = VERTEX_POINT('',#9951);
#9951 = CARTESIAN_POINT('',(8.5,257.5,-3.5));
#9952 = SURFACE_CURVE('',#9953,(#9957,#9963),.PCURVE_S1.);
#9953 = LINE('',#9954,#9955);
#9954 = CARTESIAN_POINT('',(8.5,78.75,-3.5));
#9955 = VECTOR('',#9956,1.);
#9956 = DIRECTION('',(0.,-1.,0.));
#9957 = PCURVE('',#8845,#9958);
#9958 = DEFINITIONAL_REPRESENTATION('',(#9959),#9962);
#9959 = B_SPLINE_CURVE_WITH_KNOTS('',1,(#9960,#9961),.UNSPECIFIED.,.F.,
  .F.,(2,2),(-185.75,-178.75),.PIECEWISE_BEZIER_KNOTS.);
#9960 = CARTESIAN_POINT('',(3.5,7.));
#9961 = CARTESIAN_POINT('',(3.5,0.));
#9962 = ( GEOMETRIC_REPRESENTATION_CONTEXT(2) 
PARAMETRIC_REPRESENTATION_CONTEXT() REPRESENTATION_CONTEXT('2D SPACE',''
  ) );
#9963 = PCURVE('',#9352,#9964);
#9964 = DEFINITIONAL_REPRESENTATION('',(#9965),#9968);
#9965 = B_SPLINE_CURVE_WITH_KNOTS('',1,(#9966,#9967),.UNSPECIFIED.,.F.,
  .F.,(2,2),(-185.75,-178.75),.PIECEWISE_BEZIER_KNOTS.);
#9966 = CARTESIAN_POINT('',(13.5,-364.5));
#9967 = CARTESIAN_POINT('',(13.5,-357.5));
#9968 = ( GEOMETRIC_REPRESENTATION_CONTEXT(2) 
PARAMETRIC_REPRESENTATION_CONTEXT() REPRESENTATION_CONTEXT('2D SPACE',''
  ) );
#9969 = ORIENTED_EDGE('',*,*,#9970,.T.);
#9970 = EDGE_CURVE('',#9950,#8831,#9971,.T.);
#9971 = SURFACE_CURVE('',#9972,(#9976,#9983),.PCURVE_S1.);
#9972 = LINE('',#9973,#9974);
#9973 = CARTESIAN_POINT('',(5.,257.5,-3.5));
#9974 = VECTOR('',#9975,1.);
#9975 = DIRECTION('',(1.,0.,-0.));
#9976 = PCURVE('',#8845,#9977);
#9977 = DEFINITIONAL_REPRESENTATION('',(#9978),#9982);
#9978 = LINE('',#9979,#9980);
#9979 = CARTESIAN_POINT('',(0.,0.));
#9980 = VECTOR('',#9981,1.);
#9981 = DIRECTION('',(1.,0.));
#9982 = ( GEOMETRIC_REPRESENTATION_CONTEXT(2) 
PARAMETRIC_REPRESENTATION_CONTEXT() REPRESENTATION_CONTEXT('2D SPACE',''
  ) );
#9983 = PCURVE('',#8871,#9984);
#9984 = DEFINITIONAL_REPRESENTATION('',(#9985),#9989);
#9985 = LINE('',#9986,#9987);
#9986 = CARTESIAN_POINT('',(0.,0.));
#9987 = VECTOR('',#9988,1.);
#9988 = DIRECTION('',(0.,1.));
#9989 = ( GEOMETRIC_REPRESENTATION_CONTEXT(2) 
PARAMETRIC_REPRESENTATION_CONTEXT() REPRESENTATION_CONTEXT('2D SPACE',''
  ) );
#9990 = ORIENTED_EDGE('',*,*,#8828,.F.);
#9991 = ADVANCED_FACE('',(#9992),#8921,.F.);
#9992 = FACE_BOUND('',#9993,.F.);
#9993 = EDGE_LOOP('',(#9994,#9995,#10016,#10037));
#9994 = ORIENTED_EDGE('',*,*,#9926,.F.);
#9995 = ORIENTED_EDGE('',*,*,#9996,.T.);
#9996 = EDGE_CURVE('',#9927,#9997,#9999,.T.);
#9997 = VERTEX_POINT('',#9998);
#9998 = CARTESIAN_POINT('',(8.5,264.5,3.5));
#9999 = SURFACE_CURVE('',#10000,(#10004,#10010),.PCURVE_S1.);
#10000 = LINE('',#10001,#10002);
#10001 = CARTESIAN_POINT('',(8.5,264.5,-10.25));
#10002 = VECTOR('',#10003,1.);
#10003 = DIRECTION('',(0.,-0.,1.));
#10004 = PCURVE('',#8921,#10005);
#10005 = DEFINITIONAL_REPRESENTATION('',(#10006),#10009);
#10006 = B_SPLINE_CURVE_WITH_KNOTS('',1,(#10007,#10008),.UNSPECIFIED.,
  .F.,.F.,(2,2),(6.75,13.75),.PIECEWISE_BEZIER_KNOTS.);
#10007 = CARTESIAN_POINT('',(0.,3.5));
#10008 = CARTESIAN_POINT('',(7.,3.5));
#10009 = ( GEOMETRIC_REPRESENTATION_CONTEXT(2) 
PARAMETRIC_REPRESENTATION_CONTEXT() REPRESENTATION_CONTEXT('2D SPACE',''
  ) );
#10010 = PCURVE('',#9352,#10011);
#10011 = DEFINITIONAL_REPRESENTATION('',(#10012),#10015);
#10012 = B_SPLINE_CURVE_WITH_KNOTS('',1,(#10013,#10014),.UNSPECIFIED.,
  .F.,.F.,(2,2),(6.75,13.75),.PIECEWISE_BEZIER_KNOTS.);
#10013 = CARTESIAN_POINT('',(13.5,-364.5));
#10014 = CARTESIAN_POINT('',(20.5,-364.5));
#10015 = ( GEOMETRIC_REPRESENTATION_CONTEXT(2) 
PARAMETRIC_REPRESENTATION_CONTEXT() REPRESENTATION_CONTEXT('2D SPACE',''
  ) );
#10016 = ORIENTED_EDGE('',*,*,#10017,.T.);
#10017 = EDGE_CURVE('',#9997,#8883,#10018,.T.);
#10018 = SURFACE_CURVE('',#10019,(#10023,#10030),.PCURVE_S1.);
#10019 = LINE('',#10020,#10021);
#10020 = CARTESIAN_POINT('',(5.,264.5,3.5));
#10021 = VECTOR('',#10022,1.);
#10022 = DIRECTION('',(1.,0.,-0.));
#10023 = PCURVE('',#8921,#10024);
#10024 = DEFINITIONAL_REPRESENTATION('',(#10025),#10029);
#10025 = LINE('',#10026,#10027);
#10026 = CARTESIAN_POINT('',(7.,0.));
#10027 = VECTOR('',#10028,1.);
#10028 = DIRECTION('',(0.,1.));
#10029 = ( GEOMETRIC_REPRESENTATION_CONTEXT(2) 
PARAMETRIC_REPRESENTATION_CONTEXT() REPRESENTATION_CONTEXT('2D SPACE',''
  ) );
#10030 = PCURVE('',#8897,#10031);
#10031 = DEFINITIONAL_REPRESENTATION('',(#10032),#10036);
#10032 = LINE('',#10033,#10034);
#10033 = CARTESIAN_POINT('',(0.,7.));
#10034 = VECTOR('',#10035,1.);
#10035 = DIRECTION('',(1.,0.));
#10036 = ( GEOMETRIC_REPRESENTATION_CONTEXT(2) 
PARAMETRIC_REPRESENTATION_CONTEXT() REPRESENTATION_CONTEXT('2D SPACE',''
  ) );
#10037 = ORIENTED_EDGE('',*,*,#8908,.F.);
#10038 = ADVANCED_FACE('',(#10039),#8897,.F.);
#10039 = FACE_BOUND('',#10040,.F.);
#10040 = EDGE_LOOP('',(#10041,#10042,#10063,#10084));
#10041 = ORIENTED_EDGE('',*,*,#10017,.F.);
#10042 = ORIENTED_EDGE('',*,*,#10043,.T.);
#10043 = EDGE_CURVE('',#9997,#10044,#10046,.T.);
#10044 = VERTEX_POINT('',#10045);
#10045 = CARTESIAN_POINT('',(8.5,257.5,3.5));
#10046 = SURFACE_CURVE('',#10047,(#10051,#10057),.PCURVE_S1.);
#10047 = LINE('',#10048,#10049);
#10048 = CARTESIAN_POINT('',(8.5,78.75,3.5));
#10049 = VECTOR('',#10050,1.);
#10050 = DIRECTION('',(0.,-1.,0.));
#10051 = PCURVE('',#8897,#10052);
#10052 = DEFINITIONAL_REPRESENTATION('',(#10053),#10056);
#10053 = B_SPLINE_CURVE_WITH_KNOTS('',1,(#10054,#10055),.UNSPECIFIED.,
  .F.,.F.,(2,2),(-185.75,-178.75),.PIECEWISE_BEZIER_KNOTS.);
#10054 = CARTESIAN_POINT('',(3.5,7.));
#10055 = CARTESIAN_POINT('',(3.5,0.));
#10056 = ( GEOMETRIC_REPRESENTATION_CONTEXT(2) 
PARAMETRIC_REPRESENTATION_CONTEXT() REPRESENTATION_CONTEXT('2D SPACE',''
  ) );
#10057 = PCURVE('',#9352,#10058);
#10058 = DEFINITIONAL_REPRESENTATION('',(#10059),#10062);
#10059 = B_SPLINE_CURVE_WITH_KNOTS('',1,(#10060,#10061),.UNSPECIFIED.,
  .F.,.F.,(2,2),(-185.75,-178.75),.PIECEWISE_BEZIER_KNOTS.);
#10060 = CARTESIAN_POINT('',(20.5,-364.5));
#10061 = CARTESIAN_POINT('',(20.5,-357.5));
#10062 = ( GEOMETRIC_REPRESENTATION_CONTEXT(2) 
PARAMETRIC_REPRESENTATION_CONTEXT() REPRESENTATION_CONTEXT('2D SPACE',''
  ) );
#10063 = ORIENTED_EDGE('',*,*,#10064,.T.);
#10064 = EDGE_CURVE('',#10044,#8857,#10065,.T.);
#10065 = SURFACE_CURVE('',#10066,(#10070,#10077),.PCURVE_S1.);
#10066 = LINE('',#10067,#10068);
#10067 = CARTESIAN_POINT('',(5.,257.5,3.5));
#10068 = VECTOR('',#10069,1.);
#10069 = DIRECTION('',(1.,0.,-0.));
#10070 = PCURVE('',#8897,#10071);
#10071 = DEFINITIONAL_REPRESENTATION('',(#10072),#10076);
#10072 = LINE('',#10073,#10074);
#10073 = CARTESIAN_POINT('',(0.,0.));
#10074 = VECTOR('',#10075,1.);
#10075 = DIRECTION('',(1.,0.));
#10076 = ( GEOMETRIC_REPRESENTATION_CONTEXT(2) 
PARAMETRIC_REPRESENTATION_CONTEXT() REPRESENTATION_CONTEXT('2D SPACE',''
  ) );
#10077 = PCURVE('',#8871,#10078);
#10078 = DEFINITIONAL_REPRESENTATION('',(#10079),#10083);
#10079 = LINE('',#10080,#10081);
#10080 = CARTESIAN_POINT('',(7.,0.));
#10081 = VECTOR('',#10082,1.);
#10082 = DIRECTION('',(0.,1.));
#10083 = ( GEOMETRIC_REPRESENTATION_CONTEXT(2) 
PARAMETRIC_REPRESENTATION_CONTEXT() REPRESENTATION_CONTEXT('2D SPACE',''
  ) );
#10084 = ORIENTED_EDGE('',*,*,#8882,.F.);
#10085 = ADVANCED_FACE('',(#10086),#8871,.T.);
#10086 = FACE_BOUND('',#10087,.T.);
#10087 = EDGE_LOOP('',(#10088,#10089,#10108,#10109));
#10088 = ORIENTED_EDGE('',*,*,#9970,.F.);
#10089 = ORIENTED_EDGE('',*,*,#10090,.T.);
#10090 = EDGE_CURVE('',#9950,#10044,#10091,.T.);
#10091 = SURFACE_CURVE('',#10092,(#10096,#10102),.PCURVE_S1.);
#10092 = LINE('',#10093,#10094);
#10093 = CARTESIAN_POINT('',(8.5,257.5,-10.25));
#10094 = VECTOR('',#10095,1.);
#10095 = DIRECTION('',(0.,-0.,1.));
#10096 = PCURVE('',#8871,#10097);
#10097 = DEFINITIONAL_REPRESENTATION('',(#10098),#10101);
#10098 = B_SPLINE_CURVE_WITH_KNOTS('',1,(#10099,#10100),.UNSPECIFIED.,
  .F.,.F.,(2,2),(6.75,13.75),.PIECEWISE_BEZIER_KNOTS.);
#10099 = CARTESIAN_POINT('',(0.,3.5));
#10100 = CARTESIAN_POINT('',(7.,3.5));
#10101 = ( GEOMETRIC_REPRESENTATION_CONTEXT(2) 
PARAMETRIC_REPRESENTATION_CONTEXT() REPRESENTATION_CONTEXT('2D SPACE',''
  ) );
#10102 = PCURVE('',#9352,#10103);
#10103 = DEFINITIONAL_REPRESENTATION('',(#10104),#10107);
#10104 = B_SPLINE_CURVE_WITH_KNOTS('',1,(#10105,#10106),.UNSPECIFIED.,
  .F.,.F.,(2,2),(6.75,13.75),.PIECEWISE_BEZIER_KNOTS.);
#10105 = CARTESIAN_POINT('',(13.5,-357.5));
#10106 = CARTESIAN_POINT('',(20.5,-357.5));
#10107 = ( GEOMETRIC_REPRESENTATION_CONTEXT(2) 
PARAMETRIC_REPRESENTATION_CONTEXT() REPRESENTATION_CONTEXT('2D SPACE',''
  ) );
#10108 = ORIENTED_EDGE('',*,*,#10064,.T.);
#10109 = ORIENTED_EDGE('',*,*,#8856,.F.);
#10110 = ADVANCED_FACE('',(#10111),#8951,.T.);
#10111 = FACE_BOUND('',#10112,.T.);
#10112 = EDGE_LOOP('',(#10113,#10136,#10157,#10178));
#10113 = ORIENTED_EDGE('',*,*,#10114,.F.);
#10114 = EDGE_CURVE('',#10115,#8935,#10117,.T.);
#10115 = VERTEX_POINT('',#10116);
#10116 = CARTESIAN_POINT('',(8.5,42.5,-3.5));
#10117 = SURFACE_CURVE('',#10118,(#10122,#10129),.PCURVE_S1.);
#10118 = LINE('',#10119,#10120);
#10119 = CARTESIAN_POINT('',(5.,42.5,-3.5));
#10120 = VECTOR('',#10121,1.);
#10121 = DIRECTION('',(1.,0.,-0.));
#10122 = PCURVE('',#8951,#10123);
#10123 = DEFINITIONAL_REPRESENTATION('',(#10124),#10128);
#10124 = LINE('',#10125,#10126);
#10125 = CARTESIAN_POINT('',(0.,7.));
#10126 = VECTOR('',#10127,1.);
#10127 = DIRECTION('',(1.,0.));
#10128 = ( GEOMETRIC_REPRESENTATION_CONTEXT(2) 
PARAMETRIC_REPRESENTATION_CONTEXT() REPRESENTATION_CONTEXT('2D SPACE',''
  ) );
#10129 = PCURVE('',#9027,#10130);
#10130 = DEFINITIONAL_REPRESENTATION('',(#10131),#10135);
#10131 = LINE('',#10132,#10133);
#10132 = CARTESIAN_POINT('',(0.,0.));
#10133 = VECTOR('',#10134,1.);
#10134 = DIRECTION('',(0.,1.));
#10135 = ( GEOMETRIC_REPRESENTATION_CONTEXT(2) 
PARAMETRIC_REPRESENTATION_CONTEXT() REPRESENTATION_CONTEXT('2D SPACE',''
  ) );
#10136 = ORIENTED_EDGE('',*,*,#10137,.T.);
#10137 = EDGE_CURVE('',#10115,#10138,#10140,.T.);
#10138 = VERTEX_POINT('',#10139);
#10139 = CARTESIAN_POINT('',(8.5,35.5,-3.5));
#10140 = SURFACE_CURVE('',#10141,(#10145,#10151),.PCURVE_S1.);
#10141 = LINE('',#10142,#10143);
#10142 = CARTESIAN_POINT('',(8.5,-32.25,-3.5));
#10143 = VECTOR('',#10144,1.);
#10144 = DIRECTION('',(0.,-1.,0.));
#10145 = PCURVE('',#8951,#10146);
#10146 = DEFINITIONAL_REPRESENTATION('',(#10147),#10150);
#10147 = B_SPLINE_CURVE_WITH_KNOTS('',1,(#10148,#10149),.UNSPECIFIED.,
  .F.,.F.,(2,2),(-74.75,-67.75),.PIECEWISE_BEZIER_KNOTS.);
#10148 = CARTESIAN_POINT('',(3.5,7.));
#10149 = CARTESIAN_POINT('',(3.5,0.));
#10150 = ( GEOMETRIC_REPRESENTATION_CONTEXT(2) 
PARAMETRIC_REPRESENTATION_CONTEXT() REPRESENTATION_CONTEXT('2D SPACE',''
  ) );
#10151 = PCURVE('',#9352,#10152);
#10152 = DEFINITIONAL_REPRESENTATION('',(#10153),#10156);
#10153 = B_SPLINE_CURVE_WITH_KNOTS('',1,(#10154,#10155),.UNSPECIFIED.,
  .F.,.F.,(2,2),(-74.75,-67.75),.PIECEWISE_BEZIER_KNOTS.);
#10154 = CARTESIAN_POINT('',(13.5,-142.5));
#10155 = CARTESIAN_POINT('',(13.5,-135.5));
#10156 = ( GEOMETRIC_REPRESENTATION_CONTEXT(2) 
PARAMETRIC_REPRESENTATION_CONTEXT() REPRESENTATION_CONTEXT('2D SPACE',''
  ) );
#10157 = ORIENTED_EDGE('',*,*,#10158,.T.);
#10158 = EDGE_CURVE('',#10138,#8937,#10159,.T.);
#10159 = SURFACE_CURVE('',#10160,(#10164,#10171),.PCURVE_S1.);
#10160 = LINE('',#10161,#10162);
#10161 = CARTESIAN_POINT('',(5.,35.5,-3.5));
#10162 = VECTOR('',#10163,1.);
#10163 = DIRECTION('',(1.,0.,-0.));
#10164 = PCURVE('',#8951,#10165);
#10165 = DEFINITIONAL_REPRESENTATION('',(#10166),#10170);
#10166 = LINE('',#10167,#10168);
#10167 = CARTESIAN_POINT('',(0.,0.));
#10168 = VECTOR('',#10169,1.);
#10169 = DIRECTION('',(1.,0.));
#10170 = ( GEOMETRIC_REPRESENTATION_CONTEXT(2) 
PARAMETRIC_REPRESENTATION_CONTEXT() REPRESENTATION_CONTEXT('2D SPACE',''
  ) );
#10171 = PCURVE('',#8977,#10172);
#10172 = DEFINITIONAL_REPRESENTATION('',(#10173),#10177);
#10173 = LINE('',#10174,#10175);
#10174 = CARTESIAN_POINT('',(0.,0.));
#10175 = VECTOR('',#10176,1.);
#10176 = DIRECTION('',(0.,1.));
#10177 = ( GEOMETRIC_REPRESENTATION_CONTEXT(2) 
PARAMETRIC_REPRESENTATION_CONTEXT() REPRESENTATION_CONTEXT('2D SPACE',''
  ) );
#10178 = ORIENTED_EDGE('',*,*,#8934,.F.);
#10179 = ADVANCED_FACE('',(#10180),#9027,.F.);
#10180 = FACE_BOUND('',#10181,.F.);
#10181 = EDGE_LOOP('',(#10182,#10183,#10204,#10225));
#10182 = ORIENTED_EDGE('',*,*,#10114,.F.);
#10183 = ORIENTED_EDGE('',*,*,#10184,.T.);
#10184 = EDGE_CURVE('',#10115,#10185,#10187,.T.);
#10185 = VERTEX_POINT('',#10186);
#10186 = CARTESIAN_POINT('',(8.5,42.5,3.5));
#10187 = SURFACE_CURVE('',#10188,(#10192,#10198),.PCURVE_S1.);
#10188 = LINE('',#10189,#10190);
#10189 = CARTESIAN_POINT('',(8.5,42.5,-10.25));
#10190 = VECTOR('',#10191,1.);
#10191 = DIRECTION('',(0.,-0.,1.));
#10192 = PCURVE('',#9027,#10193);
#10193 = DEFINITIONAL_REPRESENTATION('',(#10194),#10197);
#10194 = B_SPLINE_CURVE_WITH_KNOTS('',1,(#10195,#10196),.UNSPECIFIED.,
  .F.,.F.,(2,2),(6.75,13.75),.PIECEWISE_BEZIER_KNOTS.);
#10195 = CARTESIAN_POINT('',(0.,3.5));
#10196 = CARTESIAN_POINT('',(7.,3.5));
#10197 = ( GEOMETRIC_REPRESENTATION_CONTEXT(2) 
PARAMETRIC_REPRESENTATION_CONTEXT() REPRESENTATION_CONTEXT('2D SPACE',''
  ) );
#10198 = PCURVE('',#9352,#10199);
#10199 = DEFINITIONAL_REPRESENTATION('',(#10200),#10203);
#10200 = B_SPLINE_CURVE_WITH_KNOTS('',1,(#10201,#10202),.UNSPECIFIED.,
  .F.,.F.,(2,2),(6.75,13.75),.PIECEWISE_BEZIER_KNOTS.);
#10201 = CARTESIAN_POINT('',(13.5,-142.5));
#10202 = CARTESIAN_POINT('',(20.5,-142.5));
#10203 = ( GEOMETRIC_REPRESENTATION_CONTEXT(2) 
PARAMETRIC_REPRESENTATION_CONTEXT() REPRESENTATION_CONTEXT('2D SPACE',''
  ) );
#10204 = ORIENTED_EDGE('',*,*,#10205,.T.);
#10205 = EDGE_CURVE('',#10185,#8989,#10206,.T.);
#10206 = SURFACE_CURVE('',#10207,(#10211,#10218),.PCURVE_S1.);
#10207 = LINE('',#10208,#10209);
#10208 = CARTESIAN_POINT('',(5.,42.5,3.5));
#10209 = VECTOR('',#10210,1.);
#10210 = DIRECTION('',(1.,0.,-0.));
#10211 = PCURVE('',#9027,#10212);
#10212 = DEFINITIONAL_REPRESENTATION('',(#10213),#10217);
#10213 = LINE('',#10214,#10215);
#10214 = CARTESIAN_POINT('',(7.,0.));
#10215 = VECTOR('',#10216,1.);
#10216 = DIRECTION('',(0.,1.));
#10217 = ( GEOMETRIC_REPRESENTATION_CONTEXT(2) 
PARAMETRIC_REPRESENTATION_CONTEXT() REPRESENTATION_CONTEXT('2D SPACE',''
  ) );
#10218 = PCURVE('',#9003,#10219);
#10219 = DEFINITIONAL_REPRESENTATION('',(#10220),#10224);
#10220 = LINE('',#10221,#10222);
#10221 = CARTESIAN_POINT('',(0.,7.));
#10222 = VECTOR('',#10223,1.);
#10223 = DIRECTION('',(1.,0.));
#10224 = ( GEOMETRIC_REPRESENTATION_CONTEXT(2) 
PARAMETRIC_REPRESENTATION_CONTEXT() REPRESENTATION_CONTEXT('2D SPACE',''
  ) );
#10225 = ORIENTED_EDGE('',*,*,#9014,.F.);
#10226 = ADVANCED_FACE('',(#10227),#8977,.T.);
#10227 = FACE_BOUND('',#10228,.T.);
#10228 = EDGE_LOOP('',(#10229,#10230,#10251,#10272));
#10229 = ORIENTED_EDGE('',*,*,#10158,.F.);
#10230 = ORIENTED_EDGE('',*,*,#10231,.T.);
#10231 = EDGE_CURVE('',#10138,#10232,#10234,.T.);
#10232 = VERTEX_POINT('',#10233);
#10233 = CARTESIAN_POINT('',(8.5,35.5,3.5));
#10234 = SURFACE_CURVE('',#10235,(#10239,#10245),.PCURVE_S1.);
#10235 = LINE('',#10236,#10237);
#10236 = CARTESIAN_POINT('',(8.5,35.5,-10.25));
#10237 = VECTOR('',#10238,1.);
#10238 = DIRECTION('',(0.,-0.,1.));
#10239 = PCURVE('',#8977,#10240);
#10240 = DEFINITIONAL_REPRESENTATION('',(#10241),#10244);
#10241 = B_SPLINE_CURVE_WITH_KNOTS('',1,(#10242,#10243),.UNSPECIFIED.,
  .F.,.F.,(2,2),(6.75,13.75),.PIECEWISE_BEZIER_KNOTS.);
#10242 = CARTESIAN_POINT('',(0.,3.5));
#10243 = CARTESIAN_POINT('',(7.,3.5));
#10244 = ( GEOMETRIC_REPRESENTATION_CONTEXT(2) 
PARAMETRIC_REPRESENTATION_CONTEXT() REPRESENTATION_CONTEXT('2D SPACE',''
  ) );
#10245 = PCURVE('',#9352,#10246);
#10246 = DEFINITIONAL_REPRESENTATION('',(#10247),#10250);
#10247 = B_SPLINE_CURVE_WITH_KNOTS('',1,(#10248,#10249),.UNSPECIFIED.,
  .F.,.F.,(2,2),(6.75,13.75),.PIECEWISE_BEZIER_KNOTS.);
#10248 = CARTESIAN_POINT('',(13.5,-135.5));
#10249 = CARTESIAN_POINT('',(20.5,-135.5));
#10250 = ( GEOMETRIC_REPRESENTATION_CONTEXT(2) 
PARAMETRIC_REPRESENTATION_CONTEXT() REPRESENTATION_CONTEXT('2D SPACE',''
  ) );
#10251 = ORIENTED_EDGE('',*,*,#10252,.T.);
#10252 = EDGE_CURVE('',#10232,#8963,#10253,.T.);
#10253 = SURFACE_CURVE('',#10254,(#10258,#10265),.PCURVE_S1.);
#10254 = LINE('',#10255,#10256);
#10255 = CARTESIAN_POINT('',(5.,35.5,3.5));
#10256 = VECTOR('',#10257,1.);
#10257 = DIRECTION('',(1.,0.,-0.));
#10258 = PCURVE('',#8977,#10259);
#10259 = DEFINITIONAL_REPRESENTATION('',(#10260),#10264);
#10260 = LINE('',#10261,#10262);
#10261 = CARTESIAN_POINT('',(7.,0.));
#10262 = VECTOR('',#10263,1.);
#10263 = DIRECTION('',(0.,1.));
#10264 = ( GEOMETRIC_REPRESENTATION_CONTEXT(2) 
PARAMETRIC_REPRESENTATION_CONTEXT() REPRESENTATION_CONTEXT('2D SPACE',''
  ) );
#10265 = PCURVE('',#9003,#10266);
#10266 = DEFINITIONAL_REPRESENTATION('',(#10267),#10271);
#10267 = LINE('',#10268,#10269);
#10268 = CARTESIAN_POINT('',(0.,0.));
#10269 = VECTOR('',#10270,1.);
#10270 = DIRECTION('',(1.,0.));
#10271 = ( GEOMETRIC_REPRESENTATION_CONTEXT(2) 
PARAMETRIC_REPRESENTATION_CONTEXT() REPRESENTATION_CONTEXT('2D SPACE',''
  ) );
#10272 = ORIENTED_EDGE('',*,*,#8962,.F.);
#10273 = ADVANCED_FACE('',(#10274),#9003,.F.);
#10274 = FACE_BOUND('',#10275,.F.);
#10275 = EDGE_LOOP('',(#10276,#10277,#10296,#10297));
#10276 = ORIENTED_EDGE('',*,*,#10205,.F.);
#10277 = ORIENTED_EDGE('',*,*,#10278,.T.);
#10278 = EDGE_CURVE('',#10185,#10232,#10279,.T.);
#10279 = SURFACE_CURVE('',#10280,(#10284,#10290),.PCURVE_S1.);
#10280 = LINE('',#10281,#10282);
#10281 = CARTESIAN_POINT('',(8.5,-32.25,3.5));
#10282 = VECTOR('',#10283,1.);
#10283 = DIRECTION('',(0.,-1.,0.));
#10284 = PCURVE('',#9003,#10285);
#10285 = DEFINITIONAL_REPRESENTATION('',(#10286),#10289);
#10286 = B_SPLINE_CURVE_WITH_KNOTS('',1,(#10287,#10288),.UNSPECIFIED.,
  .F.,.F.,(2,2),(-74.75,-67.75),.PIECEWISE_BEZIER_KNOTS.);
#10287 = CARTESIAN_POINT('',(3.5,7.));
#10288 = CARTESIAN_POINT('',(3.5,0.));
#10289 = ( GEOMETRIC_REPRESENTATION_CONTEXT(2) 
PARAMETRIC_REPRESENTATION_CONTEXT() REPRESENTATION_CONTEXT('2D SPACE',''
  ) );
#10290 = PCURVE('',#9352,#10291);
#10291 = DEFINITIONAL_REPRESENTATION('',(#10292),#10295);
#10292 = B_SPLINE_CURVE_WITH_KNOTS('',1,(#10293,#10294),.UNSPECIFIED.,
  .F.,.F.,(2,2),(-74.75,-67.75),.PIECEWISE_BEZIER_KNOTS.);
#10293 = CARTESIAN_POINT('',(20.5,-142.5));
#10294 = CARTESIAN_POINT('',(20.5,-135.5));
#10295 = ( GEOMETRIC_REPRESENTATION_CONTEXT(2) 
PARAMETRIC_REPRESENTATION_CONTEXT() REPRESENTATION_CONTEXT('2D SPACE',''
  ) );
#10296 = ORIENTED_EDGE('',*,*,#10252,.T.);
#10297 = ORIENTED_EDGE('',*,*,#8988,.F.);
#10298 = ADVANCED_FACE('',(#10299),#9114,.T.);
#10299 = FACE_BOUND('',#10300,.T.);
#10300 = EDGE_LOOP('',(#10301,#10322,#10323,#10324));
#10301 = ORIENTED_EDGE('',*,*,#10302,.F.);
#10302 = EDGE_CURVE('',#9132,#9646,#10303,.T.);
#10303 = SURFACE_CURVE('',#10304,(#10308,#10315),.PCURVE_S1.);
#10304 = LINE('',#10305,#10306);
#10305 = CARTESIAN_POINT('',(-7.,-100.,20.));
#10306 = VECTOR('',#10307,1.);
#10307 = DIRECTION('',(0.,1.,0.));
#10308 = PCURVE('',#9114,#10309);
#10309 = DEFINITIONAL_REPRESENTATION('',(#10310),#10314);
#10310 = LINE('',#10311,#10312);
#10311 = CARTESIAN_POINT('',(14.,0.));
#10312 = VECTOR('',#10313,1.);
#10313 = DIRECTION('',(0.,-1.));
#10314 = ( GEOMETRIC_REPRESENTATION_CONTEXT(2) 
PARAMETRIC_REPRESENTATION_CONTEXT() REPRESENTATION_CONTEXT('2D SPACE',''
  ) );
#10315 = PCURVE('',#9169,#10316);
#10316 = DEFINITIONAL_REPRESENTATION('',(#10317),#10321);
#10317 = LINE('',#10318,#10319);
#10318 = CARTESIAN_POINT('',(0.,0.));
#10319 = VECTOR('',#10320,1.);
#10320 = DIRECTION('',(0.,-1.));
#10321 = ( GEOMETRIC_REPRESENTATION_CONTEXT(2) 
PARAMETRIC_REPRESENTATION_CONTEXT() REPRESENTATION_CONTEXT('2D SPACE',''
  ) );
#10322 = ORIENTED_EDGE('',*,*,#9131,.T.);
#10323 = ORIENTED_EDGE('',*,*,#9100,.T.);
#10324 = ORIENTED_EDGE('',*,*,#9674,.T.);
#10325 = ADVANCED_FACE('',(#10326),#9261,.T.);
#10326 = FACE_BOUND('',#10327,.T.);
#10327 = EDGE_LOOP('',(#10328,#10329,#10330,#10351));
#10328 = ORIENTED_EDGE('',*,*,#9900,.F.);
#10329 = ORIENTED_EDGE('',*,*,#9246,.T.);
#10330 = ORIENTED_EDGE('',*,*,#10331,.T.);
#10331 = EDGE_CURVE('',#9213,#9575,#10332,.T.);
#10332 = SURFACE_CURVE('',#10333,(#10337,#10344),.PCURVE_S1.);
#10333 = LINE('',#10334,#10335);
#10334 = CARTESIAN_POINT('',(-7.,-100.,-20.));
#10335 = VECTOR('',#10336,1.);
#10336 = DIRECTION('',(0.,1.,0.));
#10337 = PCURVE('',#9261,#10338);
#10338 = DEFINITIONAL_REPRESENTATION('',(#10339),#10343);
#10339 = LINE('',#10340,#10341);
#10340 = CARTESIAN_POINT('',(0.,0.));
#10341 = VECTOR('',#10342,1.);
#10342 = DIRECTION('',(0.,-1.));
#10343 = ( GEOMETRIC_REPRESENTATION_CONTEXT(2) 
PARAMETRIC_REPRESENTATION_CONTEXT() REPRESENTATION_CONTEXT('2D SPACE',''
  ) );
#10344 = PCURVE('',#9229,#10345);
#10345 = DEFINITIONAL_REPRESENTATION('',(#10346),#10350);
#10346 = LINE('',#10347,#10348);
#10347 = CARTESIAN_POINT('',(1.570796326795,0.));
#10348 = VECTOR('',#10349,1.);
#10349 = DIRECTION('',(0.,-1.));
#10350 = ( GEOMETRIC_REPRESENTATION_CONTEXT(2) 
PARAMETRIC_REPRESENTATION_CONTEXT() REPRESENTATION_CONTEXT('2D SPACE',''
  ) );
#10351 = ORIENTED_EDGE('',*,*,#9574,.T.);
#10352 = ADVANCED_FACE('',(#10353),#9229,.T.);
#10353 = FACE_BOUND('',#10354,.T.);
#10354 = EDGE_LOOP('',(#10355,#10356,#10377,#10378));
#10355 = ORIENTED_EDGE('',*,*,#9212,.F.);
#10356 = ORIENTED_EDGE('',*,*,#10357,.T.);
#10357 = EDGE_CURVE('',#9187,#9596,#10358,.T.);
#10358 = SURFACE_CURVE('',#10359,(#10363,#10370),.PCURVE_S1.);
#10359 = LINE('',#10360,#10361);
#10360 = CARTESIAN_POINT('',(-10.,-100.,-17.));
#10361 = VECTOR('',#10362,1.);
#10362 = DIRECTION('',(0.,1.,0.));
#10363 = PCURVE('',#9229,#10364);
#10364 = DEFINITIONAL_REPRESENTATION('',(#10365),#10369);
#10365 = LINE('',#10366,#10367);
#10366 = CARTESIAN_POINT('',(0.,0.));
#10367 = VECTOR('',#10368,1.);
#10368 = DIRECTION('',(0.,-1.));
#10369 = ( GEOMETRIC_REPRESENTATION_CONTEXT(2) 
PARAMETRIC_REPRESENTATION_CONTEXT() REPRESENTATION_CONTEXT('2D SPACE',''
  ) );
#10370 = PCURVE('',#9201,#10371);
#10371 = DEFINITIONAL_REPRESENTATION('',(#10372),#10376);
#10372 = LINE('',#10373,#10374);
#10373 = CARTESIAN_POINT('',(34.,0.));
#10374 = VECTOR('',#10375,1.);
#10375 = DIRECTION('',(0.,-1.));
#10376 = ( GEOMETRIC_REPRESENTATION_CONTEXT(2) 
PARAMETRIC_REPRESENTATION_CONTEXT() REPRESENTATION_CONTEXT('2D SPACE',''
  ) );
#10377 = ORIENTED_EDGE('',*,*,#9595,.F.);
#10378 = ORIENTED_EDGE('',*,*,#10331,.F.);
#10379 = ADVANCED_FACE('',(#10380,#10406,#10441),#9201,.T.);
#10380 = FACE_BOUND('',#10381,.T.);
#10381 = EDGE_LOOP('',(#10382,#10383,#10384,#10405));
#10382 = ORIENTED_EDGE('',*,*,#10357,.F.);
#10383 = ORIENTED_EDGE('',*,*,#9186,.T.);
#10384 = ORIENTED_EDGE('',*,*,#10385,.T.);
#10385 = EDGE_CURVE('',#9153,#9625,#10386,.T.);
#10386 = SURFACE_CURVE('',#10387,(#10391,#10398),.PCURVE_S1.);
#10387 = LINE('',#10388,#10389);
#10388 = CARTESIAN_POINT('',(-10.,-100.,17.));
#10389 = VECTOR('',#10390,1.);
#10390 = DIRECTION('',(0.,1.,0.));
#10391 = PCURVE('',#9201,#10392);
#10392 = DEFINITIONAL_REPRESENTATION('',(#10393),#10397);
#10393 = LINE('',#10394,#10395);
#10394 = CARTESIAN_POINT('',(0.,-0.));
#10395 = VECTOR('',#10396,1.);
#10396 = DIRECTION('',(0.,-1.));
#10397 = ( GEOMETRIC_REPRESENTATION_CONTEXT(2) 
PARAMETRIC_REPRESENTATION_CONTEXT() REPRESENTATION_CONTEXT('2D SPACE',''
  ) );
#10398 = PCURVE('',#9169,#10399);
#10399 = DEFINITIONAL_REPRESENTATION('',(#10400),#10404);
#10400 = LINE('',#10401,#10402);
#10401 = CARTESIAN_POINT('',(1.570796326795,0.));
#10402 = VECTOR('',#10403,1.);
#10403 = DIRECTION('',(0.,-1.));
#10404 = ( GEOMETRIC_REPRESENTATION_CONTEXT(2) 
PARAMETRIC_REPRESENTATION_CONTEXT() REPRESENTATION_CONTEXT('2D SPACE',''
  ) );
#10405 = ORIENTED_EDGE('',*,*,#9624,.T.);
#10406 = FACE_BOUND('',#10407,.T.);
#10407 = EDGE_LOOP('',(#10408));
#10408 = ORIENTED_EDGE('',*,*,#10409,.T.);
#10409 = EDGE_CURVE('',#10410,#10410,#10412,.T.);
#10410 = VERTEX_POINT('',#10411);
#10411 = CARTESIAN_POINT('',(-10.,261.,3.5));
#10412 = SURFACE_CURVE('',#10413,(#10418,#10429),.PCURVE_S1.);
#10413 = CIRCLE('',#10414,3.5);
#10414 = AXIS2_PLACEMENT_3D('',#10415,#10416,#10417);
#10415 = CARTESIAN_POINT('',(-10.,261.,0.));
#10416 = DIRECTION('',(1.,0.,0.));
#10417 = DIRECTION('',(-0.,0.,1.));
#10418 = PCURVE('',#9201,#10419);
#10419 = DEFINITIONAL_REPRESENTATION('',(#10420),#10428);
#10420 = ( BOUNDED_CURVE() B_SPLINE_CURVE(2,(#10421,#10422,#10423,#10424
    ,#10425,#10426,#10427),.UNSPECIFIED.,.T.,.F.) 
B_SPLINE_CURVE_WITH_KNOTS((1,2,2,2,2,1),(-2.094395102393,0.,
    2.094395102393,4.188790204786,6.28318530718,8.377580409573),
.UNSPECIFIED.) CURVE() GEOMETRIC_REPRESENTATION_ITEM() 
RATIONAL_B_SPLINE_CURVE((1.,0.5,1.,0.5,1.,0.5,1.)) REPRESENTATION_ITEM(
  '') );
#10421 = CARTESIAN_POINT('',(13.5,-361.));
#10422 = CARTESIAN_POINT('',(13.5,-354.9378221735));
#10423 = CARTESIAN_POINT('',(18.75,-357.9689110867));
#10424 = CARTESIAN_POINT('',(24.,-361.));
#10425 = CARTESIAN_POINT('',(18.75,-364.0310889132));
#10426 = CARTESIAN_POINT('',(13.5,-367.0621778264));
#10427 = CARTESIAN_POINT('',(13.5,-361.));
#10428 = ( GEOMETRIC_REPRESENTATION_CONTEXT(2) 
PARAMETRIC_REPRESENTATION_CONTEXT() REPRESENTATION_CONTEXT('2D SPACE',''
  ) );
#10429 = PCURVE('',#10430,#10435);
#10430 = CYLINDRICAL_SURFACE('',#10431,3.5);
#10431 = AXIS2_PLACEMENT_3D('',#10432,#10433,#10434);
#10432 = CARTESIAN_POINT('',(-15.,261.,0.));
#10433 = DIRECTION('',(1.,0.,0.));
#10434 = DIRECTION('',(-0.,0.,1.));
#10435 = DEFINITIONAL_REPRESENTATION('',(#10436),#10440);
#10436 = LINE('',#10437,#10438);
#10437 = CARTESIAN_POINT('',(0.,5.));
#10438 = VECTOR('',#10439,1.);
#10439 = DIRECTION('',(1.,0.));
#10440 = ( GEOMETRIC_REPRESENTATION_CONTEXT(2) 
PARAMETRIC_REPRESENTATION_CONTEXT() REPRESENTATION_CONTEXT('2D SPACE',''
  ) );
#10441 = FACE_BOUND('',#10442,.T.);
#10442 = EDGE_LOOP('',(#10443));
#10443 = ORIENTED_EDGE('',*,*,#10444,.T.);
#10444 = EDGE_CURVE('',#10445,#10445,#10447,.T.);
#10445 = VERTEX_POINT('',#10446);
#10446 = CARTESIAN_POINT('',(-10.,39.,3.5));
#10447 = SURFACE_CURVE('',#10448,(#10453,#10464),.PCURVE_S1.);
#10448 = CIRCLE('',#10449,3.5);
#10449 = AXIS2_PLACEMENT_3D('',#10450,#10451,#10452);
#10450 = CARTESIAN_POINT('',(-10.,39.,0.));
#10451 = DIRECTION('',(1.,0.,0.));
#10452 = DIRECTION('',(-0.,0.,1.));
#10453 = PCURVE('',#9201,#10454);
#10454 = DEFINITIONAL_REPRESENTATION('',(#10455),#10463);
#10455 = ( BOUNDED_CURVE() B_SPLINE_CURVE(2,(#10456,#10457,#10458,#10459
    ,#10460,#10461,#10462),.UNSPECIFIED.,.T.,.F.) 
B_SPLINE_CURVE_WITH_KNOTS((1,2,2,2,2,1),(-2.094395102393,0.,
    2.094395102393,4.188790204786,6.28318530718,8.377580409573),
.UNSPECIFIED.) CURVE() GEOMETRIC_REPRESENTATION_ITEM() 
RATIONAL_B_SPLINE_CURVE((1.,0.5,1.,0.5,1.,0.5,1.)) REPRESENTATION_ITEM(
  '') );
#10456 = CARTESIAN_POINT('',(13.5,-139.));
#10457 = CARTESIAN_POINT('',(13.5,-132.9378221735));
#10458 = CARTESIAN_POINT('',(18.75,-135.9689110867));
#10459 = CARTESIAN_POINT('',(24.,-139.));
#10460 = CARTESIAN_POINT('',(18.75,-142.0310889132));
#10461 = CARTESIAN_POINT('',(13.5,-145.0621778264));
#10462 = CARTESIAN_POINT('',(13.5,-139.));
#10463 = ( GEOMETRIC_REPRESENTATION_CONTEXT(2) 
PARAMETRIC_REPRESENTATION_CONTEXT() REPRESENTATION_CONTEXT('2D SPACE',''
  ) );
#10464 = PCURVE('',#10465,#10470);
#10465 = CYLINDRICAL_SURFACE('',#10466,3.5);
#10466 = AXIS2_PLACEMENT_3D('',#10467,#10468,#10469);
#10467 = CARTESIAN_POINT('',(-15.,39.,0.));
#10468 = DIRECTION('',(1.,0.,0.));
#10469 = DIRECTION('',(-0.,0.,1.));
#10470 = DEFINITIONAL_REPRESENTATION('',(#10471),#10475);
#10471 = LINE('',#10472,#10473);
#10472 = CARTESIAN_POINT('',(0.,5.));
#10473 = VECTOR('',#10474,1.);
#10474 = DIRECTION('',(1.,0.));
#10475 = ( GEOMETRIC_REPRESENTATION_CONTEXT(2) 
PARAMETRIC_REPRESENTATION_CONTEXT() REPRESENTATION_CONTEXT('2D SPACE',''
  ) );
#10476 = ADVANCED_FACE('',(#10477),#9169,.T.);
#10477 = FACE_BOUND('',#10478,.T.);
#10478 = EDGE_LOOP('',(#10479,#10480,#10481,#10482));
#10479 = ORIENTED_EDGE('',*,*,#9152,.F.);
#10480 = ORIENTED_EDGE('',*,*,#10302,.T.);
#10481 = ORIENTED_EDGE('',*,*,#9645,.F.);
#10482 = ORIENTED_EDGE('',*,*,#10385,.F.);
#10483 = ADVANCED_FACE('',(#10484),#9320,.F.);
#10484 = FACE_BOUND('',#10485,.F.);
#10485 = EDGE_LOOP('',(#10486,#10487,#10508,#10509));
#10486 = ORIENTED_EDGE('',*,*,#9301,.F.);
#10487 = ORIENTED_EDGE('',*,*,#10488,.T.);
#10488 = EDGE_CURVE('',#9302,#9699,#10489,.T.);
#10489 = SURFACE_CURVE('',#10490,(#10494,#10501),.PCURVE_S1.);
#10490 = LINE('',#10491,#10492);
#10491 = CARTESIAN_POINT('',(8.5,-100.,17.));
#10492 = VECTOR('',#10493,1.);
#10493 = DIRECTION('',(0.,1.,0.));
#10494 = PCURVE('',#9320,#10495);
#10495 = DEFINITIONAL_REPRESENTATION('',(#10496),#10500);
#10496 = LINE('',#10497,#10498);
#10497 = CARTESIAN_POINT('',(0.,0.));
#10498 = VECTOR('',#10499,1.);
#10499 = DIRECTION('',(0.,-1.));
#10500 = ( GEOMETRIC_REPRESENTATION_CONTEXT(2) 
PARAMETRIC_REPRESENTATION_CONTEXT() REPRESENTATION_CONTEXT('2D SPACE',''
  ) );
#10501 = PCURVE('',#9352,#10502);
#10502 = DEFINITIONAL_REPRESENTATION('',(#10503),#10507);
#10503 = LINE('',#10504,#10505);
#10504 = CARTESIAN_POINT('',(34.,0.));
#10505 = VECTOR('',#10506,1.);
#10506 = DIRECTION('',(0.,-1.));
#10507 = ( GEOMETRIC_REPRESENTATION_CONTEXT(2) 
PARAMETRIC_REPRESENTATION_CONTEXT() REPRESENTATION_CONTEXT('2D SPACE',''
  ) );
#10508 = ORIENTED_EDGE('',*,*,#9696,.F.);
#10509 = ORIENTED_EDGE('',*,*,#10510,.F.);
#10510 = EDGE_CURVE('',#9304,#9697,#10511,.T.);
#10511 = SURFACE_CURVE('',#10512,(#10516,#10523),.PCURVE_S1.);
#10512 = LINE('',#10513,#10514);
#10513 = CARTESIAN_POINT('',(7.,-100.,18.5));
#10514 = VECTOR('',#10515,1.);
#10515 = DIRECTION('',(0.,1.,0.));
#10516 = PCURVE('',#9320,#10517);
#10517 = DEFINITIONAL_REPRESENTATION('',(#10518),#10522);
#10518 = LINE('',#10519,#10520);
#10519 = CARTESIAN_POINT('',(1.570796326795,0.));
#10520 = VECTOR('',#10521,1.);
#10521 = DIRECTION('',(0.,-1.));
#10522 = ( GEOMETRIC_REPRESENTATION_CONTEXT(2) 
PARAMETRIC_REPRESENTATION_CONTEXT() REPRESENTATION_CONTEXT('2D SPACE',''
  ) );
#10523 = PCURVE('',#9530,#10524);
#10524 = DEFINITIONAL_REPRESENTATION('',(#10525),#10529);
#10525 = LINE('',#10526,#10527);
#10526 = CARTESIAN_POINT('',(0.,0.));
#10527 = VECTOR('',#10528,1.);
#10528 = DIRECTION('',(0.,-1.));
#10529 = ( GEOMETRIC_REPRESENTATION_CONTEXT(2) 
PARAMETRIC_REPRESENTATION_CONTEXT() REPRESENTATION_CONTEXT('2D SPACE',''
  ) );
#10530 = ADVANCED_FACE('',(#10531),#9530,.F.);
#10531 = FACE_BOUND('',#10532,.F.);
#10532 = EDGE_LOOP('',(#10533,#10554,#10555,#10556));
#10533 = ORIENTED_EDGE('',*,*,#10534,.F.);
#10534 = EDGE_CURVE('',#9484,#9728,#10535,.T.);
#10535 = SURFACE_CURVE('',#10536,(#10540,#10547),.PCURVE_S1.);
#10536 = LINE('',#10537,#10538);
#10537 = CARTESIAN_POINT('',(-7.,-100.,18.5));
#10538 = VECTOR('',#10539,1.);
#10539 = DIRECTION('',(0.,1.,0.));
#10540 = PCURVE('',#9530,#10541);
#10541 = DEFINITIONAL_REPRESENTATION('',(#10542),#10546);
#10542 = LINE('',#10543,#10544);
#10543 = CARTESIAN_POINT('',(14.,0.));
#10544 = VECTOR('',#10545,1.);
#10545 = DIRECTION('',(0.,-1.));
#10546 = ( GEOMETRIC_REPRESENTATION_CONTEXT(2) 
PARAMETRIC_REPRESENTATION_CONTEXT() REPRESENTATION_CONTEXT('2D SPACE',''
  ) );
#10547 = PCURVE('',#9500,#10548);
#10548 = DEFINITIONAL_REPRESENTATION('',(#10549),#10553);
#10549 = LINE('',#10550,#10551);
#10550 = CARTESIAN_POINT('',(0.,0.));
#10551 = VECTOR('',#10552,1.);
#10552 = DIRECTION('',(0.,-1.));
#10553 = ( GEOMETRIC_REPRESENTATION_CONTEXT(2) 
PARAMETRIC_REPRESENTATION_CONTEXT() REPRESENTATION_CONTEXT('2D SPACE',''
  ) );
#10554 = ORIENTED_EDGE('',*,*,#9517,.T.);
#10555 = ORIENTED_EDGE('',*,*,#10510,.T.);
#10556 = ORIENTED_EDGE('',*,*,#9727,.T.);
#10557 = ADVANCED_FACE('',(#10558),#9500,.F.);
#10558 = FACE_BOUND('',#10559,.F.);
#10559 = EDGE_LOOP('',(#10560,#10561,#10562,#10563));
#10560 = ORIENTED_EDGE('',*,*,#9483,.F.);
#10561 = ORIENTED_EDGE('',*,*,#10534,.T.);
#10562 = ORIENTED_EDGE('',*,*,#9748,.F.);
#10563 = ORIENTED_EDGE('',*,*,#10564,.F.);
#10564 = EDGE_CURVE('',#9458,#9749,#10565,.T.);
#10565 = SURFACE_CURVE('',#10566,(#10570,#10577),.PCURVE_S1.);
#10566 = LINE('',#10567,#10568);
#10567 = CARTESIAN_POINT('',(-8.5,-100.,17.));
#10568 = VECTOR('',#10569,1.);
#10569 = DIRECTION('',(0.,1.,0.));
#10570 = PCURVE('',#9500,#10571);
#10571 = DEFINITIONAL_REPRESENTATION('',(#10572),#10576);
#10572 = LINE('',#10573,#10574);
#10573 = CARTESIAN_POINT('',(1.570796326795,0.));
#10574 = VECTOR('',#10575,1.);
#10575 = DIRECTION('',(0.,-1.));
#10576 = ( GEOMETRIC_REPRESENTATION_CONTEXT(2) 
PARAMETRIC_REPRESENTATION_CONTEXT() REPRESENTATION_CONTEXT('2D SPACE',''
  ) );
#10577 = PCURVE('',#9472,#10578);
#10578 = DEFINITIONAL_REPRESENTATION('',(#10579),#10583);
#10579 = LINE('',#10580,#10581);
#10580 = CARTESIAN_POINT('',(0.,-0.));
#10581 = VECTOR('',#10582,1.);
#10582 = DIRECTION('',(0.,-1.));
#10583 = ( GEOMETRIC_REPRESENTATION_CONTEXT(2) 
PARAMETRIC_REPRESENTATION_CONTEXT() REPRESENTATION_CONTEXT('2D SPACE',''
  ) );
#10584 = ADVANCED_FACE('',(#10585,#10611,#10641),#9472,.F.);
#10585 = FACE_BOUND('',#10586,.F.);
#10586 = EDGE_LOOP('',(#10587,#10608,#10609,#10610));
#10587 = ORIENTED_EDGE('',*,*,#10588,.F.);
#10588 = EDGE_CURVE('',#9424,#9778,#10589,.T.);
#10589 = SURFACE_CURVE('',#10590,(#10594,#10601),.PCURVE_S1.);
#10590 = LINE('',#10591,#10592);
#10591 = CARTESIAN_POINT('',(-8.5,-100.,-17.));
#10592 = VECTOR('',#10593,1.);
#10593 = DIRECTION('',(0.,1.,0.));
#10594 = PCURVE('',#9472,#10595);
#10595 = DEFINITIONAL_REPRESENTATION('',(#10596),#10600);
#10596 = LINE('',#10597,#10598);
#10597 = CARTESIAN_POINT('',(34.,0.));
#10598 = VECTOR('',#10599,1.);
#10599 = DIRECTION('',(0.,-1.));
#10600 = ( GEOMETRIC_REPRESENTATION_CONTEXT(2) 
PARAMETRIC_REPRESENTATION_CONTEXT() REPRESENTATION_CONTEXT('2D SPACE',''
  ) );
#10601 = PCURVE('',#9440,#10602);
#10602 = DEFINITIONAL_REPRESENTATION('',(#10603),#10607);
#10603 = LINE('',#10604,#10605);
#10604 = CARTESIAN_POINT('',(0.,0.));
#10605 = VECTOR('',#10606,1.);
#10606 = DIRECTION('',(0.,-1.));
#10607 = ( GEOMETRIC_REPRESENTATION_CONTEXT(2) 
PARAMETRIC_REPRESENTATION_CONTEXT() REPRESENTATION_CONTEXT('2D SPACE',''
  ) );
#10608 = ORIENTED_EDGE('',*,*,#9457,.T.);
#10609 = ORIENTED_EDGE('',*,*,#10564,.T.);
#10610 = ORIENTED_EDGE('',*,*,#9777,.T.);
#10611 = FACE_BOUND('',#10612,.F.);
#10612 = EDGE_LOOP('',(#10613));
#10613 = ORIENTED_EDGE('',*,*,#10614,.T.);
#10614 = EDGE_CURVE('',#10615,#10615,#10617,.T.);
#10615 = VERTEX_POINT('',#10616);
#10616 = CARTESIAN_POINT('',(-8.5,261.,3.5));
#10617 = SURFACE_CURVE('',#10618,(#10623,#10634),.PCURVE_S1.);
#10618 = CIRCLE('',#10619,3.5);
#10619 = AXIS2_PLACEMENT_3D('',#10620,#10621,#10622);
#10620 = CARTESIAN_POINT('',(-8.5,261.,0.));
#10621 = DIRECTION('',(1.,0.,0.));
#10622 = DIRECTION('',(-0.,0.,1.));
#10623 = PCURVE('',#9472,#10624);
#10624 = DEFINITIONAL_REPRESENTATION('',(#10625),#10633);
#10625 = ( BOUNDED_CURVE() B_SPLINE_CURVE(2,(#10626,#10627,#10628,#10629
    ,#10630,#10631,#10632),.UNSPECIFIED.,.T.,.F.) 
B_SPLINE_CURVE_WITH_KNOTS((1,2,2,2,2,1),(-2.094395102393,0.,
    2.094395102393,4.188790204786,6.28318530718,8.377580409573),
.UNSPECIFIED.) CURVE() GEOMETRIC_REPRESENTATION_ITEM() 
RATIONAL_B_SPLINE_CURVE((1.,0.5,1.,0.5,1.,0.5,1.)) REPRESENTATION_ITEM(
  '') );
#10626 = CARTESIAN_POINT('',(13.5,-361.));
#10627 = CARTESIAN_POINT('',(13.5,-354.9378221735));
#10628 = CARTESIAN_POINT('',(18.75,-357.9689110867));
#10629 = CARTESIAN_POINT('',(24.,-361.));
#10630 = CARTESIAN_POINT('',(18.75,-364.0310889132));
#10631 = CARTESIAN_POINT('',(13.5,-367.0621778264));
#10632 = CARTESIAN_POINT('',(13.5,-361.));
#10633 = ( GEOMETRIC_REPRESENTATION_CONTEXT(2) 
PARAMETRIC_REPRESENTATION_CONTEXT() REPRESENTATION_CONTEXT('2D SPACE',''
  ) );
#10634 = PCURVE('',#10430,#10635);
#10635 = DEFINITIONAL_REPRESENTATION('',(#10636),#10640);
#10636 = LINE('',#10637,#10638);
#10637 = CARTESIAN_POINT('',(0.,6.5));
#10638 = VECTOR('',#10639,1.);
#10639 = DIRECTION('',(1.,0.));
#10640 = ( GEOMETRIC_REPRESENTATION_CONTEXT(2) 
PARAMETRIC_REPRESENTATION_CONTEXT() REPRESENTATION_CONTEXT('2D SPACE',''
  ) );
#10641 = FACE_BOUND('',#10642,.F.);
#10642 = EDGE_LOOP('',(#10643));
#10643 = ORIENTED_EDGE('',*,*,#10644,.T.);
#10644 = EDGE_CURVE('',#10645,#10645,#10647,.T.);
#10645 = VERTEX_POINT('',#10646);
#10646 = CARTESIAN_POINT('',(-8.5,39.,3.5));
#10647 = SURFACE_CURVE('',#10648,(#10653,#10664),.PCURVE_S1.);
#10648 = CIRCLE('',#10649,3.5);
#10649 = AXIS2_PLACEMENT_3D('',#10650,#10651,#10652);
#10650 = CARTESIAN_POINT('',(-8.5,39.,0.));
#10651 = DIRECTION('',(1.,0.,0.));
#10652 = DIRECTION('',(-0.,0.,1.));
#10653 = PCURVE('',#9472,#10654);
#10654 = DEFINITIONAL_REPRESENTATION('',(#10655),#10663);
#10655 = ( BOUNDED_CURVE() B_SPLINE_CURVE(2,(#10656,#10657,#10658,#10659
    ,#10660,#10661,#10662),.UNSPECIFIED.,.T.,.F.) 
B_SPLINE_CURVE_WITH_KNOTS((1,2,2,2,2,1),(-2.094395102393,0.,
    2.094395102393,4.188790204786,6.28318530718,8.377580409573),
.UNSPECIFIED.) CURVE() GEOMETRIC_REPRESENTATION_ITEM() 
RATIONAL_B_SPLINE_CURVE((1.,0.5,1.,0.5,1.,0.5,1.)) REPRESENTATION_ITEM(
  '') );
#10656 = CARTESIAN_POINT('',(13.5,-139.));
#10657 = CARTESIAN_POINT('',(13.5,-132.9378221735));
#10658 = CARTESIAN_POINT('',(18.75,-135.9689110867));
#10659 = CARTESIAN_POINT('',(24.,-139.));
#10660 = CARTESIAN_POINT('',(18.75,-142.0310889132));
#10661 = CARTESIAN_POINT('',(13.5,-145.0621778264));
#10662 = CARTESIAN_POINT('',(13.5,-139.));
#10663 = ( GEOMETRIC_REPRESENTATION_CONTEXT(2) 
PARAMETRIC_REPRESENTATION_CONTEXT() REPRESENTATION_CONTEXT('2D SPACE',''
  ) );
#10664 = PCURVE('',#10465,#10665);
#10665 = DEFINITIONAL_REPRESENTATION('',(#10666),#10670);
#10666 = LINE('',#10667,#10668);
#10667 = CARTESIAN_POINT('',(0.,6.5));
#10668 = VECTOR('',#10669,1.);
#10669 = DIRECTION('',(1.,0.));
#10670 = ( GEOMETRIC_REPRESENTATION_CONTEXT(2) 
PARAMETRIC_REPRESENTATION_CONTEXT() REPRESENTATION_CONTEXT('2D SPACE',''
  ) );
#10671 = ADVANCED_FACE('',(#10672),#9440,.F.);
#10672 = FACE_BOUND('',#10673,.F.);
#10673 = EDGE_LOOP('',(#10674,#10675,#10676,#10677));
#10674 = ORIENTED_EDGE('',*,*,#9423,.F.);
#10675 = ORIENTED_EDGE('',*,*,#10588,.T.);
#10676 = ORIENTED_EDGE('',*,*,#9798,.F.);
#10677 = ORIENTED_EDGE('',*,*,#10678,.F.);
#10678 = EDGE_CURVE('',#9398,#9799,#10679,.T.);
#10679 = SURFACE_CURVE('',#10680,(#10684,#10691),.PCURVE_S1.);
#10680 = LINE('',#10681,#10682);
#10681 = CARTESIAN_POINT('',(-7.,-100.,-18.5));
#10682 = VECTOR('',#10683,1.);
#10683 = DIRECTION('',(0.,1.,0.));
#10684 = PCURVE('',#9440,#10685);
#10685 = DEFINITIONAL_REPRESENTATION('',(#10686),#10690);
#10686 = LINE('',#10687,#10688);
#10687 = CARTESIAN_POINT('',(1.570796326795,0.));
#10688 = VECTOR('',#10689,1.);
#10689 = DIRECTION('',(0.,-1.));
#10690 = ( GEOMETRIC_REPRESENTATION_CONTEXT(2) 
PARAMETRIC_REPRESENTATION_CONTEXT() REPRESENTATION_CONTEXT('2D SPACE',''
  ) );
#10691 = PCURVE('',#9412,#10692);
#10692 = DEFINITIONAL_REPRESENTATION('',(#10693),#10697);
#10693 = LINE('',#10694,#10695);
#10694 = CARTESIAN_POINT('',(0.,0.));
#10695 = VECTOR('',#10696,1.);
#10696 = DIRECTION('',(0.,-1.));
#10697 = ( GEOMETRIC_REPRESENTATION_CONTEXT(2) 
PARAMETRIC_REPRESENTATION_CONTEXT() REPRESENTATION_CONTEXT('2D SPACE',''
  ) );
#10698 = ADVANCED_FACE('',(#10699),#9412,.F.);
#10699 = FACE_BOUND('',#10700,.F.);
#10700 = EDGE_LOOP('',(#10701,#10722,#10723,#10724));
#10701 = ORIENTED_EDGE('',*,*,#10702,.F.);
#10702 = EDGE_CURVE('',#9364,#9828,#10703,.T.);
#10703 = SURFACE_CURVE('',#10704,(#10708,#10715),.PCURVE_S1.);
#10704 = LINE('',#10705,#10706);
#10705 = CARTESIAN_POINT('',(7.,-100.,-18.5));
#10706 = VECTOR('',#10707,1.);
#10707 = DIRECTION('',(0.,1.,0.));
#10708 = PCURVE('',#9412,#10709);
#10709 = DEFINITIONAL_REPRESENTATION('',(#10710),#10714);
#10710 = LINE('',#10711,#10712);
#10711 = CARTESIAN_POINT('',(14.,0.));
#10712 = VECTOR('',#10713,1.);
#10713 = DIRECTION('',(0.,-1.));
#10714 = ( GEOMETRIC_REPRESENTATION_CONTEXT(2) 
PARAMETRIC_REPRESENTATION_CONTEXT() REPRESENTATION_CONTEXT('2D SPACE',''
  ) );
#10715 = PCURVE('',#9380,#10716);
#10716 = DEFINITIONAL_REPRESENTATION('',(#10717),#10721);
#10717 = LINE('',#10718,#10719);
#10718 = CARTESIAN_POINT('',(0.,0.));
#10719 = VECTOR('',#10720,1.);
#10720 = DIRECTION('',(0.,-1.));
#10721 = ( GEOMETRIC_REPRESENTATION_CONTEXT(2) 
PARAMETRIC_REPRESENTATION_CONTEXT() REPRESENTATION_CONTEXT('2D SPACE',''
  ) );
#10722 = ORIENTED_EDGE('',*,*,#9397,.T.);
#10723 = ORIENTED_EDGE('',*,*,#10678,.T.);
#10724 = ORIENTED_EDGE('',*,*,#9827,.T.);
#10725 = ADVANCED_FACE('',(#10726),#9380,.F.);
#10726 = FACE_BOUND('',#10727,.F.);
#10727 = EDGE_LOOP('',(#10728,#10729,#10730,#10731));
#10728 = ORIENTED_EDGE('',*,*,#9363,.F.);
#10729 = ORIENTED_EDGE('',*,*,#10702,.T.);
#10730 = ORIENTED_EDGE('',*,*,#9848,.F.);
#10731 = ORIENTED_EDGE('',*,*,#10732,.F.);
#10732 = EDGE_CURVE('',#9338,#9849,#10733,.T.);
#10733 = SURFACE_CURVE('',#10734,(#10738,#10745),.PCURVE_S1.);
#10734 = LINE('',#10735,#10736);
#10735 = CARTESIAN_POINT('',(8.5,-100.,-17.));
#10736 = VECTOR('',#10737,1.);
#10737 = DIRECTION('',(0.,1.,0.));
#10738 = PCURVE('',#9380,#10739);
#10739 = DEFINITIONAL_REPRESENTATION('',(#10740),#10744);
#10740 = LINE('',#10741,#10742);
#10741 = CARTESIAN_POINT('',(1.570796326795,0.));
#10742 = VECTOR('',#10743,1.);
#10743 = DIRECTION('',(0.,-1.));
#10744 = ( GEOMETRIC_REPRESENTATION_CONTEXT(2) 
PARAMETRIC_REPRESENTATION_CONTEXT() REPRESENTATION_CONTEXT('2D SPACE',''
  ) );
#10745 = PCURVE('',#9352,#10746);
#10746 = DEFINITIONAL_REPRESENTATION('',(#10747),#10751);
#10747 = LINE('',#10748,#10749);
#10748 = CARTESIAN_POINT('',(0.,0.));
#10749 = VECTOR('',#10750,1.);
#10750 = DIRECTION('',(0.,-1.));
#10751 = ( GEOMETRIC_REPRESENTATION_CONTEXT(2) 
PARAMETRIC_REPRESENTATION_CONTEXT() REPRESENTATION_CONTEXT('2D SPACE',''
  ) );
#10752 = ADVANCED_FACE('',(#10753,#10759,#10765),#9352,.F.);
#10753 = FACE_BOUND('',#10754,.F.);
#10754 = EDGE_LOOP('',(#10755,#10756,#10757,#10758));
#10755 = ORIENTED_EDGE('',*,*,#10488,.F.);
#10756 = ORIENTED_EDGE('',*,*,#9337,.T.);
#10757 = ORIENTED_EDGE('',*,*,#10732,.T.);
#10758 = ORIENTED_EDGE('',*,*,#9877,.T.);
#10759 = FACE_BOUND('',#10760,.F.);
#10760 = EDGE_LOOP('',(#10761,#10762,#10763,#10764));
#10761 = ORIENTED_EDGE('',*,*,#9949,.T.);
#10762 = ORIENTED_EDGE('',*,*,#10090,.T.);
#10763 = ORIENTED_EDGE('',*,*,#10043,.F.);
#10764 = ORIENTED_EDGE('',*,*,#9996,.F.);
#10765 = FACE_BOUND('',#10766,.F.);
#10766 = EDGE_LOOP('',(#10767,#10768,#10769,#10770));
#10767 = ORIENTED_EDGE('',*,*,#10137,.T.);
#10768 = ORIENTED_EDGE('',*,*,#10231,.T.);
#10769 = ORIENTED_EDGE('',*,*,#10278,.F.);
#10770 = ORIENTED_EDGE('',*,*,#10184,.F.);
#10771 = ADVANCED_FACE('',(#10772),#10430,.F.);
#10772 = FACE_BOUND('',#10773,.F.);
#10773 = EDGE_LOOP('',(#10774,#10775,#10796,#10797));
#10774 = ORIENTED_EDGE('',*,*,#10614,.F.);
#10775 = ORIENTED_EDGE('',*,*,#10776,.F.);
#10776 = EDGE_CURVE('',#10410,#10615,#10777,.T.);
#10777 = SEAM_CURVE('',#10778,(#10782,#10789),.PCURVE_S1.);
#10778 = LINE('',#10779,#10780);
#10779 = CARTESIAN_POINT('',(-15.,261.,3.5));
#10780 = VECTOR('',#10781,1.);
#10781 = DIRECTION('',(1.,0.,0.));
#10782 = PCURVE('',#10430,#10783);
#10783 = DEFINITIONAL_REPRESENTATION('',(#10784),#10788);
#10784 = LINE('',#10785,#10786);
#10785 = CARTESIAN_POINT('',(6.28318530718,-0.));
#10786 = VECTOR('',#10787,1.);
#10787 = DIRECTION('',(0.,1.));
#10788 = ( GEOMETRIC_REPRESENTATION_CONTEXT(2) 
PARAMETRIC_REPRESENTATION_CONTEXT() REPRESENTATION_CONTEXT('2D SPACE',''
  ) );
#10789 = PCURVE('',#10430,#10790);
#10790 = DEFINITIONAL_REPRESENTATION('',(#10791),#10795);
#10791 = LINE('',#10792,#10793);
#10792 = CARTESIAN_POINT('',(0.,-0.));
#10793 = VECTOR('',#10794,1.);
#10794 = DIRECTION('',(0.,1.));
#10795 = ( GEOMETRIC_REPRESENTATION_CONTEXT(2) 
PARAMETRIC_REPRESENTATION_CONTEXT() REPRESENTATION_CONTEXT('2D SPACE',''
  ) );
#10796 = ORIENTED_EDGE('',*,*,#10409,.T.);
#10797 = ORIENTED_EDGE('',*,*,#10776,.T.);
#10798 = ADVANCED_FACE('',(#10799),#10465,.F.);
#10799 = FACE_BOUND('',#10800,.F.);
#10800 = EDGE_LOOP('',(#10801,#10802,#10823,#10824));
#10801 = ORIENTED_EDGE('',*,*,#10644,.F.);
#10802 = ORIENTED_EDGE('',*,*,#10803,.F.);
#10803 = EDGE_CURVE('',#10445,#10645,#10804,.T.);
#10804 = SEAM_CURVE('',#10805,(#10809,#10816),.PCURVE_S1.);
#10805 = LINE('',#10806,#10807);
#10806 = CARTESIAN_POINT('',(-15.,39.,3.5));
#10807 = VECTOR('',#10808,1.);
#10808 = DIRECTION('',(1.,0.,0.));
#10809 = PCURVE('',#10465,#10810);
#10810 = DEFINITIONAL_REPRESENTATION('',(#10811),#10815);
#10811 = LINE('',#10812,#10813);
#10812 = CARTESIAN_POINT('',(6.28318530718,-0.));
#10813 = VECTOR('',#10814,1.);
#10814 = DIRECTION('',(0.,1.));
#10815 = ( GEOMETRIC_REPRESENTATION_CONTEXT(2) 
PARAMETRIC_REPRESENTATION_CONTEXT() REPRESENTATION_CONTEXT('2D SPACE',''
  ) );
#10816 = PCURVE('',#10465,#10817);
#10817 = DEFINITIONAL_REPRESENTATION('',(#10818),#10822);
#10818 = LINE('',#10819,#10820);
#10819 = CARTESIAN_POINT('',(0.,-0.));
#10820 = VECTOR('',#10821,1.);
#10821 = DIRECTION('',(0.,1.));
#10822 = ( GEOMETRIC_REPRESENTATION_CONTEXT(2) 
PARAMETRIC_REPRESENTATION_CONTEXT() REPRESENTATION_CONTEXT('2D SPACE',''
  ) );
#10823 = ORIENTED_EDGE('',*,*,#10444,.T.);
#10824 = ORIENTED_EDGE('',*,*,#10803,.T.);
#10825 = ( GEOMETRIC_REPRESENTATION_CONTEXT(3) 
GLOBAL_UNCERTAINTY_ASSIGNED_CONTEXT((#10829)) 
GLOBAL_UNIT_ASSIGNED_CONTEXT((#10826,#10827,#10828)) 
REPRESENTATION_CONTEXT('Context #1',
  '3D Context with UNIT and UNCERTAINTY') );
#10826 = ( LENGTH_UNIT() NAMED_UNIT(*) SI_UNIT(.MILLI.,.METRE.) );
#10827 = ( NAMED_UNIT(*) PLANE_ANGLE_UNIT() SI_UNIT($,.RADIAN.) );
#10828 = ( NAMED_UNIT(*) SI_UNIT($,.STERADIAN.) SOLID_ANGLE_UNIT() );
#10829 = UNCERTAINTY_MEASURE_WITH_UNIT(LENGTH_MEASURE(2.E-07),#10826,
  'distance_accuracy_value','confusion accuracy');
#10830 = CONTEXT_DEPENDENT_SHAPE_REPRESENTATION(#10831,#10833);
#10831 = ( REPRESENTATION_RELATIONSHIP('','',#8706,#10) 
REPRESENTATION_RELATIONSHIP_WITH_TRANSFORMATION(#10832) 
SHAPE_REPRESENTATION_RELATIONSHIP() );
#10832 = ITEM_DEFINED_TRANSFORMATION('','',#11,#39);
#10833 = PRODUCT_DEFINITION_SHAPE('Placement','Placement of an item',
  #10834);
#10834 = NEXT_ASSEMBLY_USAGE_OCCURRENCE('23','\X2\0414043504420430043B044C\X0\ 7','',#5,
  #8701,$);
#10835 = PRODUCT_RELATED_PRODUCT_CATEGORY('part',$,(#8703));
#10836 = SHAPE_DEFINITION_REPRESENTATION(#10837,#10843);
#10837 = PRODUCT_DEFINITION_SHAPE('','',#10838);
#10838 = PRODUCT_DEFINITION('design','',#10839,#10842);
#10839 = PRODUCT_DEFINITION_FORMATION('','',#10840);
#10840 = PRODUCT('\X2\0414043504420430043B044C\X0\ 8 40\X2\0445\X0\20\X2\0445\X0\1,5 L=342 (8 \X2\044804420443043A\X0\)',
  '\X2\0414043504420430043B044C\X0\ 8 40\X2\0445\X0\20\X2\0445\X0\1,5 L=342 (8 \X2\044804420443043A\X0\)','',(#10841));
#10841 = PRODUCT_CONTEXT('',#2,'mechanical');
#10842 = PRODUCT_DEFINITION_CONTEXT('part definition',#2,'design');
#10843 = ADVANCED_BREP_SHAPE_REPRESENTATION('',(#11,#10844),#12186);
#10844 = MANIFOLD_SOLID_BREP('',#10845);
#10845 = CLOSED_SHELL('',(#10846,#10962,#11052,#11470,#11526,#11855,
    #11882,#11909,#11936,#11963,#11970,#12017,#12044,#12071,#12098,
    #12125,#12152,#12179));
#10846 = ADVANCED_FACE('',(#10847),#10861,.T.);
#10847 = FACE_BOUND('',#10848,.T.);
#10848 = EDGE_LOOP('',(#10849,#10884,#10910,#10938));
#10849 = ORIENTED_EDGE('',*,*,#10850,.F.);
#10850 = EDGE_CURVE('',#10851,#10853,#10855,.T.);
#10851 = VERTEX_POINT('',#10852);
#10852 = CARTESIAN_POINT('',(10.,4.263256414561E-13,17.));
#10853 = VERTEX_POINT('',#10854);
#10854 = CARTESIAN_POINT('',(10.,342.,17.));
#10855 = SURFACE_CURVE('',#10856,(#10860,#10872),.PCURVE_S1.);
#10856 = LINE('',#10857,#10858);
#10857 = CARTESIAN_POINT('',(10.,-100.,17.));
#10858 = VECTOR('',#10859,1.);
#10859 = DIRECTION('',(0.,1.,0.));
#10860 = PCURVE('',#10861,#10866);
#10861 = PLANE('',#10862);
#10862 = AXIS2_PLACEMENT_3D('',#10863,#10864,#10865);
#10863 = CARTESIAN_POINT('',(10.,-100.,-17.));
#10864 = DIRECTION('',(1.,0.,0.));
#10865 = DIRECTION('',(0.,0.,1.));
#10866 = DEFINITIONAL_REPRESENTATION('',(#10867),#10871);
#10867 = LINE('',#10868,#10869);
#10868 = CARTESIAN_POINT('',(34.,0.));
#10869 = VECTOR('',#10870,1.);
#10870 = DIRECTION('',(0.,-1.));
#10871 = ( GEOMETRIC_REPRESENTATION_CONTEXT(2) 
PARAMETRIC_REPRESENTATION_CONTEXT() REPRESENTATION_CONTEXT('2D SPACE',''
  ) );
#10872 = PCURVE('',#10873,#10878);
#10873 = CYLINDRICAL_SURFACE('',#10874,3.);
#10874 = AXIS2_PLACEMENT_3D('',#10875,#10876,#10877);
#10875 = CARTESIAN_POINT('',(7.,-100.,17.));
#10876 = DIRECTION('',(0.,-1.,0.));
#10877 = DIRECTION('',(1.,0.,0.));
#10878 = DEFINITIONAL_REPRESENTATION('',(#10879),#10883);
#10879 = LINE('',#10880,#10881);
#10880 = CARTESIAN_POINT('',(0.,0.));
#10881 = VECTOR('',#10882,1.);
#10882 = DIRECTION('',(0.,-1.));
#10883 = ( GEOMETRIC_REPRESENTATION_CONTEXT(2) 
PARAMETRIC_REPRESENTATION_CONTEXT() REPRESENTATION_CONTEXT('2D SPACE',''
  ) );
#10884 = ORIENTED_EDGE('',*,*,#10885,.T.);
#10885 = EDGE_CURVE('',#10851,#10886,#10888,.T.);
#10886 = VERTEX_POINT('',#10887);
#10887 = CARTESIAN_POINT('',(10.,4.263256414561E-13,-17.));
#10888 = SURFACE_CURVE('',#10889,(#10893,#10899),.PCURVE_S1.);
#10889 = LINE('',#10890,#10891);
#10890 = CARTESIAN_POINT('',(10.000000000001,-2.273736754432E-13,
    4.9915E+03));
#10891 = VECTOR('',#10892,1.);
#10892 = DIRECTION('',(0.,-0.,-1.));
#10893 = PCURVE('',#10861,#10894);
#10894 = DEFINITIONAL_REPRESENTATION('',(#10895),#10898);
#10895 = B_SPLINE_CURVE_WITH_KNOTS('',1,(#10896,#10897),.UNSPECIFIED.,
  .F.,.F.,(2,2),(4.9745E+03,5.0085E+03),.PIECEWISE_BEZIER_KNOTS.);
#10896 = CARTESIAN_POINT('',(34.,-100.));
#10897 = CARTESIAN_POINT('',(0.,-100.));
#10898 = ( GEOMETRIC_REPRESENTATION_CONTEXT(2) 
PARAMETRIC_REPRESENTATION_CONTEXT() REPRESENTATION_CONTEXT('2D SPACE',''
  ) );
#10899 = PCURVE('',#10900,#10905);
#10900 = PLANE('',#10901);
#10901 = AXIS2_PLACEMENT_3D('',#10902,#10903,#10904);
#10902 = CARTESIAN_POINT('',(-8.752159086766E+03,4.819187497722E+03,
    1.E+04));
#10903 = DIRECTION('',(-0.481918749772,-0.876215908677,0.));
#10904 = DIRECTION('',(0.,0.,-1.));
#10905 = DEFINITIONAL_REPRESENTATION('',(#10906),#10909);
#10906 = B_SPLINE_CURVE_WITH_KNOTS('',1,(#10907,#10908),.UNSPECIFIED.,
  .F.,.F.,(2,2),(4.9745E+03,5.0085E+03),.PIECEWISE_BEZIER_KNOTS.);
#10907 = CARTESIAN_POINT('',(9.983E+03,1.E+04));
#10908 = CARTESIAN_POINT('',(1.0017E+04,1.E+04));
#10909 = ( GEOMETRIC_REPRESENTATION_CONTEXT(2) 
PARAMETRIC_REPRESENTATION_CONTEXT() REPRESENTATION_CONTEXT('2D SPACE',''
  ) );
#10910 = ORIENTED_EDGE('',*,*,#10911,.T.);
#10911 = EDGE_CURVE('',#10886,#10912,#10914,.T.);
#10912 = VERTEX_POINT('',#10913);
#10913 = CARTESIAN_POINT('',(10.,342.,-17.));
#10914 = SURFACE_CURVE('',#10915,(#10919,#10926),.PCURVE_S1.);
#10915 = LINE('',#10916,#10917);
#10916 = CARTESIAN_POINT('',(10.,-100.,-17.));
#10917 = VECTOR('',#10918,1.);
#10918 = DIRECTION('',(0.,1.,0.));
#10919 = PCURVE('',#10861,#10920);
#10920 = DEFINITIONAL_REPRESENTATION('',(#10921),#10925);
#10921 = LINE('',#10922,#10923);
#10922 = CARTESIAN_POINT('',(0.,0.));
#10923 = VECTOR('',#10924,1.);
#10924 = DIRECTION('',(0.,-1.));
#10925 = ( GEOMETRIC_REPRESENTATION_CONTEXT(2) 
PARAMETRIC_REPRESENTATION_CONTEXT() REPRESENTATION_CONTEXT('2D SPACE',''
  ) );
#10926 = PCURVE('',#10927,#10932);
#10927 = CYLINDRICAL_SURFACE('',#10928,3.);
#10928 = AXIS2_PLACEMENT_3D('',#10929,#10930,#10931);
#10929 = CARTESIAN_POINT('',(7.,-100.,-17.));
#10930 = DIRECTION('',(0.,-1.,0.));
#10931 = DIRECTION('',(5.921189464668E-16,0.,-1.));
#10932 = DEFINITIONAL_REPRESENTATION('',(#10933),#10937);
#10933 = LINE('',#10934,#10935);
#10934 = CARTESIAN_POINT('',(1.570796326795,0.));
#10935 = VECTOR('',#10936,1.);
#10936 = DIRECTION('',(0.,-1.));
#10937 = ( GEOMETRIC_REPRESENTATION_CONTEXT(2) 
PARAMETRIC_REPRESENTATION_CONTEXT() REPRESENTATION_CONTEXT('2D SPACE',''
  ) );
#10938 = ORIENTED_EDGE('',*,*,#10939,.T.);
#10939 = EDGE_CURVE('',#10912,#10853,#10940,.T.);
#10940 = SURFACE_CURVE('',#10941,(#10945,#10951),.PCURVE_S1.);
#10941 = LINE('',#10942,#10943);
#10942 = CARTESIAN_POINT('',(10.000000000001,342.,-5.0085E+03));
#10943 = VECTOR('',#10944,1.);
#10944 = DIRECTION('',(0.,-0.,1.));
#10945 = PCURVE('',#10861,#10946);
#10946 = DEFINITIONAL_REPRESENTATION('',(#10947),#10950);
#10947 = B_SPLINE_CURVE_WITH_KNOTS('',1,(#10948,#10949),.UNSPECIFIED.,
  .F.,.F.,(2,2),(4.9915E+03,5.0255E+03),.PIECEWISE_BEZIER_KNOTS.);
#10948 = CARTESIAN_POINT('',(0.,-442.));
#10949 = CARTESIAN_POINT('',(34.,-442.));
#10950 = ( GEOMETRIC_REPRESENTATION_CONTEXT(2) 
PARAMETRIC_REPRESENTATION_CONTEXT() REPRESENTATION_CONTEXT('2D SPACE',''
  ) );
#10951 = PCURVE('',#10952,#10957);
#10952 = PLANE('',#10953);
#10953 = AXIS2_PLACEMENT_3D('',#10954,#10955,#10956);
#10954 = CARTESIAN_POINT('',(-8.752159086766E+03,-4.477187497722E+03,
    -1.E+04));
#10955 = DIRECTION('',(-0.481918749772,0.876215908677,0.));
#10956 = DIRECTION('',(0.,0.,1.));
#10957 = DEFINITIONAL_REPRESENTATION('',(#10958),#10961);
#10958 = B_SPLINE_CURVE_WITH_KNOTS('',1,(#10959,#10960),.UNSPECIFIED.,
  .F.,.F.,(2,2),(4.9915E+03,5.0255E+03),.PIECEWISE_BEZIER_KNOTS.);
#10959 = CARTESIAN_POINT('',(9.983E+03,1.E+04));
#10960 = CARTESIAN_POINT('',(1.0017E+04,1.E+04));
#10961 = ( GEOMETRIC_REPRESENTATION_CONTEXT(2) 
PARAMETRIC_REPRESENTATION_CONTEXT() REPRESENTATION_CONTEXT('2D SPACE',''
  ) );
#10962 = ADVANCED_FACE('',(#10963),#10873,.T.);
#10963 = FACE_BOUND('',#10964,.T.);
#10964 = EDGE_LOOP('',(#10965,#10995,#10996,#11026));
#10965 = ORIENTED_EDGE('',*,*,#10966,.F.);
#10966 = EDGE_CURVE('',#10851,#10967,#10969,.T.);
#10967 = VERTEX_POINT('',#10968);
#10968 = CARTESIAN_POINT('',(7.,1.65,20.));
#10969 = SURFACE_CURVE('',#10970,(#10975,#10988),.PCURVE_S1.);
#10970 = ELLIPSE('',#10971,3.423813663154,3.);
#10971 = AXIS2_PLACEMENT_3D('',#10972,#10973,#10974);
#10972 = CARTESIAN_POINT('',(7.,1.65,17.));
#10973 = DIRECTION('',(-0.481918749772,-0.876215908677,0.));
#10974 = DIRECTION('',(0.876215908677,-0.481918749772,0.));
#10975 = PCURVE('',#10873,#10976);
#10976 = DEFINITIONAL_REPRESENTATION('',(#10977),#10987);
#10977 = B_SPLINE_CURVE_WITH_KNOTS('',8,(#10978,#10979,#10980,#10981,
    #10982,#10983,#10984,#10985,#10986),.UNSPECIFIED.,.F.,.F.,(9,9),(0.,
    1.570796326795),.PIECEWISE_BEZIER_KNOTS.);
#10978 = CARTESIAN_POINT('',(0.,-100.));
#10979 = CARTESIAN_POINT('',(0.196349540849,-100.));
#10980 = CARTESIAN_POINT('',(0.392699081699,-100.0727002803));
#10981 = CARTESIAN_POINT('',(0.589048622548,-100.2181002234));
#10982 = CARTESIAN_POINT('',(0.785398163395,-100.4302230614));
#10983 = CARTESIAN_POINT('',(0.981747704245,-100.6971031189));
#10984 = CARTESIAN_POINT('',(1.178097245095,-101.0020464383));
#10985 = CARTESIAN_POINT('',(1.374446785946,-101.3260232575));
#10986 = CARTESIAN_POINT('',(1.570796326795,-101.65));
#10987 = ( GEOMETRIC_REPRESENTATION_CONTEXT(2) 
PARAMETRIC_REPRESENTATION_CONTEXT() REPRESENTATION_CONTEXT('2D SPACE',''
  ) );
#10988 = PCURVE('',#10900,#10989);
#10989 = DEFINITIONAL_REPRESENTATION('',(#10990),#10994);
#10990 = ELLIPSE('',#10991,3.423813663154,3.);
#10991 = AXIS2_PLACEMENT_2D('',#10992,#10993);
#10992 = CARTESIAN_POINT('',(9.983E+03,9.996576186337E+03));
#10993 = DIRECTION('',(0.,1.));
#10994 = ( GEOMETRIC_REPRESENTATION_CONTEXT(2) 
PARAMETRIC_REPRESENTATION_CONTEXT() REPRESENTATION_CONTEXT('2D SPACE',''
  ) );
#10995 = ORIENTED_EDGE('',*,*,#10850,.T.);
#10996 = ORIENTED_EDGE('',*,*,#10997,.F.);
#10997 = EDGE_CURVE('',#10998,#10853,#11000,.T.);
#10998 = VERTEX_POINT('',#10999);
#10999 = CARTESIAN_POINT('',(7.,340.35,20.));
#11000 = SURFACE_CURVE('',#11001,(#11006,#11019),.PCURVE_S1.);
#11001 = ELLIPSE('',#11002,3.423813663154,3.);
#11002 = AXIS2_PLACEMENT_3D('',#11003,#11004,#11005);
#11003 = CARTESIAN_POINT('',(7.,340.35,17.));
#11004 = DIRECTION('',(-0.481918749772,0.876215908677,0.));
#11005 = DIRECTION('',(-0.876215908677,-0.481918749772,0.));
#11006 = PCURVE('',#10873,#11007);
#11007 = DEFINITIONAL_REPRESENTATION('',(#11008),#11018);
#11008 = B_SPLINE_CURVE_WITH_KNOTS('',8,(#11009,#11010,#11011,#11012,
    #11013,#11014,#11015,#11016,#11017),.UNSPECIFIED.,.F.,.F.,(9,9),(
    1.570796326795,3.14159265359),.PIECEWISE_BEZIER_KNOTS.);
#11009 = CARTESIAN_POINT('',(1.570796326795,-440.35));
#11010 = CARTESIAN_POINT('',(1.374446785946,-440.6739767424));
#11011 = CARTESIAN_POINT('',(1.178097245096,-440.9979535613));
#11012 = CARTESIAN_POINT('',(0.981747704248,-441.3028968812));
#11013 = CARTESIAN_POINT('',(0.785398163394,-441.5697769369));
#11014 = CARTESIAN_POINT('',(0.589048622548,-441.7818997753));
#11015 = CARTESIAN_POINT('',(0.392699081698,-441.9272997192));
#11016 = CARTESIAN_POINT('',(0.196349540849,-442.));
#11017 = CARTESIAN_POINT('',(0.,-442.));
#11018 = ( GEOMETRIC_REPRESENTATION_CONTEXT(2) 
PARAMETRIC_REPRESENTATION_CONTEXT() REPRESENTATION_CONTEXT('2D SPACE',''
  ) );
#11019 = PCURVE('',#10952,#11020);
#11020 = DEFINITIONAL_REPRESENTATION('',(#11021),#11025);
#11021 = ELLIPSE('',#11022,3.423813663154,3.);
#11022 = AXIS2_PLACEMENT_2D('',#11023,#11024);
#11023 = CARTESIAN_POINT('',(1.0017E+04,9.996576186337E+03));
#11024 = DIRECTION('',(0.,-1.));
#11025 = ( GEOMETRIC_REPRESENTATION_CONTEXT(2) 
PARAMETRIC_REPRESENTATION_CONTEXT() REPRESENTATION_CONTEXT('2D SPACE',''
  ) );
#11026 = ORIENTED_EDGE('',*,*,#11027,.F.);
#11027 = EDGE_CURVE('',#10967,#10998,#11028,.T.);
#11028 = SURFACE_CURVE('',#11029,(#11033,#11040),.PCURVE_S1.);
#11029 = LINE('',#11030,#11031);
#11030 = CARTESIAN_POINT('',(7.,-100.,20.));
#11031 = VECTOR('',#11032,1.);
#11032 = DIRECTION('',(0.,1.,0.));
#11033 = PCURVE('',#10873,#11034);
#11034 = DEFINITIONAL_REPRESENTATION('',(#11035),#11039);
#11035 = LINE('',#11036,#11037);
#11036 = CARTESIAN_POINT('',(1.570796326795,0.));
#11037 = VECTOR('',#11038,1.);
#11038 = DIRECTION('',(0.,-1.));
#11039 = ( GEOMETRIC_REPRESENTATION_CONTEXT(2) 
PARAMETRIC_REPRESENTATION_CONTEXT() REPRESENTATION_CONTEXT('2D SPACE',''
  ) );
#11040 = PCURVE('',#11041,#11046);
#11041 = PLANE('',#11042);
#11042 = AXIS2_PLACEMENT_3D('',#11043,#11044,#11045);
#11043 = CARTESIAN_POINT('',(7.,-100.,20.));
#11044 = DIRECTION('',(0.,-0.,1.));
#11045 = DIRECTION('',(-1.,0.,0.));
#11046 = DEFINITIONAL_REPRESENTATION('',(#11047),#11051);
#11047 = LINE('',#11048,#11049);
#11048 = CARTESIAN_POINT('',(0.,0.));
#11049 = VECTOR('',#11050,1.);
#11050 = DIRECTION('',(0.,-1.));
#11051 = ( GEOMETRIC_REPRESENTATION_CONTEXT(2) 
PARAMETRIC_REPRESENTATION_CONTEXT() REPRESENTATION_CONTEXT('2D SPACE',''
  ) );
#11052 = ADVANCED_FACE('',(#11053,#11228),#10952,.T.);
#11053 = FACE_BOUND('',#11054,.T.);
#11054 = EDGE_LOOP('',(#11055,#11056,#11086,#11112,#11147,#11173,#11208,
    #11227));
#11055 = ORIENTED_EDGE('',*,*,#10939,.F.);
#11056 = ORIENTED_EDGE('',*,*,#11057,.T.);
#11057 = EDGE_CURVE('',#10912,#11058,#11060,.T.);
#11058 = VERTEX_POINT('',#11059);
#11059 = CARTESIAN_POINT('',(7.,340.35,-20.));
#11060 = SURFACE_CURVE('',#11061,(#11066,#11073),.PCURVE_S1.);
#11061 = ELLIPSE('',#11062,3.423813663154,3.);
#11062 = AXIS2_PLACEMENT_3D('',#11063,#11064,#11065);
#11063 = CARTESIAN_POINT('',(7.,340.35,-17.));
#11064 = DIRECTION('',(-0.481918749772,0.876215908677,0.));
#11065 = DIRECTION('',(-0.876215908677,-0.481918749772,0.));
#11066 = PCURVE('',#10952,#11067);
#11067 = DEFINITIONAL_REPRESENTATION('',(#11068),#11072);
#11068 = ELLIPSE('',#11069,3.423813663154,3.);
#11069 = AXIS2_PLACEMENT_2D('',#11070,#11071);
#11070 = CARTESIAN_POINT('',(9.983E+03,9.996576186337E+03));
#11071 = DIRECTION('',(0.,-1.));
#11072 = ( GEOMETRIC_REPRESENTATION_CONTEXT(2) 
PARAMETRIC_REPRESENTATION_CONTEXT() REPRESENTATION_CONTEXT('2D SPACE',''
  ) );
#11073 = PCURVE('',#10927,#11074);
#11074 = DEFINITIONAL_REPRESENTATION('',(#11075),#11085);
#11075 = B_SPLINE_CURVE_WITH_KNOTS('',8,(#11076,#11077,#11078,#11079,
    #11080,#11081,#11082,#11083,#11084),.UNSPECIFIED.,.F.,.F.,(9,9),(
    3.14159265359,4.712388980385),.PIECEWISE_BEZIER_KNOTS.);
#11076 = CARTESIAN_POINT('',(1.570796326795,-442.));
#11077 = CARTESIAN_POINT('',(1.374446785946,-442.));
#11078 = CARTESIAN_POINT('',(1.178097245096,-441.9272997195));
#11079 = CARTESIAN_POINT('',(0.981747704244,-441.781899776));
#11080 = CARTESIAN_POINT('',(0.785398163399,-441.5697769382));
#11081 = CARTESIAN_POINT('',(0.589048622546,-441.3028968803));
#11082 = CARTESIAN_POINT('',(0.392699081699,-440.9979535615));
#11083 = CARTESIAN_POINT('',(0.196349540849,-440.6739767424));
#11084 = CARTESIAN_POINT('',(0.,-440.35));
#11085 = ( GEOMETRIC_REPRESENTATION_CONTEXT(2) 
PARAMETRIC_REPRESENTATION_CONTEXT() REPRESENTATION_CONTEXT('2D SPACE',''
  ) );
#11086 = ORIENTED_EDGE('',*,*,#11087,.F.);
#11087 = EDGE_CURVE('',#11088,#11058,#11090,.T.);
#11088 = VERTEX_POINT('',#11089);
#11089 = CARTESIAN_POINT('',(-7.,332.65,-20.));
#11090 = SURFACE_CURVE('',#11091,(#11095,#11101),.PCURVE_S1.);
#11091 = LINE('',#11092,#11093);
#11092 = CARTESIAN_POINT('',(-4.47092599252E+03,-2.122509295886E+03,
    -19.99999999999));
#11093 = VECTOR('',#11094,1.);
#11094 = DIRECTION('',(0.876215908677,0.481918749772,0.));
#11095 = PCURVE('',#10952,#11096);
#11096 = DEFINITIONAL_REPRESENTATION('',(#11097),#11100);
#11097 = B_SPLINE_CURVE_WITH_KNOTS('',1,(#11098,#11099),.UNSPECIFIED.,
  .F.,.F.,(2,2),(5.094550268166E+03,5.11052806526E+03),
  .PIECEWISE_BEZIER_KNOTS.);
#11098 = CARTESIAN_POINT('',(9.98E+03,9.980598389242E+03));
#11099 = CARTESIAN_POINT('',(9.98E+03,9.996576186337E+03));
#11100 = ( GEOMETRIC_REPRESENTATION_CONTEXT(2) 
PARAMETRIC_REPRESENTATION_CONTEXT() REPRESENTATION_CONTEXT('2D SPACE',''
  ) );
#11101 = PCURVE('',#11102,#11107);
#11102 = PLANE('',#11103);
#11103 = AXIS2_PLACEMENT_3D('',#11104,#11105,#11106);
#11104 = CARTESIAN_POINT('',(-7.,-100.,-20.));
#11105 = DIRECTION('',(0.,0.,-1.));
#11106 = DIRECTION('',(1.,0.,0.));
#11107 = DEFINITIONAL_REPRESENTATION('',(#11108),#11111);
#11108 = B_SPLINE_CURVE_WITH_KNOTS('',1,(#11109,#11110),.UNSPECIFIED.,
  .F.,.F.,(2,2),(5.094550268166E+03,5.11052806526E+03),
  .PIECEWISE_BEZIER_KNOTS.);
#11109 = CARTESIAN_POINT('',(9.094947017729E-13,-432.65));
#11110 = CARTESIAN_POINT('',(14.000000000002,-440.35));
#11111 = ( GEOMETRIC_REPRESENTATION_CONTEXT(2) 
PARAMETRIC_REPRESENTATION_CONTEXT() REPRESENTATION_CONTEXT('2D SPACE',''
  ) );
#11112 = ORIENTED_EDGE('',*,*,#11113,.T.);
#11113 = EDGE_CURVE('',#11088,#11114,#11116,.T.);
#11114 = VERTEX_POINT('',#11115);
#11115 = CARTESIAN_POINT('',(-10.,331.,-17.));
#11116 = SURFACE_CURVE('',#11117,(#11122,#11129),.PCURVE_S1.);
#11117 = ELLIPSE('',#11118,3.423813663154,3.);
#11118 = AXIS2_PLACEMENT_3D('',#11119,#11120,#11121);
#11119 = CARTESIAN_POINT('',(-7.,332.65,-17.));
#11120 = DIRECTION('',(-0.481918749772,0.876215908677,0.));
#11121 = DIRECTION('',(-0.876215908677,-0.481918749772,0.));
#11122 = PCURVE('',#10952,#11123);
#11123 = DEFINITIONAL_REPRESENTATION('',(#11124),#11128);
#11124 = ELLIPSE('',#11125,3.423813663154,3.);
#11125 = AXIS2_PLACEMENT_2D('',#11126,#11127);
#11126 = CARTESIAN_POINT('',(9.983E+03,9.980598389242E+03));
#11127 = DIRECTION('',(0.,-1.));
#11128 = ( GEOMETRIC_REPRESENTATION_CONTEXT(2) 
PARAMETRIC_REPRESENTATION_CONTEXT() REPRESENTATION_CONTEXT('2D SPACE',''
  ) );
#11129 = PCURVE('',#11130,#11135);
#11130 = CYLINDRICAL_SURFACE('',#11131,3.);
#11131 = AXIS2_PLACEMENT_3D('',#11132,#11133,#11134);
#11132 = CARTESIAN_POINT('',(-7.,-100.,-17.));
#11133 = DIRECTION('',(0.,-1.,0.));
#11134 = DIRECTION('',(-1.,0.,0.));
#11135 = DEFINITIONAL_REPRESENTATION('',(#11136),#11146);
#11136 = B_SPLINE_CURVE_WITH_KNOTS('',8,(#11137,#11138,#11139,#11140,
    #11141,#11142,#11143,#11144,#11145),.UNSPECIFIED.,.F.,.F.,(9,9),(
    4.712388980385,6.28318530718),.PIECEWISE_BEZIER_KNOTS.);
#11137 = CARTESIAN_POINT('',(1.570796326795,-432.65));
#11138 = CARTESIAN_POINT('',(1.374446785946,-432.3260232575));
#11139 = CARTESIAN_POINT('',(1.178097245096,-432.0020464384));
#11140 = CARTESIAN_POINT('',(0.981747704246,-431.6971031171));
#11141 = CARTESIAN_POINT('',(0.785398163396,-431.4302230603));
#11142 = CARTESIAN_POINT('',(0.589048622547,-431.2181002215));
#11143 = CARTESIAN_POINT('',(0.392699081698,-431.0727002806));
#11144 = CARTESIAN_POINT('',(0.196349540849,-431.));
#11145 = CARTESIAN_POINT('',(0.,-431.));
#11146 = ( GEOMETRIC_REPRESENTATION_CONTEXT(2) 
PARAMETRIC_REPRESENTATION_CONTEXT() REPRESENTATION_CONTEXT('2D SPACE',''
  ) );
#11147 = ORIENTED_EDGE('',*,*,#11148,.F.);
#11148 = EDGE_CURVE('',#11149,#11114,#11151,.T.);
#11149 = VERTEX_POINT('',#11150);
#11150 = CARTESIAN_POINT('',(-10.,331.,17.));
#11151 = SURFACE_CURVE('',#11152,(#11156,#11162),.PCURVE_S1.);
#11152 = LINE('',#11153,#11154);
#11153 = CARTESIAN_POINT('',(-9.999999999999,331.,-4.9915E+03));
#11154 = VECTOR('',#11155,1.);
#11155 = DIRECTION('',(0.,0.,-1.));
#11156 = PCURVE('',#10952,#11157);
#11157 = DEFINITIONAL_REPRESENTATION('',(#11158),#11161);
#11158 = B_SPLINE_CURVE_WITH_KNOTS('',1,(#11159,#11160),.UNSPECIFIED.,
  .F.,.F.,(2,2),(-5.0085E+03,-4.9745E+03),.PIECEWISE_BEZIER_KNOTS.);
#11159 = CARTESIAN_POINT('',(1.0017E+04,9.977174575579E+03));
#11160 = CARTESIAN_POINT('',(9.983E+03,9.977174575579E+03));
#11161 = ( GEOMETRIC_REPRESENTATION_CONTEXT(2) 
PARAMETRIC_REPRESENTATION_CONTEXT() REPRESENTATION_CONTEXT('2D SPACE',''
  ) );
#11162 = PCURVE('',#11163,#11168);
#11163 = PLANE('',#11164);
#11164 = AXIS2_PLACEMENT_3D('',#11165,#11166,#11167);
#11165 = CARTESIAN_POINT('',(-10.,-100.,17.));
#11166 = DIRECTION('',(-1.,0.,0.));
#11167 = DIRECTION('',(0.,0.,-1.));
#11168 = DEFINITIONAL_REPRESENTATION('',(#11169),#11172);
#11169 = B_SPLINE_CURVE_WITH_KNOTS('',1,(#11170,#11171),.UNSPECIFIED.,
  .F.,.F.,(2,2),(-5.0085E+03,-4.9745E+03),.PIECEWISE_BEZIER_KNOTS.);
#11170 = CARTESIAN_POINT('',(0.,-431.));
#11171 = CARTESIAN_POINT('',(34.,-431.));
#11172 = ( GEOMETRIC_REPRESENTATION_CONTEXT(2) 
PARAMETRIC_REPRESENTATION_CONTEXT() REPRESENTATION_CONTEXT('2D SPACE',''
  ) );
#11173 = ORIENTED_EDGE('',*,*,#11174,.T.);
#11174 = EDGE_CURVE('',#11149,#11175,#11177,.T.);
#11175 = VERTEX_POINT('',#11176);
#11176 = CARTESIAN_POINT('',(-7.,332.65,20.));
#11177 = SURFACE_CURVE('',#11178,(#11183,#11190),.PCURVE_S1.);
#11178 = ELLIPSE('',#11179,3.423813663154,3.);
#11179 = AXIS2_PLACEMENT_3D('',#11180,#11181,#11182);
#11180 = CARTESIAN_POINT('',(-7.,332.65,17.));
#11181 = DIRECTION('',(-0.481918749772,0.876215908677,0.));
#11182 = DIRECTION('',(-0.876215908677,-0.481918749772,0.));
#11183 = PCURVE('',#10952,#11184);
#11184 = DEFINITIONAL_REPRESENTATION('',(#11185),#11189);
#11185 = ELLIPSE('',#11186,3.423813663154,3.);
#11186 = AXIS2_PLACEMENT_2D('',#11187,#11188);
#11187 = CARTESIAN_POINT('',(1.0017E+04,9.980598389242E+03));
#11188 = DIRECTION('',(0.,-1.));
#11189 = ( GEOMETRIC_REPRESENTATION_CONTEXT(2) 
PARAMETRIC_REPRESENTATION_CONTEXT() REPRESENTATION_CONTEXT('2D SPACE',''
  ) );
#11190 = PCURVE('',#11191,#11196);
#11191 = CYLINDRICAL_SURFACE('',#11192,3.);
#11192 = AXIS2_PLACEMENT_3D('',#11193,#11194,#11195);
#11193 = CARTESIAN_POINT('',(-7.,-100.,17.));
#11194 = DIRECTION('',(0.,-1.,0.));
#11195 = DIRECTION('',(-5.921189464668E-16,0.,1.));
#11196 = DEFINITIONAL_REPRESENTATION('',(#11197),#11207);
#11197 = B_SPLINE_CURVE_WITH_KNOTS('',8,(#11198,#11199,#11200,#11201,
    #11202,#11203,#11204,#11205,#11206),.UNSPECIFIED.,.F.,.F.,(9,9),(0.,
    1.570796326795),.PIECEWISE_BEZIER_KNOTS.);
#11198 = CARTESIAN_POINT('',(1.570796326795,-431.));
#11199 = CARTESIAN_POINT('',(1.374446785946,-431.));
#11200 = CARTESIAN_POINT('',(1.178097245095,-431.07270028));
#11201 = CARTESIAN_POINT('',(0.981747704249,-431.2181002227));
#11202 = CARTESIAN_POINT('',(0.785398163393,-431.4302230603));
#11203 = CARTESIAN_POINT('',(0.58904862255,-431.6971031173));
#11204 = CARTESIAN_POINT('',(0.392699081697,-432.0020464382));
#11205 = CARTESIAN_POINT('',(0.196349540849,-432.3260232575));
#11206 = CARTESIAN_POINT('',(0.,-432.65));
#11207 = ( GEOMETRIC_REPRESENTATION_CONTEXT(2) 
PARAMETRIC_REPRESENTATION_CONTEXT() REPRESENTATION_CONTEXT('2D SPACE',''
  ) );
#11208 = ORIENTED_EDGE('',*,*,#11209,.F.);
#11209 = EDGE_CURVE('',#10998,#11175,#11210,.T.);
#11210 = SURFACE_CURVE('',#11211,(#11215,#11221),.PCURVE_S1.);
#11211 = LINE('',#11212,#11213);
#11212 = CARTESIAN_POINT('',(-4.465551712289E+03,-2.119553441759E+03,
    20.000000000001));
#11213 = VECTOR('',#11214,1.);
#11214 = DIRECTION('',(-0.876215908677,-0.481918749772,0.));
#11215 = PCURVE('',#10952,#11216);
#11216 = DEFINITIONAL_REPRESENTATION('',(#11217),#11220);
#11217 = B_SPLINE_CURVE_WITH_KNOTS('',1,(#11218,#11219),.UNSPECIFIED.,
  .F.,.F.,(2,2),(-5.1043945539E+03,-5.088416756805E+03),
  .PIECEWISE_BEZIER_KNOTS.);
#11218 = CARTESIAN_POINT('',(1.002E+04,9.996576186337E+03));
#11219 = CARTESIAN_POINT('',(1.002E+04,9.980598389242E+03));
#11220 = ( GEOMETRIC_REPRESENTATION_CONTEXT(2) 
PARAMETRIC_REPRESENTATION_CONTEXT() REPRESENTATION_CONTEXT('2D SPACE',''
  ) );
#11221 = PCURVE('',#11041,#11222);
#11222 = DEFINITIONAL_REPRESENTATION('',(#11223),#11226);
#11223 = B_SPLINE_CURVE_WITH_KNOTS('',1,(#11224,#11225),.UNSPECIFIED.,
  .F.,.F.,(2,2),(-5.1043945539E+03,-5.088416756805E+03),
  .PIECEWISE_BEZIER_KNOTS.);
#11224 = CARTESIAN_POINT('',(-9.094947017729E-13,-440.35));
#11225 = CARTESIAN_POINT('',(13.999999999999,-432.65));
#11226 = ( GEOMETRIC_REPRESENTATION_CONTEXT(2) 
PARAMETRIC_REPRESENTATION_CONTEXT() REPRESENTATION_CONTEXT('2D SPACE',''
  ) );
#11227 = ORIENTED_EDGE('',*,*,#10997,.T.);
#11228 = FACE_BOUND('',#11229,.T.);
#11229 = EDGE_LOOP('',(#11230,#11266,#11292,#11326,#11352,#11386,#11412,
    #11446));
#11230 = ORIENTED_EDGE('',*,*,#11231,.F.);
#11231 = EDGE_CURVE('',#11232,#11234,#11236,.T.);
#11232 = VERTEX_POINT('',#11233);
#11233 = CARTESIAN_POINT('',(7.,340.35,18.5));
#11234 = VERTEX_POINT('',#11235);
#11235 = CARTESIAN_POINT('',(8.5,341.175,17.));
#11236 = SURFACE_CURVE('',#11237,(#11242,#11249),.PCURVE_S1.);
#11237 = ELLIPSE('',#11238,1.711906831577,1.5);
#11238 = AXIS2_PLACEMENT_3D('',#11239,#11240,#11241);
#11239 = CARTESIAN_POINT('',(7.,340.35,17.));
#11240 = DIRECTION('',(-0.481918749772,0.876215908677,0.));
#11241 = DIRECTION('',(-0.876215908677,-0.481918749772,0.));
#11242 = PCURVE('',#10952,#11243);
#11243 = DEFINITIONAL_REPRESENTATION('',(#11244),#11248);
#11244 = ELLIPSE('',#11245,1.711906831577,1.5);
#11245 = AXIS2_PLACEMENT_2D('',#11246,#11247);
#11246 = CARTESIAN_POINT('',(1.0017E+04,9.996576186337E+03));
#11247 = DIRECTION('',(0.,-1.));
#11248 = ( GEOMETRIC_REPRESENTATION_CONTEXT(2) 
PARAMETRIC_REPRESENTATION_CONTEXT() REPRESENTATION_CONTEXT('2D SPACE',''
  ) );
#11249 = PCURVE('',#11250,#11255);
#11250 = CYLINDRICAL_SURFACE('',#11251,1.5);
#11251 = AXIS2_PLACEMENT_3D('',#11252,#11253,#11254);
#11252 = CARTESIAN_POINT('',(7.,-100.,17.));
#11253 = DIRECTION('',(0.,-1.,0.));
#11254 = DIRECTION('',(1.,0.,0.));
#11255 = DEFINITIONAL_REPRESENTATION('',(#11256),#11265);
#11256 = B_SPLINE_CURVE_WITH_KNOTS('',7,(#11257,#11258,#11259,#11260,
    #11261,#11262,#11263,#11264),.UNSPECIFIED.,.F.,.F.,(8,8),(
    1.570796326795,3.14159265359),.PIECEWISE_BEZIER_KNOTS.);
#11257 = CARTESIAN_POINT('',(1.570796326795,-440.35));
#11258 = CARTESIAN_POINT('',(1.346396851538,-440.535129567));
#11259 = CARTESIAN_POINT('',(1.121997376282,-440.7202583824));
#11260 = CARTESIAN_POINT('',(0.897597901026,-440.8901661312));
#11261 = CARTESIAN_POINT('',(0.673198425769,-441.0296040664));
#11262 = CARTESIAN_POINT('',(0.448798950513,-441.126532345));
#11263 = CARTESIAN_POINT('',(0.224399475256,-441.175));
#11264 = CARTESIAN_POINT('',(0.,-441.175));
#11265 = ( GEOMETRIC_REPRESENTATION_CONTEXT(2) 
PARAMETRIC_REPRESENTATION_CONTEXT() REPRESENTATION_CONTEXT('2D SPACE',''
  ) );
#11266 = ORIENTED_EDGE('',*,*,#11267,.T.);
#11267 = EDGE_CURVE('',#11232,#11268,#11270,.T.);
#11268 = VERTEX_POINT('',#11269);
#11269 = CARTESIAN_POINT('',(-7.,332.65,18.5));
#11270 = SURFACE_CURVE('',#11271,(#11275,#11281),.PCURVE_S1.);
#11271 = LINE('',#11272,#11273);
#11272 = CARTESIAN_POINT('',(-4.465551712289E+03,-2.119553441759E+03,
    18.500000000001));
#11273 = VECTOR('',#11274,1.);
#11274 = DIRECTION('',(-0.876215908677,-0.481918749772,0.));
#11275 = PCURVE('',#10952,#11276);
#11276 = DEFINITIONAL_REPRESENTATION('',(#11277),#11280);
#11277 = B_SPLINE_CURVE_WITH_KNOTS('',1,(#11278,#11279),.UNSPECIFIED.,
  .F.,.F.,(2,2),(-5.1043945539E+03,-5.088416756805E+03),
  .PIECEWISE_BEZIER_KNOTS.);
#11278 = CARTESIAN_POINT('',(1.00185E+04,9.996576186337E+03));
#11279 = CARTESIAN_POINT('',(1.00185E+04,9.980598389242E+03));
#11280 = ( GEOMETRIC_REPRESENTATION_CONTEXT(2) 
PARAMETRIC_REPRESENTATION_CONTEXT() REPRESENTATION_CONTEXT('2D SPACE',''
  ) );
#11281 = PCURVE('',#11282,#11287);
#11282 = PLANE('',#11283);
#11283 = AXIS2_PLACEMENT_3D('',#11284,#11285,#11286);
#11284 = CARTESIAN_POINT('',(7.,-100.,18.5));
#11285 = DIRECTION('',(0.,-0.,1.));
#11286 = DIRECTION('',(-1.,0.,0.));
#11287 = DEFINITIONAL_REPRESENTATION('',(#11288),#11291);
#11288 = B_SPLINE_CURVE_WITH_KNOTS('',1,(#11289,#11290),.UNSPECIFIED.,
  .F.,.F.,(2,2),(-5.1043945539E+03,-5.088416756805E+03),
  .PIECEWISE_BEZIER_KNOTS.);
#11289 = CARTESIAN_POINT('',(-9.094947017729E-13,-440.35));
#11290 = CARTESIAN_POINT('',(13.999999999999,-432.65));
#11291 = ( GEOMETRIC_REPRESENTATION_CONTEXT(2) 
PARAMETRIC_REPRESENTATION_CONTEXT() REPRESENTATION_CONTEXT('2D SPACE',''
  ) );
#11292 = ORIENTED_EDGE('',*,*,#11293,.F.);
#11293 = EDGE_CURVE('',#11294,#11268,#11296,.T.);
#11294 = VERTEX_POINT('',#11295);
#11295 = CARTESIAN_POINT('',(-8.5,331.825,17.));
#11296 = SURFACE_CURVE('',#11297,(#11302,#11309),.PCURVE_S1.);
#11297 = ELLIPSE('',#11298,1.711906831577,1.5);
#11298 = AXIS2_PLACEMENT_3D('',#11299,#11300,#11301);
#11299 = CARTESIAN_POINT('',(-7.,332.65,17.));
#11300 = DIRECTION('',(-0.481918749772,0.876215908677,0.));
#11301 = DIRECTION('',(-0.876215908677,-0.481918749772,0.));
#11302 = PCURVE('',#10952,#11303);
#11303 = DEFINITIONAL_REPRESENTATION('',(#11304),#11308);
#11304 = ELLIPSE('',#11305,1.711906831577,1.5);
#11305 = AXIS2_PLACEMENT_2D('',#11306,#11307);
#11306 = CARTESIAN_POINT('',(1.0017E+04,9.980598389242E+03));
#11307 = DIRECTION('',(0.,-1.));
#11308 = ( GEOMETRIC_REPRESENTATION_CONTEXT(2) 
PARAMETRIC_REPRESENTATION_CONTEXT() REPRESENTATION_CONTEXT('2D SPACE',''
  ) );
#11309 = PCURVE('',#11310,#11315);
#11310 = CYLINDRICAL_SURFACE('',#11311,1.5);
#11311 = AXIS2_PLACEMENT_3D('',#11312,#11313,#11314);
#11312 = CARTESIAN_POINT('',(-7.,-100.,17.));
#11313 = DIRECTION('',(0.,-1.,0.));
#11314 = DIRECTION('',(1.184237892934E-15,0.,1.));
#11315 = DEFINITIONAL_REPRESENTATION('',(#11316),#11325);
#11316 = B_SPLINE_CURVE_WITH_KNOTS('',7,(#11317,#11318,#11319,#11320,
    #11321,#11322,#11323,#11324),.UNSPECIFIED.,.F.,.F.,(8,8),(
    -2.6645352591E-15,1.570796326795),.PIECEWISE_BEZIER_KNOTS.);
#11317 = CARTESIAN_POINT('',(1.570796326795,-431.825));
#11318 = CARTESIAN_POINT('',(1.346396851538,-431.825));
#11319 = CARTESIAN_POINT('',(1.121997376282,-431.8734676548));
#11320 = CARTESIAN_POINT('',(0.897597901026,-431.9703959337));
#11321 = CARTESIAN_POINT('',(0.673198425769,-432.1098338687));
#11322 = CARTESIAN_POINT('',(0.448798950513,-432.2797416176));
#11323 = CARTESIAN_POINT('',(0.224399475256,-432.4648704329));
#11324 = CARTESIAN_POINT('',(5.921189464668E-16,-432.65));
#11325 = ( GEOMETRIC_REPRESENTATION_CONTEXT(2) 
PARAMETRIC_REPRESENTATION_CONTEXT() REPRESENTATION_CONTEXT('2D SPACE',''
  ) );
#11326 = ORIENTED_EDGE('',*,*,#11327,.T.);
#11327 = EDGE_CURVE('',#11294,#11328,#11330,.T.);
#11328 = VERTEX_POINT('',#11329);
#11329 = CARTESIAN_POINT('',(-8.5,331.825,-17.));
#11330 = SURFACE_CURVE('',#11331,(#11335,#11341),.PCURVE_S1.);
#11331 = LINE('',#11332,#11333);
#11332 = CARTESIAN_POINT('',(-8.499999999998,331.825,-4.9915E+03));
#11333 = VECTOR('',#11334,1.);
#11334 = DIRECTION('',(0.,0.,-1.));
#11335 = PCURVE('',#10952,#11336);
#11336 = DEFINITIONAL_REPRESENTATION('',(#11337),#11340);
#11337 = B_SPLINE_CURVE_WITH_KNOTS('',1,(#11338,#11339),.UNSPECIFIED.,
  .F.,.F.,(2,2),(-5.0085E+03,-4.9745E+03),.PIECEWISE_BEZIER_KNOTS.);
#11338 = CARTESIAN_POINT('',(1.0017E+04,9.978886482411E+03));
#11339 = CARTESIAN_POINT('',(9.983E+03,9.978886482411E+03));
#11340 = ( GEOMETRIC_REPRESENTATION_CONTEXT(2) 
PARAMETRIC_REPRESENTATION_CONTEXT() REPRESENTATION_CONTEXT('2D SPACE',''
  ) );
#11341 = PCURVE('',#11342,#11347);
#11342 = PLANE('',#11343);
#11343 = AXIS2_PLACEMENT_3D('',#11344,#11345,#11346);
#11344 = CARTESIAN_POINT('',(-8.5,-100.,17.));
#11345 = DIRECTION('',(-1.,0.,0.));
#11346 = DIRECTION('',(0.,0.,-1.));
#11347 = DEFINITIONAL_REPRESENTATION('',(#11348),#11351);
#11348 = B_SPLINE_CURVE_WITH_KNOTS('',1,(#11349,#11350),.UNSPECIFIED.,
  .F.,.F.,(2,2),(-5.0085E+03,-4.9745E+03),.PIECEWISE_BEZIER_KNOTS.);
#11349 = CARTESIAN_POINT('',(0.,-431.825));
#11350 = CARTESIAN_POINT('',(34.,-431.825));
#11351 = ( GEOMETRIC_REPRESENTATION_CONTEXT(2) 
PARAMETRIC_REPRESENTATION_CONTEXT() REPRESENTATION_CONTEXT('2D SPACE',''
  ) );
#11352 = ORIENTED_EDGE('',*,*,#11353,.F.);
#11353 = EDGE_CURVE('',#11354,#11328,#11356,.T.);
#11354 = VERTEX_POINT('',#11355);
#11355 = CARTESIAN_POINT('',(-7.,332.65,-18.5));
#11356 = SURFACE_CURVE('',#11357,(#11362,#11369),.PCURVE_S1.);
#11357 = ELLIPSE('',#11358,1.711906831577,1.5);
#11358 = AXIS2_PLACEMENT_3D('',#11359,#11360,#11361);
#11359 = CARTESIAN_POINT('',(-7.,332.65,-17.));
#11360 = DIRECTION('',(-0.481918749772,0.876215908677,0.));
#11361 = DIRECTION('',(-0.876215908677,-0.481918749772,0.));
#11362 = PCURVE('',#10952,#11363);
#11363 = DEFINITIONAL_REPRESENTATION('',(#11364),#11368);
#11364 = ELLIPSE('',#11365,1.711906831577,1.5);
#11365 = AXIS2_PLACEMENT_2D('',#11366,#11367);
#11366 = CARTESIAN_POINT('',(9.983E+03,9.980598389242E+03));
#11367 = DIRECTION('',(0.,-1.));
#11368 = ( GEOMETRIC_REPRESENTATION_CONTEXT(2) 
PARAMETRIC_REPRESENTATION_CONTEXT() REPRESENTATION_CONTEXT('2D SPACE',''
  ) );
#11369 = PCURVE('',#11370,#11375);
#11370 = CYLINDRICAL_SURFACE('',#11371,1.5);
#11371 = AXIS2_PLACEMENT_3D('',#11372,#11373,#11374);
#11372 = CARTESIAN_POINT('',(-7.,-100.,-17.));
#11373 = DIRECTION('',(0.,-1.,0.));
#11374 = DIRECTION('',(-1.,0.,0.));
#11375 = DEFINITIONAL_REPRESENTATION('',(#11376),#11385);
#11376 = B_SPLINE_CURVE_WITH_KNOTS('',7,(#11377,#11378,#11379,#11380,
    #11381,#11382,#11383,#11384),.UNSPECIFIED.,.F.,.F.,(8,8),(
    4.712388980385,6.28318530718),.PIECEWISE_BEZIER_KNOTS.);
#11377 = CARTESIAN_POINT('',(1.570796326795,-432.65));
#11378 = CARTESIAN_POINT('',(1.346396851538,-432.4648704329));
#11379 = CARTESIAN_POINT('',(1.121997376282,-432.2797416174));
#11380 = CARTESIAN_POINT('',(0.897597901026,-432.1098338686));
#11381 = CARTESIAN_POINT('',(0.673198425769,-431.9703959335));
#11382 = CARTESIAN_POINT('',(0.448798950513,-431.8734676548));
#11383 = CARTESIAN_POINT('',(0.224399475256,-431.825));
#11384 = CARTESIAN_POINT('',(0.,-431.825));
#11385 = ( GEOMETRIC_REPRESENTATION_CONTEXT(2) 
PARAMETRIC_REPRESENTATION_CONTEXT() REPRESENTATION_CONTEXT('2D SPACE',''
  ) );
#11386 = ORIENTED_EDGE('',*,*,#11387,.T.);
#11387 = EDGE_CURVE('',#11354,#11388,#11390,.T.);
#11388 = VERTEX_POINT('',#11389);
#11389 = CARTESIAN_POINT('',(7.,340.35,-18.5));
#11390 = SURFACE_CURVE('',#11391,(#11395,#11401),.PCURVE_S1.);
#11391 = LINE('',#11392,#11393);
#11392 = CARTESIAN_POINT('',(-4.47092599252E+03,-2.122509295886E+03,
    -18.49999999999));
#11393 = VECTOR('',#11394,1.);
#11394 = DIRECTION('',(0.876215908677,0.481918749772,0.));
#11395 = PCURVE('',#10952,#11396);
#11396 = DEFINITIONAL_REPRESENTATION('',(#11397),#11400);
#11397 = B_SPLINE_CURVE_WITH_KNOTS('',1,(#11398,#11399),.UNSPECIFIED.,
  .F.,.F.,(2,2),(5.094550268166E+03,5.11052806526E+03),
  .PIECEWISE_BEZIER_KNOTS.);
#11398 = CARTESIAN_POINT('',(9.9815E+03,9.980598389242E+03));
#11399 = CARTESIAN_POINT('',(9.9815E+03,9.996576186337E+03));
#11400 = ( GEOMETRIC_REPRESENTATION_CONTEXT(2) 
PARAMETRIC_REPRESENTATION_CONTEXT() REPRESENTATION_CONTEXT('2D SPACE',''
  ) );
#11401 = PCURVE('',#11402,#11407);
#11402 = PLANE('',#11403);
#11403 = AXIS2_PLACEMENT_3D('',#11404,#11405,#11406);
#11404 = CARTESIAN_POINT('',(-7.,-100.,-18.5));
#11405 = DIRECTION('',(0.,0.,-1.));
#11406 = DIRECTION('',(1.,0.,0.));
#11407 = DEFINITIONAL_REPRESENTATION('',(#11408),#11411);
#11408 = B_SPLINE_CURVE_WITH_KNOTS('',1,(#11409,#11410),.UNSPECIFIED.,
  .F.,.F.,(2,2),(5.094550268166E+03,5.11052806526E+03),
  .PIECEWISE_BEZIER_KNOTS.);
#11409 = CARTESIAN_POINT('',(9.094947017729E-13,-432.65));
#11410 = CARTESIAN_POINT('',(14.000000000002,-440.35));
#11411 = ( GEOMETRIC_REPRESENTATION_CONTEXT(2) 
PARAMETRIC_REPRESENTATION_CONTEXT() REPRESENTATION_CONTEXT('2D SPACE',''
  ) );
#11412 = ORIENTED_EDGE('',*,*,#11413,.F.);
#11413 = EDGE_CURVE('',#11414,#11388,#11416,.T.);
#11414 = VERTEX_POINT('',#11415);
#11415 = CARTESIAN_POINT('',(8.5,341.175,-17.));
#11416 = SURFACE_CURVE('',#11417,(#11422,#11429),.PCURVE_S1.);
#11417 = ELLIPSE('',#11418,1.711906831577,1.5);
#11418 = AXIS2_PLACEMENT_3D('',#11419,#11420,#11421);
#11419 = CARTESIAN_POINT('',(7.,340.35,-17.));
#11420 = DIRECTION('',(-0.481918749772,0.876215908677,0.));
#11421 = DIRECTION('',(-0.876215908677,-0.481918749772,0.));
#11422 = PCURVE('',#10952,#11423);
#11423 = DEFINITIONAL_REPRESENTATION('',(#11424),#11428);
#11424 = ELLIPSE('',#11425,1.711906831577,1.5);
#11425 = AXIS2_PLACEMENT_2D('',#11426,#11427);
#11426 = CARTESIAN_POINT('',(9.983E+03,9.996576186337E+03));
#11427 = DIRECTION('',(0.,-1.));
#11428 = ( GEOMETRIC_REPRESENTATION_CONTEXT(2) 
PARAMETRIC_REPRESENTATION_CONTEXT() REPRESENTATION_CONTEXT('2D SPACE',''
  ) );
#11429 = PCURVE('',#11430,#11435);
#11430 = CYLINDRICAL_SURFACE('',#11431,1.5);
#11431 = AXIS2_PLACEMENT_3D('',#11432,#11433,#11434);
#11432 = CARTESIAN_POINT('',(7.,-100.,-17.));
#11433 = DIRECTION('',(0.,-1.,0.));
#11434 = DIRECTION('',(-1.184237892934E-15,-0.,-1.));
#11435 = DEFINITIONAL_REPRESENTATION('',(#11436),#11445);
#11436 = B_SPLINE_CURVE_WITH_KNOTS('',7,(#11437,#11438,#11439,#11440,
    #11441,#11442,#11443,#11444),.UNSPECIFIED.,.F.,.F.,(8,8),(
    3.14159265359,4.712388980385),.PIECEWISE_BEZIER_KNOTS.);
#11437 = CARTESIAN_POINT('',(1.570796326795,-441.175));
#11438 = CARTESIAN_POINT('',(1.346396851538,-441.175));
#11439 = CARTESIAN_POINT('',(1.121997376282,-441.126532345));
#11440 = CARTESIAN_POINT('',(0.897597901026,-441.0296040665));
#11441 = CARTESIAN_POINT('',(0.67319842577,-440.890166131));
#11442 = CARTESIAN_POINT('',(0.448798950513,-440.7202583825));
#11443 = CARTESIAN_POINT('',(0.224399475256,-440.535129567));
#11444 = CARTESIAN_POINT('',(5.921189464668E-16,-440.35));
#11445 = ( GEOMETRIC_REPRESENTATION_CONTEXT(2) 
PARAMETRIC_REPRESENTATION_CONTEXT() REPRESENTATION_CONTEXT('2D SPACE',''
  ) );
#11446 = ORIENTED_EDGE('',*,*,#11447,.T.);
#11447 = EDGE_CURVE('',#11414,#11234,#11448,.T.);
#11448 = SURFACE_CURVE('',#11449,(#11453,#11459),.PCURVE_S1.);
#11449 = LINE('',#11450,#11451);
#11450 = CARTESIAN_POINT('',(8.500000000002,341.175,-5.0085E+03));
#11451 = VECTOR('',#11452,1.);
#11452 = DIRECTION('',(0.,-0.,1.));
#11453 = PCURVE('',#10952,#11454);
#11454 = DEFINITIONAL_REPRESENTATION('',(#11455),#11458);
#11455 = B_SPLINE_CURVE_WITH_KNOTS('',1,(#11456,#11457),.UNSPECIFIED.,
  .F.,.F.,(2,2),(4.9915E+03,5.0255E+03),.PIECEWISE_BEZIER_KNOTS.);
#11456 = CARTESIAN_POINT('',(9.983E+03,9.998288093168E+03));
#11457 = CARTESIAN_POINT('',(1.0017E+04,9.998288093168E+03));
#11458 = ( GEOMETRIC_REPRESENTATION_CONTEXT(2) 
PARAMETRIC_REPRESENTATION_CONTEXT() REPRESENTATION_CONTEXT('2D SPACE',''
  ) );
#11459 = PCURVE('',#11460,#11465);
#11460 = PLANE('',#11461);
#11461 = AXIS2_PLACEMENT_3D('',#11462,#11463,#11464);
#11462 = CARTESIAN_POINT('',(8.5,-100.,-17.));
#11463 = DIRECTION('',(1.,0.,0.));
#11464 = DIRECTION('',(0.,0.,1.));
#11465 = DEFINITIONAL_REPRESENTATION('',(#11466),#11469);
#11466 = B_SPLINE_CURVE_WITH_KNOTS('',1,(#11467,#11468),.UNSPECIFIED.,
  .F.,.F.,(2,2),(4.9915E+03,5.0255E+03),.PIECEWISE_BEZIER_KNOTS.);
#11467 = CARTESIAN_POINT('',(0.,-441.175));
#11468 = CARTESIAN_POINT('',(34.,-441.175));
#11469 = ( GEOMETRIC_REPRESENTATION_CONTEXT(2) 
PARAMETRIC_REPRESENTATION_CONTEXT() REPRESENTATION_CONTEXT('2D SPACE',''
  ) );
#11470 = ADVANCED_FACE('',(#11471),#10927,.T.);
#11471 = FACE_BOUND('',#11472,.T.);
#11472 = EDGE_LOOP('',(#11473,#11503,#11524,#11525));
#11473 = ORIENTED_EDGE('',*,*,#11474,.F.);
#11474 = EDGE_CURVE('',#11475,#10886,#11477,.T.);
#11475 = VERTEX_POINT('',#11476);
#11476 = CARTESIAN_POINT('',(7.,1.65,-20.));
#11477 = SURFACE_CURVE('',#11478,(#11483,#11496),.PCURVE_S1.);
#11478 = ELLIPSE('',#11479,3.423813663154,3.);
#11479 = AXIS2_PLACEMENT_3D('',#11480,#11481,#11482);
#11480 = CARTESIAN_POINT('',(7.,1.65,-17.));
#11481 = DIRECTION('',(-0.481918749772,-0.876215908677,0.));
#11482 = DIRECTION('',(0.876215908677,-0.481918749772,0.));
#11483 = PCURVE('',#10927,#11484);
#11484 = DEFINITIONAL_REPRESENTATION('',(#11485),#11495);
#11485 = B_SPLINE_CURVE_WITH_KNOTS('',8,(#11486,#11487,#11488,#11489,
    #11490,#11491,#11492,#11493,#11494),.UNSPECIFIED.,.F.,.F.,(9,9),(
    4.712388980385,6.28318530718),.PIECEWISE_BEZIER_KNOTS.);
#11486 = CARTESIAN_POINT('',(-8.881784197001E-16,-101.65));
#11487 = CARTESIAN_POINT('',(0.196349540849,-101.3260232575));
#11488 = CARTESIAN_POINT('',(0.392699081699,-101.0020464382));
#11489 = CARTESIAN_POINT('',(0.589048622546,-100.6971031188));
#11490 = CARTESIAN_POINT('',(0.785398163401,-100.4302230614));
#11491 = CARTESIAN_POINT('',(0.981747704244,-100.2181002233));
#11492 = CARTESIAN_POINT('',(1.178097245097,-100.0727002803));
#11493 = CARTESIAN_POINT('',(1.374446785946,-100.));
#11494 = CARTESIAN_POINT('',(1.570796326795,-100.));
#11495 = ( GEOMETRIC_REPRESENTATION_CONTEXT(2) 
PARAMETRIC_REPRESENTATION_CONTEXT() REPRESENTATION_CONTEXT('2D SPACE',''
  ) );
#11496 = PCURVE('',#10900,#11497);
#11497 = DEFINITIONAL_REPRESENTATION('',(#11498),#11502);
#11498 = ELLIPSE('',#11499,3.423813663154,3.);
#11499 = AXIS2_PLACEMENT_2D('',#11500,#11501);
#11500 = CARTESIAN_POINT('',(1.0017E+04,9.996576186337E+03));
#11501 = DIRECTION('',(0.,1.));
#11502 = ( GEOMETRIC_REPRESENTATION_CONTEXT(2) 
PARAMETRIC_REPRESENTATION_CONTEXT() REPRESENTATION_CONTEXT('2D SPACE',''
  ) );
#11503 = ORIENTED_EDGE('',*,*,#11504,.T.);
#11504 = EDGE_CURVE('',#11475,#11058,#11505,.T.);
#11505 = SURFACE_CURVE('',#11506,(#11510,#11517),.PCURVE_S1.);
#11506 = LINE('',#11507,#11508);
#11507 = CARTESIAN_POINT('',(7.,-100.,-20.));
#11508 = VECTOR('',#11509,1.);
#11509 = DIRECTION('',(0.,1.,0.));
#11510 = PCURVE('',#10927,#11511);
#11511 = DEFINITIONAL_REPRESENTATION('',(#11512),#11516);
#11512 = LINE('',#11513,#11514);
#11513 = CARTESIAN_POINT('',(0.,0.));
#11514 = VECTOR('',#11515,1.);
#11515 = DIRECTION('',(0.,-1.));
#11516 = ( GEOMETRIC_REPRESENTATION_CONTEXT(2) 
PARAMETRIC_REPRESENTATION_CONTEXT() REPRESENTATION_CONTEXT('2D SPACE',''
  ) );
#11517 = PCURVE('',#11102,#11518);
#11518 = DEFINITIONAL_REPRESENTATION('',(#11519),#11523);
#11519 = LINE('',#11520,#11521);
#11520 = CARTESIAN_POINT('',(14.,0.));
#11521 = VECTOR('',#11522,1.);
#11522 = DIRECTION('',(0.,-1.));
#11523 = ( GEOMETRIC_REPRESENTATION_CONTEXT(2) 
PARAMETRIC_REPRESENTATION_CONTEXT() REPRESENTATION_CONTEXT('2D SPACE',''
  ) );
#11524 = ORIENTED_EDGE('',*,*,#11057,.F.);
#11525 = ORIENTED_EDGE('',*,*,#10911,.F.);
#11526 = ADVANCED_FACE('',(#11527,#11653),#10900,.T.);
#11527 = FACE_BOUND('',#11528,.T.);
#11528 = EDGE_LOOP('',(#11529,#11530,#11531,#11552,#11582,#11603,#11633,
    #11652));
#11529 = ORIENTED_EDGE('',*,*,#10885,.F.);
#11530 = ORIENTED_EDGE('',*,*,#10966,.T.);
#11531 = ORIENTED_EDGE('',*,*,#11532,.F.);
#11532 = EDGE_CURVE('',#11533,#10967,#11535,.T.);
#11533 = VERTEX_POINT('',#11534);
#11534 = CARTESIAN_POINT('',(-7.,9.35,20.));
#11535 = SURFACE_CURVE('',#11536,(#11540,#11546),.PCURVE_S1.);
#11536 = LINE('',#11537,#11538);
#11537 = CARTESIAN_POINT('',(-4.351117931099E+03,2.398614862105E+03,
    19.999999999999));
#11538 = VECTOR('',#11539,1.);
#11539 = DIRECTION('',(0.876215908677,-0.481918749772,-0.));
#11540 = PCURVE('',#10900,#11541);
#11541 = DEFINITIONAL_REPRESENTATION('',(#11542),#11545);
#11542 = B_SPLINE_CURVE_WITH_KNOTS('',1,(#11543,#11544),.UNSPECIFIED.,
  .F.,.F.,(2,2),(4.957816775617E+03,4.973794572711E+03),
  .PIECEWISE_BEZIER_KNOTS.);
#11543 = CARTESIAN_POINT('',(9.98E+03,9.980598389242E+03));
#11544 = CARTESIAN_POINT('',(9.98E+03,9.996576186337E+03));
#11545 = ( GEOMETRIC_REPRESENTATION_CONTEXT(2) 
PARAMETRIC_REPRESENTATION_CONTEXT() REPRESENTATION_CONTEXT('2D SPACE',''
  ) );
#11546 = PCURVE('',#11041,#11547);
#11547 = DEFINITIONAL_REPRESENTATION('',(#11548),#11551);
#11548 = B_SPLINE_CURVE_WITH_KNOTS('',1,(#11549,#11550),.UNSPECIFIED.,
  .F.,.F.,(2,2),(4.957816775617E+03,4.973794572711E+03),
  .PIECEWISE_BEZIER_KNOTS.);
#11549 = CARTESIAN_POINT('',(13.999999999999,-109.3499999999));
#11550 = CARTESIAN_POINT('',(0.,-101.65));
#11551 = ( GEOMETRIC_REPRESENTATION_CONTEXT(2) 
PARAMETRIC_REPRESENTATION_CONTEXT() REPRESENTATION_CONTEXT('2D SPACE',''
  ) );
#11552 = ORIENTED_EDGE('',*,*,#11553,.T.);
#11553 = EDGE_CURVE('',#11533,#11554,#11556,.T.);
#11554 = VERTEX_POINT('',#11555);
#11555 = CARTESIAN_POINT('',(-10.,11.,17.));
#11556 = SURFACE_CURVE('',#11557,(#11562,#11569),.PCURVE_S1.);
#11557 = ELLIPSE('',#11558,3.423813663154,3.);
#11558 = AXIS2_PLACEMENT_3D('',#11559,#11560,#11561);
#11559 = CARTESIAN_POINT('',(-7.,9.35,17.));
#11560 = DIRECTION('',(-0.481918749772,-0.876215908677,0.));
#11561 = DIRECTION('',(0.876215908677,-0.481918749772,0.));
#11562 = PCURVE('',#10900,#11563);
#11563 = DEFINITIONAL_REPRESENTATION('',(#11564),#11568);
#11564 = ELLIPSE('',#11565,3.423813663154,3.);
#11565 = AXIS2_PLACEMENT_2D('',#11566,#11567);
#11566 = CARTESIAN_POINT('',(9.983E+03,9.980598389242E+03));
#11567 = DIRECTION('',(0.,1.));
#11568 = ( GEOMETRIC_REPRESENTATION_CONTEXT(2) 
PARAMETRIC_REPRESENTATION_CONTEXT() REPRESENTATION_CONTEXT('2D SPACE',''
  ) );
#11569 = PCURVE('',#11191,#11570);
#11570 = DEFINITIONAL_REPRESENTATION('',(#11571),#11581);
#11571 = B_SPLINE_CURVE_WITH_KNOTS('',8,(#11572,#11573,#11574,#11575,
    #11576,#11577,#11578,#11579,#11580),.UNSPECIFIED.,.F.,.F.,(9,9),(
    1.570796326795,3.14159265359),.PIECEWISE_BEZIER_KNOTS.);
#11572 = CARTESIAN_POINT('',(0.,-109.35));
#11573 = CARTESIAN_POINT('',(0.196349540849,-109.6739767424));
#11574 = CARTESIAN_POINT('',(0.392699081699,-109.9979535616));
#11575 = CARTESIAN_POINT('',(0.589048622545,-110.3028968808));
#11576 = CARTESIAN_POINT('',(0.785398163398,-110.5697769385));
#11577 = CARTESIAN_POINT('',(0.981747704243,-110.7818997764));
#11578 = CARTESIAN_POINT('',(1.178097245097,-110.9272997195));
#11579 = CARTESIAN_POINT('',(1.374446785946,-111.));
#11580 = CARTESIAN_POINT('',(1.570796326795,-111.));
#11581 = ( GEOMETRIC_REPRESENTATION_CONTEXT(2) 
PARAMETRIC_REPRESENTATION_CONTEXT() REPRESENTATION_CONTEXT('2D SPACE',''
  ) );
#11582 = ORIENTED_EDGE('',*,*,#11583,.F.);
#11583 = EDGE_CURVE('',#11584,#11554,#11586,.T.);
#11584 = VERTEX_POINT('',#11585);
#11585 = CARTESIAN_POINT('',(-10.,11.,-17.));
#11586 = SURFACE_CURVE('',#11587,(#11591,#11597),.PCURVE_S1.);
#11587 = LINE('',#11588,#11589);
#11588 = CARTESIAN_POINT('',(-9.999999999999,11.,5.0085E+03));
#11589 = VECTOR('',#11590,1.);
#11590 = DIRECTION('',(0.,0.,1.));
#11591 = PCURVE('',#10900,#11592);
#11592 = DEFINITIONAL_REPRESENTATION('',(#11593),#11596);
#11593 = B_SPLINE_CURVE_WITH_KNOTS('',1,(#11594,#11595),.UNSPECIFIED.,
  .F.,.F.,(2,2),(-5.0255E+03,-4.9915E+03),.PIECEWISE_BEZIER_KNOTS.);
#11594 = CARTESIAN_POINT('',(1.0017E+04,9.977174575579E+03));
#11595 = CARTESIAN_POINT('',(9.983E+03,9.977174575579E+03));
#11596 = ( GEOMETRIC_REPRESENTATION_CONTEXT(2) 
PARAMETRIC_REPRESENTATION_CONTEXT() REPRESENTATION_CONTEXT('2D SPACE',''
  ) );
#11597 = PCURVE('',#11163,#11598);
#11598 = DEFINITIONAL_REPRESENTATION('',(#11599),#11602);
#11599 = B_SPLINE_CURVE_WITH_KNOTS('',1,(#11600,#11601),.UNSPECIFIED.,
  .F.,.F.,(2,2),(-5.0255E+03,-4.9915E+03),.PIECEWISE_BEZIER_KNOTS.);
#11600 = CARTESIAN_POINT('',(34.,-111.));
#11601 = CARTESIAN_POINT('',(0.,-111.));
#11602 = ( GEOMETRIC_REPRESENTATION_CONTEXT(2) 
PARAMETRIC_REPRESENTATION_CONTEXT() REPRESENTATION_CONTEXT('2D SPACE',''
  ) );
#11603 = ORIENTED_EDGE('',*,*,#11604,.T.);
#11604 = EDGE_CURVE('',#11584,#11605,#11607,.T.);
#11605 = VERTEX_POINT('',#11606);
#11606 = CARTESIAN_POINT('',(-7.,9.35,-20.));
#11607 = SURFACE_CURVE('',#11608,(#11613,#11620),.PCURVE_S1.);
#11608 = ELLIPSE('',#11609,3.423813663154,3.);
#11609 = AXIS2_PLACEMENT_3D('',#11610,#11611,#11612);
#11610 = CARTESIAN_POINT('',(-7.,9.35,-17.));
#11611 = DIRECTION('',(-0.481918749772,-0.876215908677,0.));
#11612 = DIRECTION('',(0.876215908677,-0.481918749772,0.));
#11613 = PCURVE('',#10900,#11614);
#11614 = DEFINITIONAL_REPRESENTATION('',(#11615),#11619);
#11615 = ELLIPSE('',#11616,3.423813663154,3.);
#11616 = AXIS2_PLACEMENT_2D('',#11617,#11618);
#11617 = CARTESIAN_POINT('',(1.0017E+04,9.980598389242E+03));
#11618 = DIRECTION('',(0.,1.));
#11619 = ( GEOMETRIC_REPRESENTATION_CONTEXT(2) 
PARAMETRIC_REPRESENTATION_CONTEXT() REPRESENTATION_CONTEXT('2D SPACE',''
  ) );
#11620 = PCURVE('',#11130,#11621);
#11621 = DEFINITIONAL_REPRESENTATION('',(#11622),#11632);
#11622 = B_SPLINE_CURVE_WITH_KNOTS('',8,(#11623,#11624,#11625,#11626,
    #11627,#11628,#11629,#11630,#11631),.UNSPECIFIED.,.F.,.F.,(9,9),(
    3.14159265359,4.712388980385),.PIECEWISE_BEZIER_KNOTS.);
#11623 = CARTESIAN_POINT('',(0.,-111.));
#11624 = CARTESIAN_POINT('',(0.196349540849,-111.));
#11625 = CARTESIAN_POINT('',(0.392699081698,-110.9272997194));
#11626 = CARTESIAN_POINT('',(0.589048622548,-110.7818997763));
#11627 = CARTESIAN_POINT('',(0.785398163393,-110.5697769386));
#11628 = CARTESIAN_POINT('',(0.981747704248,-110.3028968809));
#11629 = CARTESIAN_POINT('',(1.178097245096,-109.9979535615));
#11630 = CARTESIAN_POINT('',(1.374446785946,-109.6739767424));
#11631 = CARTESIAN_POINT('',(1.570796326795,-109.35));
#11632 = ( GEOMETRIC_REPRESENTATION_CONTEXT(2) 
PARAMETRIC_REPRESENTATION_CONTEXT() REPRESENTATION_CONTEXT('2D SPACE',''
  ) );
#11633 = ORIENTED_EDGE('',*,*,#11634,.F.);
#11634 = EDGE_CURVE('',#11475,#11605,#11635,.T.);
#11635 = SURFACE_CURVE('',#11636,(#11640,#11646),.PCURVE_S1.);
#11636 = LINE('',#11637,#11638);
#11637 = CARTESIAN_POINT('',(-4.356492211329E+03,2.401570716231E+03,-20.
    ));
#11638 = VECTOR('',#11639,1.);
#11639 = DIRECTION('',(-0.876215908677,0.481918749772,0.));
#11640 = PCURVE('',#10900,#11641);
#11641 = DEFINITIONAL_REPRESENTATION('',(#11642),#11645);
#11642 = B_SPLINE_CURVE_WITH_KNOTS('',1,(#11643,#11644),.UNSPECIFIED.,
  .F.,.F.,(2,2),(-4.979928084072E+03,-4.963950286977E+03),
  .PIECEWISE_BEZIER_KNOTS.);
#11643 = CARTESIAN_POINT('',(1.002E+04,9.996576186337E+03));
#11644 = CARTESIAN_POINT('',(1.002E+04,9.980598389242E+03));
#11645 = ( GEOMETRIC_REPRESENTATION_CONTEXT(2) 
PARAMETRIC_REPRESENTATION_CONTEXT() REPRESENTATION_CONTEXT('2D SPACE',''
  ) );
#11646 = PCURVE('',#11102,#11647);
#11647 = DEFINITIONAL_REPRESENTATION('',(#11648),#11651);
#11648 = B_SPLINE_CURVE_WITH_KNOTS('',1,(#11649,#11650),.UNSPECIFIED.,
  .F.,.F.,(2,2),(-4.979928084072E+03,-4.963950286977E+03),
  .PIECEWISE_BEZIER_KNOTS.);
#11649 = CARTESIAN_POINT('',(14.000000000001,-101.65));
#11650 = CARTESIAN_POINT('',(9.094947017729E-13,-109.35));
#11651 = ( GEOMETRIC_REPRESENTATION_CONTEXT(2) 
PARAMETRIC_REPRESENTATION_CONTEXT() REPRESENTATION_CONTEXT('2D SPACE',''
  ) );
#11652 = ORIENTED_EDGE('',*,*,#11474,.T.);
#11653 = FACE_BOUND('',#11654,.T.);
#11654 = EDGE_LOOP('',(#11655,#11686,#11707,#11736,#11757,#11786,#11807,
    #11836));
#11655 = ORIENTED_EDGE('',*,*,#11656,.F.);
#11656 = EDGE_CURVE('',#11657,#11659,#11661,.T.);
#11657 = VERTEX_POINT('',#11658);
#11658 = CARTESIAN_POINT('',(8.5,0.825,17.));
#11659 = VERTEX_POINT('',#11660);
#11660 = CARTESIAN_POINT('',(7.,1.65,18.5));
#11661 = SURFACE_CURVE('',#11662,(#11667,#11674),.PCURVE_S1.);
#11662 = ELLIPSE('',#11663,1.711906831577,1.5);
#11663 = AXIS2_PLACEMENT_3D('',#11664,#11665,#11666);
#11664 = CARTESIAN_POINT('',(7.,1.65,17.));
#11665 = DIRECTION('',(-0.481918749772,-0.876215908677,0.));
#11666 = DIRECTION('',(0.876215908677,-0.481918749772,0.));
#11667 = PCURVE('',#10900,#11668);
#11668 = DEFINITIONAL_REPRESENTATION('',(#11669),#11673);
#11669 = ELLIPSE('',#11670,1.711906831577,1.5);
#11670 = AXIS2_PLACEMENT_2D('',#11671,#11672);
#11671 = CARTESIAN_POINT('',(9.983E+03,9.996576186337E+03));
#11672 = DIRECTION('',(0.,1.));
#11673 = ( GEOMETRIC_REPRESENTATION_CONTEXT(2) 
PARAMETRIC_REPRESENTATION_CONTEXT() REPRESENTATION_CONTEXT('2D SPACE',''
  ) );
#11674 = PCURVE('',#11250,#11675);
#11675 = DEFINITIONAL_REPRESENTATION('',(#11676),#11685);
#11676 = B_SPLINE_CURVE_WITH_KNOTS('',7,(#11677,#11678,#11679,#11680,
    #11681,#11682,#11683,#11684),.UNSPECIFIED.,.F.,.F.,(8,8),(0.,
    1.570796326795),.PIECEWISE_BEZIER_KNOTS.);
#11677 = CARTESIAN_POINT('',(0.,-100.825));
#11678 = CARTESIAN_POINT('',(0.224399475256,-100.825));
#11679 = CARTESIAN_POINT('',(0.448798950513,-100.8734676548));
#11680 = CARTESIAN_POINT('',(0.673198425769,-100.9703959337));
#11681 = CARTESIAN_POINT('',(0.897597901026,-101.1098338687));
#11682 = CARTESIAN_POINT('',(1.121997376282,-101.2797416175));
#11683 = CARTESIAN_POINT('',(1.346396851538,-101.4648704329));
#11684 = CARTESIAN_POINT('',(1.570796326795,-101.65));
#11685 = ( GEOMETRIC_REPRESENTATION_CONTEXT(2) 
PARAMETRIC_REPRESENTATION_CONTEXT() REPRESENTATION_CONTEXT('2D SPACE',''
  ) );
#11686 = ORIENTED_EDGE('',*,*,#11687,.T.);
#11687 = EDGE_CURVE('',#11657,#11688,#11690,.T.);
#11688 = VERTEX_POINT('',#11689);
#11689 = CARTESIAN_POINT('',(8.5,0.825,-17.));
#11690 = SURFACE_CURVE('',#11691,(#11695,#11701),.PCURVE_S1.);
#11691 = LINE('',#11692,#11693);
#11692 = CARTESIAN_POINT('',(8.500000000002,0.825,4.9915E+03));
#11693 = VECTOR('',#11694,1.);
#11694 = DIRECTION('',(0.,-0.,-1.));
#11695 = PCURVE('',#10900,#11696);
#11696 = DEFINITIONAL_REPRESENTATION('',(#11697),#11700);
#11697 = B_SPLINE_CURVE_WITH_KNOTS('',1,(#11698,#11699),.UNSPECIFIED.,
  .F.,.F.,(2,2),(4.9745E+03,5.0085E+03),.PIECEWISE_BEZIER_KNOTS.);
#11698 = CARTESIAN_POINT('',(9.983E+03,9.998288093168E+03));
#11699 = CARTESIAN_POINT('',(1.0017E+04,9.998288093168E+03));
#11700 = ( GEOMETRIC_REPRESENTATION_CONTEXT(2) 
PARAMETRIC_REPRESENTATION_CONTEXT() REPRESENTATION_CONTEXT('2D SPACE',''
  ) );
#11701 = PCURVE('',#11460,#11702);
#11702 = DEFINITIONAL_REPRESENTATION('',(#11703),#11706);
#11703 = B_SPLINE_CURVE_WITH_KNOTS('',1,(#11704,#11705),.UNSPECIFIED.,
  .F.,.F.,(2,2),(4.9745E+03,5.0085E+03),.PIECEWISE_BEZIER_KNOTS.);
#11704 = CARTESIAN_POINT('',(34.,-100.825));
#11705 = CARTESIAN_POINT('',(0.,-100.825));
#11706 = ( GEOMETRIC_REPRESENTATION_CONTEXT(2) 
PARAMETRIC_REPRESENTATION_CONTEXT() REPRESENTATION_CONTEXT('2D SPACE',''
  ) );
#11707 = ORIENTED_EDGE('',*,*,#11708,.F.);
#11708 = EDGE_CURVE('',#11709,#11688,#11711,.T.);
#11709 = VERTEX_POINT('',#11710);
#11710 = CARTESIAN_POINT('',(7.,1.65,-18.5));
#11711 = SURFACE_CURVE('',#11712,(#11717,#11724),.PCURVE_S1.);
#11712 = ELLIPSE('',#11713,1.711906831577,1.5);
#11713 = AXIS2_PLACEMENT_3D('',#11714,#11715,#11716);
#11714 = CARTESIAN_POINT('',(7.,1.65,-17.));
#11715 = DIRECTION('',(-0.481918749772,-0.876215908677,0.));
#11716 = DIRECTION('',(0.876215908677,-0.481918749772,0.));
#11717 = PCURVE('',#10900,#11718);
#11718 = DEFINITIONAL_REPRESENTATION('',(#11719),#11723);
#11719 = ELLIPSE('',#11720,1.711906831577,1.5);
#11720 = AXIS2_PLACEMENT_2D('',#11721,#11722);
#11721 = CARTESIAN_POINT('',(1.0017E+04,9.996576186337E+03));
#11722 = DIRECTION('',(0.,1.));
#11723 = ( GEOMETRIC_REPRESENTATION_CONTEXT(2) 
PARAMETRIC_REPRESENTATION_CONTEXT() REPRESENTATION_CONTEXT('2D SPACE',''
  ) );
#11724 = PCURVE('',#11430,#11725);
#11725 = DEFINITIONAL_REPRESENTATION('',(#11726),#11735);
#11726 = B_SPLINE_CURVE_WITH_KNOTS('',7,(#11727,#11728,#11729,#11730,
    #11731,#11732,#11733,#11734),.UNSPECIFIED.,.F.,.F.,(8,8),(
    4.712388980385,6.28318530718),.PIECEWISE_BEZIER_KNOTS.);
#11727 = CARTESIAN_POINT('',(0.,-101.65));
#11728 = CARTESIAN_POINT('',(0.224399475256,-101.4648704329));
#11729 = CARTESIAN_POINT('',(0.448798950513,-101.2797416175));
#11730 = CARTESIAN_POINT('',(0.673198425769,-101.1098338687));
#11731 = CARTESIAN_POINT('',(0.897597901026,-100.9703959336));
#11732 = CARTESIAN_POINT('',(1.121997376282,-100.8734676549));
#11733 = CARTESIAN_POINT('',(1.346396851538,-100.825));
#11734 = CARTESIAN_POINT('',(1.570796326795,-100.825));
#11735 = ( GEOMETRIC_REPRESENTATION_CONTEXT(2) 
PARAMETRIC_REPRESENTATION_CONTEXT() REPRESENTATION_CONTEXT('2D SPACE',''
  ) );
#11736 = ORIENTED_EDGE('',*,*,#11737,.T.);
#11737 = EDGE_CURVE('',#11709,#11738,#11740,.T.);
#11738 = VERTEX_POINT('',#11739);
#11739 = CARTESIAN_POINT('',(-7.,9.35,-18.5));
#11740 = SURFACE_CURVE('',#11741,(#11745,#11751),.PCURVE_S1.);
#11741 = LINE('',#11742,#11743);
#11742 = CARTESIAN_POINT('',(-4.356492211329E+03,2.401570716231E+03,
    -18.5));
#11743 = VECTOR('',#11744,1.);
#11744 = DIRECTION('',(-0.876215908677,0.481918749772,0.));
#11745 = PCURVE('',#10900,#11746);
#11746 = DEFINITIONAL_REPRESENTATION('',(#11747),#11750);
#11747 = B_SPLINE_CURVE_WITH_KNOTS('',1,(#11748,#11749),.UNSPECIFIED.,
  .F.,.F.,(2,2),(-4.979928084072E+03,-4.963950286977E+03),
  .PIECEWISE_BEZIER_KNOTS.);
#11748 = CARTESIAN_POINT('',(1.00185E+04,9.996576186337E+03));
#11749 = CARTESIAN_POINT('',(1.00185E+04,9.980598389242E+03));
#11750 = ( GEOMETRIC_REPRESENTATION_CONTEXT(2) 
PARAMETRIC_REPRESENTATION_CONTEXT() REPRESENTATION_CONTEXT('2D SPACE',''
  ) );
#11751 = PCURVE('',#11402,#11752);
#11752 = DEFINITIONAL_REPRESENTATION('',(#11753),#11756);
#11753 = B_SPLINE_CURVE_WITH_KNOTS('',1,(#11754,#11755),.UNSPECIFIED.,
  .F.,.F.,(2,2),(-4.979928084072E+03,-4.963950286977E+03),
  .PIECEWISE_BEZIER_KNOTS.);
#11754 = CARTESIAN_POINT('',(14.000000000001,-101.65));
#11755 = CARTESIAN_POINT('',(9.094947017729E-13,-109.35));
#11756 = ( GEOMETRIC_REPRESENTATION_CONTEXT(2) 
PARAMETRIC_REPRESENTATION_CONTEXT() REPRESENTATION_CONTEXT('2D SPACE',''
  ) );
#11757 = ORIENTED_EDGE('',*,*,#11758,.F.);
#11758 = EDGE_CURVE('',#11759,#11738,#11761,.T.);
#11759 = VERTEX_POINT('',#11760);
#11760 = CARTESIAN_POINT('',(-8.5,10.175,-17.));
#11761 = SURFACE_CURVE('',#11762,(#11767,#11774),.PCURVE_S1.);
#11762 = ELLIPSE('',#11763,1.711906831577,1.5);
#11763 = AXIS2_PLACEMENT_3D('',#11764,#11765,#11766);
#11764 = CARTESIAN_POINT('',(-7.,9.35,-17.));
#11765 = DIRECTION('',(-0.481918749772,-0.876215908677,0.));
#11766 = DIRECTION('',(0.876215908677,-0.481918749772,0.));
#11767 = PCURVE('',#10900,#11768);
#11768 = DEFINITIONAL_REPRESENTATION('',(#11769),#11773);
#11769 = ELLIPSE('',#11770,1.711906831577,1.5);
#11770 = AXIS2_PLACEMENT_2D('',#11771,#11772);
#11771 = CARTESIAN_POINT('',(1.0017E+04,9.980598389242E+03));
#11772 = DIRECTION('',(0.,1.));
#11773 = ( GEOMETRIC_REPRESENTATION_CONTEXT(2) 
PARAMETRIC_REPRESENTATION_CONTEXT() REPRESENTATION_CONTEXT('2D SPACE',''
  ) );
#11774 = PCURVE('',#11370,#11775);
#11775 = DEFINITIONAL_REPRESENTATION('',(#11776),#11785);
#11776 = B_SPLINE_CURVE_WITH_KNOTS('',7,(#11777,#11778,#11779,#11780,
    #11781,#11782,#11783,#11784),.UNSPECIFIED.,.F.,.F.,(8,8),(
    3.14159265359,4.712388980385),.PIECEWISE_BEZIER_KNOTS.);
#11777 = CARTESIAN_POINT('',(0.,-110.175));
#11778 = CARTESIAN_POINT('',(0.224399475256,-110.175));
#11779 = CARTESIAN_POINT('',(0.448798950513,-110.126532345));
#11780 = CARTESIAN_POINT('',(0.673198425769,-110.0296040663));
#11781 = CARTESIAN_POINT('',(0.897597901026,-109.8901661312));
#11782 = CARTESIAN_POINT('',(1.121997376282,-109.7202583824));
#11783 = CARTESIAN_POINT('',(1.346396851538,-109.535129567));
#11784 = CARTESIAN_POINT('',(1.570796326795,-109.35));
#11785 = ( GEOMETRIC_REPRESENTATION_CONTEXT(2) 
PARAMETRIC_REPRESENTATION_CONTEXT() REPRESENTATION_CONTEXT('2D SPACE',''
  ) );
#11786 = ORIENTED_EDGE('',*,*,#11787,.T.);
#11787 = EDGE_CURVE('',#11759,#11788,#11790,.T.);
#11788 = VERTEX_POINT('',#11789);
#11789 = CARTESIAN_POINT('',(-8.5,10.175,17.));
#11790 = SURFACE_CURVE('',#11791,(#11795,#11801),.PCURVE_S1.);
#11791 = LINE('',#11792,#11793);
#11792 = CARTESIAN_POINT('',(-8.499999999998,10.174999999999,5.0085E+03)
  );
#11793 = VECTOR('',#11794,1.);
#11794 = DIRECTION('',(0.,0.,1.));
#11795 = PCURVE('',#10900,#11796);
#11796 = DEFINITIONAL_REPRESENTATION('',(#11797),#11800);
#11797 = B_SPLINE_CURVE_WITH_KNOTS('',1,(#11798,#11799),.UNSPECIFIED.,
  .F.,.F.,(2,2),(-5.0255E+03,-4.9915E+03),.PIECEWISE_BEZIER_KNOTS.);
#11798 = CARTESIAN_POINT('',(1.0017E+04,9.978886482411E+03));
#11799 = CARTESIAN_POINT('',(9.983E+03,9.978886482411E+03));
#11800 = ( GEOMETRIC_REPRESENTATION_CONTEXT(2) 
PARAMETRIC_REPRESENTATION_CONTEXT() REPRESENTATION_CONTEXT('2D SPACE',''
  ) );
#11801 = PCURVE('',#11342,#11802);
#11802 = DEFINITIONAL_REPRESENTATION('',(#11803),#11806);
#11803 = B_SPLINE_CURVE_WITH_KNOTS('',1,(#11804,#11805),.UNSPECIFIED.,
  .F.,.F.,(2,2),(-5.0255E+03,-4.9915E+03),.PIECEWISE_BEZIER_KNOTS.);
#11804 = CARTESIAN_POINT('',(34.,-110.1749999999));
#11805 = CARTESIAN_POINT('',(0.,-110.1749999999));
#11806 = ( GEOMETRIC_REPRESENTATION_CONTEXT(2) 
PARAMETRIC_REPRESENTATION_CONTEXT() REPRESENTATION_CONTEXT('2D SPACE',''
  ) );
#11807 = ORIENTED_EDGE('',*,*,#11808,.F.);
#11808 = EDGE_CURVE('',#11809,#11788,#11811,.T.);
#11809 = VERTEX_POINT('',#11810);
#11810 = CARTESIAN_POINT('',(-7.,9.35,18.5));
#11811 = SURFACE_CURVE('',#11812,(#11817,#11824),.PCURVE_S1.);
#11812 = ELLIPSE('',#11813,1.711906831577,1.5);
#11813 = AXIS2_PLACEMENT_3D('',#11814,#11815,#11816);
#11814 = CARTESIAN_POINT('',(-7.,9.35,17.));
#11815 = DIRECTION('',(-0.481918749772,-0.876215908677,0.));
#11816 = DIRECTION('',(0.876215908677,-0.481918749772,0.));
#11817 = PCURVE('',#10900,#11818);
#11818 = DEFINITIONAL_REPRESENTATION('',(#11819),#11823);
#11819 = ELLIPSE('',#11820,1.711906831577,1.5);
#11820 = AXIS2_PLACEMENT_2D('',#11821,#11822);
#11821 = CARTESIAN_POINT('',(9.983E+03,9.980598389242E+03));
#11822 = DIRECTION('',(0.,1.));
#11823 = ( GEOMETRIC_REPRESENTATION_CONTEXT(2) 
PARAMETRIC_REPRESENTATION_CONTEXT() REPRESENTATION_CONTEXT('2D SPACE',''
  ) );
#11824 = PCURVE('',#11310,#11825);
#11825 = DEFINITIONAL_REPRESENTATION('',(#11826),#11835);
#11826 = B_SPLINE_CURVE_WITH_KNOTS('',7,(#11827,#11828,#11829,#11830,
    #11831,#11832,#11833,#11834),.UNSPECIFIED.,.F.,.F.,(8,8),(
    1.570796326795,3.14159265359),.PIECEWISE_BEZIER_KNOTS.);
#11827 = CARTESIAN_POINT('',(0.,-109.35));
#11828 = CARTESIAN_POINT('',(0.224399475256,-109.535129567));
#11829 = CARTESIAN_POINT('',(0.448798950513,-109.7202583824));
#11830 = CARTESIAN_POINT('',(0.673198425769,-109.8901661312));
#11831 = CARTESIAN_POINT('',(0.897597901026,-110.0296040663));
#11832 = CARTESIAN_POINT('',(1.121997376282,-110.126532345));
#11833 = CARTESIAN_POINT('',(1.346396851538,-110.175));
#11834 = CARTESIAN_POINT('',(1.570796326795,-110.175));
#11835 = ( GEOMETRIC_REPRESENTATION_CONTEXT(2) 
PARAMETRIC_REPRESENTATION_CONTEXT() REPRESENTATION_CONTEXT('2D SPACE',''
  ) );
#11836 = ORIENTED_EDGE('',*,*,#11837,.T.);
#11837 = EDGE_CURVE('',#11809,#11659,#11838,.T.);
#11838 = SURFACE_CURVE('',#11839,(#11843,#11849),.PCURVE_S1.);
#11839 = LINE('',#11840,#11841);
#11840 = CARTESIAN_POINT('',(-4.351117931099E+03,2.398614862105E+03,
    18.499999999999));
#11841 = VECTOR('',#11842,1.);
#11842 = DIRECTION('',(0.876215908677,-0.481918749772,-0.));
#11843 = PCURVE('',#10900,#11844);
#11844 = DEFINITIONAL_REPRESENTATION('',(#11845),#11848);
#11845 = B_SPLINE_CURVE_WITH_KNOTS('',1,(#11846,#11847),.UNSPECIFIED.,
  .F.,.F.,(2,2),(4.957816775617E+03,4.973794572711E+03),
  .PIECEWISE_BEZIER_KNOTS.);
#11846 = CARTESIAN_POINT('',(9.9815E+03,9.980598389242E+03));
#11847 = CARTESIAN_POINT('',(9.9815E+03,9.996576186337E+03));
#11848 = ( GEOMETRIC_REPRESENTATION_CONTEXT(2) 
PARAMETRIC_REPRESENTATION_CONTEXT() REPRESENTATION_CONTEXT('2D SPACE',''
  ) );
#11849 = PCURVE('',#11282,#11850);
#11850 = DEFINITIONAL_REPRESENTATION('',(#11851),#11854);
#11851 = B_SPLINE_CURVE_WITH_KNOTS('',1,(#11852,#11853),.UNSPECIFIED.,
  .F.,.F.,(2,2),(4.957816775617E+03,4.973794572711E+03),
  .PIECEWISE_BEZIER_KNOTS.);
#11852 = CARTESIAN_POINT('',(13.999999999999,-109.3499999999));
#11853 = CARTESIAN_POINT('',(0.,-101.65));
#11854 = ( GEOMETRIC_REPRESENTATION_CONTEXT(2) 
PARAMETRIC_REPRESENTATION_CONTEXT() REPRESENTATION_CONTEXT('2D SPACE',''
  ) );
#11855 = ADVANCED_FACE('',(#11856),#11041,.T.);
#11856 = FACE_BOUND('',#11857,.T.);
#11857 = EDGE_LOOP('',(#11858,#11879,#11880,#11881));
#11858 = ORIENTED_EDGE('',*,*,#11859,.F.);
#11859 = EDGE_CURVE('',#11533,#11175,#11860,.T.);
#11860 = SURFACE_CURVE('',#11861,(#11865,#11872),.PCURVE_S1.);
#11861 = LINE('',#11862,#11863);
#11862 = CARTESIAN_POINT('',(-7.,-100.,20.));
#11863 = VECTOR('',#11864,1.);
#11864 = DIRECTION('',(0.,1.,0.));
#11865 = PCURVE('',#11041,#11866);
#11866 = DEFINITIONAL_REPRESENTATION('',(#11867),#11871);
#11867 = LINE('',#11868,#11869);
#11868 = CARTESIAN_POINT('',(14.,0.));
#11869 = VECTOR('',#11870,1.);
#11870 = DIRECTION('',(0.,-1.));
#11871 = ( GEOMETRIC_REPRESENTATION_CONTEXT(2) 
PARAMETRIC_REPRESENTATION_CONTEXT() REPRESENTATION_CONTEXT('2D SPACE',''
  ) );
#11872 = PCURVE('',#11191,#11873);
#11873 = DEFINITIONAL_REPRESENTATION('',(#11874),#11878);
#11874 = LINE('',#11875,#11876);
#11875 = CARTESIAN_POINT('',(0.,0.));
#11876 = VECTOR('',#11877,1.);
#11877 = DIRECTION('',(0.,-1.));
#11878 = ( GEOMETRIC_REPRESENTATION_CONTEXT(2) 
PARAMETRIC_REPRESENTATION_CONTEXT() REPRESENTATION_CONTEXT('2D SPACE',''
  ) );
#11879 = ORIENTED_EDGE('',*,*,#11532,.T.);
#11880 = ORIENTED_EDGE('',*,*,#11027,.T.);
#11881 = ORIENTED_EDGE('',*,*,#11209,.T.);
#11882 = ADVANCED_FACE('',(#11883),#11191,.T.);
#11883 = FACE_BOUND('',#11884,.T.);
#11884 = EDGE_LOOP('',(#11885,#11886,#11887,#11888));
#11885 = ORIENTED_EDGE('',*,*,#11553,.F.);
#11886 = ORIENTED_EDGE('',*,*,#11859,.T.);
#11887 = ORIENTED_EDGE('',*,*,#11174,.F.);
#11888 = ORIENTED_EDGE('',*,*,#11889,.F.);
#11889 = EDGE_CURVE('',#11554,#11149,#11890,.T.);
#11890 = SURFACE_CURVE('',#11891,(#11895,#11902),.PCURVE_S1.);
#11891 = LINE('',#11892,#11893);
#11892 = CARTESIAN_POINT('',(-10.,-100.,17.));
#11893 = VECTOR('',#11894,1.);
#11894 = DIRECTION('',(0.,1.,0.));
#11895 = PCURVE('',#11191,#11896);
#11896 = DEFINITIONAL_REPRESENTATION('',(#11897),#11901);
#11897 = LINE('',#11898,#11899);
#11898 = CARTESIAN_POINT('',(1.570796326795,0.));
#11899 = VECTOR('',#11900,1.);
#11900 = DIRECTION('',(0.,-1.));
#11901 = ( GEOMETRIC_REPRESENTATION_CONTEXT(2) 
PARAMETRIC_REPRESENTATION_CONTEXT() REPRESENTATION_CONTEXT('2D SPACE',''
  ) );
#11902 = PCURVE('',#11163,#11903);
#11903 = DEFINITIONAL_REPRESENTATION('',(#11904),#11908);
#11904 = LINE('',#11905,#11906);
#11905 = CARTESIAN_POINT('',(0.,-0.));
#11906 = VECTOR('',#11907,1.);
#11907 = DIRECTION('',(0.,-1.));
#11908 = ( GEOMETRIC_REPRESENTATION_CONTEXT(2) 
PARAMETRIC_REPRESENTATION_CONTEXT() REPRESENTATION_CONTEXT('2D SPACE',''
  ) );
#11909 = ADVANCED_FACE('',(#11910),#11163,.T.);
#11910 = FACE_BOUND('',#11911,.T.);
#11911 = EDGE_LOOP('',(#11912,#11933,#11934,#11935));
#11912 = ORIENTED_EDGE('',*,*,#11913,.F.);
#11913 = EDGE_CURVE('',#11584,#11114,#11914,.T.);
#11914 = SURFACE_CURVE('',#11915,(#11919,#11926),.PCURVE_S1.);
#11915 = LINE('',#11916,#11917);
#11916 = CARTESIAN_POINT('',(-10.,-100.,-17.));
#11917 = VECTOR('',#11918,1.);
#11918 = DIRECTION('',(0.,1.,0.));
#11919 = PCURVE('',#11163,#11920);
#11920 = DEFINITIONAL_REPRESENTATION('',(#11921),#11925);
#11921 = LINE('',#11922,#11923);
#11922 = CARTESIAN_POINT('',(34.,0.));
#11923 = VECTOR('',#11924,1.);
#11924 = DIRECTION('',(0.,-1.));
#11925 = ( GEOMETRIC_REPRESENTATION_CONTEXT(2) 
PARAMETRIC_REPRESENTATION_CONTEXT() REPRESENTATION_CONTEXT('2D SPACE',''
  ) );
#11926 = PCURVE('',#11130,#11927);
#11927 = DEFINITIONAL_REPRESENTATION('',(#11928),#11932);
#11928 = LINE('',#11929,#11930);
#11929 = CARTESIAN_POINT('',(0.,0.));
#11930 = VECTOR('',#11931,1.);
#11931 = DIRECTION('',(0.,-1.));
#11932 = ( GEOMETRIC_REPRESENTATION_CONTEXT(2) 
PARAMETRIC_REPRESENTATION_CONTEXT() REPRESENTATION_CONTEXT('2D SPACE',''
  ) );
#11933 = ORIENTED_EDGE('',*,*,#11583,.T.);
#11934 = ORIENTED_EDGE('',*,*,#11889,.T.);
#11935 = ORIENTED_EDGE('',*,*,#11148,.T.);
#11936 = ADVANCED_FACE('',(#11937),#11130,.T.);
#11937 = FACE_BOUND('',#11938,.T.);
#11938 = EDGE_LOOP('',(#11939,#11940,#11941,#11942));
#11939 = ORIENTED_EDGE('',*,*,#11604,.F.);
#11940 = ORIENTED_EDGE('',*,*,#11913,.T.);
#11941 = ORIENTED_EDGE('',*,*,#11113,.F.);
#11942 = ORIENTED_EDGE('',*,*,#11943,.F.);
#11943 = EDGE_CURVE('',#11605,#11088,#11944,.T.);
#11944 = SURFACE_CURVE('',#11945,(#11949,#11956),.PCURVE_S1.);
#11945 = LINE('',#11946,#11947);
#11946 = CARTESIAN_POINT('',(-7.,-100.,-20.));
#11947 = VECTOR('',#11948,1.);
#11948 = DIRECTION('',(0.,1.,0.));
#11949 = PCURVE('',#11130,#11950);
#11950 = DEFINITIONAL_REPRESENTATION('',(#11951),#11955);
#11951 = LINE('',#11952,#11953);
#11952 = CARTESIAN_POINT('',(1.570796326795,0.));
#11953 = VECTOR('',#11954,1.);
#11954 = DIRECTION('',(0.,-1.));
#11955 = ( GEOMETRIC_REPRESENTATION_CONTEXT(2) 
PARAMETRIC_REPRESENTATION_CONTEXT() REPRESENTATION_CONTEXT('2D SPACE',''
  ) );
#11956 = PCURVE('',#11102,#11957);
#11957 = DEFINITIONAL_REPRESENTATION('',(#11958),#11962);
#11958 = LINE('',#11959,#11960);
#11959 = CARTESIAN_POINT('',(0.,0.));
#11960 = VECTOR('',#11961,1.);
#11961 = DIRECTION('',(0.,-1.));
#11962 = ( GEOMETRIC_REPRESENTATION_CONTEXT(2) 
PARAMETRIC_REPRESENTATION_CONTEXT() REPRESENTATION_CONTEXT('2D SPACE',''
  ) );
#11963 = ADVANCED_FACE('',(#11964),#11102,.T.);
#11964 = FACE_BOUND('',#11965,.T.);
#11965 = EDGE_LOOP('',(#11966,#11967,#11968,#11969));
#11966 = ORIENTED_EDGE('',*,*,#11504,.F.);
#11967 = ORIENTED_EDGE('',*,*,#11634,.T.);
#11968 = ORIENTED_EDGE('',*,*,#11943,.T.);
#11969 = ORIENTED_EDGE('',*,*,#11087,.T.);
#11970 = ADVANCED_FACE('',(#11971),#11250,.F.);
#11971 = FACE_BOUND('',#11972,.F.);
#11972 = EDGE_LOOP('',(#11973,#11974,#11995,#11996));
#11973 = ORIENTED_EDGE('',*,*,#11656,.F.);
#11974 = ORIENTED_EDGE('',*,*,#11975,.T.);
#11975 = EDGE_CURVE('',#11657,#11234,#11976,.T.);
#11976 = SURFACE_CURVE('',#11977,(#11981,#11988),.PCURVE_S1.);
#11977 = LINE('',#11978,#11979);
#11978 = CARTESIAN_POINT('',(8.5,-100.,17.));
#11979 = VECTOR('',#11980,1.);
#11980 = DIRECTION('',(0.,1.,0.));
#11981 = PCURVE('',#11250,#11982);
#11982 = DEFINITIONAL_REPRESENTATION('',(#11983),#11987);
#11983 = LINE('',#11984,#11985);
#11984 = CARTESIAN_POINT('',(0.,0.));
#11985 = VECTOR('',#11986,1.);
#11986 = DIRECTION('',(0.,-1.));
#11987 = ( GEOMETRIC_REPRESENTATION_CONTEXT(2) 
PARAMETRIC_REPRESENTATION_CONTEXT() REPRESENTATION_CONTEXT('2D SPACE',''
  ) );
#11988 = PCURVE('',#11460,#11989);
#11989 = DEFINITIONAL_REPRESENTATION('',(#11990),#11994);
#11990 = LINE('',#11991,#11992);
#11991 = CARTESIAN_POINT('',(34.,0.));
#11992 = VECTOR('',#11993,1.);
#11993 = DIRECTION('',(0.,-1.));
#11994 = ( GEOMETRIC_REPRESENTATION_CONTEXT(2) 
PARAMETRIC_REPRESENTATION_CONTEXT() REPRESENTATION_CONTEXT('2D SPACE',''
  ) );
#11995 = ORIENTED_EDGE('',*,*,#11231,.F.);
#11996 = ORIENTED_EDGE('',*,*,#11997,.F.);
#11997 = EDGE_CURVE('',#11659,#11232,#11998,.T.);
#11998 = SURFACE_CURVE('',#11999,(#12003,#12010),.PCURVE_S1.);
#11999 = LINE('',#12000,#12001);
#12000 = CARTESIAN_POINT('',(7.,-100.,18.5));
#12001 = VECTOR('',#12002,1.);
#12002 = DIRECTION('',(0.,1.,0.));
#12003 = PCURVE('',#11250,#12004);
#12004 = DEFINITIONAL_REPRESENTATION('',(#12005),#12009);
#12005 = LINE('',#12006,#12007);
#12006 = CARTESIAN_POINT('',(1.570796326795,0.));
#12007 = VECTOR('',#12008,1.);
#12008 = DIRECTION('',(0.,-1.));
#12009 = ( GEOMETRIC_REPRESENTATION_CONTEXT(2) 
PARAMETRIC_REPRESENTATION_CONTEXT() REPRESENTATION_CONTEXT('2D SPACE',''
  ) );
#12010 = PCURVE('',#11282,#12011);
#12011 = DEFINITIONAL_REPRESENTATION('',(#12012),#12016);
#12012 = LINE('',#12013,#12014);
#12013 = CARTESIAN_POINT('',(0.,0.));
#12014 = VECTOR('',#12015,1.);
#12015 = DIRECTION('',(0.,-1.));
#12016 = ( GEOMETRIC_REPRESENTATION_CONTEXT(2) 
PARAMETRIC_REPRESENTATION_CONTEXT() REPRESENTATION_CONTEXT('2D SPACE',''
  ) );
#12017 = ADVANCED_FACE('',(#12018),#11460,.F.);
#12018 = FACE_BOUND('',#12019,.F.);
#12019 = EDGE_LOOP('',(#12020,#12021,#12022,#12043));
#12020 = ORIENTED_EDGE('',*,*,#11975,.F.);
#12021 = ORIENTED_EDGE('',*,*,#11687,.T.);
#12022 = ORIENTED_EDGE('',*,*,#12023,.T.);
#12023 = EDGE_CURVE('',#11688,#11414,#12024,.T.);
#12024 = SURFACE_CURVE('',#12025,(#12029,#12036),.PCURVE_S1.);
#12025 = LINE('',#12026,#12027);
#12026 = CARTESIAN_POINT('',(8.5,-100.,-17.));
#12027 = VECTOR('',#12028,1.);
#12028 = DIRECTION('',(0.,1.,0.));
#12029 = PCURVE('',#11460,#12030);
#12030 = DEFINITIONAL_REPRESENTATION('',(#12031),#12035);
#12031 = LINE('',#12032,#12033);
#12032 = CARTESIAN_POINT('',(0.,0.));
#12033 = VECTOR('',#12034,1.);
#12034 = DIRECTION('',(0.,-1.));
#12035 = ( GEOMETRIC_REPRESENTATION_CONTEXT(2) 
PARAMETRIC_REPRESENTATION_CONTEXT() REPRESENTATION_CONTEXT('2D SPACE',''
  ) );
#12036 = PCURVE('',#11430,#12037);
#12037 = DEFINITIONAL_REPRESENTATION('',(#12038),#12042);
#12038 = LINE('',#12039,#12040);
#12039 = CARTESIAN_POINT('',(1.570796326795,0.));
#12040 = VECTOR('',#12041,1.);
#12041 = DIRECTION('',(0.,-1.));
#12042 = ( GEOMETRIC_REPRESENTATION_CONTEXT(2) 
PARAMETRIC_REPRESENTATION_CONTEXT() REPRESENTATION_CONTEXT('2D SPACE',''
  ) );
#12043 = ORIENTED_EDGE('',*,*,#11447,.T.);
#12044 = ADVANCED_FACE('',(#12045),#11430,.F.);
#12045 = FACE_BOUND('',#12046,.F.);
#12046 = EDGE_LOOP('',(#12047,#12048,#12069,#12070));
#12047 = ORIENTED_EDGE('',*,*,#11708,.F.);
#12048 = ORIENTED_EDGE('',*,*,#12049,.T.);
#12049 = EDGE_CURVE('',#11709,#11388,#12050,.T.);
#12050 = SURFACE_CURVE('',#12051,(#12055,#12062),.PCURVE_S1.);
#12051 = LINE('',#12052,#12053);
#12052 = CARTESIAN_POINT('',(7.,-100.,-18.5));
#12053 = VECTOR('',#12054,1.);
#12054 = DIRECTION('',(0.,1.,0.));
#12055 = PCURVE('',#11430,#12056);
#12056 = DEFINITIONAL_REPRESENTATION('',(#12057),#12061);
#12057 = LINE('',#12058,#12059);
#12058 = CARTESIAN_POINT('',(0.,0.));
#12059 = VECTOR('',#12060,1.);
#12060 = DIRECTION('',(0.,-1.));
#12061 = ( GEOMETRIC_REPRESENTATION_CONTEXT(2) 
PARAMETRIC_REPRESENTATION_CONTEXT() REPRESENTATION_CONTEXT('2D SPACE',''
  ) );
#12062 = PCURVE('',#11402,#12063);
#12063 = DEFINITIONAL_REPRESENTATION('',(#12064),#12068);
#12064 = LINE('',#12065,#12066);
#12065 = CARTESIAN_POINT('',(14.,0.));
#12066 = VECTOR('',#12067,1.);
#12067 = DIRECTION('',(0.,-1.));
#12068 = ( GEOMETRIC_REPRESENTATION_CONTEXT(2) 
PARAMETRIC_REPRESENTATION_CONTEXT() REPRESENTATION_CONTEXT('2D SPACE',''
  ) );
#12069 = ORIENTED_EDGE('',*,*,#11413,.F.);
#12070 = ORIENTED_EDGE('',*,*,#12023,.F.);
#12071 = ADVANCED_FACE('',(#12072),#11402,.F.);
#12072 = FACE_BOUND('',#12073,.F.);
#12073 = EDGE_LOOP('',(#12074,#12075,#12076,#12097));
#12074 = ORIENTED_EDGE('',*,*,#12049,.F.);
#12075 = ORIENTED_EDGE('',*,*,#11737,.T.);
#12076 = ORIENTED_EDGE('',*,*,#12077,.T.);
#12077 = EDGE_CURVE('',#11738,#11354,#12078,.T.);
#12078 = SURFACE_CURVE('',#12079,(#12083,#12090),.PCURVE_S1.);
#12079 = LINE('',#12080,#12081);
#12080 = CARTESIAN_POINT('',(-7.,-100.,-18.5));
#12081 = VECTOR('',#12082,1.);
#12082 = DIRECTION('',(0.,1.,0.));
#12083 = PCURVE('',#11402,#12084);
#12084 = DEFINITIONAL_REPRESENTATION('',(#12085),#12089);
#12085 = LINE('',#12086,#12087);
#12086 = CARTESIAN_POINT('',(0.,0.));
#12087 = VECTOR('',#12088,1.);
#12088 = DIRECTION('',(0.,-1.));
#12089 = ( GEOMETRIC_REPRESENTATION_CONTEXT(2) 
PARAMETRIC_REPRESENTATION_CONTEXT() REPRESENTATION_CONTEXT('2D SPACE',''
  ) );
#12090 = PCURVE('',#11370,#12091);
#12091 = DEFINITIONAL_REPRESENTATION('',(#12092),#12096);
#12092 = LINE('',#12093,#12094);
#12093 = CARTESIAN_POINT('',(1.570796326795,0.));
#12094 = VECTOR('',#12095,1.);
#12095 = DIRECTION('',(0.,-1.));
#12096 = ( GEOMETRIC_REPRESENTATION_CONTEXT(2) 
PARAMETRIC_REPRESENTATION_CONTEXT() REPRESENTATION_CONTEXT('2D SPACE',''
  ) );
#12097 = ORIENTED_EDGE('',*,*,#11387,.T.);
#12098 = ADVANCED_FACE('',(#12099),#11370,.F.);
#12099 = FACE_BOUND('',#12100,.F.);
#12100 = EDGE_LOOP('',(#12101,#12102,#12123,#12124));
#12101 = ORIENTED_EDGE('',*,*,#11758,.F.);
#12102 = ORIENTED_EDGE('',*,*,#12103,.T.);
#12103 = EDGE_CURVE('',#11759,#11328,#12104,.T.);
#12104 = SURFACE_CURVE('',#12105,(#12109,#12116),.PCURVE_S1.);
#12105 = LINE('',#12106,#12107);
#12106 = CARTESIAN_POINT('',(-8.5,-100.,-17.));
#12107 = VECTOR('',#12108,1.);
#12108 = DIRECTION('',(0.,1.,0.));
#12109 = PCURVE('',#11370,#12110);
#12110 = DEFINITIONAL_REPRESENTATION('',(#12111),#12115);
#12111 = LINE('',#12112,#12113);
#12112 = CARTESIAN_POINT('',(0.,0.));
#12113 = VECTOR('',#12114,1.);
#12114 = DIRECTION('',(0.,-1.));
#12115 = ( GEOMETRIC_REPRESENTATION_CONTEXT(2) 
PARAMETRIC_REPRESENTATION_CONTEXT() REPRESENTATION_CONTEXT('2D SPACE',''
  ) );
#12116 = PCURVE('',#11342,#12117);
#12117 = DEFINITIONAL_REPRESENTATION('',(#12118),#12122);
#12118 = LINE('',#12119,#12120);
#12119 = CARTESIAN_POINT('',(34.,0.));
#12120 = VECTOR('',#12121,1.);
#12121 = DIRECTION('',(0.,-1.));
#12122 = ( GEOMETRIC_REPRESENTATION_CONTEXT(2) 
PARAMETRIC_REPRESENTATION_CONTEXT() REPRESENTATION_CONTEXT('2D SPACE',''
  ) );
#12123 = ORIENTED_EDGE('',*,*,#11353,.F.);
#12124 = ORIENTED_EDGE('',*,*,#12077,.F.);
#12125 = ADVANCED_FACE('',(#12126),#11342,.F.);
#12126 = FACE_BOUND('',#12127,.F.);
#12127 = EDGE_LOOP('',(#12128,#12129,#12130,#12151));
#12128 = ORIENTED_EDGE('',*,*,#12103,.F.);
#12129 = ORIENTED_EDGE('',*,*,#11787,.T.);
#12130 = ORIENTED_EDGE('',*,*,#12131,.T.);
#12131 = EDGE_CURVE('',#11788,#11294,#12132,.T.);
#12132 = SURFACE_CURVE('',#12133,(#12137,#12144),.PCURVE_S1.);
#12133 = LINE('',#12134,#12135);
#12134 = CARTESIAN_POINT('',(-8.5,-100.,17.));
#12135 = VECTOR('',#12136,1.);
#12136 = DIRECTION('',(0.,1.,0.));
#12137 = PCURVE('',#11342,#12138);
#12138 = DEFINITIONAL_REPRESENTATION('',(#12139),#12143);
#12139 = LINE('',#12140,#12141);
#12140 = CARTESIAN_POINT('',(0.,-0.));
#12141 = VECTOR('',#12142,1.);
#12142 = DIRECTION('',(0.,-1.));
#12143 = ( GEOMETRIC_REPRESENTATION_CONTEXT(2) 
PARAMETRIC_REPRESENTATION_CONTEXT() REPRESENTATION_CONTEXT('2D SPACE',''
  ) );
#12144 = PCURVE('',#11310,#12145);
#12145 = DEFINITIONAL_REPRESENTATION('',(#12146),#12150);
#12146 = LINE('',#12147,#12148);
#12147 = CARTESIAN_POINT('',(1.570796326795,0.));
#12148 = VECTOR('',#12149,1.);
#12149 = DIRECTION('',(0.,-1.));
#12150 = ( GEOMETRIC_REPRESENTATION_CONTEXT(2) 
PARAMETRIC_REPRESENTATION_CONTEXT() REPRESENTATION_CONTEXT('2D SPACE',''
  ) );
#12151 = ORIENTED_EDGE('',*,*,#11327,.T.);
#12152 = ADVANCED_FACE('',(#12153),#11310,.F.);
#12153 = FACE_BOUND('',#12154,.F.);
#12154 = EDGE_LOOP('',(#12155,#12156,#12177,#12178));
#12155 = ORIENTED_EDGE('',*,*,#11808,.F.);
#12156 = ORIENTED_EDGE('',*,*,#12157,.T.);
#12157 = EDGE_CURVE('',#11809,#11268,#12158,.T.);
#12158 = SURFACE_CURVE('',#12159,(#12163,#12170),.PCURVE_S1.);
#12159 = LINE('',#12160,#12161);
#12160 = CARTESIAN_POINT('',(-7.,-100.,18.5));
#12161 = VECTOR('',#12162,1.);
#12162 = DIRECTION('',(0.,1.,0.));
#12163 = PCURVE('',#11310,#12164);
#12164 = DEFINITIONAL_REPRESENTATION('',(#12165),#12169);
#12165 = LINE('',#12166,#12167);
#12166 = CARTESIAN_POINT('',(0.,0.));
#12167 = VECTOR('',#12168,1.);
#12168 = DIRECTION('',(0.,-1.));
#12169 = ( GEOMETRIC_REPRESENTATION_CONTEXT(2) 
PARAMETRIC_REPRESENTATION_CONTEXT() REPRESENTATION_CONTEXT('2D SPACE',''
  ) );
#12170 = PCURVE('',#11282,#12171);
#12171 = DEFINITIONAL_REPRESENTATION('',(#12172),#12176);
#12172 = LINE('',#12173,#12174);
#12173 = CARTESIAN_POINT('',(14.,0.));
#12174 = VECTOR('',#12175,1.);
#12175 = DIRECTION('',(0.,-1.));
#12176 = ( GEOMETRIC_REPRESENTATION_CONTEXT(2) 
PARAMETRIC_REPRESENTATION_CONTEXT() REPRESENTATION_CONTEXT('2D SPACE',''
  ) );
#12177 = ORIENTED_EDGE('',*,*,#11293,.F.);
#12178 = ORIENTED_EDGE('',*,*,#12131,.F.);
#12179 = ADVANCED_FACE('',(#12180),#11282,.F.);
#12180 = FACE_BOUND('',#12181,.F.);
#12181 = EDGE_LOOP('',(#12182,#12183,#12184,#12185));
#12182 = ORIENTED_EDGE('',*,*,#12157,.F.);
#12183 = ORIENTED_EDGE('',*,*,#11837,.T.);
#12184 = ORIENTED_EDGE('',*,*,#11997,.T.);
#12185 = ORIENTED_EDGE('',*,*,#11267,.T.);
#12186 = ( GEOMETRIC_REPRESENTATION_CONTEXT(3) 
GLOBAL_UNCERTAINTY_ASSIGNED_CONTEXT((#12190)) 
GLOBAL_UNIT_ASSIGNED_CONTEXT((#12187,#12188,#12189)) 
REPRESENTATION_CONTEXT('Context #1',
  '3D Context with UNIT and UNCERTAINTY') );
#12187 = ( LENGTH_UNIT() NAMED_UNIT(*) SI_UNIT(.MILLI.,.METRE.) );
#12188 = ( NAMED_UNIT(*) PLANE_ANGLE_UNIT() SI_UNIT($,.RADIAN.) );
#12189 = ( NAMED_UNIT(*) SI_UNIT($,.STERADIAN.) SOLID_ANGLE_UNIT() );
#12190 = UNCERTAINTY_MEASURE_WITH_UNIT(LENGTH_MEASURE(2.E-07),#12187,
  'distance_accuracy_value','confusion accuracy');
#12191 = CONTEXT_DEPENDENT_SHAPE_REPRESENTATION(#12192,#12194);
#12192 = ( REPRESENTATION_RELATIONSHIP('','',#10843,#10) 
REPRESENTATION_RELATIONSHIP_WITH_TRANSFORMATION(#12193) 
SHAPE_REPRESENTATION_RELATIONSHIP() );
#12193 = ITEM_DEFINED_TRANSFORMATION('','',#11,#43);
#12194 = PRODUCT_DEFINITION_SHAPE('Placement','Placement of an item',
  #12195);
#12195 = NEXT_ASSEMBLY_USAGE_OCCURRENCE('24','\X2\0414043504420430043B044C\X0\ 8','',#5,
  #10838,$);
#12196 = PRODUCT_RELATED_PRODUCT_CATEGORY('part',$,(#10840));
ENDSEC;
END-ISO-10303-21;
