ISO-10303-21;
HEADER;
FILE_DESCRIPTION(('Open CASCADE Model'),'2;1');
FILE_NAME('Open CASCADE Shape Model','2026-10-08T06:09:49',('Author'),(
    'Open CASCADE'),'Open CASCADE STEP processor 8.0','Open CASCADE 8.0'
  ,'Unknown');
FILE_SCHEMA(('AUTOMOTIVE_DESIGN { 1 0 10303 214 1 1 1 1 }'));
ENDSEC;
DATA;
#1 = APPLICATION_PROTOCOL_DEFINITION('international standard',
  'automotive_design',2000,#2);
#2 = APPLICATION_CONTEXT(
  'core data for automotive mechanical design processes');
#3 = SHAPE_DEFINITION_REPRESENTATION(#4,#10);
#4 = PRODUCT_DEFINITION_SHAPE('','',#5);
#5 = PRODUCT_DEFINITION('design','',#6,#9);
#6 = PRODUCT_DEFINITION_FORMATION('','',#7);
#7 = PRODUCT('\X2\041E043F043E04400430\X0\-\X2\044204400430043F043504460438044F\X0\ (\X2\0418043704340435043B04380435\X0\ 3)',
  '\X2\041E043F043E04400430\X0\-\X2\044204400430043F043504460438044F\X0\ (\X2\0418043704340435043B04380435\X0\ 3)','',(#8));
#8 = PRODUCT_CONTEXT('',#2,'mechanical');
#9 = PRODUCT_DEFINITION_CONTEXT('part definition',#2,'design');
#10 = SHAPE_REPRESENTATION('',(#11,#15,#19,#23),#27);
#11 = AXIS2_PLACEMENT_3D('',#12,#13,#14);
#12 = CARTESIAN_POINT('',(0.,0.,0.));
#13 = DIRECTION('',(0.,0.,1.));
#14 = DIRECTION('',(1.,0.,-0.));
#15 = AXIS2_PLACEMENT_3D('',#16,#17,#18);
#16 = CARTESIAN_POINT('',(165.,295.06088536225,20.));
#17 = DIRECTION('',(0.,0.,-1.));
#18 = DIRECTION('',(0.,1.,0.));
#19 = AXIS2_PLACEMENT_3D('',#20,#21,#22);
#20 = CARTESIAN_POINT('',(8.762159086766,-4.819187497722,20.));
#21 = DIRECTION('',(0.,0.,-1.));
#22 = DIRECTION('',(-0.876215908677,0.481918749772,0.));
#23 = AXIS2_PLACEMENT_3D('',#24,#25,#26);
#24 = CARTESIAN_POINT('',(621.23784091323,-4.819187497722,20.));
#25 = DIRECTION('',(0.,-0.,1.));
#26 = DIRECTION('',(0.876215908677,0.481918749772,0.));
#27 = ( GEOMETRIC_REPRESENTATION_CONTEXT(3) 
GLOBAL_UNCERTAINTY_ASSIGNED_CONTEXT((#31)) GLOBAL_UNIT_ASSIGNED_CONTEXT(
(#28,#29,#30)) REPRESENTATION_CONTEXT('Context #1',
  '3D Context with UNIT and UNCERTAINTY') );
#28 = ( LENGTH_UNIT() NAMED_UNIT(*) SI_UNIT(.MILLI.,.METRE.) );
#29 = ( NAMED_UNIT(*) PLANE_ANGLE_UNIT() SI_UNIT($,.RADIAN.) );
#30 = ( NAMED_UNIT(*) SI_UNIT($,.STERADIAN.) SOLID_ANGLE_UNIT() );
#31 = UNCERTAINTY_MEASURE_WITH_UNIT(LENGTH_MEASURE(2.E-07),#28,
  'distance_accuracy_value','confusion accuracy');
#32 = PRODUCT_RELATED_PRODUCT_CATEGORY('part',$,(#7));
#33 = SHAPE_DEFINITION_REPRESENTATION(#34,#40);
#34 = PRODUCT_DEFINITION_SHAPE('','',#35);
#35 = PRODUCT_DEFINITION('design','',#36,#39);
#36 = PRODUCT_DEFINITION_FORMATION('','',#37);
#37 = PRODUCT('\X2\0414043504420430043B044C\X0\ 7 40\X2\0445\X0\20\X2\0445\X0\1,5 L=300',
  '\X2\0414043504420430043B044C\X0\ 7 40\X2\0445\X0\20\X2\0445\X0\1,5 L=300','',(#38));
#38 = PRODUCT_CONTEXT('',#2,'mechanical');
#39 = PRODUCT_DEFINITION_CONTEXT('part definition',#2,'design');
#40 = ADVANCED_BREP_SHAPE_REPRESENTATION('',(#11,#41),#2159);
#41 = MANIFOLD_SOLID_BREP('',#42);
#42 = CLOSED_SHELL('',(#43,#371,#459,#874,#1229,#1256,#1325,#1372,#1419,
    #1444,#1513,#1560,#1607,#1632,#1659,#1686,#1713,#1810,#1817,#1864,
    #1891,#1918,#2005,#2032,#2059,#2086,#2105,#2132));
#43 = ADVANCED_FACE('',(#44,#159,#265),#58,.T.);
#44 = FACE_BOUND('',#45,.T.);
#45 = EDGE_LOOP('',(#46,#81,#107,#135));
#46 = ORIENTED_EDGE('',*,*,#47,.F.);
#47 = EDGE_CURVE('',#48,#50,#52,.T.);
#48 = VERTEX_POINT('',#49);
#49 = CARTESIAN_POINT('',(10.,-8.526512829121E-14,17.));
#50 = VERTEX_POINT('',#51);
#51 = CARTESIAN_POINT('',(10.,300.,17.));
#52 = SURFACE_CURVE('',#53,(#57,#69),.PCURVE_S1.);
#53 = LINE('',#54,#55);
#54 = CARTESIAN_POINT('',(10.,-100.,17.));
#55 = VECTOR('',#56,1.);
#56 = DIRECTION('',(0.,1.,0.));
#57 = PCURVE('',#58,#63);
#58 = PLANE('',#59);
#59 = AXIS2_PLACEMENT_3D('',#60,#61,#62);
#60 = CARTESIAN_POINT('',(10.,-100.,-17.));
#61 = DIRECTION('',(1.,0.,0.));
#62 = DIRECTION('',(0.,0.,1.));
#63 = DEFINITIONAL_REPRESENTATION('',(#64),#68);
#64 = LINE('',#65,#66);
#65 = CARTESIAN_POINT('',(34.,0.));
#66 = VECTOR('',#67,1.);
#67 = DIRECTION('',(0.,-1.));
#68 = ( GEOMETRIC_REPRESENTATION_CONTEXT(2) 
PARAMETRIC_REPRESENTATION_CONTEXT() REPRESENTATION_CONTEXT('2D SPACE',''
  ) );
#69 = PCURVE('',#70,#75);
#70 = CYLINDRICAL_SURFACE('',#71,3.);
#71 = AXIS2_PLACEMENT_3D('',#72,#73,#74);
#72 = CARTESIAN_POINT('',(7.,-100.,17.));
#73 = DIRECTION('',(0.,-1.,0.));
#74 = DIRECTION('',(1.,0.,0.));
#75 = DEFINITIONAL_REPRESENTATION('',(#76),#80);
#76 = LINE('',#77,#78);
#77 = CARTESIAN_POINT('',(0.,0.));
#78 = VECTOR('',#79,1.);
#79 = DIRECTION('',(0.,-1.));
#80 = ( GEOMETRIC_REPRESENTATION_CONTEXT(2) 
PARAMETRIC_REPRESENTATION_CONTEXT() REPRESENTATION_CONTEXT('2D SPACE',''
  ) );
#81 = ORIENTED_EDGE('',*,*,#82,.T.);
#82 = EDGE_CURVE('',#48,#83,#85,.T.);
#83 = VERTEX_POINT('',#84);
#84 = CARTESIAN_POINT('',(10.,-8.526512829121E-14,-17.));
#85 = SURFACE_CURVE('',#86,(#90,#96),.PCURVE_S1.);
#86 = LINE('',#87,#88);
#87 = CARTESIAN_POINT('',(10.,1.989519660128E-13,4.9915E+03));
#88 = VECTOR('',#89,1.);
#89 = DIRECTION('',(0.,-0.,-1.));
#90 = PCURVE('',#58,#91);
#91 = DEFINITIONAL_REPRESENTATION('',(#92),#95);
#92 = B_SPLINE_CURVE_WITH_KNOTS('',1,(#93,#94),.UNSPECIFIED.,.F.,.F.,(2,
    2),(4.9745E+03,5.0085E+03),.PIECEWISE_BEZIER_KNOTS.);
#93 = CARTESIAN_POINT('',(34.,-100.));
#94 = CARTESIAN_POINT('',(0.,-100.));
#95 = ( GEOMETRIC_REPRESENTATION_CONTEXT(2) 
PARAMETRIC_REPRESENTATION_CONTEXT() REPRESENTATION_CONTEXT('2D SPACE',''
  ) );
#96 = PCURVE('',#97,#102);
#97 = PLANE('',#98);
#98 = AXIS2_PLACEMENT_3D('',#99,#100,#101);
#99 = CARTESIAN_POINT('',(-9.109215051751E+03,4.103646773288E+03,1.E+04)
  );
#100 = DIRECTION('',(-0.410364677329,-0.911921505175,0.));
#101 = DIRECTION('',(0.,0.,-1.));
#102 = DEFINITIONAL_REPRESENTATION('',(#103),#106);
#103 = B_SPLINE_CURVE_WITH_KNOTS('',1,(#104,#105),.UNSPECIFIED.,.F.,.F.,
  (2,2),(4.9745E+03,5.0085E+03),.PIECEWISE_BEZIER_KNOTS.);
#104 = CARTESIAN_POINT('',(9.983E+03,1.E+04));
#105 = CARTESIAN_POINT('',(1.0017E+04,1.E+04));
#106 = ( GEOMETRIC_REPRESENTATION_CONTEXT(2) 
PARAMETRIC_REPRESENTATION_CONTEXT() REPRESENTATION_CONTEXT('2D SPACE',''
  ) );
#107 = ORIENTED_EDGE('',*,*,#108,.T.);
#108 = EDGE_CURVE('',#83,#109,#111,.T.);
#109 = VERTEX_POINT('',#110);
#110 = CARTESIAN_POINT('',(10.,300.,-17.));
#111 = SURFACE_CURVE('',#112,(#116,#123),.PCURVE_S1.);
#112 = LINE('',#113,#114);
#113 = CARTESIAN_POINT('',(10.,-100.,-17.));
#114 = VECTOR('',#115,1.);
#115 = DIRECTION('',(0.,1.,0.));
#116 = PCURVE('',#58,#117);
#117 = DEFINITIONAL_REPRESENTATION('',(#118),#122);
#118 = LINE('',#119,#120);
#119 = CARTESIAN_POINT('',(0.,0.));
#120 = VECTOR('',#121,1.);
#121 = DIRECTION('',(0.,-1.));
#122 = ( GEOMETRIC_REPRESENTATION_CONTEXT(2) 
PARAMETRIC_REPRESENTATION_CONTEXT() REPRESENTATION_CONTEXT('2D SPACE',''
  ) );
#123 = PCURVE('',#124,#129);
#124 = CYLINDRICAL_SURFACE('',#125,3.);
#125 = AXIS2_PLACEMENT_3D('',#126,#127,#128);
#126 = CARTESIAN_POINT('',(7.,-100.,-17.));
#127 = DIRECTION('',(0.,-1.,0.));
#128 = DIRECTION('',(5.921189464668E-16,0.,-1.));
#129 = DEFINITIONAL_REPRESENTATION('',(#130),#134);
#130 = LINE('',#131,#132);
#131 = CARTESIAN_POINT('',(1.570796326795,0.));
#132 = VECTOR('',#133,1.);
#133 = DIRECTION('',(0.,-1.));
#134 = ( GEOMETRIC_REPRESENTATION_CONTEXT(2) 
PARAMETRIC_REPRESENTATION_CONTEXT() REPRESENTATION_CONTEXT('2D SPACE',''
  ) );
#135 = ORIENTED_EDGE('',*,*,#136,.T.);
#136 = EDGE_CURVE('',#109,#50,#137,.T.);
#137 = SURFACE_CURVE('',#138,(#142,#148),.PCURVE_S1.);
#138 = LINE('',#139,#140);
#139 = CARTESIAN_POINT('',(10.,300.,-5.0085E+03));
#140 = VECTOR('',#141,1.);
#141 = DIRECTION('',(0.,-0.,1.));
#142 = PCURVE('',#58,#143);
#143 = DEFINITIONAL_REPRESENTATION('',(#144),#147);
#144 = B_SPLINE_CURVE_WITH_KNOTS('',1,(#145,#146),.UNSPECIFIED.,.F.,.F.,
  (2,2),(4.9915E+03,5.0255E+03),.PIECEWISE_BEZIER_KNOTS.);
#145 = CARTESIAN_POINT('',(0.,-400.));
#146 = CARTESIAN_POINT('',(34.,-400.));
#147 = ( GEOMETRIC_REPRESENTATION_CONTEXT(2) 
PARAMETRIC_REPRESENTATION_CONTEXT() REPRESENTATION_CONTEXT('2D SPACE',''
  ) );
#148 = PCURVE('',#149,#154);
#149 = PLANE('',#150);
#150 = AXIS2_PLACEMENT_3D('',#151,#152,#153);
#151 = CARTESIAN_POINT('',(-9.109215051751E+03,-3.803646773288E+03,
    -1.E+04));
#152 = DIRECTION('',(-0.410364677329,0.911921505175,0.));
#153 = DIRECTION('',(0.,0.,1.));
#154 = DEFINITIONAL_REPRESENTATION('',(#155),#158);
#155 = B_SPLINE_CURVE_WITH_KNOTS('',1,(#156,#157),.UNSPECIFIED.,.F.,.F.,
  (2,2),(4.9915E+03,5.0255E+03),.PIECEWISE_BEZIER_KNOTS.);
#156 = CARTESIAN_POINT('',(9.983E+03,1.E+04));
#157 = CARTESIAN_POINT('',(1.0017E+04,1.E+04));
#158 = ( GEOMETRIC_REPRESENTATION_CONTEXT(2) 
PARAMETRIC_REPRESENTATION_CONTEXT() REPRESENTATION_CONTEXT('2D SPACE',''
  ) );
#159 = FACE_BOUND('',#160,.T.);
#160 = EDGE_LOOP('',(#161,#189,#215,#241));
#161 = ORIENTED_EDGE('',*,*,#162,.T.);
#162 = EDGE_CURVE('',#163,#165,#167,.T.);
#163 = VERTEX_POINT('',#164);
#164 = CARTESIAN_POINT('',(10.,264.5,-3.5));
#165 = VERTEX_POINT('',#166);
#166 = CARTESIAN_POINT('',(10.,257.5,-3.5));
#167 = SURFACE_CURVE('',#168,(#172,#178),.PCURVE_S1.);
#168 = LINE('',#169,#170);
#169 = CARTESIAN_POINT('',(10.,78.75,-3.5));
#170 = VECTOR('',#171,1.);
#171 = DIRECTION('',(0.,-1.,0.));
#172 = PCURVE('',#58,#173);
#173 = DEFINITIONAL_REPRESENTATION('',(#174),#177);
#174 = B_SPLINE_CURVE_WITH_KNOTS('',1,(#175,#176),.UNSPECIFIED.,.F.,.F.,
  (2,2),(-185.75,-178.75),.PIECEWISE_BEZIER_KNOTS.);
#175 = CARTESIAN_POINT('',(13.5,-364.5));
#176 = CARTESIAN_POINT('',(13.5,-357.5));
#177 = ( GEOMETRIC_REPRESENTATION_CONTEXT(2) 
PARAMETRIC_REPRESENTATION_CONTEXT() REPRESENTATION_CONTEXT('2D SPACE',''
  ) );
#178 = PCURVE('',#179,#184);
#179 = PLANE('',#180);
#180 = AXIS2_PLACEMENT_3D('',#181,#182,#183);
#181 = CARTESIAN_POINT('',(5.,257.5,-3.5));
#182 = DIRECTION('',(0.,0.,1.));
#183 = DIRECTION('',(1.,0.,-0.));
#184 = DEFINITIONAL_REPRESENTATION('',(#185),#188);
#185 = B_SPLINE_CURVE_WITH_KNOTS('',1,(#186,#187),.UNSPECIFIED.,.F.,.F.,
  (2,2),(-185.75,-178.75),.PIECEWISE_BEZIER_KNOTS.);
#186 = CARTESIAN_POINT('',(5.,7.));
#187 = CARTESIAN_POINT('',(5.,0.));
#188 = ( GEOMETRIC_REPRESENTATION_CONTEXT(2) 
PARAMETRIC_REPRESENTATION_CONTEXT() REPRESENTATION_CONTEXT('2D SPACE',''
  ) );
#189 = ORIENTED_EDGE('',*,*,#190,.T.);
#190 = EDGE_CURVE('',#165,#191,#193,.T.);
#191 = VERTEX_POINT('',#192);
#192 = CARTESIAN_POINT('',(10.,257.5,3.5));
#193 = SURFACE_CURVE('',#194,(#198,#204),.PCURVE_S1.);
#194 = LINE('',#195,#196);
#195 = CARTESIAN_POINT('',(10.,257.5,-10.25));
#196 = VECTOR('',#197,1.);
#197 = DIRECTION('',(0.,-0.,1.));
#198 = PCURVE('',#58,#199);
#199 = DEFINITIONAL_REPRESENTATION('',(#200),#203);
#200 = B_SPLINE_CURVE_WITH_KNOTS('',1,(#201,#202),.UNSPECIFIED.,.F.,.F.,
  (2,2),(6.75,13.75),.PIECEWISE_BEZIER_KNOTS.);
#201 = CARTESIAN_POINT('',(13.5,-357.5));
#202 = CARTESIAN_POINT('',(20.5,-357.5));
#203 = ( GEOMETRIC_REPRESENTATION_CONTEXT(2) 
PARAMETRIC_REPRESENTATION_CONTEXT() REPRESENTATION_CONTEXT('2D SPACE',''
  ) );
#204 = PCURVE('',#205,#210);
#205 = PLANE('',#206);
#206 = AXIS2_PLACEMENT_3D('',#207,#208,#209);
#207 = CARTESIAN_POINT('',(5.,257.5,-3.5));
#208 = DIRECTION('',(-0.,1.,0.));
#209 = DIRECTION('',(0.,0.,1.));
#210 = DEFINITIONAL_REPRESENTATION('',(#211),#214);
#211 = B_SPLINE_CURVE_WITH_KNOTS('',1,(#212,#213),.UNSPECIFIED.,.F.,.F.,
  (2,2),(6.75,13.75),.PIECEWISE_BEZIER_KNOTS.);
#212 = CARTESIAN_POINT('',(0.,5.));
#213 = CARTESIAN_POINT('',(7.,5.));
#214 = ( GEOMETRIC_REPRESENTATION_CONTEXT(2) 
PARAMETRIC_REPRESENTATION_CONTEXT() REPRESENTATION_CONTEXT('2D SPACE',''
  ) );
#215 = ORIENTED_EDGE('',*,*,#216,.F.);
#216 = EDGE_CURVE('',#217,#191,#219,.T.);
#217 = VERTEX_POINT('',#218);
#218 = CARTESIAN_POINT('',(10.,264.5,3.5));
#219 = SURFACE_CURVE('',#220,(#224,#230),.PCURVE_S1.);
#220 = LINE('',#221,#222);
#221 = CARTESIAN_POINT('',(10.,78.75,3.5));
#222 = VECTOR('',#223,1.);
#223 = DIRECTION('',(0.,-1.,0.));
#224 = PCURVE('',#58,#225);
#225 = DEFINITIONAL_REPRESENTATION('',(#226),#229);
#226 = B_SPLINE_CURVE_WITH_KNOTS('',1,(#227,#228),.UNSPECIFIED.,.F.,.F.,
  (2,2),(-185.75,-178.75),.PIECEWISE_BEZIER_KNOTS.);
#227 = CARTESIAN_POINT('',(20.5,-364.5));
#228 = CARTESIAN_POINT('',(20.5,-357.5));
#229 = ( GEOMETRIC_REPRESENTATION_CONTEXT(2) 
PARAMETRIC_REPRESENTATION_CONTEXT() REPRESENTATION_CONTEXT('2D SPACE',''
  ) );
#230 = PCURVE('',#231,#236);
#231 = PLANE('',#232);
#232 = AXIS2_PLACEMENT_3D('',#233,#234,#235);
#233 = CARTESIAN_POINT('',(5.,257.5,3.5));
#234 = DIRECTION('',(0.,0.,1.));
#235 = DIRECTION('',(1.,0.,-0.));
#236 = DEFINITIONAL_REPRESENTATION('',(#237),#240);
#237 = B_SPLINE_CURVE_WITH_KNOTS('',1,(#238,#239),.UNSPECIFIED.,.F.,.F.,
  (2,2),(-185.75,-178.75),.PIECEWISE_BEZIER_KNOTS.);
#238 = CARTESIAN_POINT('',(5.,7.));
#239 = CARTESIAN_POINT('',(5.,0.));
#240 = ( GEOMETRIC_REPRESENTATION_CONTEXT(2) 
PARAMETRIC_REPRESENTATION_CONTEXT() REPRESENTATION_CONTEXT('2D SPACE',''
  ) );
#241 = ORIENTED_EDGE('',*,*,#242,.F.);
#242 = EDGE_CURVE('',#163,#217,#243,.T.);
#243 = SURFACE_CURVE('',#244,(#248,#254),.PCURVE_S1.);
#244 = LINE('',#245,#246);
#245 = CARTESIAN_POINT('',(10.,264.5,-10.25));
#246 = VECTOR('',#247,1.);
#247 = DIRECTION('',(0.,-0.,1.));
#248 = PCURVE('',#58,#249);
#249 = DEFINITIONAL_REPRESENTATION('',(#250),#253);
#250 = B_SPLINE_CURVE_WITH_KNOTS('',1,(#251,#252),.UNSPECIFIED.,.F.,.F.,
  (2,2),(6.75,13.75),.PIECEWISE_BEZIER_KNOTS.);
#251 = CARTESIAN_POINT('',(13.5,-364.5));
#252 = CARTESIAN_POINT('',(20.5,-364.5));
#253 = ( GEOMETRIC_REPRESENTATION_CONTEXT(2) 
PARAMETRIC_REPRESENTATION_CONTEXT() REPRESENTATION_CONTEXT('2D SPACE',''
  ) );
#254 = PCURVE('',#255,#260);
#255 = PLANE('',#256);
#256 = AXIS2_PLACEMENT_3D('',#257,#258,#259);
#257 = CARTESIAN_POINT('',(5.,264.5,-3.5));
#258 = DIRECTION('',(-0.,1.,0.));
#259 = DIRECTION('',(0.,0.,1.));
#260 = DEFINITIONAL_REPRESENTATION('',(#261),#264);
#261 = B_SPLINE_CURVE_WITH_KNOTS('',1,(#262,#263),.UNSPECIFIED.,.F.,.F.,
  (2,2),(6.75,13.75),.PIECEWISE_BEZIER_KNOTS.);
#262 = CARTESIAN_POINT('',(0.,5.));
#263 = CARTESIAN_POINT('',(7.,5.));
#264 = ( GEOMETRIC_REPRESENTATION_CONTEXT(2) 
PARAMETRIC_REPRESENTATION_CONTEXT() REPRESENTATION_CONTEXT('2D SPACE',''
  ) );
#265 = FACE_BOUND('',#266,.T.);
#266 = EDGE_LOOP('',(#267,#295,#321,#347));
#267 = ORIENTED_EDGE('',*,*,#268,.T.);
#268 = EDGE_CURVE('',#269,#271,#273,.T.);
#269 = VERTEX_POINT('',#270);
#270 = CARTESIAN_POINT('',(10.,42.5,-3.5));
#271 = VERTEX_POINT('',#272);
#272 = CARTESIAN_POINT('',(10.,35.5,-3.5));
#273 = SURFACE_CURVE('',#274,(#278,#284),.PCURVE_S1.);
#274 = LINE('',#275,#276);
#275 = CARTESIAN_POINT('',(10.,-32.25,-3.5));
#276 = VECTOR('',#277,1.);
#277 = DIRECTION('',(0.,-1.,0.));
#278 = PCURVE('',#58,#279);
#279 = DEFINITIONAL_REPRESENTATION('',(#280),#283);
#280 = B_SPLINE_CURVE_WITH_KNOTS('',1,(#281,#282),.UNSPECIFIED.,.F.,.F.,
  (2,2),(-74.75,-67.75),.PIECEWISE_BEZIER_KNOTS.);
#281 = CARTESIAN_POINT('',(13.5,-142.5));
#282 = CARTESIAN_POINT('',(13.5,-135.5));
#283 = ( GEOMETRIC_REPRESENTATION_CONTEXT(2) 
PARAMETRIC_REPRESENTATION_CONTEXT() REPRESENTATION_CONTEXT('2D SPACE',''
  ) );
#284 = PCURVE('',#285,#290);
#285 = PLANE('',#286);
#286 = AXIS2_PLACEMENT_3D('',#287,#288,#289);
#287 = CARTESIAN_POINT('',(5.,35.5,-3.5));
#288 = DIRECTION('',(0.,0.,1.));
#289 = DIRECTION('',(1.,0.,-0.));
#290 = DEFINITIONAL_REPRESENTATION('',(#291),#294);
#291 = B_SPLINE_CURVE_WITH_KNOTS('',1,(#292,#293),.UNSPECIFIED.,.F.,.F.,
  (2,2),(-74.75,-67.75),.PIECEWISE_BEZIER_KNOTS.);
#292 = CARTESIAN_POINT('',(5.,7.));
#293 = CARTESIAN_POINT('',(5.,0.));
#294 = ( GEOMETRIC_REPRESENTATION_CONTEXT(2) 
PARAMETRIC_REPRESENTATION_CONTEXT() REPRESENTATION_CONTEXT('2D SPACE',''
  ) );
#295 = ORIENTED_EDGE('',*,*,#296,.T.);
#296 = EDGE_CURVE('',#271,#297,#299,.T.);
#297 = VERTEX_POINT('',#298);
#298 = CARTESIAN_POINT('',(10.,35.5,3.5));
#299 = SURFACE_CURVE('',#300,(#304,#310),.PCURVE_S1.);
#300 = LINE('',#301,#302);
#301 = CARTESIAN_POINT('',(10.,35.5,-10.25));
#302 = VECTOR('',#303,1.);
#303 = DIRECTION('',(0.,-0.,1.));
#304 = PCURVE('',#58,#305);
#305 = DEFINITIONAL_REPRESENTATION('',(#306),#309);
#306 = B_SPLINE_CURVE_WITH_KNOTS('',1,(#307,#308),.UNSPECIFIED.,.F.,.F.,
  (2,2),(6.75,13.75),.PIECEWISE_BEZIER_KNOTS.);
#307 = CARTESIAN_POINT('',(13.5,-135.5));
#308 = CARTESIAN_POINT('',(20.5,-135.5));
#309 = ( GEOMETRIC_REPRESENTATION_CONTEXT(2) 
PARAMETRIC_REPRESENTATION_CONTEXT() REPRESENTATION_CONTEXT('2D SPACE',''
  ) );
#310 = PCURVE('',#311,#316);
#311 = PLANE('',#312);
#312 = AXIS2_PLACEMENT_3D('',#313,#314,#315);
#313 = CARTESIAN_POINT('',(5.,35.5,-3.5));
#314 = DIRECTION('',(-0.,1.,0.));
#315 = DIRECTION('',(0.,0.,1.));
#316 = DEFINITIONAL_REPRESENTATION('',(#317),#320);
#317 = B_SPLINE_CURVE_WITH_KNOTS('',1,(#318,#319),.UNSPECIFIED.,.F.,.F.,
  (2,2),(6.75,13.75),.PIECEWISE_BEZIER_KNOTS.);
#318 = CARTESIAN_POINT('',(0.,5.));
#319 = CARTESIAN_POINT('',(7.,5.));
#320 = ( GEOMETRIC_REPRESENTATION_CONTEXT(2) 
PARAMETRIC_REPRESENTATION_CONTEXT() REPRESENTATION_CONTEXT('2D SPACE',''
  ) );
#321 = ORIENTED_EDGE('',*,*,#322,.F.);
#322 = EDGE_CURVE('',#323,#297,#325,.T.);
#323 = VERTEX_POINT('',#324);
#324 = CARTESIAN_POINT('',(10.,42.5,3.5));
#325 = SURFACE_CURVE('',#326,(#330,#336),.PCURVE_S1.);
#326 = LINE('',#327,#328);
#327 = CARTESIAN_POINT('',(10.,-32.25,3.5));
#328 = VECTOR('',#329,1.);
#329 = DIRECTION('',(0.,-1.,0.));
#330 = PCURVE('',#58,#331);
#331 = DEFINITIONAL_REPRESENTATION('',(#332),#335);
#332 = B_SPLINE_CURVE_WITH_KNOTS('',1,(#333,#334),.UNSPECIFIED.,.F.,.F.,
  (2,2),(-74.75,-67.75),.PIECEWISE_BEZIER_KNOTS.);
#333 = CARTESIAN_POINT('',(20.5,-142.5));
#334 = CARTESIAN_POINT('',(20.5,-135.5));
#335 = ( GEOMETRIC_REPRESENTATION_CONTEXT(2) 
PARAMETRIC_REPRESENTATION_CONTEXT() REPRESENTATION_CONTEXT('2D SPACE',''
  ) );
#336 = PCURVE('',#337,#342);
#337 = PLANE('',#338);
#338 = AXIS2_PLACEMENT_3D('',#339,#340,#341);
#339 = CARTESIAN_POINT('',(5.,35.5,3.5));
#340 = DIRECTION('',(0.,0.,1.));
#341 = DIRECTION('',(1.,0.,-0.));
#342 = DEFINITIONAL_REPRESENTATION('',(#343),#346);
#343 = B_SPLINE_CURVE_WITH_KNOTS('',1,(#344,#345),.UNSPECIFIED.,.F.,.F.,
  (2,2),(-74.75,-67.75),.PIECEWISE_BEZIER_KNOTS.);
#344 = CARTESIAN_POINT('',(5.,7.));
#345 = CARTESIAN_POINT('',(5.,0.));
#346 = ( GEOMETRIC_REPRESENTATION_CONTEXT(2) 
PARAMETRIC_REPRESENTATION_CONTEXT() REPRESENTATION_CONTEXT('2D SPACE',''
  ) );
#347 = ORIENTED_EDGE('',*,*,#348,.F.);
#348 = EDGE_CURVE('',#269,#323,#349,.T.);
#349 = SURFACE_CURVE('',#350,(#354,#360),.PCURVE_S1.);
#350 = LINE('',#351,#352);
#351 = CARTESIAN_POINT('',(10.,42.5,-10.25));
#352 = VECTOR('',#353,1.);
#353 = DIRECTION('',(0.,-0.,1.));
#354 = PCURVE('',#58,#355);
#355 = DEFINITIONAL_REPRESENTATION('',(#356),#359);
#356 = B_SPLINE_CURVE_WITH_KNOTS('',1,(#357,#358),.UNSPECIFIED.,.F.,.F.,
  (2,2),(6.75,13.75),.PIECEWISE_BEZIER_KNOTS.);
#357 = CARTESIAN_POINT('',(13.5,-142.5));
#358 = CARTESIAN_POINT('',(20.5,-142.5));
#359 = ( GEOMETRIC_REPRESENTATION_CONTEXT(2) 
PARAMETRIC_REPRESENTATION_CONTEXT() REPRESENTATION_CONTEXT('2D SPACE',''
  ) );
#360 = PCURVE('',#361,#366);
#361 = PLANE('',#362);
#362 = AXIS2_PLACEMENT_3D('',#363,#364,#365);
#363 = CARTESIAN_POINT('',(5.,42.5,-3.5));
#364 = DIRECTION('',(-0.,1.,0.));
#365 = DIRECTION('',(0.,0.,1.));
#366 = DEFINITIONAL_REPRESENTATION('',(#367),#370);
#367 = B_SPLINE_CURVE_WITH_KNOTS('',1,(#368,#369),.UNSPECIFIED.,.F.,.F.,
  (2,2),(6.75,13.75),.PIECEWISE_BEZIER_KNOTS.);
#368 = CARTESIAN_POINT('',(0.,5.));
#369 = CARTESIAN_POINT('',(7.,5.));
#370 = ( GEOMETRIC_REPRESENTATION_CONTEXT(2) 
PARAMETRIC_REPRESENTATION_CONTEXT() REPRESENTATION_CONTEXT('2D SPACE',''
  ) );
#371 = ADVANCED_FACE('',(#372),#70,.T.);
#372 = FACE_BOUND('',#373,.T.);
#373 = EDGE_LOOP('',(#374,#403,#404,#433));
#374 = ORIENTED_EDGE('',*,*,#375,.F.);
#375 = EDGE_CURVE('',#48,#376,#378,.T.);
#376 = VERTEX_POINT('',#377);
#377 = CARTESIAN_POINT('',(7.,1.35,20.));
#378 = SURFACE_CURVE('',#379,(#384,#396),.PCURVE_S1.);
#379 = ELLIPSE('',#380,3.289756829919,3.);
#380 = AXIS2_PLACEMENT_3D('',#381,#382,#383);
#381 = CARTESIAN_POINT('',(7.,1.35,17.));
#382 = DIRECTION('',(-0.410364677329,-0.911921505175,0.));
#383 = DIRECTION('',(0.911921505175,-0.410364677329,0.));
#384 = PCURVE('',#70,#385);
#385 = DEFINITIONAL_REPRESENTATION('',(#386),#395);
#386 = B_SPLINE_CURVE_WITH_KNOTS('',7,(#387,#388,#389,#390,#391,#392,
    #393,#394),.UNSPECIFIED.,.F.,.F.,(8,8),(0.,1.570796326795),
  .PIECEWISE_BEZIER_KNOTS.);
#387 = CARTESIAN_POINT('',(0.,-100.));
#388 = CARTESIAN_POINT('',(0.224399475256,-100.));
#389 = CARTESIAN_POINT('',(0.448798950513,-100.079310708));
#390 = CARTESIAN_POINT('',(0.673198425769,-100.2379206187));
#391 = CARTESIAN_POINT('',(0.897597901026,-100.4660917851));
#392 = CARTESIAN_POINT('',(1.121997376282,-100.7441226469));
#393 = CARTESIAN_POINT('',(1.346396851538,-101.0470607084));
#394 = CARTESIAN_POINT('',(1.570796326795,-101.35));
#395 = ( GEOMETRIC_REPRESENTATION_CONTEXT(2) 
PARAMETRIC_REPRESENTATION_CONTEXT() REPRESENTATION_CONTEXT('2D SPACE',''
  ) );
#396 = PCURVE('',#97,#397);
#397 = DEFINITIONAL_REPRESENTATION('',(#398),#402);
#398 = ELLIPSE('',#399,3.289756829919,3.);
#399 = AXIS2_PLACEMENT_2D('',#400,#401);
#400 = CARTESIAN_POINT('',(9.983E+03,9.99671024317E+03));
#401 = DIRECTION('',(0.,1.));
#402 = ( GEOMETRIC_REPRESENTATION_CONTEXT(2) 
PARAMETRIC_REPRESENTATION_CONTEXT() REPRESENTATION_CONTEXT('2D SPACE',''
  ) );
#403 = ORIENTED_EDGE('',*,*,#47,.T.);
#404 = ORIENTED_EDGE('',*,*,#405,.F.);
#405 = EDGE_CURVE('',#406,#50,#408,.T.);
#406 = VERTEX_POINT('',#407);
#407 = CARTESIAN_POINT('',(7.,298.64999999999,20.));
#408 = SURFACE_CURVE('',#409,(#414,#426),.PCURVE_S1.);
#409 = ELLIPSE('',#410,3.289756829919,3.);
#410 = AXIS2_PLACEMENT_3D('',#411,#412,#413);
#411 = CARTESIAN_POINT('',(7.,298.64999999999,17.));
#412 = DIRECTION('',(-0.410364677329,0.911921505175,0.));
#413 = DIRECTION('',(-0.911921505175,-0.410364677329,0.));
#414 = PCURVE('',#70,#415);
#415 = DEFINITIONAL_REPRESENTATION('',(#416),#425);
#416 = B_SPLINE_CURVE_WITH_KNOTS('',7,(#417,#418,#419,#420,#421,#422,
    #423,#424),.UNSPECIFIED.,.F.,.F.,(8,8),(1.570796326795,3.14159265359
    ),.PIECEWISE_BEZIER_KNOTS.);
#417 = CARTESIAN_POINT('',(1.570796326795,-398.6499999999));
#418 = CARTESIAN_POINT('',(1.346396851538,-398.9529392915));
#419 = CARTESIAN_POINT('',(1.121997376282,-399.255877353));
#420 = CARTESIAN_POINT('',(0.897597901025,-399.5339082147));
#421 = CARTESIAN_POINT('',(0.673198425769,-399.7620793812));
#422 = CARTESIAN_POINT('',(0.448798950513,-399.9206892919));
#423 = CARTESIAN_POINT('',(0.224399475256,-399.9999999999));
#424 = CARTESIAN_POINT('',(0.,-399.9999999999));
#425 = ( GEOMETRIC_REPRESENTATION_CONTEXT(2) 
PARAMETRIC_REPRESENTATION_CONTEXT() REPRESENTATION_CONTEXT('2D SPACE',''
  ) );
#426 = PCURVE('',#149,#427);
#427 = DEFINITIONAL_REPRESENTATION('',(#428),#432);
#428 = ELLIPSE('',#429,3.289756829919,3.);
#429 = AXIS2_PLACEMENT_2D('',#430,#431);
#430 = CARTESIAN_POINT('',(1.0017E+04,9.99671024317E+03));
#431 = DIRECTION('',(0.,-1.));
#432 = ( GEOMETRIC_REPRESENTATION_CONTEXT(2) 
PARAMETRIC_REPRESENTATION_CONTEXT() REPRESENTATION_CONTEXT('2D SPACE',''
  ) );
#433 = ORIENTED_EDGE('',*,*,#434,.F.);
#434 = EDGE_CURVE('',#376,#406,#435,.T.);
#435 = SURFACE_CURVE('',#436,(#440,#447),.PCURVE_S1.);
#436 = LINE('',#437,#438);
#437 = CARTESIAN_POINT('',(7.,-100.,20.));
#438 = VECTOR('',#439,1.);
#439 = DIRECTION('',(0.,1.,0.));
#440 = PCURVE('',#70,#441);
#441 = DEFINITIONAL_REPRESENTATION('',(#442),#446);
#442 = LINE('',#443,#444);
#443 = CARTESIAN_POINT('',(1.570796326795,0.));
#444 = VECTOR('',#445,1.);
#445 = DIRECTION('',(0.,-1.));
#446 = ( GEOMETRIC_REPRESENTATION_CONTEXT(2) 
PARAMETRIC_REPRESENTATION_CONTEXT() REPRESENTATION_CONTEXT('2D SPACE',''
  ) );
#447 = PCURVE('',#448,#453);
#448 = PLANE('',#449);
#449 = AXIS2_PLACEMENT_3D('',#450,#451,#452);
#450 = CARTESIAN_POINT('',(7.,-100.,20.));
#451 = DIRECTION('',(0.,-0.,1.));
#452 = DIRECTION('',(-1.,0.,0.));
#453 = DEFINITIONAL_REPRESENTATION('',(#454),#458);
#454 = LINE('',#455,#456);
#455 = CARTESIAN_POINT('',(0.,0.));
#456 = VECTOR('',#457,1.);
#457 = DIRECTION('',(0.,-1.));
#458 = ( GEOMETRIC_REPRESENTATION_CONTEXT(2) 
PARAMETRIC_REPRESENTATION_CONTEXT() REPRESENTATION_CONTEXT('2D SPACE',''
  ) );
#459 = ADVANCED_FACE('',(#460,#632),#97,.T.);
#460 = FACE_BOUND('',#461,.T.);
#461 = EDGE_LOOP('',(#462,#463,#464,#485,#519,#545,#579,#605));
#462 = ORIENTED_EDGE('',*,*,#82,.F.);
#463 = ORIENTED_EDGE('',*,*,#375,.T.);
#464 = ORIENTED_EDGE('',*,*,#465,.F.);
#465 = EDGE_CURVE('',#466,#376,#468,.T.);
#466 = VERTEX_POINT('',#467);
#467 = CARTESIAN_POINT('',(-7.,7.65,20.));
#468 = SURFACE_CURVE('',#469,(#473,#479),.PCURVE_S1.);
#469 = LINE('',#470,#471);
#470 = CARTESIAN_POINT('',(-4.532143908412E+03,2.043964758785E+03,20.));
#471 = VECTOR('',#472,1.);
#472 = DIRECTION('',(0.911921505175,-0.410364677329,-0.));
#473 = PCURVE('',#97,#474);
#474 = DEFINITIONAL_REPRESENTATION('',(#475),#478);
#475 = B_SPLINE_CURVE_WITH_KNOTS('',1,(#476,#477),.UNSPECIFIED.,.F.,.F.,
  (2,2),(4.962207693022E+03,4.977559891561E+03),
  .PIECEWISE_BEZIER_KNOTS.);
#476 = CARTESIAN_POINT('',(9.98E+03,9.98135804463E+03));
#477 = CARTESIAN_POINT('',(9.98E+03,9.99671024317E+03));
#478 = ( GEOMETRIC_REPRESENTATION_CONTEXT(2) 
PARAMETRIC_REPRESENTATION_CONTEXT() REPRESENTATION_CONTEXT('2D SPACE',''
  ) );
#479 = PCURVE('',#448,#480);
#480 = DEFINITIONAL_REPRESENTATION('',(#481),#484);
#481 = B_SPLINE_CURVE_WITH_KNOTS('',1,(#482,#483),.UNSPECIFIED.,.F.,.F.,
  (2,2),(4.962207693022E+03,4.977559891561E+03),
  .PIECEWISE_BEZIER_KNOTS.);
#482 = CARTESIAN_POINT('',(14.,-107.65));
#483 = CARTESIAN_POINT('',(0.,-101.35));
#484 = ( GEOMETRIC_REPRESENTATION_CONTEXT(2) 
PARAMETRIC_REPRESENTATION_CONTEXT() REPRESENTATION_CONTEXT('2D SPACE',''
  ) );
#485 = ORIENTED_EDGE('',*,*,#486,.T.);
#486 = EDGE_CURVE('',#466,#487,#489,.T.);
#487 = VERTEX_POINT('',#488);
#488 = CARTESIAN_POINT('',(-10.,9.,17.));
#489 = SURFACE_CURVE('',#490,(#495,#502),.PCURVE_S1.);
#490 = ELLIPSE('',#491,3.289756829919,3.);
#491 = AXIS2_PLACEMENT_3D('',#492,#493,#494);
#492 = CARTESIAN_POINT('',(-7.,7.65,17.));
#493 = DIRECTION('',(-0.410364677329,-0.911921505175,0.));
#494 = DIRECTION('',(0.911921505175,-0.410364677329,0.));
#495 = PCURVE('',#97,#496);
#496 = DEFINITIONAL_REPRESENTATION('',(#497),#501);
#497 = ELLIPSE('',#498,3.289756829919,3.);
#498 = AXIS2_PLACEMENT_2D('',#499,#500);
#499 = CARTESIAN_POINT('',(9.983E+03,9.98135804463E+03));
#500 = DIRECTION('',(0.,1.));
#501 = ( GEOMETRIC_REPRESENTATION_CONTEXT(2) 
PARAMETRIC_REPRESENTATION_CONTEXT() REPRESENTATION_CONTEXT('2D SPACE',''
  ) );
#502 = PCURVE('',#503,#508);
#503 = CYLINDRICAL_SURFACE('',#504,3.);
#504 = AXIS2_PLACEMENT_3D('',#505,#506,#507);
#505 = CARTESIAN_POINT('',(-7.,-100.,17.));
#506 = DIRECTION('',(0.,-1.,0.));
#507 = DIRECTION('',(-5.921189464668E-16,0.,1.));
#508 = DEFINITIONAL_REPRESENTATION('',(#509),#518);
#509 = B_SPLINE_CURVE_WITH_KNOTS('',7,(#510,#511,#512,#513,#514,#515,
    #516,#517),.UNSPECIFIED.,.F.,.F.,(8,8),(1.570796326795,3.14159265359
    ),.PIECEWISE_BEZIER_KNOTS.);
#510 = CARTESIAN_POINT('',(0.,-107.65));
#511 = CARTESIAN_POINT('',(0.224399475256,-107.9529392915));
#512 = CARTESIAN_POINT('',(0.448798950513,-108.255877353));
#513 = CARTESIAN_POINT('',(0.673198425769,-108.5339082148));
#514 = CARTESIAN_POINT('',(0.897597901026,-108.7620793811));
#515 = CARTESIAN_POINT('',(1.121997376282,-108.9206892919));
#516 = CARTESIAN_POINT('',(1.346396851538,-109.));
#517 = CARTESIAN_POINT('',(1.570796326795,-109.));
#518 = ( GEOMETRIC_REPRESENTATION_CONTEXT(2) 
PARAMETRIC_REPRESENTATION_CONTEXT() REPRESENTATION_CONTEXT('2D SPACE',''
  ) );
#519 = ORIENTED_EDGE('',*,*,#520,.F.);
#520 = EDGE_CURVE('',#521,#487,#523,.T.);
#521 = VERTEX_POINT('',#522);
#522 = CARTESIAN_POINT('',(-10.,9.,-17.));
#523 = SURFACE_CURVE('',#524,(#528,#534),.PCURVE_S1.);
#524 = LINE('',#525,#526);
#525 = CARTESIAN_POINT('',(-10.,9.000000000001,5.0085E+03));
#526 = VECTOR('',#527,1.);
#527 = DIRECTION('',(0.,0.,1.));
#528 = PCURVE('',#97,#529);
#529 = DEFINITIONAL_REPRESENTATION('',(#530),#533);
#530 = B_SPLINE_CURVE_WITH_KNOTS('',1,(#531,#532),.UNSPECIFIED.,.F.,.F.,
  (2,2),(-5.0255E+03,-4.9915E+03),.PIECEWISE_BEZIER_KNOTS.);
#531 = CARTESIAN_POINT('',(1.0017E+04,9.978068287801E+03));
#532 = CARTESIAN_POINT('',(9.983E+03,9.978068287801E+03));
#533 = ( GEOMETRIC_REPRESENTATION_CONTEXT(2) 
PARAMETRIC_REPRESENTATION_CONTEXT() REPRESENTATION_CONTEXT('2D SPACE',''
  ) );
#534 = PCURVE('',#535,#540);
#535 = PLANE('',#536);
#536 = AXIS2_PLACEMENT_3D('',#537,#538,#539);
#537 = CARTESIAN_POINT('',(-10.,-100.,17.));
#538 = DIRECTION('',(-1.,0.,0.));
#539 = DIRECTION('',(0.,0.,-1.));
#540 = DEFINITIONAL_REPRESENTATION('',(#541),#544);
#541 = B_SPLINE_CURVE_WITH_KNOTS('',1,(#542,#543),.UNSPECIFIED.,.F.,.F.,
  (2,2),(-5.0255E+03,-4.9915E+03),.PIECEWISE_BEZIER_KNOTS.);
#542 = CARTESIAN_POINT('',(34.,-109.));
#543 = CARTESIAN_POINT('',(0.,-109.));
#544 = ( GEOMETRIC_REPRESENTATION_CONTEXT(2) 
PARAMETRIC_REPRESENTATION_CONTEXT() REPRESENTATION_CONTEXT('2D SPACE',''
  ) );
#545 = ORIENTED_EDGE('',*,*,#546,.T.);
#546 = EDGE_CURVE('',#521,#547,#549,.T.);
#547 = VERTEX_POINT('',#548);
#548 = CARTESIAN_POINT('',(-7.,7.65,-20.));
#549 = SURFACE_CURVE('',#550,(#555,#562),.PCURVE_S1.);
#550 = ELLIPSE('',#551,3.289756829919,3.);
#551 = AXIS2_PLACEMENT_3D('',#552,#553,#554);
#552 = CARTESIAN_POINT('',(-7.,7.65,-17.));
#553 = DIRECTION('',(-0.410364677329,-0.911921505175,0.));
#554 = DIRECTION('',(0.911921505175,-0.410364677329,0.));
#555 = PCURVE('',#97,#556);
#556 = DEFINITIONAL_REPRESENTATION('',(#557),#561);
#557 = ELLIPSE('',#558,3.289756829919,3.);
#558 = AXIS2_PLACEMENT_2D('',#559,#560);
#559 = CARTESIAN_POINT('',(1.0017E+04,9.98135804463E+03));
#560 = DIRECTION('',(0.,1.));
#561 = ( GEOMETRIC_REPRESENTATION_CONTEXT(2) 
PARAMETRIC_REPRESENTATION_CONTEXT() REPRESENTATION_CONTEXT('2D SPACE',''
  ) );
#562 = PCURVE('',#563,#568);
#563 = CYLINDRICAL_SURFACE('',#564,3.);
#564 = AXIS2_PLACEMENT_3D('',#565,#566,#567);
#565 = CARTESIAN_POINT('',(-7.,-100.,-17.));
#566 = DIRECTION('',(0.,-1.,0.));
#567 = DIRECTION('',(-1.,0.,0.));
#568 = DEFINITIONAL_REPRESENTATION('',(#569),#578);
#569 = B_SPLINE_CURVE_WITH_KNOTS('',7,(#570,#571,#572,#573,#574,#575,
    #576,#577),.UNSPECIFIED.,.F.,.F.,(8,8),(3.14159265359,4.712388980385
    ),.PIECEWISE_BEZIER_KNOTS.);
#570 = CARTESIAN_POINT('',(0.,-109.));
#571 = CARTESIAN_POINT('',(0.224399475256,-109.));
#572 = CARTESIAN_POINT('',(0.448798950513,-108.9206892919));
#573 = CARTESIAN_POINT('',(0.673198425769,-108.7620793812));
#574 = CARTESIAN_POINT('',(0.897597901026,-108.5339082148));
#575 = CARTESIAN_POINT('',(1.121997376282,-108.255877353));
#576 = CARTESIAN_POINT('',(1.346396851538,-107.9529392915));
#577 = CARTESIAN_POINT('',(1.570796326795,-107.65));
#578 = ( GEOMETRIC_REPRESENTATION_CONTEXT(2) 
PARAMETRIC_REPRESENTATION_CONTEXT() REPRESENTATION_CONTEXT('2D SPACE',''
  ) );
#579 = ORIENTED_EDGE('',*,*,#580,.F.);
#580 = EDGE_CURVE('',#581,#547,#583,.T.);
#581 = VERTEX_POINT('',#582);
#582 = CARTESIAN_POINT('',(7.,1.35,-20.));
#583 = SURFACE_CURVE('',#584,(#588,#594),.PCURVE_S1.);
#584 = LINE('',#585,#586);
#585 = CARTESIAN_POINT('',(-4.537965114233E+03,2.046584301405E+03,-20.)
  );
#586 = VECTOR('',#587,1.);
#587 = DIRECTION('',(-0.911921505175,0.410364677329,0.));
#588 = PCURVE('',#97,#589);
#589 = DEFINITIONAL_REPRESENTATION('',(#590),#593);
#590 = B_SPLINE_CURVE_WITH_KNOTS('',1,(#591,#592),.UNSPECIFIED.,.F.,.F.,
  (2,2),(-4.983943342098E+03,-4.968591143558E+03),
  .PIECEWISE_BEZIER_KNOTS.);
#591 = CARTESIAN_POINT('',(1.002E+04,9.99671024317E+03));
#592 = CARTESIAN_POINT('',(1.002E+04,9.98135804463E+03));
#593 = ( GEOMETRIC_REPRESENTATION_CONTEXT(2) 
PARAMETRIC_REPRESENTATION_CONTEXT() REPRESENTATION_CONTEXT('2D SPACE',''
  ) );
#594 = PCURVE('',#595,#600);
#595 = PLANE('',#596);
#596 = AXIS2_PLACEMENT_3D('',#597,#598,#599);
#597 = CARTESIAN_POINT('',(-7.,-100.,-20.));
#598 = DIRECTION('',(0.,0.,-1.));
#599 = DIRECTION('',(1.,0.,0.));
#600 = DEFINITIONAL_REPRESENTATION('',(#601),#604);
#601 = B_SPLINE_CURVE_WITH_KNOTS('',1,(#602,#603),.UNSPECIFIED.,.F.,.F.,
  (2,2),(-4.983943342098E+03,-4.968591143558E+03),
  .PIECEWISE_BEZIER_KNOTS.);
#602 = CARTESIAN_POINT('',(14.,-101.35));
#603 = CARTESIAN_POINT('',(0.,-107.65));
#604 = ( GEOMETRIC_REPRESENTATION_CONTEXT(2) 
PARAMETRIC_REPRESENTATION_CONTEXT() REPRESENTATION_CONTEXT('2D SPACE',''
  ) );
#605 = ORIENTED_EDGE('',*,*,#606,.T.);
#606 = EDGE_CURVE('',#581,#83,#607,.T.);
#607 = SURFACE_CURVE('',#608,(#613,#620),.PCURVE_S1.);
#608 = ELLIPSE('',#609,3.289756829919,3.);
#609 = AXIS2_PLACEMENT_3D('',#610,#611,#612);
#610 = CARTESIAN_POINT('',(7.,1.35,-17.));
#611 = DIRECTION('',(-0.410364677329,-0.911921505175,0.));
#612 = DIRECTION('',(0.911921505175,-0.410364677329,0.));
#613 = PCURVE('',#97,#614);
#614 = DEFINITIONAL_REPRESENTATION('',(#615),#619);
#615 = ELLIPSE('',#616,3.289756829919,3.);
#616 = AXIS2_PLACEMENT_2D('',#617,#618);
#617 = CARTESIAN_POINT('',(1.0017E+04,9.99671024317E+03));
#618 = DIRECTION('',(0.,1.));
#619 = ( GEOMETRIC_REPRESENTATION_CONTEXT(2) 
PARAMETRIC_REPRESENTATION_CONTEXT() REPRESENTATION_CONTEXT('2D SPACE',''
  ) );
#620 = PCURVE('',#124,#621);
#621 = DEFINITIONAL_REPRESENTATION('',(#622),#631);
#622 = B_SPLINE_CURVE_WITH_KNOTS('',7,(#623,#624,#625,#626,#627,#628,
    #629,#630),.UNSPECIFIED.,.F.,.F.,(8,8),(4.712388980385,6.28318530718
    ),.PIECEWISE_BEZIER_KNOTS.);
#623 = CARTESIAN_POINT('',(-8.881784197001E-16,-101.35));
#624 = CARTESIAN_POINT('',(0.224399475256,-101.0470607084));
#625 = CARTESIAN_POINT('',(0.448798950513,-100.7441226469));
#626 = CARTESIAN_POINT('',(0.673198425769,-100.4660917852));
#627 = CARTESIAN_POINT('',(0.897597901026,-100.2379206187));
#628 = CARTESIAN_POINT('',(1.121997376282,-100.079310708));
#629 = CARTESIAN_POINT('',(1.346396851538,-100.));
#630 = CARTESIAN_POINT('',(1.570796326795,-100.));
#631 = ( GEOMETRIC_REPRESENTATION_CONTEXT(2) 
PARAMETRIC_REPRESENTATION_CONTEXT() REPRESENTATION_CONTEXT('2D SPACE',''
  ) );
#632 = FACE_BOUND('',#633,.T.);
#633 = EDGE_LOOP('',(#634,#670,#696,#730,#756,#790,#816,#850));
#634 = ORIENTED_EDGE('',*,*,#635,.F.);
#635 = EDGE_CURVE('',#636,#638,#640,.T.);
#636 = VERTEX_POINT('',#637);
#637 = CARTESIAN_POINT('',(8.5,0.675,17.));
#638 = VERTEX_POINT('',#639);
#639 = CARTESIAN_POINT('',(7.,1.35,18.5));
#640 = SURFACE_CURVE('',#641,(#646,#653),.PCURVE_S1.);
#641 = ELLIPSE('',#642,1.64487841496,1.5);
#642 = AXIS2_PLACEMENT_3D('',#643,#644,#645);
#643 = CARTESIAN_POINT('',(7.,1.35,17.));
#644 = DIRECTION('',(-0.410364677329,-0.911921505175,0.));
#645 = DIRECTION('',(0.911921505175,-0.410364677329,0.));
#646 = PCURVE('',#97,#647);
#647 = DEFINITIONAL_REPRESENTATION('',(#648),#652);
#648 = ELLIPSE('',#649,1.64487841496,1.5);
#649 = AXIS2_PLACEMENT_2D('',#650,#651);
#650 = CARTESIAN_POINT('',(9.983E+03,9.99671024317E+03));
#651 = DIRECTION('',(0.,1.));
#652 = ( GEOMETRIC_REPRESENTATION_CONTEXT(2) 
PARAMETRIC_REPRESENTATION_CONTEXT() REPRESENTATION_CONTEXT('2D SPACE',''
  ) );
#653 = PCURVE('',#654,#659);
#654 = CYLINDRICAL_SURFACE('',#655,1.5);
#655 = AXIS2_PLACEMENT_3D('',#656,#657,#658);
#656 = CARTESIAN_POINT('',(7.,-100.,17.));
#657 = DIRECTION('',(0.,-1.,0.));
#658 = DIRECTION('',(1.,0.,0.));
#659 = DEFINITIONAL_REPRESENTATION('',(#660),#669);
#660 = B_SPLINE_CURVE_WITH_KNOTS('',7,(#661,#662,#663,#664,#665,#666,
    #667,#668),.UNSPECIFIED.,.F.,.F.,(8,8),(0.,1.570796326795),
  .PIECEWISE_BEZIER_KNOTS.);
#661 = CARTESIAN_POINT('',(0.,-100.675));
#662 = CARTESIAN_POINT('',(0.224399475256,-100.675));
#663 = CARTESIAN_POINT('',(0.448798950513,-100.714655354));
#664 = CARTESIAN_POINT('',(0.673198425769,-100.7939603093));
#665 = CARTESIAN_POINT('',(0.897597901026,-100.9080458926));
#666 = CARTESIAN_POINT('',(1.121997376282,-101.0470613234));
#667 = CARTESIAN_POINT('',(1.346396851538,-101.1985303542));
#668 = CARTESIAN_POINT('',(1.570796326795,-101.35));
#669 = ( GEOMETRIC_REPRESENTATION_CONTEXT(2) 
PARAMETRIC_REPRESENTATION_CONTEXT() REPRESENTATION_CONTEXT('2D SPACE',''
  ) );
#670 = ORIENTED_EDGE('',*,*,#671,.T.);
#671 = EDGE_CURVE('',#636,#672,#674,.T.);
#672 = VERTEX_POINT('',#673);
#673 = CARTESIAN_POINT('',(8.5,0.675,-17.));
#674 = SURFACE_CURVE('',#675,(#679,#685),.PCURVE_S1.);
#675 = LINE('',#676,#677);
#676 = CARTESIAN_POINT('',(8.5,0.675000000001,4.9915E+03));
#677 = VECTOR('',#678,1.);
#678 = DIRECTION('',(0.,-0.,-1.));
#679 = PCURVE('',#97,#680);
#680 = DEFINITIONAL_REPRESENTATION('',(#681),#684);
#681 = B_SPLINE_CURVE_WITH_KNOTS('',1,(#682,#683),.UNSPECIFIED.,.F.,.F.,
  (2,2),(4.9745E+03,5.0085E+03),.PIECEWISE_BEZIER_KNOTS.);
#682 = CARTESIAN_POINT('',(9.983E+03,9.998355121585E+03));
#683 = CARTESIAN_POINT('',(1.0017E+04,9.998355121585E+03));
#684 = ( GEOMETRIC_REPRESENTATION_CONTEXT(2) 
PARAMETRIC_REPRESENTATION_CONTEXT() REPRESENTATION_CONTEXT('2D SPACE',''
  ) );
#685 = PCURVE('',#686,#691);
#686 = PLANE('',#687);
#687 = AXIS2_PLACEMENT_3D('',#688,#689,#690);
#688 = CARTESIAN_POINT('',(8.5,-100.,-17.));
#689 = DIRECTION('',(1.,0.,0.));
#690 = DIRECTION('',(0.,0.,1.));
#691 = DEFINITIONAL_REPRESENTATION('',(#692),#695);
#692 = B_SPLINE_CURVE_WITH_KNOTS('',1,(#693,#694),.UNSPECIFIED.,.F.,.F.,
  (2,2),(4.9745E+03,5.0085E+03),.PIECEWISE_BEZIER_KNOTS.);
#693 = CARTESIAN_POINT('',(34.,-100.675));
#694 = CARTESIAN_POINT('',(0.,-100.675));
#695 = ( GEOMETRIC_REPRESENTATION_CONTEXT(2) 
PARAMETRIC_REPRESENTATION_CONTEXT() REPRESENTATION_CONTEXT('2D SPACE',''
  ) );
#696 = ORIENTED_EDGE('',*,*,#697,.F.);
#697 = EDGE_CURVE('',#698,#672,#700,.T.);
#698 = VERTEX_POINT('',#699);
#699 = CARTESIAN_POINT('',(7.,1.35,-18.5));
#700 = SURFACE_CURVE('',#701,(#706,#713),.PCURVE_S1.);
#701 = ELLIPSE('',#702,1.64487841496,1.5);
#702 = AXIS2_PLACEMENT_3D('',#703,#704,#705);
#703 = CARTESIAN_POINT('',(7.,1.35,-17.));
#704 = DIRECTION('',(-0.410364677329,-0.911921505175,0.));
#705 = DIRECTION('',(0.911921505175,-0.410364677329,0.));
#706 = PCURVE('',#97,#707);
#707 = DEFINITIONAL_REPRESENTATION('',(#708),#712);
#708 = ELLIPSE('',#709,1.64487841496,1.5);
#709 = AXIS2_PLACEMENT_2D('',#710,#711);
#710 = CARTESIAN_POINT('',(1.0017E+04,9.99671024317E+03));
#711 = DIRECTION('',(0.,1.));
#712 = ( GEOMETRIC_REPRESENTATION_CONTEXT(2) 
PARAMETRIC_REPRESENTATION_CONTEXT() REPRESENTATION_CONTEXT('2D SPACE',''
  ) );
#713 = PCURVE('',#714,#719);
#714 = CYLINDRICAL_SURFACE('',#715,1.5);
#715 = AXIS2_PLACEMENT_3D('',#716,#717,#718);
#716 = CARTESIAN_POINT('',(7.,-100.,-17.));
#717 = DIRECTION('',(0.,-1.,0.));
#718 = DIRECTION('',(-1.184237892934E-15,-0.,-1.));
#719 = DEFINITIONAL_REPRESENTATION('',(#720),#729);
#720 = B_SPLINE_CURVE_WITH_KNOTS('',7,(#721,#722,#723,#724,#725,#726,
    #727,#728),.UNSPECIFIED.,.F.,.F.,(8,8),(4.712388980385,6.28318530718
    ),.PIECEWISE_BEZIER_KNOTS.);
#721 = CARTESIAN_POINT('',(0.,-101.35));
#722 = CARTESIAN_POINT('',(0.224399475256,-101.1985303542));
#723 = CARTESIAN_POINT('',(0.448798950513,-101.0470613234));
#724 = CARTESIAN_POINT('',(0.673198425769,-100.9080458925));
#725 = CARTESIAN_POINT('',(0.897597901026,-100.7939603094));
#726 = CARTESIAN_POINT('',(1.121997376282,-100.714655354));
#727 = CARTESIAN_POINT('',(1.346396851538,-100.675));
#728 = CARTESIAN_POINT('',(1.570796326795,-100.675));
#729 = ( GEOMETRIC_REPRESENTATION_CONTEXT(2) 
PARAMETRIC_REPRESENTATION_CONTEXT() REPRESENTATION_CONTEXT('2D SPACE',''
  ) );
#730 = ORIENTED_EDGE('',*,*,#731,.T.);
#731 = EDGE_CURVE('',#698,#732,#734,.T.);
#732 = VERTEX_POINT('',#733);
#733 = CARTESIAN_POINT('',(-7.,7.65,-18.5));
#734 = SURFACE_CURVE('',#735,(#739,#745),.PCURVE_S1.);
#735 = LINE('',#736,#737);
#736 = CARTESIAN_POINT('',(-4.537965114233E+03,2.046584301405E+03,-18.5)
  );
#737 = VECTOR('',#738,1.);
#738 = DIRECTION('',(-0.911921505175,0.410364677329,0.));
#739 = PCURVE('',#97,#740);
#740 = DEFINITIONAL_REPRESENTATION('',(#741),#744);
#741 = B_SPLINE_CURVE_WITH_KNOTS('',1,(#742,#743),.UNSPECIFIED.,.F.,.F.,
  (2,2),(-4.983943342098E+03,-4.968591143558E+03),
  .PIECEWISE_BEZIER_KNOTS.);
#742 = CARTESIAN_POINT('',(1.00185E+04,9.99671024317E+03));
#743 = CARTESIAN_POINT('',(1.00185E+04,9.98135804463E+03));
#744 = ( GEOMETRIC_REPRESENTATION_CONTEXT(2) 
PARAMETRIC_REPRESENTATION_CONTEXT() REPRESENTATION_CONTEXT('2D SPACE',''
  ) );
#745 = PCURVE('',#746,#751);
#746 = PLANE('',#747);
#747 = AXIS2_PLACEMENT_3D('',#748,#749,#750);
#748 = CARTESIAN_POINT('',(-7.,-100.,-18.5));
#749 = DIRECTION('',(0.,0.,-1.));
#750 = DIRECTION('',(1.,0.,0.));
#751 = DEFINITIONAL_REPRESENTATION('',(#752),#755);
#752 = B_SPLINE_CURVE_WITH_KNOTS('',1,(#753,#754),.UNSPECIFIED.,.F.,.F.,
  (2,2),(-4.983943342098E+03,-4.968591143558E+03),
  .PIECEWISE_BEZIER_KNOTS.);
#753 = CARTESIAN_POINT('',(14.,-101.35));
#754 = CARTESIAN_POINT('',(0.,-107.65));
#755 = ( GEOMETRIC_REPRESENTATION_CONTEXT(2) 
PARAMETRIC_REPRESENTATION_CONTEXT() REPRESENTATION_CONTEXT('2D SPACE',''
  ) );
#756 = ORIENTED_EDGE('',*,*,#757,.F.);
#757 = EDGE_CURVE('',#758,#732,#760,.T.);
#758 = VERTEX_POINT('',#759);
#759 = CARTESIAN_POINT('',(-8.5,8.325,-17.));
#760 = SURFACE_CURVE('',#761,(#766,#773),.PCURVE_S1.);
#761 = ELLIPSE('',#762,1.64487841496,1.5);
#762 = AXIS2_PLACEMENT_3D('',#763,#764,#765);
#763 = CARTESIAN_POINT('',(-7.,7.65,-17.));
#764 = DIRECTION('',(-0.410364677329,-0.911921505175,0.));
#765 = DIRECTION('',(0.911921505175,-0.410364677329,0.));
#766 = PCURVE('',#97,#767);
#767 = DEFINITIONAL_REPRESENTATION('',(#768),#772);
#768 = ELLIPSE('',#769,1.64487841496,1.5);
#769 = AXIS2_PLACEMENT_2D('',#770,#771);
#770 = CARTESIAN_POINT('',(1.0017E+04,9.98135804463E+03));
#771 = DIRECTION('',(0.,1.));
#772 = ( GEOMETRIC_REPRESENTATION_CONTEXT(2) 
PARAMETRIC_REPRESENTATION_CONTEXT() REPRESENTATION_CONTEXT('2D SPACE',''
  ) );
#773 = PCURVE('',#774,#779);
#774 = CYLINDRICAL_SURFACE('',#775,1.5);
#775 = AXIS2_PLACEMENT_3D('',#776,#777,#778);
#776 = CARTESIAN_POINT('',(-7.,-100.,-17.));
#777 = DIRECTION('',(0.,-1.,0.));
#778 = DIRECTION('',(-1.,0.,0.));
#779 = DEFINITIONAL_REPRESENTATION('',(#780),#789);
#780 = B_SPLINE_CURVE_WITH_KNOTS('',7,(#781,#782,#783,#784,#785,#786,
    #787,#788),.UNSPECIFIED.,.F.,.F.,(8,8),(3.14159265359,4.712388980385
    ),.PIECEWISE_BEZIER_KNOTS.);
#781 = CARTESIAN_POINT('',(0.,-108.325));
#782 = CARTESIAN_POINT('',(0.224399475256,-108.325));
#783 = CARTESIAN_POINT('',(0.448798950513,-108.2853446459));
#784 = CARTESIAN_POINT('',(0.673198425769,-108.2060396906));
#785 = CARTESIAN_POINT('',(0.897597901026,-108.0919541073));
#786 = CARTESIAN_POINT('',(1.121997376282,-107.9529386765));
#787 = CARTESIAN_POINT('',(1.346396851538,-107.8014696457));
#788 = CARTESIAN_POINT('',(1.570796326795,-107.65));
#789 = ( GEOMETRIC_REPRESENTATION_CONTEXT(2) 
PARAMETRIC_REPRESENTATION_CONTEXT() REPRESENTATION_CONTEXT('2D SPACE',''
  ) );
#790 = ORIENTED_EDGE('',*,*,#791,.T.);
#791 = EDGE_CURVE('',#758,#792,#794,.T.);
#792 = VERTEX_POINT('',#793);
#793 = CARTESIAN_POINT('',(-8.5,8.325,17.));
#794 = SURFACE_CURVE('',#795,(#799,#805),.PCURVE_S1.);
#795 = LINE('',#796,#797);
#796 = CARTESIAN_POINT('',(-8.5,8.325,5.0085E+03));
#797 = VECTOR('',#798,1.);
#798 = DIRECTION('',(0.,0.,1.));
#799 = PCURVE('',#97,#800);
#800 = DEFINITIONAL_REPRESENTATION('',(#801),#804);
#801 = B_SPLINE_CURVE_WITH_KNOTS('',1,(#802,#803),.UNSPECIFIED.,.F.,.F.,
  (2,2),(-5.0255E+03,-4.9915E+03),.PIECEWISE_BEZIER_KNOTS.);
#802 = CARTESIAN_POINT('',(1.0017E+04,9.979713166215E+03));
#803 = CARTESIAN_POINT('',(9.983E+03,9.979713166215E+03));
#804 = ( GEOMETRIC_REPRESENTATION_CONTEXT(2) 
PARAMETRIC_REPRESENTATION_CONTEXT() REPRESENTATION_CONTEXT('2D SPACE',''
  ) );
#805 = PCURVE('',#806,#811);
#806 = PLANE('',#807);
#807 = AXIS2_PLACEMENT_3D('',#808,#809,#810);
#808 = CARTESIAN_POINT('',(-8.5,-100.,17.));
#809 = DIRECTION('',(-1.,0.,0.));
#810 = DIRECTION('',(0.,0.,-1.));
#811 = DEFINITIONAL_REPRESENTATION('',(#812),#815);
#812 = B_SPLINE_CURVE_WITH_KNOTS('',1,(#813,#814),.UNSPECIFIED.,.F.,.F.,
  (2,2),(-5.0255E+03,-4.9915E+03),.PIECEWISE_BEZIER_KNOTS.);
#813 = CARTESIAN_POINT('',(34.,-108.325));
#814 = CARTESIAN_POINT('',(0.,-108.325));
#815 = ( GEOMETRIC_REPRESENTATION_CONTEXT(2) 
PARAMETRIC_REPRESENTATION_CONTEXT() REPRESENTATION_CONTEXT('2D SPACE',''
  ) );
#816 = ORIENTED_EDGE('',*,*,#817,.F.);
#817 = EDGE_CURVE('',#818,#792,#820,.T.);
#818 = VERTEX_POINT('',#819);
#819 = CARTESIAN_POINT('',(-7.,7.65,18.5));
#820 = SURFACE_CURVE('',#821,(#826,#833),.PCURVE_S1.);
#821 = ELLIPSE('',#822,1.64487841496,1.5);
#822 = AXIS2_PLACEMENT_3D('',#823,#824,#825);
#823 = CARTESIAN_POINT('',(-7.,7.65,17.));
#824 = DIRECTION('',(-0.410364677329,-0.911921505175,0.));
#825 = DIRECTION('',(0.911921505175,-0.410364677329,0.));
#826 = PCURVE('',#97,#827);
#827 = DEFINITIONAL_REPRESENTATION('',(#828),#832);
#828 = ELLIPSE('',#829,1.64487841496,1.5);
#829 = AXIS2_PLACEMENT_2D('',#830,#831);
#830 = CARTESIAN_POINT('',(9.983E+03,9.98135804463E+03));
#831 = DIRECTION('',(0.,1.));
#832 = ( GEOMETRIC_REPRESENTATION_CONTEXT(2) 
PARAMETRIC_REPRESENTATION_CONTEXT() REPRESENTATION_CONTEXT('2D SPACE',''
  ) );
#833 = PCURVE('',#834,#839);
#834 = CYLINDRICAL_SURFACE('',#835,1.5);
#835 = AXIS2_PLACEMENT_3D('',#836,#837,#838);
#836 = CARTESIAN_POINT('',(-7.,-100.,17.));
#837 = DIRECTION('',(0.,-1.,0.));
#838 = DIRECTION('',(1.184237892934E-15,0.,1.));
#839 = DEFINITIONAL_REPRESENTATION('',(#840),#849);
#840 = B_SPLINE_CURVE_WITH_KNOTS('',7,(#841,#842,#843,#844,#845,#846,
    #847,#848),.UNSPECIFIED.,.F.,.F.,(8,8),(1.570796326795,3.14159265359
    ),.PIECEWISE_BEZIER_KNOTS.);
#841 = CARTESIAN_POINT('',(0.,-107.65));
#842 = CARTESIAN_POINT('',(0.224399475256,-107.8014696457));
#843 = CARTESIAN_POINT('',(0.448798950513,-107.9529386765));
#844 = CARTESIAN_POINT('',(0.673198425769,-108.0919541074));
#845 = CARTESIAN_POINT('',(0.897597901026,-108.2060396906));
#846 = CARTESIAN_POINT('',(1.121997376282,-108.285344646));
#847 = CARTESIAN_POINT('',(1.346396851538,-108.325));
#848 = CARTESIAN_POINT('',(1.570796326795,-108.325));
#849 = ( GEOMETRIC_REPRESENTATION_CONTEXT(2) 
PARAMETRIC_REPRESENTATION_CONTEXT() REPRESENTATION_CONTEXT('2D SPACE',''
  ) );
#850 = ORIENTED_EDGE('',*,*,#851,.T.);
#851 = EDGE_CURVE('',#818,#638,#852,.T.);
#852 = SURFACE_CURVE('',#853,(#857,#863),.PCURVE_S1.);
#853 = LINE('',#854,#855);
#854 = CARTESIAN_POINT('',(-4.532143908412E+03,2.043964758785E+03,18.5)
  );
#855 = VECTOR('',#856,1.);
#856 = DIRECTION('',(0.911921505175,-0.410364677329,-0.));
#857 = PCURVE('',#97,#858);
#858 = DEFINITIONAL_REPRESENTATION('',(#859),#862);
#859 = B_SPLINE_CURVE_WITH_KNOTS('',1,(#860,#861),.UNSPECIFIED.,.F.,.F.,
  (2,2),(4.962207693022E+03,4.977559891561E+03),
  .PIECEWISE_BEZIER_KNOTS.);
#860 = CARTESIAN_POINT('',(9.9815E+03,9.98135804463E+03));
#861 = CARTESIAN_POINT('',(9.9815E+03,9.99671024317E+03));
#862 = ( GEOMETRIC_REPRESENTATION_CONTEXT(2) 
PARAMETRIC_REPRESENTATION_CONTEXT() REPRESENTATION_CONTEXT('2D SPACE',''
  ) );
#863 = PCURVE('',#864,#869);
#864 = PLANE('',#865);
#865 = AXIS2_PLACEMENT_3D('',#866,#867,#868);
#866 = CARTESIAN_POINT('',(7.,-100.,18.5));
#867 = DIRECTION('',(0.,-0.,1.));
#868 = DIRECTION('',(-1.,0.,0.));
#869 = DEFINITIONAL_REPRESENTATION('',(#870),#873);
#870 = B_SPLINE_CURVE_WITH_KNOTS('',1,(#871,#872),.UNSPECIFIED.,.F.,.F.,
  (2,2),(4.962207693022E+03,4.977559891561E+03),
  .PIECEWISE_BEZIER_KNOTS.);
#871 = CARTESIAN_POINT('',(14.,-107.65));
#872 = CARTESIAN_POINT('',(0.,-101.35));
#873 = ( GEOMETRIC_REPRESENTATION_CONTEXT(2) 
PARAMETRIC_REPRESENTATION_CONTEXT() REPRESENTATION_CONTEXT('2D SPACE',''
  ) );
#874 = ADVANCED_FACE('',(#875,#1027),#149,.T.);
#875 = FACE_BOUND('',#876,.T.);
#876 = EDGE_LOOP('',(#877,#878,#907,#928,#957,#978,#1007,#1026));
#877 = ORIENTED_EDGE('',*,*,#136,.F.);
#878 = ORIENTED_EDGE('',*,*,#879,.T.);
#879 = EDGE_CURVE('',#109,#880,#882,.T.);
#880 = VERTEX_POINT('',#881);
#881 = CARTESIAN_POINT('',(7.,298.64999999999,-20.));
#882 = SURFACE_CURVE('',#883,(#888,#895),.PCURVE_S1.);
#883 = ELLIPSE('',#884,3.289756829919,3.);
#884 = AXIS2_PLACEMENT_3D('',#885,#886,#887);
#885 = CARTESIAN_POINT('',(7.,298.64999999999,-17.));
#886 = DIRECTION('',(-0.410364677329,0.911921505175,0.));
#887 = DIRECTION('',(-0.911921505175,-0.410364677329,0.));
#888 = PCURVE('',#149,#889);
#889 = DEFINITIONAL_REPRESENTATION('',(#890),#894);
#890 = ELLIPSE('',#891,3.289756829919,3.);
#891 = AXIS2_PLACEMENT_2D('',#892,#893);
#892 = CARTESIAN_POINT('',(9.983E+03,9.99671024317E+03));
#893 = DIRECTION('',(0.,-1.));
#894 = ( GEOMETRIC_REPRESENTATION_CONTEXT(2) 
PARAMETRIC_REPRESENTATION_CONTEXT() REPRESENTATION_CONTEXT('2D SPACE',''
  ) );
#895 = PCURVE('',#124,#896);
#896 = DEFINITIONAL_REPRESENTATION('',(#897),#906);
#897 = B_SPLINE_CURVE_WITH_KNOTS('',7,(#898,#899,#900,#901,#902,#903,
    #904,#905),.UNSPECIFIED.,.F.,.F.,(8,8),(3.14159265359,4.712388980385
    ),.PIECEWISE_BEZIER_KNOTS.);
#898 = CARTESIAN_POINT('',(1.570796326795,-399.9999999999));
#899 = CARTESIAN_POINT('',(1.346396851538,-399.9999999999));
#900 = CARTESIAN_POINT('',(1.121997376282,-399.920689292));
#901 = CARTESIAN_POINT('',(0.897597901026,-399.7620793812));
#902 = CARTESIAN_POINT('',(0.673198425769,-399.5339082148));
#903 = CARTESIAN_POINT('',(0.448798950513,-399.255877353));
#904 = CARTESIAN_POINT('',(0.224399475256,-398.9529392915));
#905 = CARTESIAN_POINT('',(0.,-398.6499999999));
#906 = ( GEOMETRIC_REPRESENTATION_CONTEXT(2) 
PARAMETRIC_REPRESENTATION_CONTEXT() REPRESENTATION_CONTEXT('2D SPACE',''
  ) );
#907 = ORIENTED_EDGE('',*,*,#908,.F.);
#908 = EDGE_CURVE('',#909,#880,#911,.T.);
#909 = VERTEX_POINT('',#910);
#910 = CARTESIAN_POINT('',(-7.,292.34999999999,-20.));
#911 = SURFACE_CURVE('',#912,(#916,#922),.PCURVE_S1.);
#912 = LINE('',#913,#914);
#913 = CARTESIAN_POINT('',(-4.631520207788E+03,-1.788684093505E+03,-20.)
  );
#914 = VECTOR('',#915,1.);
#915 = DIRECTION('',(0.911921505175,0.410364677329,0.));
#916 = PCURVE('',#149,#917);
#917 = DEFINITIONAL_REPRESENTATION('',(#918),#921);
#918 = B_SPLINE_CURVE_WITH_KNOTS('',1,(#919,#920),.UNSPECIFIED.,.F.,.F.,
  (2,2),(5.07118231289E+03,5.08653451143E+03),.PIECEWISE_BEZIER_KNOTS.);
#919 = CARTESIAN_POINT('',(9.98E+03,9.98135804463E+03));
#920 = CARTESIAN_POINT('',(9.98E+03,9.99671024317E+03));
#921 = ( GEOMETRIC_REPRESENTATION_CONTEXT(2) 
PARAMETRIC_REPRESENTATION_CONTEXT() REPRESENTATION_CONTEXT('2D SPACE',''
  ) );
#922 = PCURVE('',#595,#923);
#923 = DEFINITIONAL_REPRESENTATION('',(#924),#927);
#924 = B_SPLINE_CURVE_WITH_KNOTS('',1,(#925,#926),.UNSPECIFIED.,.F.,.F.,
  (2,2),(5.07118231289E+03,5.08653451143E+03),.PIECEWISE_BEZIER_KNOTS.);
#925 = CARTESIAN_POINT('',(0.,-392.3499999999));
#926 = CARTESIAN_POINT('',(14.,-398.6499999999));
#927 = ( GEOMETRIC_REPRESENTATION_CONTEXT(2) 
PARAMETRIC_REPRESENTATION_CONTEXT() REPRESENTATION_CONTEXT('2D SPACE',''
  ) );
#928 = ORIENTED_EDGE('',*,*,#929,.T.);
#929 = EDGE_CURVE('',#909,#930,#932,.T.);
#930 = VERTEX_POINT('',#931);
#931 = CARTESIAN_POINT('',(-10.,290.99999999999,-17.));
#932 = SURFACE_CURVE('',#933,(#938,#945),.PCURVE_S1.);
#933 = ELLIPSE('',#934,3.289756829919,3.);
#934 = AXIS2_PLACEMENT_3D('',#935,#936,#937);
#935 = CARTESIAN_POINT('',(-7.,292.34999999999,-17.));
#936 = DIRECTION('',(-0.410364677329,0.911921505175,0.));
#937 = DIRECTION('',(-0.911921505175,-0.410364677329,0.));
#938 = PCURVE('',#149,#939);
#939 = DEFINITIONAL_REPRESENTATION('',(#940),#944);
#940 = ELLIPSE('',#941,3.289756829919,3.);
#941 = AXIS2_PLACEMENT_2D('',#942,#943);
#942 = CARTESIAN_POINT('',(9.983E+03,9.98135804463E+03));
#943 = DIRECTION('',(0.,-1.));
#944 = ( GEOMETRIC_REPRESENTATION_CONTEXT(2) 
PARAMETRIC_REPRESENTATION_CONTEXT() REPRESENTATION_CONTEXT('2D SPACE',''
  ) );
#945 = PCURVE('',#563,#946);
#946 = DEFINITIONAL_REPRESENTATION('',(#947),#956);
#947 = B_SPLINE_CURVE_WITH_KNOTS('',7,(#948,#949,#950,#951,#952,#953,
    #954,#955),.UNSPECIFIED.,.F.,.F.,(8,8),(4.712388980385,6.28318530718
    ),.PIECEWISE_BEZIER_KNOTS.);
#948 = CARTESIAN_POINT('',(1.570796326795,-392.3499999999));
#949 = CARTESIAN_POINT('',(1.346396851538,-392.0470607084));
#950 = CARTESIAN_POINT('',(1.121997376282,-391.7441226468));
#951 = CARTESIAN_POINT('',(0.897597901026,-391.4660917853));
#952 = CARTESIAN_POINT('',(0.673198425769,-391.2379206187));
#953 = CARTESIAN_POINT('',(0.448798950513,-391.079310708));
#954 = CARTESIAN_POINT('',(0.224399475256,-390.9999999999));
#955 = CARTESIAN_POINT('',(0.,-390.9999999999));
#956 = ( GEOMETRIC_REPRESENTATION_CONTEXT(2) 
PARAMETRIC_REPRESENTATION_CONTEXT() REPRESENTATION_CONTEXT('2D SPACE',''
  ) );
#957 = ORIENTED_EDGE('',*,*,#958,.F.);
#958 = EDGE_CURVE('',#959,#930,#961,.T.);
#959 = VERTEX_POINT('',#960);
#960 = CARTESIAN_POINT('',(-10.,290.99999999999,17.));
#961 = SURFACE_CURVE('',#962,(#966,#972),.PCURVE_S1.);
#962 = LINE('',#963,#964);
#963 = CARTESIAN_POINT('',(-10.,290.99999999999,-4.9915E+03));
#964 = VECTOR('',#965,1.);
#965 = DIRECTION('',(0.,0.,-1.));
#966 = PCURVE('',#149,#967);
#967 = DEFINITIONAL_REPRESENTATION('',(#968),#971);
#968 = B_SPLINE_CURVE_WITH_KNOTS('',1,(#969,#970),.UNSPECIFIED.,.F.,.F.,
  (2,2),(-5.0085E+03,-4.9745E+03),.PIECEWISE_BEZIER_KNOTS.);
#969 = CARTESIAN_POINT('',(1.0017E+04,9.978068287801E+03));
#970 = CARTESIAN_POINT('',(9.983E+03,9.978068287801E+03));
#971 = ( GEOMETRIC_REPRESENTATION_CONTEXT(2) 
PARAMETRIC_REPRESENTATION_CONTEXT() REPRESENTATION_CONTEXT('2D SPACE',''
  ) );
#972 = PCURVE('',#535,#973);
#973 = DEFINITIONAL_REPRESENTATION('',(#974),#977);
#974 = B_SPLINE_CURVE_WITH_KNOTS('',1,(#975,#976),.UNSPECIFIED.,.F.,.F.,
  (2,2),(-5.0085E+03,-4.9745E+03),.PIECEWISE_BEZIER_KNOTS.);
#975 = CARTESIAN_POINT('',(0.,-390.9999999999));
#976 = CARTESIAN_POINT('',(34.,-390.9999999999));
#977 = ( GEOMETRIC_REPRESENTATION_CONTEXT(2) 
PARAMETRIC_REPRESENTATION_CONTEXT() REPRESENTATION_CONTEXT('2D SPACE',''
  ) );
#978 = ORIENTED_EDGE('',*,*,#979,.T.);
#979 = EDGE_CURVE('',#959,#980,#982,.T.);
#980 = VERTEX_POINT('',#981);
#981 = CARTESIAN_POINT('',(-7.,292.34999999999,20.));
#982 = SURFACE_CURVE('',#983,(#988,#995),.PCURVE_S1.);
#983 = ELLIPSE('',#984,3.289756829919,3.);
#984 = AXIS2_PLACEMENT_3D('',#985,#986,#987);
#985 = CARTESIAN_POINT('',(-7.,292.34999999999,17.));
#986 = DIRECTION('',(-0.410364677329,0.911921505175,0.));
#987 = DIRECTION('',(-0.911921505175,-0.410364677329,0.));
#988 = PCURVE('',#149,#989);
#989 = DEFINITIONAL_REPRESENTATION('',(#990),#994);
#990 = ELLIPSE('',#991,3.289756829919,3.);
#991 = AXIS2_PLACEMENT_2D('',#992,#993);
#992 = CARTESIAN_POINT('',(1.0017E+04,9.98135804463E+03));
#993 = DIRECTION('',(0.,-1.));
#994 = ( GEOMETRIC_REPRESENTATION_CONTEXT(2) 
PARAMETRIC_REPRESENTATION_CONTEXT() REPRESENTATION_CONTEXT('2D SPACE',''
  ) );
#995 = PCURVE('',#503,#996);
#996 = DEFINITIONAL_REPRESENTATION('',(#997),#1006);
#997 = B_SPLINE_CURVE_WITH_KNOTS('',7,(#998,#999,#1000,#1001,#1002,#1003
    ,#1004,#1005),.UNSPECIFIED.,.F.,.F.,(8,8),(0.,1.570796326795),
  .PIECEWISE_BEZIER_KNOTS.);
#998 = CARTESIAN_POINT('',(1.570796326795,-390.9999999999));
#999 = CARTESIAN_POINT('',(1.346396851538,-390.9999999999));
#1000 = CARTESIAN_POINT('',(1.121997376282,-391.079310708));
#1001 = CARTESIAN_POINT('',(0.897597901026,-391.2379206187));
#1002 = CARTESIAN_POINT('',(0.673198425769,-391.4660917853));
#1003 = CARTESIAN_POINT('',(0.448798950513,-391.7441226469));
#1004 = CARTESIAN_POINT('',(0.224399475256,-392.0470607084));
#1005 = CARTESIAN_POINT('',(0.,-392.3499999999));
#1006 = ( GEOMETRIC_REPRESENTATION_CONTEXT(2) 
PARAMETRIC_REPRESENTATION_CONTEXT() REPRESENTATION_CONTEXT('2D SPACE',''
  ) );
#1007 = ORIENTED_EDGE('',*,*,#1008,.F.);
#1008 = EDGE_CURVE('',#406,#980,#1009,.T.);
#1009 = SURFACE_CURVE('',#1010,(#1014,#1020),.PCURVE_S1.);
#1010 = LINE('',#1011,#1012);
#1011 = CARTESIAN_POINT('',(-4.625699001967E+03,-1.786064550885E+03,20.)
  );
#1012 = VECTOR('',#1013,1.);
#1013 = DIRECTION('',(-0.911921505175,-0.410364677329,0.));
#1014 = PCURVE('',#149,#1015);
#1015 = DEFINITIONAL_REPRESENTATION('',(#1016),#1019);
#1016 = B_SPLINE_CURVE_WITH_KNOTS('',1,(#1017,#1018),.UNSPECIFIED.,.F.,
  .F.,(2,2),(-5.080151060894E+03,-5.064798862354E+03),
  .PIECEWISE_BEZIER_KNOTS.);
#1017 = CARTESIAN_POINT('',(1.002E+04,9.99671024317E+03));
#1018 = CARTESIAN_POINT('',(1.002E+04,9.98135804463E+03));
#1019 = ( GEOMETRIC_REPRESENTATION_CONTEXT(2) 
PARAMETRIC_REPRESENTATION_CONTEXT() REPRESENTATION_CONTEXT('2D SPACE',''
  ) );
#1020 = PCURVE('',#448,#1021);
#1021 = DEFINITIONAL_REPRESENTATION('',(#1022),#1025);
#1022 = B_SPLINE_CURVE_WITH_KNOTS('',1,(#1023,#1024),.UNSPECIFIED.,.F.,
  .F.,(2,2),(-5.080151060894E+03,-5.064798862354E+03),
  .PIECEWISE_BEZIER_KNOTS.);
#1023 = CARTESIAN_POINT('',(0.,-398.6499999999));
#1024 = CARTESIAN_POINT('',(14.,-392.3499999999));
#1025 = ( GEOMETRIC_REPRESENTATION_CONTEXT(2) 
PARAMETRIC_REPRESENTATION_CONTEXT() REPRESENTATION_CONTEXT('2D SPACE',''
  ) );
#1026 = ORIENTED_EDGE('',*,*,#405,.T.);
#1027 = FACE_BOUND('',#1028,.T.);
#1028 = EDGE_LOOP('',(#1029,#1060,#1081,#1110,#1131,#1160,#1181,#1210));
#1029 = ORIENTED_EDGE('',*,*,#1030,.F.);
#1030 = EDGE_CURVE('',#1031,#1033,#1035,.T.);
#1031 = VERTEX_POINT('',#1032);
#1032 = CARTESIAN_POINT('',(7.,298.64999999999,18.5));
#1033 = VERTEX_POINT('',#1034);
#1034 = CARTESIAN_POINT('',(8.5,299.325,17.));
#1035 = SURFACE_CURVE('',#1036,(#1041,#1048),.PCURVE_S1.);
#1036 = ELLIPSE('',#1037,1.64487841496,1.5);
#1037 = AXIS2_PLACEMENT_3D('',#1038,#1039,#1040);
#1038 = CARTESIAN_POINT('',(7.,298.64999999999,17.));
#1039 = DIRECTION('',(-0.410364677329,0.911921505175,0.));
#1040 = DIRECTION('',(-0.911921505175,-0.410364677329,0.));
#1041 = PCURVE('',#149,#1042);
#1042 = DEFINITIONAL_REPRESENTATION('',(#1043),#1047);
#1043 = ELLIPSE('',#1044,1.64487841496,1.5);
#1044 = AXIS2_PLACEMENT_2D('',#1045,#1046);
#1045 = CARTESIAN_POINT('',(1.0017E+04,9.99671024317E+03));
#1046 = DIRECTION('',(0.,-1.));
#1047 = ( GEOMETRIC_REPRESENTATION_CONTEXT(2) 
PARAMETRIC_REPRESENTATION_CONTEXT() REPRESENTATION_CONTEXT('2D SPACE',''
  ) );
#1048 = PCURVE('',#654,#1049);
#1049 = DEFINITIONAL_REPRESENTATION('',(#1050),#1059);
#1050 = B_SPLINE_CURVE_WITH_KNOTS('',7,(#1051,#1052,#1053,#1054,#1055,
    #1056,#1057,#1058),.UNSPECIFIED.,.F.,.F.,(8,8),(1.570796326795,
    3.14159265359),.PIECEWISE_BEZIER_KNOTS.);
#1051 = CARTESIAN_POINT('',(1.570796326795,-398.6499999999));
#1052 = CARTESIAN_POINT('',(1.346396851538,-398.8014696457));
#1053 = CARTESIAN_POINT('',(1.121997376282,-398.9529386765));
#1054 = CARTESIAN_POINT('',(0.897597901026,-399.0919541073));
#1055 = CARTESIAN_POINT('',(0.673198425769,-399.2060396906));
#1056 = CARTESIAN_POINT('',(0.448798950513,-399.285344646));
#1057 = CARTESIAN_POINT('',(0.224399475256,-399.3249999999));
#1058 = CARTESIAN_POINT('',(0.,-399.3249999999));
#1059 = ( GEOMETRIC_REPRESENTATION_CONTEXT(2) 
PARAMETRIC_REPRESENTATION_CONTEXT() REPRESENTATION_CONTEXT('2D SPACE',''
  ) );
#1060 = ORIENTED_EDGE('',*,*,#1061,.T.);
#1061 = EDGE_CURVE('',#1031,#1062,#1064,.T.);
#1062 = VERTEX_POINT('',#1063);
#1063 = CARTESIAN_POINT('',(-7.,292.34999999999,18.5));
#1064 = SURFACE_CURVE('',#1065,(#1069,#1075),.PCURVE_S1.);
#1065 = LINE('',#1066,#1067);
#1066 = CARTESIAN_POINT('',(-4.625699001967E+03,-1.786064550885E+03,18.5
    ));
#1067 = VECTOR('',#1068,1.);
#1068 = DIRECTION('',(-0.911921505175,-0.410364677329,0.));
#1069 = PCURVE('',#149,#1070);
#1070 = DEFINITIONAL_REPRESENTATION('',(#1071),#1074);
#1071 = B_SPLINE_CURVE_WITH_KNOTS('',1,(#1072,#1073),.UNSPECIFIED.,.F.,
  .F.,(2,2),(-5.080151060894E+03,-5.064798862354E+03),
  .PIECEWISE_BEZIER_KNOTS.);
#1072 = CARTESIAN_POINT('',(1.00185E+04,9.99671024317E+03));
#1073 = CARTESIAN_POINT('',(1.00185E+04,9.98135804463E+03));
#1074 = ( GEOMETRIC_REPRESENTATION_CONTEXT(2) 
PARAMETRIC_REPRESENTATION_CONTEXT() REPRESENTATION_CONTEXT('2D SPACE',''
  ) );
#1075 = PCURVE('',#864,#1076);
#1076 = DEFINITIONAL_REPRESENTATION('',(#1077),#1080);
#1077 = B_SPLINE_CURVE_WITH_KNOTS('',1,(#1078,#1079),.UNSPECIFIED.,.F.,
  .F.,(2,2),(-5.080151060894E+03,-5.064798862354E+03),
  .PIECEWISE_BEZIER_KNOTS.);
#1078 = CARTESIAN_POINT('',(0.,-398.6499999999));
#1079 = CARTESIAN_POINT('',(14.,-392.3499999999));
#1080 = ( GEOMETRIC_REPRESENTATION_CONTEXT(2) 
PARAMETRIC_REPRESENTATION_CONTEXT() REPRESENTATION_CONTEXT('2D SPACE',''
  ) );
#1081 = ORIENTED_EDGE('',*,*,#1082,.F.);
#1082 = EDGE_CURVE('',#1083,#1062,#1085,.T.);
#1083 = VERTEX_POINT('',#1084);
#1084 = CARTESIAN_POINT('',(-8.5,291.67499999999,17.));
#1085 = SURFACE_CURVE('',#1086,(#1091,#1098),.PCURVE_S1.);
#1086 = ELLIPSE('',#1087,1.64487841496,1.5);
#1087 = AXIS2_PLACEMENT_3D('',#1088,#1089,#1090);
#1088 = CARTESIAN_POINT('',(-7.,292.34999999999,17.));
#1089 = DIRECTION('',(-0.410364677329,0.911921505175,0.));
#1090 = DIRECTION('',(-0.911921505175,-0.410364677329,0.));
#1091 = PCURVE('',#149,#1092);
#1092 = DEFINITIONAL_REPRESENTATION('',(#1093),#1097);
#1093 = ELLIPSE('',#1094,1.64487841496,1.5);
#1094 = AXIS2_PLACEMENT_2D('',#1095,#1096);
#1095 = CARTESIAN_POINT('',(1.0017E+04,9.98135804463E+03));
#1096 = DIRECTION('',(0.,-1.));
#1097 = ( GEOMETRIC_REPRESENTATION_CONTEXT(2) 
PARAMETRIC_REPRESENTATION_CONTEXT() REPRESENTATION_CONTEXT('2D SPACE',''
  ) );
#1098 = PCURVE('',#834,#1099);
#1099 = DEFINITIONAL_REPRESENTATION('',(#1100),#1109);
#1100 = B_SPLINE_CURVE_WITH_KNOTS('',7,(#1101,#1102,#1103,#1104,#1105,
    #1106,#1107,#1108),.UNSPECIFIED.,.F.,.F.,(8,8),(-2.6645352591E-15,
    1.570796326795),.PIECEWISE_BEZIER_KNOTS.);
#1101 = CARTESIAN_POINT('',(1.570796326795,-391.6749999999));
#1102 = CARTESIAN_POINT('',(1.346396851538,-391.6749999999));
#1103 = CARTESIAN_POINT('',(1.121997376282,-391.714655354));
#1104 = CARTESIAN_POINT('',(0.897597901026,-391.7939603092));
#1105 = CARTESIAN_POINT('',(0.673198425769,-391.9080458928));
#1106 = CARTESIAN_POINT('',(0.448798950513,-392.0470613234));
#1107 = CARTESIAN_POINT('',(0.224399475256,-392.1985303542));
#1108 = CARTESIAN_POINT('',(5.921189464668E-16,-392.3499999999));
#1109 = ( GEOMETRIC_REPRESENTATION_CONTEXT(2) 
PARAMETRIC_REPRESENTATION_CONTEXT() REPRESENTATION_CONTEXT('2D SPACE',''
  ) );
#1110 = ORIENTED_EDGE('',*,*,#1111,.T.);
#1111 = EDGE_CURVE('',#1083,#1112,#1114,.T.);
#1112 = VERTEX_POINT('',#1113);
#1113 = CARTESIAN_POINT('',(-8.5,291.67499999999,-17.));
#1114 = SURFACE_CURVE('',#1115,(#1119,#1125),.PCURVE_S1.);
#1115 = LINE('',#1116,#1117);
#1116 = CARTESIAN_POINT('',(-8.5,291.67499999999,-4.9915E+03));
#1117 = VECTOR('',#1118,1.);
#1118 = DIRECTION('',(0.,0.,-1.));
#1119 = PCURVE('',#149,#1120);
#1120 = DEFINITIONAL_REPRESENTATION('',(#1121),#1124);
#1121 = B_SPLINE_CURVE_WITH_KNOTS('',1,(#1122,#1123),.UNSPECIFIED.,.F.,
  .F.,(2,2),(-5.0085E+03,-4.9745E+03),.PIECEWISE_BEZIER_KNOTS.);
#1122 = CARTESIAN_POINT('',(1.0017E+04,9.979713166215E+03));
#1123 = CARTESIAN_POINT('',(9.983E+03,9.979713166215E+03));
#1124 = ( GEOMETRIC_REPRESENTATION_CONTEXT(2) 
PARAMETRIC_REPRESENTATION_CONTEXT() REPRESENTATION_CONTEXT('2D SPACE',''
  ) );
#1125 = PCURVE('',#806,#1126);
#1126 = DEFINITIONAL_REPRESENTATION('',(#1127),#1130);
#1127 = B_SPLINE_CURVE_WITH_KNOTS('',1,(#1128,#1129),.UNSPECIFIED.,.F.,
  .F.,(2,2),(-5.0085E+03,-4.9745E+03),.PIECEWISE_BEZIER_KNOTS.);
#1128 = CARTESIAN_POINT('',(0.,-391.6749999999));
#1129 = CARTESIAN_POINT('',(34.,-391.6749999999));
#1130 = ( GEOMETRIC_REPRESENTATION_CONTEXT(2) 
PARAMETRIC_REPRESENTATION_CONTEXT() REPRESENTATION_CONTEXT('2D SPACE',''
  ) );
#1131 = ORIENTED_EDGE('',*,*,#1132,.F.);
#1132 = EDGE_CURVE('',#1133,#1112,#1135,.T.);
#1133 = VERTEX_POINT('',#1134);
#1134 = CARTESIAN_POINT('',(-7.,292.34999999999,-18.5));
#1135 = SURFACE_CURVE('',#1136,(#1141,#1148),.PCURVE_S1.);
#1136 = ELLIPSE('',#1137,1.64487841496,1.5);
#1137 = AXIS2_PLACEMENT_3D('',#1138,#1139,#1140);
#1138 = CARTESIAN_POINT('',(-7.,292.34999999999,-17.));
#1139 = DIRECTION('',(-0.410364677329,0.911921505175,0.));
#1140 = DIRECTION('',(-0.911921505175,-0.410364677329,0.));
#1141 = PCURVE('',#149,#1142);
#1142 = DEFINITIONAL_REPRESENTATION('',(#1143),#1147);
#1143 = ELLIPSE('',#1144,1.64487841496,1.5);
#1144 = AXIS2_PLACEMENT_2D('',#1145,#1146);
#1145 = CARTESIAN_POINT('',(9.983E+03,9.98135804463E+03));
#1146 = DIRECTION('',(0.,-1.));
#1147 = ( GEOMETRIC_REPRESENTATION_CONTEXT(2) 
PARAMETRIC_REPRESENTATION_CONTEXT() REPRESENTATION_CONTEXT('2D SPACE',''
  ) );
#1148 = PCURVE('',#774,#1149);
#1149 = DEFINITIONAL_REPRESENTATION('',(#1150),#1159);
#1150 = B_SPLINE_CURVE_WITH_KNOTS('',7,(#1151,#1152,#1153,#1154,#1155,
    #1156,#1157,#1158),.UNSPECIFIED.,.F.,.F.,(8,8),(4.712388980385,
    6.28318530718),.PIECEWISE_BEZIER_KNOTS.);
#1151 = CARTESIAN_POINT('',(1.570796326795,-392.3499999999));
#1152 = CARTESIAN_POINT('',(1.346396851538,-392.1985303542));
#1153 = CARTESIAN_POINT('',(1.121997376282,-392.0470613233));
#1154 = CARTESIAN_POINT('',(0.897597901026,-391.9080458929));
#1155 = CARTESIAN_POINT('',(0.673198425769,-391.7939603091));
#1156 = CARTESIAN_POINT('',(0.448798950513,-391.714655354));
#1157 = CARTESIAN_POINT('',(0.224399475256,-391.6749999999));
#1158 = CARTESIAN_POINT('',(0.,-391.6749999999));
#1159 = ( GEOMETRIC_REPRESENTATION_CONTEXT(2) 
PARAMETRIC_REPRESENTATION_CONTEXT() REPRESENTATION_CONTEXT('2D SPACE',''
  ) );
#1160 = ORIENTED_EDGE('',*,*,#1161,.T.);
#1161 = EDGE_CURVE('',#1133,#1162,#1164,.T.);
#1162 = VERTEX_POINT('',#1163);
#1163 = CARTESIAN_POINT('',(7.,298.64999999999,-18.5));
#1164 = SURFACE_CURVE('',#1165,(#1169,#1175),.PCURVE_S1.);
#1165 = LINE('',#1166,#1167);
#1166 = CARTESIAN_POINT('',(-4.631520207788E+03,-1.788684093505E+03,
    -18.5));
#1167 = VECTOR('',#1168,1.);
#1168 = DIRECTION('',(0.911921505175,0.410364677329,0.));
#1169 = PCURVE('',#149,#1170);
#1170 = DEFINITIONAL_REPRESENTATION('',(#1171),#1174);
#1171 = B_SPLINE_CURVE_WITH_KNOTS('',1,(#1172,#1173),.UNSPECIFIED.,.F.,
  .F.,(2,2),(5.07118231289E+03,5.08653451143E+03),
  .PIECEWISE_BEZIER_KNOTS.);
#1172 = CARTESIAN_POINT('',(9.9815E+03,9.98135804463E+03));
#1173 = CARTESIAN_POINT('',(9.9815E+03,9.99671024317E+03));
#1174 = ( GEOMETRIC_REPRESENTATION_CONTEXT(2) 
PARAMETRIC_REPRESENTATION_CONTEXT() REPRESENTATION_CONTEXT('2D SPACE',''
  ) );
#1175 = PCURVE('',#746,#1176);
#1176 = DEFINITIONAL_REPRESENTATION('',(#1177),#1180);
#1177 = B_SPLINE_CURVE_WITH_KNOTS('',1,(#1178,#1179),.UNSPECIFIED.,.F.,
  .F.,(2,2),(5.07118231289E+03,5.08653451143E+03),
  .PIECEWISE_BEZIER_KNOTS.);
#1178 = CARTESIAN_POINT('',(0.,-392.3499999999));
#1179 = CARTESIAN_POINT('',(14.,-398.6499999999));
#1180 = ( GEOMETRIC_REPRESENTATION_CONTEXT(2) 
PARAMETRIC_REPRESENTATION_CONTEXT() REPRESENTATION_CONTEXT('2D SPACE',''
  ) );
#1181 = ORIENTED_EDGE('',*,*,#1182,.F.);
#1182 = EDGE_CURVE('',#1183,#1162,#1185,.T.);
#1183 = VERTEX_POINT('',#1184);
#1184 = CARTESIAN_POINT('',(8.5,299.325,-17.));
#1185 = SURFACE_CURVE('',#1186,(#1191,#1198),.PCURVE_S1.);
#1186 = ELLIPSE('',#1187,1.64487841496,1.5);
#1187 = AXIS2_PLACEMENT_3D('',#1188,#1189,#1190);
#1188 = CARTESIAN_POINT('',(7.,298.64999999999,-17.));
#1189 = DIRECTION('',(-0.410364677329,0.911921505175,0.));
#1190 = DIRECTION('',(-0.911921505175,-0.410364677329,0.));
#1191 = PCURVE('',#149,#1192);
#1192 = DEFINITIONAL_REPRESENTATION('',(#1193),#1197);
#1193 = ELLIPSE('',#1194,1.64487841496,1.5);
#1194 = AXIS2_PLACEMENT_2D('',#1195,#1196);
#1195 = CARTESIAN_POINT('',(9.983E+03,9.99671024317E+03));
#1196 = DIRECTION('',(0.,-1.));
#1197 = ( GEOMETRIC_REPRESENTATION_CONTEXT(2) 
PARAMETRIC_REPRESENTATION_CONTEXT() REPRESENTATION_CONTEXT('2D SPACE',''
  ) );
#1198 = PCURVE('',#714,#1199);
#1199 = DEFINITIONAL_REPRESENTATION('',(#1200),#1209);
#1200 = B_SPLINE_CURVE_WITH_KNOTS('',7,(#1201,#1202,#1203,#1204,#1205,
    #1206,#1207,#1208),.UNSPECIFIED.,.F.,.F.,(8,8),(3.14159265359,
    4.712388980385),.PIECEWISE_BEZIER_KNOTS.);
#1201 = CARTESIAN_POINT('',(1.570796326795,-399.3249999999));
#1202 = CARTESIAN_POINT('',(1.346396851538,-399.3249999999));
#1203 = CARTESIAN_POINT('',(1.121997376282,-399.2853446459));
#1204 = CARTESIAN_POINT('',(0.897597901026,-399.2060396908));
#1205 = CARTESIAN_POINT('',(0.67319842577,-399.0919541072));
#1206 = CARTESIAN_POINT('',(0.448798950513,-398.9529386765));
#1207 = CARTESIAN_POINT('',(0.224399475256,-398.8014696457));
#1208 = CARTESIAN_POINT('',(5.921189464668E-16,-398.6499999999));
#1209 = ( GEOMETRIC_REPRESENTATION_CONTEXT(2) 
PARAMETRIC_REPRESENTATION_CONTEXT() REPRESENTATION_CONTEXT('2D SPACE',''
  ) );
#1210 = ORIENTED_EDGE('',*,*,#1211,.T.);
#1211 = EDGE_CURVE('',#1183,#1033,#1212,.T.);
#1212 = SURFACE_CURVE('',#1213,(#1217,#1223),.PCURVE_S1.);
#1213 = LINE('',#1214,#1215);
#1214 = CARTESIAN_POINT('',(8.5,299.32499999999,-5.0085E+03));
#1215 = VECTOR('',#1216,1.);
#1216 = DIRECTION('',(0.,-0.,1.));
#1217 = PCURVE('',#149,#1218);
#1218 = DEFINITIONAL_REPRESENTATION('',(#1219),#1222);
#1219 = B_SPLINE_CURVE_WITH_KNOTS('',1,(#1220,#1221),.UNSPECIFIED.,.F.,
  .F.,(2,2),(4.9915E+03,5.0255E+03),.PIECEWISE_BEZIER_KNOTS.);
#1220 = CARTESIAN_POINT('',(9.983E+03,9.998355121585E+03));
#1221 = CARTESIAN_POINT('',(1.0017E+04,9.998355121585E+03));
#1222 = ( GEOMETRIC_REPRESENTATION_CONTEXT(2) 
PARAMETRIC_REPRESENTATION_CONTEXT() REPRESENTATION_CONTEXT('2D SPACE',''
  ) );
#1223 = PCURVE('',#686,#1224);
#1224 = DEFINITIONAL_REPRESENTATION('',(#1225),#1228);
#1225 = B_SPLINE_CURVE_WITH_KNOTS('',1,(#1226,#1227),.UNSPECIFIED.,.F.,
  .F.,(2,2),(4.9915E+03,5.0255E+03),.PIECEWISE_BEZIER_KNOTS.);
#1226 = CARTESIAN_POINT('',(0.,-399.3249999999));
#1227 = CARTESIAN_POINT('',(34.,-399.3249999999));
#1228 = ( GEOMETRIC_REPRESENTATION_CONTEXT(2) 
PARAMETRIC_REPRESENTATION_CONTEXT() REPRESENTATION_CONTEXT('2D SPACE',''
  ) );
#1229 = ADVANCED_FACE('',(#1230),#124,.T.);
#1230 = FACE_BOUND('',#1231,.T.);
#1231 = EDGE_LOOP('',(#1232,#1233,#1254,#1255));
#1232 = ORIENTED_EDGE('',*,*,#606,.F.);
#1233 = ORIENTED_EDGE('',*,*,#1234,.T.);
#1234 = EDGE_CURVE('',#581,#880,#1235,.T.);
#1235 = SURFACE_CURVE('',#1236,(#1240,#1247),.PCURVE_S1.);
#1236 = LINE('',#1237,#1238);
#1237 = CARTESIAN_POINT('',(7.,-100.,-20.));
#1238 = VECTOR('',#1239,1.);
#1239 = DIRECTION('',(0.,1.,0.));
#1240 = PCURVE('',#124,#1241);
#1241 = DEFINITIONAL_REPRESENTATION('',(#1242),#1246);
#1242 = LINE('',#1243,#1244);
#1243 = CARTESIAN_POINT('',(0.,0.));
#1244 = VECTOR('',#1245,1.);
#1245 = DIRECTION('',(0.,-1.));
#1246 = ( GEOMETRIC_REPRESENTATION_CONTEXT(2) 
PARAMETRIC_REPRESENTATION_CONTEXT() REPRESENTATION_CONTEXT('2D SPACE',''
  ) );
#1247 = PCURVE('',#595,#1248);
#1248 = DEFINITIONAL_REPRESENTATION('',(#1249),#1253);
#1249 = LINE('',#1250,#1251);
#1250 = CARTESIAN_POINT('',(14.,0.));
#1251 = VECTOR('',#1252,1.);
#1252 = DIRECTION('',(0.,-1.));
#1253 = ( GEOMETRIC_REPRESENTATION_CONTEXT(2) 
PARAMETRIC_REPRESENTATION_CONTEXT() REPRESENTATION_CONTEXT('2D SPACE',''
  ) );
#1254 = ORIENTED_EDGE('',*,*,#879,.F.);
#1255 = ORIENTED_EDGE('',*,*,#108,.F.);
#1256 = ADVANCED_FACE('',(#1257),#179,.T.);
#1257 = FACE_BOUND('',#1258,.T.);
#1258 = EDGE_LOOP('',(#1259,#1282,#1303,#1324));
#1259 = ORIENTED_EDGE('',*,*,#1260,.F.);
#1260 = EDGE_CURVE('',#1261,#163,#1263,.T.);
#1261 = VERTEX_POINT('',#1262);
#1262 = CARTESIAN_POINT('',(8.5,264.5,-3.5));
#1263 = SURFACE_CURVE('',#1264,(#1268,#1275),.PCURVE_S1.);
#1264 = LINE('',#1265,#1266);
#1265 = CARTESIAN_POINT('',(5.,264.5,-3.5));
#1266 = VECTOR('',#1267,1.);
#1267 = DIRECTION('',(1.,0.,-0.));
#1268 = PCURVE('',#179,#1269);
#1269 = DEFINITIONAL_REPRESENTATION('',(#1270),#1274);
#1270 = LINE('',#1271,#1272);
#1271 = CARTESIAN_POINT('',(0.,7.));
#1272 = VECTOR('',#1273,1.);
#1273 = DIRECTION('',(1.,0.));
#1274 = ( GEOMETRIC_REPRESENTATION_CONTEXT(2) 
PARAMETRIC_REPRESENTATION_CONTEXT() REPRESENTATION_CONTEXT('2D SPACE',''
  ) );
#1275 = PCURVE('',#255,#1276);
#1276 = DEFINITIONAL_REPRESENTATION('',(#1277),#1281);
#1277 = LINE('',#1278,#1279);
#1278 = CARTESIAN_POINT('',(0.,0.));
#1279 = VECTOR('',#1280,1.);
#1280 = DIRECTION('',(0.,1.));
#1281 = ( GEOMETRIC_REPRESENTATION_CONTEXT(2) 
PARAMETRIC_REPRESENTATION_CONTEXT() REPRESENTATION_CONTEXT('2D SPACE',''
  ) );
#1282 = ORIENTED_EDGE('',*,*,#1283,.T.);
#1283 = EDGE_CURVE('',#1261,#1284,#1286,.T.);
#1284 = VERTEX_POINT('',#1285);
#1285 = CARTESIAN_POINT('',(8.5,257.5,-3.5));
#1286 = SURFACE_CURVE('',#1287,(#1291,#1297),.PCURVE_S1.);
#1287 = LINE('',#1288,#1289);
#1288 = CARTESIAN_POINT('',(8.5,78.75,-3.5));
#1289 = VECTOR('',#1290,1.);
#1290 = DIRECTION('',(0.,-1.,0.));
#1291 = PCURVE('',#179,#1292);
#1292 = DEFINITIONAL_REPRESENTATION('',(#1293),#1296);
#1293 = B_SPLINE_CURVE_WITH_KNOTS('',1,(#1294,#1295),.UNSPECIFIED.,.F.,
  .F.,(2,2),(-185.75,-178.75),.PIECEWISE_BEZIER_KNOTS.);
#1294 = CARTESIAN_POINT('',(3.5,7.));
#1295 = CARTESIAN_POINT('',(3.5,0.));
#1296 = ( GEOMETRIC_REPRESENTATION_CONTEXT(2) 
PARAMETRIC_REPRESENTATION_CONTEXT() REPRESENTATION_CONTEXT('2D SPACE',''
  ) );
#1297 = PCURVE('',#686,#1298);
#1298 = DEFINITIONAL_REPRESENTATION('',(#1299),#1302);
#1299 = B_SPLINE_CURVE_WITH_KNOTS('',1,(#1300,#1301),.UNSPECIFIED.,.F.,
  .F.,(2,2),(-185.75,-178.75),.PIECEWISE_BEZIER_KNOTS.);
#1300 = CARTESIAN_POINT('',(13.5,-364.5));
#1301 = CARTESIAN_POINT('',(13.5,-357.5));
#1302 = ( GEOMETRIC_REPRESENTATION_CONTEXT(2) 
PARAMETRIC_REPRESENTATION_CONTEXT() REPRESENTATION_CONTEXT('2D SPACE',''
  ) );
#1303 = ORIENTED_EDGE('',*,*,#1304,.T.);
#1304 = EDGE_CURVE('',#1284,#165,#1305,.T.);
#1305 = SURFACE_CURVE('',#1306,(#1310,#1317),.PCURVE_S1.);
#1306 = LINE('',#1307,#1308);
#1307 = CARTESIAN_POINT('',(5.,257.5,-3.5));
#1308 = VECTOR('',#1309,1.);
#1309 = DIRECTION('',(1.,0.,-0.));
#1310 = PCURVE('',#179,#1311);
#1311 = DEFINITIONAL_REPRESENTATION('',(#1312),#1316);
#1312 = LINE('',#1313,#1314);
#1313 = CARTESIAN_POINT('',(0.,0.));
#1314 = VECTOR('',#1315,1.);
#1315 = DIRECTION('',(1.,0.));
#1316 = ( GEOMETRIC_REPRESENTATION_CONTEXT(2) 
PARAMETRIC_REPRESENTATION_CONTEXT() REPRESENTATION_CONTEXT('2D SPACE',''
  ) );
#1317 = PCURVE('',#205,#1318);
#1318 = DEFINITIONAL_REPRESENTATION('',(#1319),#1323);
#1319 = LINE('',#1320,#1321);
#1320 = CARTESIAN_POINT('',(0.,0.));
#1321 = VECTOR('',#1322,1.);
#1322 = DIRECTION('',(0.,1.));
#1323 = ( GEOMETRIC_REPRESENTATION_CONTEXT(2) 
PARAMETRIC_REPRESENTATION_CONTEXT() REPRESENTATION_CONTEXT('2D SPACE',''
  ) );
#1324 = ORIENTED_EDGE('',*,*,#162,.F.);
#1325 = ADVANCED_FACE('',(#1326),#255,.F.);
#1326 = FACE_BOUND('',#1327,.F.);
#1327 = EDGE_LOOP('',(#1328,#1329,#1350,#1371));
#1328 = ORIENTED_EDGE('',*,*,#1260,.F.);
#1329 = ORIENTED_EDGE('',*,*,#1330,.T.);
#1330 = EDGE_CURVE('',#1261,#1331,#1333,.T.);
#1331 = VERTEX_POINT('',#1332);
#1332 = CARTESIAN_POINT('',(8.5,264.5,3.5));
#1333 = SURFACE_CURVE('',#1334,(#1338,#1344),.PCURVE_S1.);
#1334 = LINE('',#1335,#1336);
#1335 = CARTESIAN_POINT('',(8.5,264.5,-10.25));
#1336 = VECTOR('',#1337,1.);
#1337 = DIRECTION('',(0.,-0.,1.));
#1338 = PCURVE('',#255,#1339);
#1339 = DEFINITIONAL_REPRESENTATION('',(#1340),#1343);
#1340 = B_SPLINE_CURVE_WITH_KNOTS('',1,(#1341,#1342),.UNSPECIFIED.,.F.,
  .F.,(2,2),(6.75,13.75),.PIECEWISE_BEZIER_KNOTS.);
#1341 = CARTESIAN_POINT('',(0.,3.5));
#1342 = CARTESIAN_POINT('',(7.,3.5));
#1343 = ( GEOMETRIC_REPRESENTATION_CONTEXT(2) 
PARAMETRIC_REPRESENTATION_CONTEXT() REPRESENTATION_CONTEXT('2D SPACE',''
  ) );
#1344 = PCURVE('',#686,#1345);
#1345 = DEFINITIONAL_REPRESENTATION('',(#1346),#1349);
#1346 = B_SPLINE_CURVE_WITH_KNOTS('',1,(#1347,#1348),.UNSPECIFIED.,.F.,
  .F.,(2,2),(6.75,13.75),.PIECEWISE_BEZIER_KNOTS.);
#1347 = CARTESIAN_POINT('',(13.5,-364.5));
#1348 = CARTESIAN_POINT('',(20.5,-364.5));
#1349 = ( GEOMETRIC_REPRESENTATION_CONTEXT(2) 
PARAMETRIC_REPRESENTATION_CONTEXT() REPRESENTATION_CONTEXT('2D SPACE',''
  ) );
#1350 = ORIENTED_EDGE('',*,*,#1351,.T.);
#1351 = EDGE_CURVE('',#1331,#217,#1352,.T.);
#1352 = SURFACE_CURVE('',#1353,(#1357,#1364),.PCURVE_S1.);
#1353 = LINE('',#1354,#1355);
#1354 = CARTESIAN_POINT('',(5.,264.5,3.5));
#1355 = VECTOR('',#1356,1.);
#1356 = DIRECTION('',(1.,0.,-0.));
#1357 = PCURVE('',#255,#1358);
#1358 = DEFINITIONAL_REPRESENTATION('',(#1359),#1363);
#1359 = LINE('',#1360,#1361);
#1360 = CARTESIAN_POINT('',(7.,0.));
#1361 = VECTOR('',#1362,1.);
#1362 = DIRECTION('',(0.,1.));
#1363 = ( GEOMETRIC_REPRESENTATION_CONTEXT(2) 
PARAMETRIC_REPRESENTATION_CONTEXT() REPRESENTATION_CONTEXT('2D SPACE',''
  ) );
#1364 = PCURVE('',#231,#1365);
#1365 = DEFINITIONAL_REPRESENTATION('',(#1366),#1370);
#1366 = LINE('',#1367,#1368);
#1367 = CARTESIAN_POINT('',(0.,7.));
#1368 = VECTOR('',#1369,1.);
#1369 = DIRECTION('',(1.,0.));
#1370 = ( GEOMETRIC_REPRESENTATION_CONTEXT(2) 
PARAMETRIC_REPRESENTATION_CONTEXT() REPRESENTATION_CONTEXT('2D SPACE',''
  ) );
#1371 = ORIENTED_EDGE('',*,*,#242,.F.);
#1372 = ADVANCED_FACE('',(#1373),#231,.F.);
#1373 = FACE_BOUND('',#1374,.F.);
#1374 = EDGE_LOOP('',(#1375,#1376,#1397,#1418));
#1375 = ORIENTED_EDGE('',*,*,#1351,.F.);
#1376 = ORIENTED_EDGE('',*,*,#1377,.T.);
#1377 = EDGE_CURVE('',#1331,#1378,#1380,.T.);
#1378 = VERTEX_POINT('',#1379);
#1379 = CARTESIAN_POINT('',(8.5,257.5,3.5));
#1380 = SURFACE_CURVE('',#1381,(#1385,#1391),.PCURVE_S1.);
#1381 = LINE('',#1382,#1383);
#1382 = CARTESIAN_POINT('',(8.5,78.75,3.5));
#1383 = VECTOR('',#1384,1.);
#1384 = DIRECTION('',(0.,-1.,0.));
#1385 = PCURVE('',#231,#1386);
#1386 = DEFINITIONAL_REPRESENTATION('',(#1387),#1390);
#1387 = B_SPLINE_CURVE_WITH_KNOTS('',1,(#1388,#1389),.UNSPECIFIED.,.F.,
  .F.,(2,2),(-185.75,-178.75),.PIECEWISE_BEZIER_KNOTS.);
#1388 = CARTESIAN_POINT('',(3.5,7.));
#1389 = CARTESIAN_POINT('',(3.5,0.));
#1390 = ( GEOMETRIC_REPRESENTATION_CONTEXT(2) 
PARAMETRIC_REPRESENTATION_CONTEXT() REPRESENTATION_CONTEXT('2D SPACE',''
  ) );
#1391 = PCURVE('',#686,#1392);
#1392 = DEFINITIONAL_REPRESENTATION('',(#1393),#1396);
#1393 = B_SPLINE_CURVE_WITH_KNOTS('',1,(#1394,#1395),.UNSPECIFIED.,.F.,
  .F.,(2,2),(-185.75,-178.75),.PIECEWISE_BEZIER_KNOTS.);
#1394 = CARTESIAN_POINT('',(20.5,-364.5));
#1395 = CARTESIAN_POINT('',(20.5,-357.5));
#1396 = ( GEOMETRIC_REPRESENTATION_CONTEXT(2) 
PARAMETRIC_REPRESENTATION_CONTEXT() REPRESENTATION_CONTEXT('2D SPACE',''
  ) );
#1397 = ORIENTED_EDGE('',*,*,#1398,.T.);
#1398 = EDGE_CURVE('',#1378,#191,#1399,.T.);
#1399 = SURFACE_CURVE('',#1400,(#1404,#1411),.PCURVE_S1.);
#1400 = LINE('',#1401,#1402);
#1401 = CARTESIAN_POINT('',(5.,257.5,3.5));
#1402 = VECTOR('',#1403,1.);
#1403 = DIRECTION('',(1.,0.,-0.));
#1404 = PCURVE('',#231,#1405);
#1405 = DEFINITIONAL_REPRESENTATION('',(#1406),#1410);
#1406 = LINE('',#1407,#1408);
#1407 = CARTESIAN_POINT('',(0.,0.));
#1408 = VECTOR('',#1409,1.);
#1409 = DIRECTION('',(1.,0.));
#1410 = ( GEOMETRIC_REPRESENTATION_CONTEXT(2) 
PARAMETRIC_REPRESENTATION_CONTEXT() REPRESENTATION_CONTEXT('2D SPACE',''
  ) );
#1411 = PCURVE('',#205,#1412);
#1412 = DEFINITIONAL_REPRESENTATION('',(#1413),#1417);
#1413 = LINE('',#1414,#1415);
#1414 = CARTESIAN_POINT('',(7.,0.));
#1415 = VECTOR('',#1416,1.);
#1416 = DIRECTION('',(0.,1.));
#1417 = ( GEOMETRIC_REPRESENTATION_CONTEXT(2) 
PARAMETRIC_REPRESENTATION_CONTEXT() REPRESENTATION_CONTEXT('2D SPACE',''
  ) );
#1418 = ORIENTED_EDGE('',*,*,#216,.F.);
#1419 = ADVANCED_FACE('',(#1420),#205,.T.);
#1420 = FACE_BOUND('',#1421,.T.);
#1421 = EDGE_LOOP('',(#1422,#1423,#1442,#1443));
#1422 = ORIENTED_EDGE('',*,*,#1304,.F.);
#1423 = ORIENTED_EDGE('',*,*,#1424,.T.);
#1424 = EDGE_CURVE('',#1284,#1378,#1425,.T.);
#1425 = SURFACE_CURVE('',#1426,(#1430,#1436),.PCURVE_S1.);
#1426 = LINE('',#1427,#1428);
#1427 = CARTESIAN_POINT('',(8.5,257.5,-10.25));
#1428 = VECTOR('',#1429,1.);
#1429 = DIRECTION('',(0.,-0.,1.));
#1430 = PCURVE('',#205,#1431);
#1431 = DEFINITIONAL_REPRESENTATION('',(#1432),#1435);
#1432 = B_SPLINE_CURVE_WITH_KNOTS('',1,(#1433,#1434),.UNSPECIFIED.,.F.,
  .F.,(2,2),(6.75,13.75),.PIECEWISE_BEZIER_KNOTS.);
#1433 = CARTESIAN_POINT('',(0.,3.5));
#1434 = CARTESIAN_POINT('',(7.,3.5));
#1435 = ( GEOMETRIC_REPRESENTATION_CONTEXT(2) 
PARAMETRIC_REPRESENTATION_CONTEXT() REPRESENTATION_CONTEXT('2D SPACE',''
  ) );
#1436 = PCURVE('',#686,#1437);
#1437 = DEFINITIONAL_REPRESENTATION('',(#1438),#1441);
#1438 = B_SPLINE_CURVE_WITH_KNOTS('',1,(#1439,#1440),.UNSPECIFIED.,.F.,
  .F.,(2,2),(6.75,13.75),.PIECEWISE_BEZIER_KNOTS.);
#1439 = CARTESIAN_POINT('',(13.5,-357.5));
#1440 = CARTESIAN_POINT('',(20.5,-357.5));
#1441 = ( GEOMETRIC_REPRESENTATION_CONTEXT(2) 
PARAMETRIC_REPRESENTATION_CONTEXT() REPRESENTATION_CONTEXT('2D SPACE',''
  ) );
#1442 = ORIENTED_EDGE('',*,*,#1398,.T.);
#1443 = ORIENTED_EDGE('',*,*,#190,.F.);
#1444 = ADVANCED_FACE('',(#1445),#285,.T.);
#1445 = FACE_BOUND('',#1446,.T.);
#1446 = EDGE_LOOP('',(#1447,#1470,#1491,#1512));
#1447 = ORIENTED_EDGE('',*,*,#1448,.F.);
#1448 = EDGE_CURVE('',#1449,#269,#1451,.T.);
#1449 = VERTEX_POINT('',#1450);
#1450 = CARTESIAN_POINT('',(8.5,42.5,-3.5));
#1451 = SURFACE_CURVE('',#1452,(#1456,#1463),.PCURVE_S1.);
#1452 = LINE('',#1453,#1454);
#1453 = CARTESIAN_POINT('',(5.,42.5,-3.5));
#1454 = VECTOR('',#1455,1.);
#1455 = DIRECTION('',(1.,0.,-0.));
#1456 = PCURVE('',#285,#1457);
#1457 = DEFINITIONAL_REPRESENTATION('',(#1458),#1462);
#1458 = LINE('',#1459,#1460);
#1459 = CARTESIAN_POINT('',(0.,7.));
#1460 = VECTOR('',#1461,1.);
#1461 = DIRECTION('',(1.,0.));
#1462 = ( GEOMETRIC_REPRESENTATION_CONTEXT(2) 
PARAMETRIC_REPRESENTATION_CONTEXT() REPRESENTATION_CONTEXT('2D SPACE',''
  ) );
#1463 = PCURVE('',#361,#1464);
#1464 = DEFINITIONAL_REPRESENTATION('',(#1465),#1469);
#1465 = LINE('',#1466,#1467);
#1466 = CARTESIAN_POINT('',(0.,0.));
#1467 = VECTOR('',#1468,1.);
#1468 = DIRECTION('',(0.,1.));
#1469 = ( GEOMETRIC_REPRESENTATION_CONTEXT(2) 
PARAMETRIC_REPRESENTATION_CONTEXT() REPRESENTATION_CONTEXT('2D SPACE',''
  ) );
#1470 = ORIENTED_EDGE('',*,*,#1471,.T.);
#1471 = EDGE_CURVE('',#1449,#1472,#1474,.T.);
#1472 = VERTEX_POINT('',#1473);
#1473 = CARTESIAN_POINT('',(8.5,35.5,-3.5));
#1474 = SURFACE_CURVE('',#1475,(#1479,#1485),.PCURVE_S1.);
#1475 = LINE('',#1476,#1477);
#1476 = CARTESIAN_POINT('',(8.5,-32.25,-3.5));
#1477 = VECTOR('',#1478,1.);
#1478 = DIRECTION('',(0.,-1.,0.));
#1479 = PCURVE('',#285,#1480);
#1480 = DEFINITIONAL_REPRESENTATION('',(#1481),#1484);
#1481 = B_SPLINE_CURVE_WITH_KNOTS('',1,(#1482,#1483),.UNSPECIFIED.,.F.,
  .F.,(2,2),(-74.75,-67.75),.PIECEWISE_BEZIER_KNOTS.);
#1482 = CARTESIAN_POINT('',(3.5,7.));
#1483 = CARTESIAN_POINT('',(3.5,0.));
#1484 = ( GEOMETRIC_REPRESENTATION_CONTEXT(2) 
PARAMETRIC_REPRESENTATION_CONTEXT() REPRESENTATION_CONTEXT('2D SPACE',''
  ) );
#1485 = PCURVE('',#686,#1486);
#1486 = DEFINITIONAL_REPRESENTATION('',(#1487),#1490);
#1487 = B_SPLINE_CURVE_WITH_KNOTS('',1,(#1488,#1489),.UNSPECIFIED.,.F.,
  .F.,(2,2),(-74.75,-67.75),.PIECEWISE_BEZIER_KNOTS.);
#1488 = CARTESIAN_POINT('',(13.5,-142.5));
#1489 = CARTESIAN_POINT('',(13.5,-135.5));
#1490 = ( GEOMETRIC_REPRESENTATION_CONTEXT(2) 
PARAMETRIC_REPRESENTATION_CONTEXT() REPRESENTATION_CONTEXT('2D SPACE',''
  ) );
#1491 = ORIENTED_EDGE('',*,*,#1492,.T.);
#1492 = EDGE_CURVE('',#1472,#271,#1493,.T.);
#1493 = SURFACE_CURVE('',#1494,(#1498,#1505),.PCURVE_S1.);
#1494 = LINE('',#1495,#1496);
#1495 = CARTESIAN_POINT('',(5.,35.5,-3.5));
#1496 = VECTOR('',#1497,1.);
#1497 = DIRECTION('',(1.,0.,-0.));
#1498 = PCURVE('',#285,#1499);
#1499 = DEFINITIONAL_REPRESENTATION('',(#1500),#1504);
#1500 = LINE('',#1501,#1502);
#1501 = CARTESIAN_POINT('',(0.,0.));
#1502 = VECTOR('',#1503,1.);
#1503 = DIRECTION('',(1.,0.));
#1504 = ( GEOMETRIC_REPRESENTATION_CONTEXT(2) 
PARAMETRIC_REPRESENTATION_CONTEXT() REPRESENTATION_CONTEXT('2D SPACE',''
  ) );
#1505 = PCURVE('',#311,#1506);
#1506 = DEFINITIONAL_REPRESENTATION('',(#1507),#1511);
#1507 = LINE('',#1508,#1509);
#1508 = CARTESIAN_POINT('',(0.,0.));
#1509 = VECTOR('',#1510,1.);
#1510 = DIRECTION('',(0.,1.));
#1511 = ( GEOMETRIC_REPRESENTATION_CONTEXT(2) 
PARAMETRIC_REPRESENTATION_CONTEXT() REPRESENTATION_CONTEXT('2D SPACE',''
  ) );
#1512 = ORIENTED_EDGE('',*,*,#268,.F.);
#1513 = ADVANCED_FACE('',(#1514),#361,.F.);
#1514 = FACE_BOUND('',#1515,.F.);
#1515 = EDGE_LOOP('',(#1516,#1517,#1538,#1559));
#1516 = ORIENTED_EDGE('',*,*,#1448,.F.);
#1517 = ORIENTED_EDGE('',*,*,#1518,.T.);
#1518 = EDGE_CURVE('',#1449,#1519,#1521,.T.);
#1519 = VERTEX_POINT('',#1520);
#1520 = CARTESIAN_POINT('',(8.5,42.5,3.5));
#1521 = SURFACE_CURVE('',#1522,(#1526,#1532),.PCURVE_S1.);
#1522 = LINE('',#1523,#1524);
#1523 = CARTESIAN_POINT('',(8.5,42.5,-10.25));
#1524 = VECTOR('',#1525,1.);
#1525 = DIRECTION('',(0.,-0.,1.));
#1526 = PCURVE('',#361,#1527);
#1527 = DEFINITIONAL_REPRESENTATION('',(#1528),#1531);
#1528 = B_SPLINE_CURVE_WITH_KNOTS('',1,(#1529,#1530),.UNSPECIFIED.,.F.,
  .F.,(2,2),(6.75,13.75),.PIECEWISE_BEZIER_KNOTS.);
#1529 = CARTESIAN_POINT('',(0.,3.5));
#1530 = CARTESIAN_POINT('',(7.,3.5));
#1531 = ( GEOMETRIC_REPRESENTATION_CONTEXT(2) 
PARAMETRIC_REPRESENTATION_CONTEXT() REPRESENTATION_CONTEXT('2D SPACE',''
  ) );
#1532 = PCURVE('',#686,#1533);
#1533 = DEFINITIONAL_REPRESENTATION('',(#1534),#1537);
#1534 = B_SPLINE_CURVE_WITH_KNOTS('',1,(#1535,#1536),.UNSPECIFIED.,.F.,
  .F.,(2,2),(6.75,13.75),.PIECEWISE_BEZIER_KNOTS.);
#1535 = CARTESIAN_POINT('',(13.5,-142.5));
#1536 = CARTESIAN_POINT('',(20.5,-142.5));
#1537 = ( GEOMETRIC_REPRESENTATION_CONTEXT(2) 
PARAMETRIC_REPRESENTATION_CONTEXT() REPRESENTATION_CONTEXT('2D SPACE',''
  ) );
#1538 = ORIENTED_EDGE('',*,*,#1539,.T.);
#1539 = EDGE_CURVE('',#1519,#323,#1540,.T.);
#1540 = SURFACE_CURVE('',#1541,(#1545,#1552),.PCURVE_S1.);
#1541 = LINE('',#1542,#1543);
#1542 = CARTESIAN_POINT('',(5.,42.5,3.5));
#1543 = VECTOR('',#1544,1.);
#1544 = DIRECTION('',(1.,0.,-0.));
#1545 = PCURVE('',#361,#1546);
#1546 = DEFINITIONAL_REPRESENTATION('',(#1547),#1551);
#1547 = LINE('',#1548,#1549);
#1548 = CARTESIAN_POINT('',(7.,0.));
#1549 = VECTOR('',#1550,1.);
#1550 = DIRECTION('',(0.,1.));
#1551 = ( GEOMETRIC_REPRESENTATION_CONTEXT(2) 
PARAMETRIC_REPRESENTATION_CONTEXT() REPRESENTATION_CONTEXT('2D SPACE',''
  ) );
#1552 = PCURVE('',#337,#1553);
#1553 = DEFINITIONAL_REPRESENTATION('',(#1554),#1558);
#1554 = LINE('',#1555,#1556);
#1555 = CARTESIAN_POINT('',(0.,7.));
#1556 = VECTOR('',#1557,1.);
#1557 = DIRECTION('',(1.,0.));
#1558 = ( GEOMETRIC_REPRESENTATION_CONTEXT(2) 
PARAMETRIC_REPRESENTATION_CONTEXT() REPRESENTATION_CONTEXT('2D SPACE',''
  ) );
#1559 = ORIENTED_EDGE('',*,*,#348,.F.);
#1560 = ADVANCED_FACE('',(#1561),#311,.T.);
#1561 = FACE_BOUND('',#1562,.T.);
#1562 = EDGE_LOOP('',(#1563,#1564,#1585,#1606));
#1563 = ORIENTED_EDGE('',*,*,#1492,.F.);
#1564 = ORIENTED_EDGE('',*,*,#1565,.T.);
#1565 = EDGE_CURVE('',#1472,#1566,#1568,.T.);
#1566 = VERTEX_POINT('',#1567);
#1567 = CARTESIAN_POINT('',(8.5,35.5,3.5));
#1568 = SURFACE_CURVE('',#1569,(#1573,#1579),.PCURVE_S1.);
#1569 = LINE('',#1570,#1571);
#1570 = CARTESIAN_POINT('',(8.5,35.5,-10.25));
#1571 = VECTOR('',#1572,1.);
#1572 = DIRECTION('',(0.,-0.,1.));
#1573 = PCURVE('',#311,#1574);
#1574 = DEFINITIONAL_REPRESENTATION('',(#1575),#1578);
#1575 = B_SPLINE_CURVE_WITH_KNOTS('',1,(#1576,#1577),.UNSPECIFIED.,.F.,
  .F.,(2,2),(6.75,13.75),.PIECEWISE_BEZIER_KNOTS.);
#1576 = CARTESIAN_POINT('',(0.,3.5));
#1577 = CARTESIAN_POINT('',(7.,3.5));
#1578 = ( GEOMETRIC_REPRESENTATION_CONTEXT(2) 
PARAMETRIC_REPRESENTATION_CONTEXT() REPRESENTATION_CONTEXT('2D SPACE',''
  ) );
#1579 = PCURVE('',#686,#1580);
#1580 = DEFINITIONAL_REPRESENTATION('',(#1581),#1584);
#1581 = B_SPLINE_CURVE_WITH_KNOTS('',1,(#1582,#1583),.UNSPECIFIED.,.F.,
  .F.,(2,2),(6.75,13.75),.PIECEWISE_BEZIER_KNOTS.);
#1582 = CARTESIAN_POINT('',(13.5,-135.5));
#1583 = CARTESIAN_POINT('',(20.5,-135.5));
#1584 = ( GEOMETRIC_REPRESENTATION_CONTEXT(2) 
PARAMETRIC_REPRESENTATION_CONTEXT() REPRESENTATION_CONTEXT('2D SPACE',''
  ) );
#1585 = ORIENTED_EDGE('',*,*,#1586,.T.);
#1586 = EDGE_CURVE('',#1566,#297,#1587,.T.);
#1587 = SURFACE_CURVE('',#1588,(#1592,#1599),.PCURVE_S1.);
#1588 = LINE('',#1589,#1590);
#1589 = CARTESIAN_POINT('',(5.,35.5,3.5));
#1590 = VECTOR('',#1591,1.);
#1591 = DIRECTION('',(1.,0.,-0.));
#1592 = PCURVE('',#311,#1593);
#1593 = DEFINITIONAL_REPRESENTATION('',(#1594),#1598);
#1594 = LINE('',#1595,#1596);
#1595 = CARTESIAN_POINT('',(7.,0.));
#1596 = VECTOR('',#1597,1.);
#1597 = DIRECTION('',(0.,1.));
#1598 = ( GEOMETRIC_REPRESENTATION_CONTEXT(2) 
PARAMETRIC_REPRESENTATION_CONTEXT() REPRESENTATION_CONTEXT('2D SPACE',''
  ) );
#1599 = PCURVE('',#337,#1600);
#1600 = DEFINITIONAL_REPRESENTATION('',(#1601),#1605);
#1601 = LINE('',#1602,#1603);
#1602 = CARTESIAN_POINT('',(0.,0.));
#1603 = VECTOR('',#1604,1.);
#1604 = DIRECTION('',(1.,0.));
#1605 = ( GEOMETRIC_REPRESENTATION_CONTEXT(2) 
PARAMETRIC_REPRESENTATION_CONTEXT() REPRESENTATION_CONTEXT('2D SPACE',''
  ) );
#1606 = ORIENTED_EDGE('',*,*,#296,.F.);
#1607 = ADVANCED_FACE('',(#1608),#337,.F.);
#1608 = FACE_BOUND('',#1609,.F.);
#1609 = EDGE_LOOP('',(#1610,#1611,#1630,#1631));
#1610 = ORIENTED_EDGE('',*,*,#1539,.F.);
#1611 = ORIENTED_EDGE('',*,*,#1612,.T.);
#1612 = EDGE_CURVE('',#1519,#1566,#1613,.T.);
#1613 = SURFACE_CURVE('',#1614,(#1618,#1624),.PCURVE_S1.);
#1614 = LINE('',#1615,#1616);
#1615 = CARTESIAN_POINT('',(8.5,-32.25,3.5));
#1616 = VECTOR('',#1617,1.);
#1617 = DIRECTION('',(0.,-1.,0.));
#1618 = PCURVE('',#337,#1619);
#1619 = DEFINITIONAL_REPRESENTATION('',(#1620),#1623);
#1620 = B_SPLINE_CURVE_WITH_KNOTS('',1,(#1621,#1622),.UNSPECIFIED.,.F.,
  .F.,(2,2),(-74.75,-67.75),.PIECEWISE_BEZIER_KNOTS.);
#1621 = CARTESIAN_POINT('',(3.5,7.));
#1622 = CARTESIAN_POINT('',(3.5,0.));
#1623 = ( GEOMETRIC_REPRESENTATION_CONTEXT(2) 
PARAMETRIC_REPRESENTATION_CONTEXT() REPRESENTATION_CONTEXT('2D SPACE',''
  ) );
#1624 = PCURVE('',#686,#1625);
#1625 = DEFINITIONAL_REPRESENTATION('',(#1626),#1629);
#1626 = B_SPLINE_CURVE_WITH_KNOTS('',1,(#1627,#1628),.UNSPECIFIED.,.F.,
  .F.,(2,2),(-74.75,-67.75),.PIECEWISE_BEZIER_KNOTS.);
#1627 = CARTESIAN_POINT('',(20.5,-142.5));
#1628 = CARTESIAN_POINT('',(20.5,-135.5));
#1629 = ( GEOMETRIC_REPRESENTATION_CONTEXT(2) 
PARAMETRIC_REPRESENTATION_CONTEXT() REPRESENTATION_CONTEXT('2D SPACE',''
  ) );
#1630 = ORIENTED_EDGE('',*,*,#1586,.T.);
#1631 = ORIENTED_EDGE('',*,*,#322,.F.);
#1632 = ADVANCED_FACE('',(#1633),#448,.T.);
#1633 = FACE_BOUND('',#1634,.T.);
#1634 = EDGE_LOOP('',(#1635,#1656,#1657,#1658));
#1635 = ORIENTED_EDGE('',*,*,#1636,.F.);
#1636 = EDGE_CURVE('',#466,#980,#1637,.T.);
#1637 = SURFACE_CURVE('',#1638,(#1642,#1649),.PCURVE_S1.);
#1638 = LINE('',#1639,#1640);
#1639 = CARTESIAN_POINT('',(-7.,-100.,20.));
#1640 = VECTOR('',#1641,1.);
#1641 = DIRECTION('',(0.,1.,0.));
#1642 = PCURVE('',#448,#1643);
#1643 = DEFINITIONAL_REPRESENTATION('',(#1644),#1648);
#1644 = LINE('',#1645,#1646);
#1645 = CARTESIAN_POINT('',(14.,0.));
#1646 = VECTOR('',#1647,1.);
#1647 = DIRECTION('',(0.,-1.));
#1648 = ( GEOMETRIC_REPRESENTATION_CONTEXT(2) 
PARAMETRIC_REPRESENTATION_CONTEXT() REPRESENTATION_CONTEXT('2D SPACE',''
  ) );
#1649 = PCURVE('',#503,#1650);
#1650 = DEFINITIONAL_REPRESENTATION('',(#1651),#1655);
#1651 = LINE('',#1652,#1653);
#1652 = CARTESIAN_POINT('',(0.,0.));
#1653 = VECTOR('',#1654,1.);
#1654 = DIRECTION('',(0.,-1.));
#1655 = ( GEOMETRIC_REPRESENTATION_CONTEXT(2) 
PARAMETRIC_REPRESENTATION_CONTEXT() REPRESENTATION_CONTEXT('2D SPACE',''
  ) );
#1656 = ORIENTED_EDGE('',*,*,#465,.T.);
#1657 = ORIENTED_EDGE('',*,*,#434,.T.);
#1658 = ORIENTED_EDGE('',*,*,#1008,.T.);
#1659 = ADVANCED_FACE('',(#1660),#595,.T.);
#1660 = FACE_BOUND('',#1661,.T.);
#1661 = EDGE_LOOP('',(#1662,#1663,#1664,#1685));
#1662 = ORIENTED_EDGE('',*,*,#1234,.F.);
#1663 = ORIENTED_EDGE('',*,*,#580,.T.);
#1664 = ORIENTED_EDGE('',*,*,#1665,.T.);
#1665 = EDGE_CURVE('',#547,#909,#1666,.T.);
#1666 = SURFACE_CURVE('',#1667,(#1671,#1678),.PCURVE_S1.);
#1667 = LINE('',#1668,#1669);
#1668 = CARTESIAN_POINT('',(-7.,-100.,-20.));
#1669 = VECTOR('',#1670,1.);
#1670 = DIRECTION('',(0.,1.,0.));
#1671 = PCURVE('',#595,#1672);
#1672 = DEFINITIONAL_REPRESENTATION('',(#1673),#1677);
#1673 = LINE('',#1674,#1675);
#1674 = CARTESIAN_POINT('',(0.,0.));
#1675 = VECTOR('',#1676,1.);
#1676 = DIRECTION('',(0.,-1.));
#1677 = ( GEOMETRIC_REPRESENTATION_CONTEXT(2) 
PARAMETRIC_REPRESENTATION_CONTEXT() REPRESENTATION_CONTEXT('2D SPACE',''
  ) );
#1678 = PCURVE('',#563,#1679);
#1679 = DEFINITIONAL_REPRESENTATION('',(#1680),#1684);
#1680 = LINE('',#1681,#1682);
#1681 = CARTESIAN_POINT('',(1.570796326795,0.));
#1682 = VECTOR('',#1683,1.);
#1683 = DIRECTION('',(0.,-1.));
#1684 = ( GEOMETRIC_REPRESENTATION_CONTEXT(2) 
PARAMETRIC_REPRESENTATION_CONTEXT() REPRESENTATION_CONTEXT('2D SPACE',''
  ) );
#1685 = ORIENTED_EDGE('',*,*,#908,.T.);
#1686 = ADVANCED_FACE('',(#1687),#563,.T.);
#1687 = FACE_BOUND('',#1688,.T.);
#1688 = EDGE_LOOP('',(#1689,#1690,#1711,#1712));
#1689 = ORIENTED_EDGE('',*,*,#546,.F.);
#1690 = ORIENTED_EDGE('',*,*,#1691,.T.);
#1691 = EDGE_CURVE('',#521,#930,#1692,.T.);
#1692 = SURFACE_CURVE('',#1693,(#1697,#1704),.PCURVE_S1.);
#1693 = LINE('',#1694,#1695);
#1694 = CARTESIAN_POINT('',(-10.,-100.,-17.));
#1695 = VECTOR('',#1696,1.);
#1696 = DIRECTION('',(0.,1.,0.));
#1697 = PCURVE('',#563,#1698);
#1698 = DEFINITIONAL_REPRESENTATION('',(#1699),#1703);
#1699 = LINE('',#1700,#1701);
#1700 = CARTESIAN_POINT('',(0.,0.));
#1701 = VECTOR('',#1702,1.);
#1702 = DIRECTION('',(0.,-1.));
#1703 = ( GEOMETRIC_REPRESENTATION_CONTEXT(2) 
PARAMETRIC_REPRESENTATION_CONTEXT() REPRESENTATION_CONTEXT('2D SPACE',''
  ) );
#1704 = PCURVE('',#535,#1705);
#1705 = DEFINITIONAL_REPRESENTATION('',(#1706),#1710);
#1706 = LINE('',#1707,#1708);
#1707 = CARTESIAN_POINT('',(34.,0.));
#1708 = VECTOR('',#1709,1.);
#1709 = DIRECTION('',(0.,-1.));
#1710 = ( GEOMETRIC_REPRESENTATION_CONTEXT(2) 
PARAMETRIC_REPRESENTATION_CONTEXT() REPRESENTATION_CONTEXT('2D SPACE',''
  ) );
#1711 = ORIENTED_EDGE('',*,*,#929,.F.);
#1712 = ORIENTED_EDGE('',*,*,#1665,.F.);
#1713 = ADVANCED_FACE('',(#1714,#1740,#1775),#535,.T.);
#1714 = FACE_BOUND('',#1715,.T.);
#1715 = EDGE_LOOP('',(#1716,#1717,#1718,#1739));
#1716 = ORIENTED_EDGE('',*,*,#1691,.F.);
#1717 = ORIENTED_EDGE('',*,*,#520,.T.);
#1718 = ORIENTED_EDGE('',*,*,#1719,.T.);
#1719 = EDGE_CURVE('',#487,#959,#1720,.T.);
#1720 = SURFACE_CURVE('',#1721,(#1725,#1732),.PCURVE_S1.);
#1721 = LINE('',#1722,#1723);
#1722 = CARTESIAN_POINT('',(-10.,-100.,17.));
#1723 = VECTOR('',#1724,1.);
#1724 = DIRECTION('',(0.,1.,0.));
#1725 = PCURVE('',#535,#1726);
#1726 = DEFINITIONAL_REPRESENTATION('',(#1727),#1731);
#1727 = LINE('',#1728,#1729);
#1728 = CARTESIAN_POINT('',(0.,-0.));
#1729 = VECTOR('',#1730,1.);
#1730 = DIRECTION('',(0.,-1.));
#1731 = ( GEOMETRIC_REPRESENTATION_CONTEXT(2) 
PARAMETRIC_REPRESENTATION_CONTEXT() REPRESENTATION_CONTEXT('2D SPACE',''
  ) );
#1732 = PCURVE('',#503,#1733);
#1733 = DEFINITIONAL_REPRESENTATION('',(#1734),#1738);
#1734 = LINE('',#1735,#1736);
#1735 = CARTESIAN_POINT('',(1.570796326795,0.));
#1736 = VECTOR('',#1737,1.);
#1737 = DIRECTION('',(0.,-1.));
#1738 = ( GEOMETRIC_REPRESENTATION_CONTEXT(2) 
PARAMETRIC_REPRESENTATION_CONTEXT() REPRESENTATION_CONTEXT('2D SPACE',''
  ) );
#1739 = ORIENTED_EDGE('',*,*,#958,.T.);
#1740 = FACE_BOUND('',#1741,.T.);
#1741 = EDGE_LOOP('',(#1742));
#1742 = ORIENTED_EDGE('',*,*,#1743,.T.);
#1743 = EDGE_CURVE('',#1744,#1744,#1746,.T.);
#1744 = VERTEX_POINT('',#1745);
#1745 = CARTESIAN_POINT('',(-10.,261.,3.5));
#1746 = SURFACE_CURVE('',#1747,(#1752,#1763),.PCURVE_S1.);
#1747 = CIRCLE('',#1748,3.5);
#1748 = AXIS2_PLACEMENT_3D('',#1749,#1750,#1751);
#1749 = CARTESIAN_POINT('',(-10.,261.,0.));
#1750 = DIRECTION('',(1.,0.,0.));
#1751 = DIRECTION('',(-0.,0.,1.));
#1752 = PCURVE('',#535,#1753);
#1753 = DEFINITIONAL_REPRESENTATION('',(#1754),#1762);
#1754 = ( BOUNDED_CURVE() B_SPLINE_CURVE(2,(#1755,#1756,#1757,#1758,
#1759,#1760,#1761),.UNSPECIFIED.,.T.,.F.) B_SPLINE_CURVE_WITH_KNOTS((1,2
    ,2,2,2,1),(-2.094395102393,0.,2.094395102393,4.188790204786,
6.28318530718,8.377580409573),.UNSPECIFIED.) CURVE() 
GEOMETRIC_REPRESENTATION_ITEM() RATIONAL_B_SPLINE_CURVE((1.,0.5,1.,0.5,
1.,0.5,1.)) REPRESENTATION_ITEM('') );
#1755 = CARTESIAN_POINT('',(13.5,-361.));
#1756 = CARTESIAN_POINT('',(13.5,-354.9378221735));
#1757 = CARTESIAN_POINT('',(18.75,-357.9689110867));
#1758 = CARTESIAN_POINT('',(24.,-361.));
#1759 = CARTESIAN_POINT('',(18.75,-364.0310889132));
#1760 = CARTESIAN_POINT('',(13.5,-367.0621778264));
#1761 = CARTESIAN_POINT('',(13.5,-361.));
#1762 = ( GEOMETRIC_REPRESENTATION_CONTEXT(2) 
PARAMETRIC_REPRESENTATION_CONTEXT() REPRESENTATION_CONTEXT('2D SPACE',''
  ) );
#1763 = PCURVE('',#1764,#1769);
#1764 = CYLINDRICAL_SURFACE('',#1765,3.5);
#1765 = AXIS2_PLACEMENT_3D('',#1766,#1767,#1768);
#1766 = CARTESIAN_POINT('',(-15.,261.,0.));
#1767 = DIRECTION('',(1.,0.,0.));
#1768 = DIRECTION('',(-0.,0.,1.));
#1769 = DEFINITIONAL_REPRESENTATION('',(#1770),#1774);
#1770 = LINE('',#1771,#1772);
#1771 = CARTESIAN_POINT('',(0.,5.));
#1772 = VECTOR('',#1773,1.);
#1773 = DIRECTION('',(1.,0.));
#1774 = ( GEOMETRIC_REPRESENTATION_CONTEXT(2) 
PARAMETRIC_REPRESENTATION_CONTEXT() REPRESENTATION_CONTEXT('2D SPACE',''
  ) );
#1775 = FACE_BOUND('',#1776,.T.);
#1776 = EDGE_LOOP('',(#1777));
#1777 = ORIENTED_EDGE('',*,*,#1778,.T.);
#1778 = EDGE_CURVE('',#1779,#1779,#1781,.T.);
#1779 = VERTEX_POINT('',#1780);
#1780 = CARTESIAN_POINT('',(-10.,39.,3.5));
#1781 = SURFACE_CURVE('',#1782,(#1787,#1798),.PCURVE_S1.);
#1782 = CIRCLE('',#1783,3.5);
#1783 = AXIS2_PLACEMENT_3D('',#1784,#1785,#1786);
#1784 = CARTESIAN_POINT('',(-10.,39.,0.));
#1785 = DIRECTION('',(1.,0.,0.));
#1786 = DIRECTION('',(-0.,0.,1.));
#1787 = PCURVE('',#535,#1788);
#1788 = DEFINITIONAL_REPRESENTATION('',(#1789),#1797);
#1789 = ( BOUNDED_CURVE() B_SPLINE_CURVE(2,(#1790,#1791,#1792,#1793,
#1794,#1795,#1796),.UNSPECIFIED.,.T.,.F.) B_SPLINE_CURVE_WITH_KNOTS((1,2
    ,2,2,2,1),(-2.094395102393,0.,2.094395102393,4.188790204786,
6.28318530718,8.377580409573),.UNSPECIFIED.) CURVE() 
GEOMETRIC_REPRESENTATION_ITEM() RATIONAL_B_SPLINE_CURVE((1.,0.5,1.,0.5,
1.,0.5,1.)) REPRESENTATION_ITEM('') );
#1790 = CARTESIAN_POINT('',(13.5,-139.));
#1791 = CARTESIAN_POINT('',(13.5,-132.9378221735));
#1792 = CARTESIAN_POINT('',(18.75,-135.9689110867));
#1793 = CARTESIAN_POINT('',(24.,-139.));
#1794 = CARTESIAN_POINT('',(18.75,-142.0310889132));
#1795 = CARTESIAN_POINT('',(13.5,-145.0621778264));
#1796 = CARTESIAN_POINT('',(13.5,-139.));
#1797 = ( GEOMETRIC_REPRESENTATION_CONTEXT(2) 
PARAMETRIC_REPRESENTATION_CONTEXT() REPRESENTATION_CONTEXT('2D SPACE',''
  ) );
#1798 = PCURVE('',#1799,#1804);
#1799 = CYLINDRICAL_SURFACE('',#1800,3.5);
#1800 = AXIS2_PLACEMENT_3D('',#1801,#1802,#1803);
#1801 = CARTESIAN_POINT('',(-15.,39.,0.));
#1802 = DIRECTION('',(1.,0.,0.));
#1803 = DIRECTION('',(-0.,0.,1.));
#1804 = DEFINITIONAL_REPRESENTATION('',(#1805),#1809);
#1805 = LINE('',#1806,#1807);
#1806 = CARTESIAN_POINT('',(0.,5.));
#1807 = VECTOR('',#1808,1.);
#1808 = DIRECTION('',(1.,0.));
#1809 = ( GEOMETRIC_REPRESENTATION_CONTEXT(2) 
PARAMETRIC_REPRESENTATION_CONTEXT() REPRESENTATION_CONTEXT('2D SPACE',''
  ) );
#1810 = ADVANCED_FACE('',(#1811),#503,.T.);
#1811 = FACE_BOUND('',#1812,.T.);
#1812 = EDGE_LOOP('',(#1813,#1814,#1815,#1816));
#1813 = ORIENTED_EDGE('',*,*,#486,.F.);
#1814 = ORIENTED_EDGE('',*,*,#1636,.T.);
#1815 = ORIENTED_EDGE('',*,*,#979,.F.);
#1816 = ORIENTED_EDGE('',*,*,#1719,.F.);
#1817 = ADVANCED_FACE('',(#1818),#654,.F.);
#1818 = FACE_BOUND('',#1819,.F.);
#1819 = EDGE_LOOP('',(#1820,#1821,#1842,#1843));
#1820 = ORIENTED_EDGE('',*,*,#635,.F.);
#1821 = ORIENTED_EDGE('',*,*,#1822,.T.);
#1822 = EDGE_CURVE('',#636,#1033,#1823,.T.);
#1823 = SURFACE_CURVE('',#1824,(#1828,#1835),.PCURVE_S1.);
#1824 = LINE('',#1825,#1826);
#1825 = CARTESIAN_POINT('',(8.5,-100.,17.));
#1826 = VECTOR('',#1827,1.);
#1827 = DIRECTION('',(0.,1.,0.));
#1828 = PCURVE('',#654,#1829);
#1829 = DEFINITIONAL_REPRESENTATION('',(#1830),#1834);
#1830 = LINE('',#1831,#1832);
#1831 = CARTESIAN_POINT('',(0.,0.));
#1832 = VECTOR('',#1833,1.);
#1833 = DIRECTION('',(0.,-1.));
#1834 = ( GEOMETRIC_REPRESENTATION_CONTEXT(2) 
PARAMETRIC_REPRESENTATION_CONTEXT() REPRESENTATION_CONTEXT('2D SPACE',''
  ) );
#1835 = PCURVE('',#686,#1836);
#1836 = DEFINITIONAL_REPRESENTATION('',(#1837),#1841);
#1837 = LINE('',#1838,#1839);
#1838 = CARTESIAN_POINT('',(34.,0.));
#1839 = VECTOR('',#1840,1.);
#1840 = DIRECTION('',(0.,-1.));
#1841 = ( GEOMETRIC_REPRESENTATION_CONTEXT(2) 
PARAMETRIC_REPRESENTATION_CONTEXT() REPRESENTATION_CONTEXT('2D SPACE',''
  ) );
#1842 = ORIENTED_EDGE('',*,*,#1030,.F.);
#1843 = ORIENTED_EDGE('',*,*,#1844,.F.);
#1844 = EDGE_CURVE('',#638,#1031,#1845,.T.);
#1845 = SURFACE_CURVE('',#1846,(#1850,#1857),.PCURVE_S1.);
#1846 = LINE('',#1847,#1848);
#1847 = CARTESIAN_POINT('',(7.,-100.,18.5));
#1848 = VECTOR('',#1849,1.);
#1849 = DIRECTION('',(0.,1.,0.));
#1850 = PCURVE('',#654,#1851);
#1851 = DEFINITIONAL_REPRESENTATION('',(#1852),#1856);
#1852 = LINE('',#1853,#1854);
#1853 = CARTESIAN_POINT('',(1.570796326795,0.));
#1854 = VECTOR('',#1855,1.);
#1855 = DIRECTION('',(0.,-1.));
#1856 = ( GEOMETRIC_REPRESENTATION_CONTEXT(2) 
PARAMETRIC_REPRESENTATION_CONTEXT() REPRESENTATION_CONTEXT('2D SPACE',''
  ) );
#1857 = PCURVE('',#864,#1858);
#1858 = DEFINITIONAL_REPRESENTATION('',(#1859),#1863);
#1859 = LINE('',#1860,#1861);
#1860 = CARTESIAN_POINT('',(0.,0.));
#1861 = VECTOR('',#1862,1.);
#1862 = DIRECTION('',(0.,-1.));
#1863 = ( GEOMETRIC_REPRESENTATION_CONTEXT(2) 
PARAMETRIC_REPRESENTATION_CONTEXT() REPRESENTATION_CONTEXT('2D SPACE',''
  ) );
#1864 = ADVANCED_FACE('',(#1865),#864,.F.);
#1865 = FACE_BOUND('',#1866,.F.);
#1866 = EDGE_LOOP('',(#1867,#1888,#1889,#1890));
#1867 = ORIENTED_EDGE('',*,*,#1868,.F.);
#1868 = EDGE_CURVE('',#818,#1062,#1869,.T.);
#1869 = SURFACE_CURVE('',#1870,(#1874,#1881),.PCURVE_S1.);
#1870 = LINE('',#1871,#1872);
#1871 = CARTESIAN_POINT('',(-7.,-100.,18.5));
#1872 = VECTOR('',#1873,1.);
#1873 = DIRECTION('',(0.,1.,0.));
#1874 = PCURVE('',#864,#1875);
#1875 = DEFINITIONAL_REPRESENTATION('',(#1876),#1880);
#1876 = LINE('',#1877,#1878);
#1877 = CARTESIAN_POINT('',(14.,0.));
#1878 = VECTOR('',#1879,1.);
#1879 = DIRECTION('',(0.,-1.));
#1880 = ( GEOMETRIC_REPRESENTATION_CONTEXT(2) 
PARAMETRIC_REPRESENTATION_CONTEXT() REPRESENTATION_CONTEXT('2D SPACE',''
  ) );
#1881 = PCURVE('',#834,#1882);
#1882 = DEFINITIONAL_REPRESENTATION('',(#1883),#1887);
#1883 = LINE('',#1884,#1885);
#1884 = CARTESIAN_POINT('',(0.,0.));
#1885 = VECTOR('',#1886,1.);
#1886 = DIRECTION('',(0.,-1.));
#1887 = ( GEOMETRIC_REPRESENTATION_CONTEXT(2) 
PARAMETRIC_REPRESENTATION_CONTEXT() REPRESENTATION_CONTEXT('2D SPACE',''
  ) );
#1888 = ORIENTED_EDGE('',*,*,#851,.T.);
#1889 = ORIENTED_EDGE('',*,*,#1844,.T.);
#1890 = ORIENTED_EDGE('',*,*,#1061,.T.);
#1891 = ADVANCED_FACE('',(#1892),#834,.F.);
#1892 = FACE_BOUND('',#1893,.F.);
#1893 = EDGE_LOOP('',(#1894,#1895,#1896,#1897));
#1894 = ORIENTED_EDGE('',*,*,#817,.F.);
#1895 = ORIENTED_EDGE('',*,*,#1868,.T.);
#1896 = ORIENTED_EDGE('',*,*,#1082,.F.);
#1897 = ORIENTED_EDGE('',*,*,#1898,.F.);
#1898 = EDGE_CURVE('',#792,#1083,#1899,.T.);
#1899 = SURFACE_CURVE('',#1900,(#1904,#1911),.PCURVE_S1.);
#1900 = LINE('',#1901,#1902);
#1901 = CARTESIAN_POINT('',(-8.5,-100.,17.));
#1902 = VECTOR('',#1903,1.);
#1903 = DIRECTION('',(0.,1.,0.));
#1904 = PCURVE('',#834,#1905);
#1905 = DEFINITIONAL_REPRESENTATION('',(#1906),#1910);
#1906 = LINE('',#1907,#1908);
#1907 = CARTESIAN_POINT('',(1.570796326795,0.));
#1908 = VECTOR('',#1909,1.);
#1909 = DIRECTION('',(0.,-1.));
#1910 = ( GEOMETRIC_REPRESENTATION_CONTEXT(2) 
PARAMETRIC_REPRESENTATION_CONTEXT() REPRESENTATION_CONTEXT('2D SPACE',''
  ) );
#1911 = PCURVE('',#806,#1912);
#1912 = DEFINITIONAL_REPRESENTATION('',(#1913),#1917);
#1913 = LINE('',#1914,#1915);
#1914 = CARTESIAN_POINT('',(0.,-0.));
#1915 = VECTOR('',#1916,1.);
#1916 = DIRECTION('',(0.,-1.));
#1917 = ( GEOMETRIC_REPRESENTATION_CONTEXT(2) 
PARAMETRIC_REPRESENTATION_CONTEXT() REPRESENTATION_CONTEXT('2D SPACE',''
  ) );
#1918 = ADVANCED_FACE('',(#1919,#1945,#1975),#806,.F.);
#1919 = FACE_BOUND('',#1920,.F.);
#1920 = EDGE_LOOP('',(#1921,#1942,#1943,#1944));
#1921 = ORIENTED_EDGE('',*,*,#1922,.F.);
#1922 = EDGE_CURVE('',#758,#1112,#1923,.T.);
#1923 = SURFACE_CURVE('',#1924,(#1928,#1935),.PCURVE_S1.);
#1924 = LINE('',#1925,#1926);
#1925 = CARTESIAN_POINT('',(-8.5,-100.,-17.));
#1926 = VECTOR('',#1927,1.);
#1927 = DIRECTION('',(0.,1.,0.));
#1928 = PCURVE('',#806,#1929);
#1929 = DEFINITIONAL_REPRESENTATION('',(#1930),#1934);
#1930 = LINE('',#1931,#1932);
#1931 = CARTESIAN_POINT('',(34.,0.));
#1932 = VECTOR('',#1933,1.);
#1933 = DIRECTION('',(0.,-1.));
#1934 = ( GEOMETRIC_REPRESENTATION_CONTEXT(2) 
PARAMETRIC_REPRESENTATION_CONTEXT() REPRESENTATION_CONTEXT('2D SPACE',''
  ) );
#1935 = PCURVE('',#774,#1936);
#1936 = DEFINITIONAL_REPRESENTATION('',(#1937),#1941);
#1937 = LINE('',#1938,#1939);
#1938 = CARTESIAN_POINT('',(0.,0.));
#1939 = VECTOR('',#1940,1.);
#1940 = DIRECTION('',(0.,-1.));
#1941 = ( GEOMETRIC_REPRESENTATION_CONTEXT(2) 
PARAMETRIC_REPRESENTATION_CONTEXT() REPRESENTATION_CONTEXT('2D SPACE',''
  ) );
#1942 = ORIENTED_EDGE('',*,*,#791,.T.);
#1943 = ORIENTED_EDGE('',*,*,#1898,.T.);
#1944 = ORIENTED_EDGE('',*,*,#1111,.T.);
#1945 = FACE_BOUND('',#1946,.F.);
#1946 = EDGE_LOOP('',(#1947));
#1947 = ORIENTED_EDGE('',*,*,#1948,.T.);
#1948 = EDGE_CURVE('',#1949,#1949,#1951,.T.);
#1949 = VERTEX_POINT('',#1950);
#1950 = CARTESIAN_POINT('',(-8.5,261.,3.5));
#1951 = SURFACE_CURVE('',#1952,(#1957,#1968),.PCURVE_S1.);
#1952 = CIRCLE('',#1953,3.5);
#1953 = AXIS2_PLACEMENT_3D('',#1954,#1955,#1956);
#1954 = CARTESIAN_POINT('',(-8.5,261.,0.));
#1955 = DIRECTION('',(1.,0.,0.));
#1956 = DIRECTION('',(-0.,0.,1.));
#1957 = PCURVE('',#806,#1958);
#1958 = DEFINITIONAL_REPRESENTATION('',(#1959),#1967);
#1959 = ( BOUNDED_CURVE() B_SPLINE_CURVE(2,(#1960,#1961,#1962,#1963,
#1964,#1965,#1966),.UNSPECIFIED.,.T.,.F.) B_SPLINE_CURVE_WITH_KNOTS((1,2
    ,2,2,2,1),(-2.094395102393,0.,2.094395102393,4.188790204786,
6.28318530718,8.377580409573),.UNSPECIFIED.) CURVE() 
GEOMETRIC_REPRESENTATION_ITEM() RATIONAL_B_SPLINE_CURVE((1.,0.5,1.,0.5,
1.,0.5,1.)) REPRESENTATION_ITEM('') );
#1960 = CARTESIAN_POINT('',(13.5,-361.));
#1961 = CARTESIAN_POINT('',(13.5,-354.9378221735));
#1962 = CARTESIAN_POINT('',(18.75,-357.9689110867));
#1963 = CARTESIAN_POINT('',(24.,-361.));
#1964 = CARTESIAN_POINT('',(18.75,-364.0310889132));
#1965 = CARTESIAN_POINT('',(13.5,-367.0621778264));
#1966 = CARTESIAN_POINT('',(13.5,-361.));
#1967 = ( GEOMETRIC_REPRESENTATION_CONTEXT(2) 
PARAMETRIC_REPRESENTATION_CONTEXT() REPRESENTATION_CONTEXT('2D SPACE',''
  ) );
#1968 = PCURVE('',#1764,#1969);
#1969 = DEFINITIONAL_REPRESENTATION('',(#1970),#1974);
#1970 = LINE('',#1971,#1972);
#1971 = CARTESIAN_POINT('',(0.,6.5));
#1972 = VECTOR('',#1973,1.);
#1973 = DIRECTION('',(1.,0.));
#1974 = ( GEOMETRIC_REPRESENTATION_CONTEXT(2) 
PARAMETRIC_REPRESENTATION_CONTEXT() REPRESENTATION_CONTEXT('2D SPACE',''
  ) );
#1975 = FACE_BOUND('',#1976,.F.);
#1976 = EDGE_LOOP('',(#1977));
#1977 = ORIENTED_EDGE('',*,*,#1978,.T.);
#1978 = EDGE_CURVE('',#1979,#1979,#1981,.T.);
#1979 = VERTEX_POINT('',#1980);
#1980 = CARTESIAN_POINT('',(-8.5,39.,3.5));
#1981 = SURFACE_CURVE('',#1982,(#1987,#1998),.PCURVE_S1.);
#1982 = CIRCLE('',#1983,3.5);
#1983 = AXIS2_PLACEMENT_3D('',#1984,#1985,#1986);
#1984 = CARTESIAN_POINT('',(-8.5,39.,0.));
#1985 = DIRECTION('',(1.,0.,0.));
#1986 = DIRECTION('',(-0.,0.,1.));
#1987 = PCURVE('',#806,#1988);
#1988 = DEFINITIONAL_REPRESENTATION('',(#1989),#1997);
#1989 = ( BOUNDED_CURVE() B_SPLINE_CURVE(2,(#1990,#1991,#1992,#1993,
#1994,#1995,#1996),.UNSPECIFIED.,.T.,.F.) B_SPLINE_CURVE_WITH_KNOTS((1,2
    ,2,2,2,1),(-2.094395102393,0.,2.094395102393,4.188790204786,
6.28318530718,8.377580409573),.UNSPECIFIED.) CURVE() 
GEOMETRIC_REPRESENTATION_ITEM() RATIONAL_B_SPLINE_CURVE((1.,0.5,1.,0.5,
1.,0.5,1.)) REPRESENTATION_ITEM('') );
#1990 = CARTESIAN_POINT('',(13.5,-139.));
#1991 = CARTESIAN_POINT('',(13.5,-132.9378221735));
#1992 = CARTESIAN_POINT('',(18.75,-135.9689110867));
#1993 = CARTESIAN_POINT('',(24.,-139.));
#1994 = CARTESIAN_POINT('',(18.75,-142.0310889132));
#1995 = CARTESIAN_POINT('',(13.5,-145.0621778264));
#1996 = CARTESIAN_POINT('',(13.5,-139.));
#1997 = ( GEOMETRIC_REPRESENTATION_CONTEXT(2) 
PARAMETRIC_REPRESENTATION_CONTEXT() REPRESENTATION_CONTEXT('2D SPACE',''
  ) );
#1998 = PCURVE('',#1799,#1999);
#1999 = DEFINITIONAL_REPRESENTATION('',(#2000),#2004);
#2000 = LINE('',#2001,#2002);
#2001 = CARTESIAN_POINT('',(0.,6.5));
#2002 = VECTOR('',#2003,1.);
#2003 = DIRECTION('',(1.,0.));
#2004 = ( GEOMETRIC_REPRESENTATION_CONTEXT(2) 
PARAMETRIC_REPRESENTATION_CONTEXT() REPRESENTATION_CONTEXT('2D SPACE',''
  ) );
#2005 = ADVANCED_FACE('',(#2006),#774,.F.);
#2006 = FACE_BOUND('',#2007,.F.);
#2007 = EDGE_LOOP('',(#2008,#2009,#2010,#2011));
#2008 = ORIENTED_EDGE('',*,*,#757,.F.);
#2009 = ORIENTED_EDGE('',*,*,#1922,.T.);
#2010 = ORIENTED_EDGE('',*,*,#1132,.F.);
#2011 = ORIENTED_EDGE('',*,*,#2012,.F.);
#2012 = EDGE_CURVE('',#732,#1133,#2013,.T.);
#2013 = SURFACE_CURVE('',#2014,(#2018,#2025),.PCURVE_S1.);
#2014 = LINE('',#2015,#2016);
#2015 = CARTESIAN_POINT('',(-7.,-100.,-18.5));
#2016 = VECTOR('',#2017,1.);
#2017 = DIRECTION('',(0.,1.,0.));
#2018 = PCURVE('',#774,#2019);
#2019 = DEFINITIONAL_REPRESENTATION('',(#2020),#2024);
#2020 = LINE('',#2021,#2022);
#2021 = CARTESIAN_POINT('',(1.570796326795,0.));
#2022 = VECTOR('',#2023,1.);
#2023 = DIRECTION('',(0.,-1.));
#2024 = ( GEOMETRIC_REPRESENTATION_CONTEXT(2) 
PARAMETRIC_REPRESENTATION_CONTEXT() REPRESENTATION_CONTEXT('2D SPACE',''
  ) );
#2025 = PCURVE('',#746,#2026);
#2026 = DEFINITIONAL_REPRESENTATION('',(#2027),#2031);
#2027 = LINE('',#2028,#2029);
#2028 = CARTESIAN_POINT('',(0.,0.));
#2029 = VECTOR('',#2030,1.);
#2030 = DIRECTION('',(0.,-1.));
#2031 = ( GEOMETRIC_REPRESENTATION_CONTEXT(2) 
PARAMETRIC_REPRESENTATION_CONTEXT() REPRESENTATION_CONTEXT('2D SPACE',''
  ) );
#2032 = ADVANCED_FACE('',(#2033),#746,.F.);
#2033 = FACE_BOUND('',#2034,.F.);
#2034 = EDGE_LOOP('',(#2035,#2056,#2057,#2058));
#2035 = ORIENTED_EDGE('',*,*,#2036,.F.);
#2036 = EDGE_CURVE('',#698,#1162,#2037,.T.);
#2037 = SURFACE_CURVE('',#2038,(#2042,#2049),.PCURVE_S1.);
#2038 = LINE('',#2039,#2040);
#2039 = CARTESIAN_POINT('',(7.,-100.,-18.5));
#2040 = VECTOR('',#2041,1.);
#2041 = DIRECTION('',(0.,1.,0.));
#2042 = PCURVE('',#746,#2043);
#2043 = DEFINITIONAL_REPRESENTATION('',(#2044),#2048);
#2044 = LINE('',#2045,#2046);
#2045 = CARTESIAN_POINT('',(14.,0.));
#2046 = VECTOR('',#2047,1.);
#2047 = DIRECTION('',(0.,-1.));
#2048 = ( GEOMETRIC_REPRESENTATION_CONTEXT(2) 
PARAMETRIC_REPRESENTATION_CONTEXT() REPRESENTATION_CONTEXT('2D SPACE',''
  ) );
#2049 = PCURVE('',#714,#2050);
#2050 = DEFINITIONAL_REPRESENTATION('',(#2051),#2055);
#2051 = LINE('',#2052,#2053);
#2052 = CARTESIAN_POINT('',(0.,0.));
#2053 = VECTOR('',#2054,1.);
#2054 = DIRECTION('',(0.,-1.));
#2055 = ( GEOMETRIC_REPRESENTATION_CONTEXT(2) 
PARAMETRIC_REPRESENTATION_CONTEXT() REPRESENTATION_CONTEXT('2D SPACE',''
  ) );
#2056 = ORIENTED_EDGE('',*,*,#731,.T.);
#2057 = ORIENTED_EDGE('',*,*,#2012,.T.);
#2058 = ORIENTED_EDGE('',*,*,#1161,.T.);
#2059 = ADVANCED_FACE('',(#2060),#714,.F.);
#2060 = FACE_BOUND('',#2061,.F.);
#2061 = EDGE_LOOP('',(#2062,#2063,#2064,#2065));
#2062 = ORIENTED_EDGE('',*,*,#697,.F.);
#2063 = ORIENTED_EDGE('',*,*,#2036,.T.);
#2064 = ORIENTED_EDGE('',*,*,#1182,.F.);
#2065 = ORIENTED_EDGE('',*,*,#2066,.F.);
#2066 = EDGE_CURVE('',#672,#1183,#2067,.T.);
#2067 = SURFACE_CURVE('',#2068,(#2072,#2079),.PCURVE_S1.);
#2068 = LINE('',#2069,#2070);
#2069 = CARTESIAN_POINT('',(8.5,-100.,-17.));
#2070 = VECTOR('',#2071,1.);
#2071 = DIRECTION('',(0.,1.,0.));
#2072 = PCURVE('',#714,#2073);
#2073 = DEFINITIONAL_REPRESENTATION('',(#2074),#2078);
#2074 = LINE('',#2075,#2076);
#2075 = CARTESIAN_POINT('',(1.570796326795,0.));
#2076 = VECTOR('',#2077,1.);
#2077 = DIRECTION('',(0.,-1.));
#2078 = ( GEOMETRIC_REPRESENTATION_CONTEXT(2) 
PARAMETRIC_REPRESENTATION_CONTEXT() REPRESENTATION_CONTEXT('2D SPACE',''
  ) );
#2079 = PCURVE('',#686,#2080);
#2080 = DEFINITIONAL_REPRESENTATION('',(#2081),#2085);
#2081 = LINE('',#2082,#2083);
#2082 = CARTESIAN_POINT('',(0.,0.));
#2083 = VECTOR('',#2084,1.);
#2084 = DIRECTION('',(0.,-1.));
#2085 = ( GEOMETRIC_REPRESENTATION_CONTEXT(2) 
PARAMETRIC_REPRESENTATION_CONTEXT() REPRESENTATION_CONTEXT('2D SPACE',''
  ) );
#2086 = ADVANCED_FACE('',(#2087,#2093,#2099),#686,.F.);
#2087 = FACE_BOUND('',#2088,.F.);
#2088 = EDGE_LOOP('',(#2089,#2090,#2091,#2092));
#2089 = ORIENTED_EDGE('',*,*,#1822,.F.);
#2090 = ORIENTED_EDGE('',*,*,#671,.T.);
#2091 = ORIENTED_EDGE('',*,*,#2066,.T.);
#2092 = ORIENTED_EDGE('',*,*,#1211,.T.);
#2093 = FACE_BOUND('',#2094,.F.);
#2094 = EDGE_LOOP('',(#2095,#2096,#2097,#2098));
#2095 = ORIENTED_EDGE('',*,*,#1283,.T.);
#2096 = ORIENTED_EDGE('',*,*,#1424,.T.);
#2097 = ORIENTED_EDGE('',*,*,#1377,.F.);
#2098 = ORIENTED_EDGE('',*,*,#1330,.F.);
#2099 = FACE_BOUND('',#2100,.F.);
#2100 = EDGE_LOOP('',(#2101,#2102,#2103,#2104));
#2101 = ORIENTED_EDGE('',*,*,#1471,.T.);
#2102 = ORIENTED_EDGE('',*,*,#1565,.T.);
#2103 = ORIENTED_EDGE('',*,*,#1612,.F.);
#2104 = ORIENTED_EDGE('',*,*,#1518,.F.);
#2105 = ADVANCED_FACE('',(#2106),#1764,.F.);
#2106 = FACE_BOUND('',#2107,.F.);
#2107 = EDGE_LOOP('',(#2108,#2109,#2130,#2131));
#2108 = ORIENTED_EDGE('',*,*,#1948,.F.);
#2109 = ORIENTED_EDGE('',*,*,#2110,.F.);
#2110 = EDGE_CURVE('',#1744,#1949,#2111,.T.);
#2111 = SEAM_CURVE('',#2112,(#2116,#2123),.PCURVE_S1.);
#2112 = LINE('',#2113,#2114);
#2113 = CARTESIAN_POINT('',(-15.,261.,3.5));
#2114 = VECTOR('',#2115,1.);
#2115 = DIRECTION('',(1.,0.,0.));
#2116 = PCURVE('',#1764,#2117);
#2117 = DEFINITIONAL_REPRESENTATION('',(#2118),#2122);
#2118 = LINE('',#2119,#2120);
#2119 = CARTESIAN_POINT('',(6.28318530718,-0.));
#2120 = VECTOR('',#2121,1.);
#2121 = DIRECTION('',(0.,1.));
#2122 = ( GEOMETRIC_REPRESENTATION_CONTEXT(2) 
PARAMETRIC_REPRESENTATION_CONTEXT() REPRESENTATION_CONTEXT('2D SPACE',''
  ) );
#2123 = PCURVE('',#1764,#2124);
#2124 = DEFINITIONAL_REPRESENTATION('',(#2125),#2129);
#2125 = LINE('',#2126,#2127);
#2126 = CARTESIAN_POINT('',(0.,-0.));
#2127 = VECTOR('',#2128,1.);
#2128 = DIRECTION('',(0.,1.));
#2129 = ( GEOMETRIC_REPRESENTATION_CONTEXT(2) 
PARAMETRIC_REPRESENTATION_CONTEXT() REPRESENTATION_CONTEXT('2D SPACE',''
  ) );
#2130 = ORIENTED_EDGE('',*,*,#1743,.T.);
#2131 = ORIENTED_EDGE('',*,*,#2110,.T.);
#2132 = ADVANCED_FACE('',(#2133),#1799,.F.);
#2133 = FACE_BOUND('',#2134,.F.);
#2134 = EDGE_LOOP('',(#2135,#2136,#2157,#2158));
#2135 = ORIENTED_EDGE('',*,*,#1978,.F.);
#2136 = ORIENTED_EDGE('',*,*,#2137,.F.);
#2137 = EDGE_CURVE('',#1779,#1979,#2138,.T.);
#2138 = SEAM_CURVE('',#2139,(#2143,#2150),.PCURVE_S1.);
#2139 = LINE('',#2140,#2141);
#2140 = CARTESIAN_POINT('',(-15.,39.,3.5));
#2141 = VECTOR('',#2142,1.);
#2142 = DIRECTION('',(1.,0.,0.));
#2143 = PCURVE('',#1799,#2144);
#2144 = DEFINITIONAL_REPRESENTATION('',(#2145),#2149);
#2145 = LINE('',#2146,#2147);
#2146 = CARTESIAN_POINT('',(6.28318530718,-0.));
#2147 = VECTOR('',#2148,1.);
#2148 = DIRECTION('',(0.,1.));
#2149 = ( GEOMETRIC_REPRESENTATION_CONTEXT(2) 
PARAMETRIC_REPRESENTATION_CONTEXT() REPRESENTATION_CONTEXT('2D SPACE',''
  ) );
#2150 = PCURVE('',#1799,#2151);
#2151 = DEFINITIONAL_REPRESENTATION('',(#2152),#2156);
#2152 = LINE('',#2153,#2154);
#2153 = CARTESIAN_POINT('',(0.,-0.));
#2154 = VECTOR('',#2155,1.);
#2155 = DIRECTION('',(0.,1.));
#2156 = ( GEOMETRIC_REPRESENTATION_CONTEXT(2) 
PARAMETRIC_REPRESENTATION_CONTEXT() REPRESENTATION_CONTEXT('2D SPACE',''
  ) );
#2157 = ORIENTED_EDGE('',*,*,#1778,.T.);
#2158 = ORIENTED_EDGE('',*,*,#2137,.T.);
#2159 = ( GEOMETRIC_REPRESENTATION_CONTEXT(3) 
GLOBAL_UNCERTAINTY_ASSIGNED_CONTEXT((#2163)) 
GLOBAL_UNIT_ASSIGNED_CONTEXT((#2160,#2161,#2162)) REPRESENTATION_CONTEXT
('Context #1','3D Context with UNIT and UNCERTAINTY') );
#2160 = ( LENGTH_UNIT() NAMED_UNIT(*) SI_UNIT(.MILLI.,.METRE.) );
#2161 = ( NAMED_UNIT(*) PLANE_ANGLE_UNIT() SI_UNIT($,.RADIAN.) );
#2162 = ( NAMED_UNIT(*) SI_UNIT($,.STERADIAN.) SOLID_ANGLE_UNIT() );
#2163 = UNCERTAINTY_MEASURE_WITH_UNIT(LENGTH_MEASURE(2.E-07),#2160,
  'distance_accuracy_value','confusion accuracy');
#2164 = CONTEXT_DEPENDENT_SHAPE_REPRESENTATION(#2165,#2167);
#2165 = ( REPRESENTATION_RELATIONSHIP('','',#40,#10) 
REPRESENTATION_RELATIONSHIP_WITH_TRANSFORMATION(#2166) 
SHAPE_REPRESENTATION_RELATIONSHIP() );
#2166 = ITEM_DEFINED_TRANSFORMATION('','',#11,#15);
#2167 = PRODUCT_DEFINITION_SHAPE('Placement','Placement of an item',
  #2168);
#2168 = NEXT_ASSEMBLY_USAGE_OCCURRENCE('14',
  '\X2\0414043504420430043B044C\X0\ 7 - \X2\043F043504400435043C044B0447043A0430\X0\','',#5,#35,$);
#2169 = PRODUCT_RELATED_PRODUCT_CATEGORY('part',$,(#37));
#2170 = SHAPE_DEFINITION_REPRESENTATION(#2171,#2177);
#2171 = PRODUCT_DEFINITION_SHAPE('','',#2172);
#2172 = PRODUCT_DEFINITION('design','',#2173,#2176);
#2173 = PRODUCT_DEFINITION_FORMATION('','',#2174);
#2174 = PRODUCT('\X2\0414043504420430043B044C\X0\ 8 40\X2\0445\X0\20\X2\0445\X0\1,5 L=342',
  '\X2\0414043504420430043B044C\X0\ 8 40\X2\0445\X0\20\X2\0445\X0\1,5 L=342','',(#2175));
#2175 = PRODUCT_CONTEXT('',#2,'mechanical');
#2176 = PRODUCT_DEFINITION_CONTEXT('part definition',#2,'design');
#2177 = ADVANCED_BREP_SHAPE_REPRESENTATION('',(#11,#2178),#3520);
#2178 = MANIFOLD_SOLID_BREP('',#2179);
#2179 = CLOSED_SHELL('',(#2180,#2296,#2386,#2804,#2860,#3189,#3216,#3243
    ,#3270,#3297,#3304,#3351,#3378,#3405,#3432,#3459,#3486,#3513));
#2180 = ADVANCED_FACE('',(#2181),#2195,.T.);
#2181 = FACE_BOUND('',#2182,.T.);
#2182 = EDGE_LOOP('',(#2183,#2218,#2244,#2272));
#2183 = ORIENTED_EDGE('',*,*,#2184,.F.);
#2184 = EDGE_CURVE('',#2185,#2187,#2189,.T.);
#2185 = VERTEX_POINT('',#2186);
#2186 = CARTESIAN_POINT('',(10.,4.263256414561E-13,17.));
#2187 = VERTEX_POINT('',#2188);
#2188 = CARTESIAN_POINT('',(10.,342.,17.));
#2189 = SURFACE_CURVE('',#2190,(#2194,#2206),.PCURVE_S1.);
#2190 = LINE('',#2191,#2192);
#2191 = CARTESIAN_POINT('',(10.,-100.,17.));
#2192 = VECTOR('',#2193,1.);
#2193 = DIRECTION('',(0.,1.,0.));
#2194 = PCURVE('',#2195,#2200);
#2195 = PLANE('',#2196);
#2196 = AXIS2_PLACEMENT_3D('',#2197,#2198,#2199);
#2197 = CARTESIAN_POINT('',(10.,-100.,-17.));
#2198 = DIRECTION('',(1.,0.,0.));
#2199 = DIRECTION('',(0.,0.,1.));
#2200 = DEFINITIONAL_REPRESENTATION('',(#2201),#2205);
#2201 = LINE('',#2202,#2203);
#2202 = CARTESIAN_POINT('',(34.,0.));
#2203 = VECTOR('',#2204,1.);
#2204 = DIRECTION('',(0.,-1.));
#2205 = ( GEOMETRIC_REPRESENTATION_CONTEXT(2) 
PARAMETRIC_REPRESENTATION_CONTEXT() REPRESENTATION_CONTEXT('2D SPACE',''
  ) );
#2206 = PCURVE('',#2207,#2212);
#2207 = CYLINDRICAL_SURFACE('',#2208,3.);
#2208 = AXIS2_PLACEMENT_3D('',#2209,#2210,#2211);
#2209 = CARTESIAN_POINT('',(7.,-100.,17.));
#2210 = DIRECTION('',(0.,-1.,0.));
#2211 = DIRECTION('',(1.,0.,0.));
#2212 = DEFINITIONAL_REPRESENTATION('',(#2213),#2217);
#2213 = LINE('',#2214,#2215);
#2214 = CARTESIAN_POINT('',(0.,0.));
#2215 = VECTOR('',#2216,1.);
#2216 = DIRECTION('',(0.,-1.));
#2217 = ( GEOMETRIC_REPRESENTATION_CONTEXT(2) 
PARAMETRIC_REPRESENTATION_CONTEXT() REPRESENTATION_CONTEXT('2D SPACE',''
  ) );
#2218 = ORIENTED_EDGE('',*,*,#2219,.T.);
#2219 = EDGE_CURVE('',#2185,#2220,#2222,.T.);
#2220 = VERTEX_POINT('',#2221);
#2221 = CARTESIAN_POINT('',(10.,4.263256414561E-13,-17.));
#2222 = SURFACE_CURVE('',#2223,(#2227,#2233),.PCURVE_S1.);
#2223 = LINE('',#2224,#2225);
#2224 = CARTESIAN_POINT('',(10.000000000001,-2.273736754432E-13,
    4.9915E+03));
#2225 = VECTOR('',#2226,1.);
#2226 = DIRECTION('',(0.,-0.,-1.));
#2227 = PCURVE('',#2195,#2228);
#2228 = DEFINITIONAL_REPRESENTATION('',(#2229),#2232);
#2229 = B_SPLINE_CURVE_WITH_KNOTS('',1,(#2230,#2231),.UNSPECIFIED.,.F.,
  .F.,(2,2),(4.9745E+03,5.0085E+03),.PIECEWISE_BEZIER_KNOTS.);
#2230 = CARTESIAN_POINT('',(34.,-100.));
#2231 = CARTESIAN_POINT('',(0.,-100.));
#2232 = ( GEOMETRIC_REPRESENTATION_CONTEXT(2) 
PARAMETRIC_REPRESENTATION_CONTEXT() REPRESENTATION_CONTEXT('2D SPACE',''
  ) );
#2233 = PCURVE('',#2234,#2239);
#2234 = PLANE('',#2235);
#2235 = AXIS2_PLACEMENT_3D('',#2236,#2237,#2238);
#2236 = CARTESIAN_POINT('',(-8.752159086766E+03,4.819187497722E+03,
    1.E+04));
#2237 = DIRECTION('',(-0.481918749772,-0.876215908677,0.));
#2238 = DIRECTION('',(0.,0.,-1.));
#2239 = DEFINITIONAL_REPRESENTATION('',(#2240),#2243);
#2240 = B_SPLINE_CURVE_WITH_KNOTS('',1,(#2241,#2242),.UNSPECIFIED.,.F.,
  .F.,(2,2),(4.9745E+03,5.0085E+03),.PIECEWISE_BEZIER_KNOTS.);
#2241 = CARTESIAN_POINT('',(9.983E+03,1.E+04));
#2242 = CARTESIAN_POINT('',(1.0017E+04,1.E+04));
#2243 = ( GEOMETRIC_REPRESENTATION_CONTEXT(2) 
PARAMETRIC_REPRESENTATION_CONTEXT() REPRESENTATION_CONTEXT('2D SPACE',''
  ) );
#2244 = ORIENTED_EDGE('',*,*,#2245,.T.);
#2245 = EDGE_CURVE('',#2220,#2246,#2248,.T.);
#2246 = VERTEX_POINT('',#2247);
#2247 = CARTESIAN_POINT('',(10.,342.,-17.));
#2248 = SURFACE_CURVE('',#2249,(#2253,#2260),.PCURVE_S1.);
#2249 = LINE('',#2250,#2251);
#2250 = CARTESIAN_POINT('',(10.,-100.,-17.));
#2251 = VECTOR('',#2252,1.);
#2252 = DIRECTION('',(0.,1.,0.));
#2253 = PCURVE('',#2195,#2254);
#2254 = DEFINITIONAL_REPRESENTATION('',(#2255),#2259);
#2255 = LINE('',#2256,#2257);
#2256 = CARTESIAN_POINT('',(0.,0.));
#2257 = VECTOR('',#2258,1.);
#2258 = DIRECTION('',(0.,-1.));
#2259 = ( GEOMETRIC_REPRESENTATION_CONTEXT(2) 
PARAMETRIC_REPRESENTATION_CONTEXT() REPRESENTATION_CONTEXT('2D SPACE',''
  ) );
#2260 = PCURVE('',#2261,#2266);
#2261 = CYLINDRICAL_SURFACE('',#2262,3.);
#2262 = AXIS2_PLACEMENT_3D('',#2263,#2264,#2265);
#2263 = CARTESIAN_POINT('',(7.,-100.,-17.));
#2264 = DIRECTION('',(0.,-1.,0.));
#2265 = DIRECTION('',(5.921189464668E-16,0.,-1.));
#2266 = DEFINITIONAL_REPRESENTATION('',(#2267),#2271);
#2267 = LINE('',#2268,#2269);
#2268 = CARTESIAN_POINT('',(1.570796326795,0.));
#2269 = VECTOR('',#2270,1.);
#2270 = DIRECTION('',(0.,-1.));
#2271 = ( GEOMETRIC_REPRESENTATION_CONTEXT(2) 
PARAMETRIC_REPRESENTATION_CONTEXT() REPRESENTATION_CONTEXT('2D SPACE',''
  ) );
#2272 = ORIENTED_EDGE('',*,*,#2273,.T.);
#2273 = EDGE_CURVE('',#2246,#2187,#2274,.T.);
#2274 = SURFACE_CURVE('',#2275,(#2279,#2285),.PCURVE_S1.);
#2275 = LINE('',#2276,#2277);
#2276 = CARTESIAN_POINT('',(10.000000000001,342.,-5.0085E+03));
#2277 = VECTOR('',#2278,1.);
#2278 = DIRECTION('',(0.,-0.,1.));
#2279 = PCURVE('',#2195,#2280);
#2280 = DEFINITIONAL_REPRESENTATION('',(#2281),#2284);
#2281 = B_SPLINE_CURVE_WITH_KNOTS('',1,(#2282,#2283),.UNSPECIFIED.,.F.,
  .F.,(2,2),(4.9915E+03,5.0255E+03),.PIECEWISE_BEZIER_KNOTS.);
#2282 = CARTESIAN_POINT('',(0.,-442.));
#2283 = CARTESIAN_POINT('',(34.,-442.));
#2284 = ( GEOMETRIC_REPRESENTATION_CONTEXT(2) 
PARAMETRIC_REPRESENTATION_CONTEXT() REPRESENTATION_CONTEXT('2D SPACE',''
  ) );
#2285 = PCURVE('',#2286,#2291);
#2286 = PLANE('',#2287);
#2287 = AXIS2_PLACEMENT_3D('',#2288,#2289,#2290);
#2288 = CARTESIAN_POINT('',(-8.752159086766E+03,-4.477187497722E+03,
    -1.E+04));
#2289 = DIRECTION('',(-0.481918749772,0.876215908677,0.));
#2290 = DIRECTION('',(0.,0.,1.));
#2291 = DEFINITIONAL_REPRESENTATION('',(#2292),#2295);
#2292 = B_SPLINE_CURVE_WITH_KNOTS('',1,(#2293,#2294),.UNSPECIFIED.,.F.,
  .F.,(2,2),(4.9915E+03,5.0255E+03),.PIECEWISE_BEZIER_KNOTS.);
#2293 = CARTESIAN_POINT('',(9.983E+03,1.E+04));
#2294 = CARTESIAN_POINT('',(1.0017E+04,1.E+04));
#2295 = ( GEOMETRIC_REPRESENTATION_CONTEXT(2) 
PARAMETRIC_REPRESENTATION_CONTEXT() REPRESENTATION_CONTEXT('2D SPACE',''
  ) );
#2296 = ADVANCED_FACE('',(#2297),#2207,.T.);
#2297 = FACE_BOUND('',#2298,.T.);
#2298 = EDGE_LOOP('',(#2299,#2329,#2330,#2360));
#2299 = ORIENTED_EDGE('',*,*,#2300,.F.);
#2300 = EDGE_CURVE('',#2185,#2301,#2303,.T.);
#2301 = VERTEX_POINT('',#2302);
#2302 = CARTESIAN_POINT('',(7.,1.65,20.));
#2303 = SURFACE_CURVE('',#2304,(#2309,#2322),.PCURVE_S1.);
#2304 = ELLIPSE('',#2305,3.423813663154,3.);
#2305 = AXIS2_PLACEMENT_3D('',#2306,#2307,#2308);
#2306 = CARTESIAN_POINT('',(7.,1.65,17.));
#2307 = DIRECTION('',(-0.481918749772,-0.876215908677,0.));
#2308 = DIRECTION('',(0.876215908677,-0.481918749772,0.));
#2309 = PCURVE('',#2207,#2310);
#2310 = DEFINITIONAL_REPRESENTATION('',(#2311),#2321);
#2311 = B_SPLINE_CURVE_WITH_KNOTS('',8,(#2312,#2313,#2314,#2315,#2316,
    #2317,#2318,#2319,#2320),.UNSPECIFIED.,.F.,.F.,(9,9),(0.,
    1.570796326795),.PIECEWISE_BEZIER_KNOTS.);
#2312 = CARTESIAN_POINT('',(0.,-100.));
#2313 = CARTESIAN_POINT('',(0.196349540849,-100.));
#2314 = CARTESIAN_POINT('',(0.392699081699,-100.0727002803));
#2315 = CARTESIAN_POINT('',(0.589048622548,-100.2181002234));
#2316 = CARTESIAN_POINT('',(0.785398163395,-100.4302230614));
#2317 = CARTESIAN_POINT('',(0.981747704245,-100.6971031189));
#2318 = CARTESIAN_POINT('',(1.178097245095,-101.0020464383));
#2319 = CARTESIAN_POINT('',(1.374446785946,-101.3260232575));
#2320 = CARTESIAN_POINT('',(1.570796326795,-101.65));
#2321 = ( GEOMETRIC_REPRESENTATION_CONTEXT(2) 
PARAMETRIC_REPRESENTATION_CONTEXT() REPRESENTATION_CONTEXT('2D SPACE',''
  ) );
#2322 = PCURVE('',#2234,#2323);
#2323 = DEFINITIONAL_REPRESENTATION('',(#2324),#2328);
#2324 = ELLIPSE('',#2325,3.423813663154,3.);
#2325 = AXIS2_PLACEMENT_2D('',#2326,#2327);
#2326 = CARTESIAN_POINT('',(9.983E+03,9.996576186337E+03));
#2327 = DIRECTION('',(0.,1.));
#2328 = ( GEOMETRIC_REPRESENTATION_CONTEXT(2) 
PARAMETRIC_REPRESENTATION_CONTEXT() REPRESENTATION_CONTEXT('2D SPACE',''
  ) );
#2329 = ORIENTED_EDGE('',*,*,#2184,.T.);
#2330 = ORIENTED_EDGE('',*,*,#2331,.F.);
#2331 = EDGE_CURVE('',#2332,#2187,#2334,.T.);
#2332 = VERTEX_POINT('',#2333);
#2333 = CARTESIAN_POINT('',(7.,340.35,20.));
#2334 = SURFACE_CURVE('',#2335,(#2340,#2353),.PCURVE_S1.);
#2335 = ELLIPSE('',#2336,3.423813663154,3.);
#2336 = AXIS2_PLACEMENT_3D('',#2337,#2338,#2339);
#2337 = CARTESIAN_POINT('',(7.,340.35,17.));
#2338 = DIRECTION('',(-0.481918749772,0.876215908677,0.));
#2339 = DIRECTION('',(-0.876215908677,-0.481918749772,0.));
#2340 = PCURVE('',#2207,#2341);
#2341 = DEFINITIONAL_REPRESENTATION('',(#2342),#2352);
#2342 = B_SPLINE_CURVE_WITH_KNOTS('',8,(#2343,#2344,#2345,#2346,#2347,
    #2348,#2349,#2350,#2351),.UNSPECIFIED.,.F.,.F.,(9,9),(1.570796326795
    ,3.14159265359),.PIECEWISE_BEZIER_KNOTS.);
#2343 = CARTESIAN_POINT('',(1.570796326795,-440.35));
#2344 = CARTESIAN_POINT('',(1.374446785946,-440.6739767424));
#2345 = CARTESIAN_POINT('',(1.178097245096,-440.9979535613));
#2346 = CARTESIAN_POINT('',(0.981747704248,-441.3028968812));
#2347 = CARTESIAN_POINT('',(0.785398163394,-441.5697769369));
#2348 = CARTESIAN_POINT('',(0.589048622548,-441.7818997753));
#2349 = CARTESIAN_POINT('',(0.392699081698,-441.9272997192));
#2350 = CARTESIAN_POINT('',(0.196349540849,-442.));
#2351 = CARTESIAN_POINT('',(0.,-442.));
#2352 = ( GEOMETRIC_REPRESENTATION_CONTEXT(2) 
PARAMETRIC_REPRESENTATION_CONTEXT() REPRESENTATION_CONTEXT('2D SPACE',''
  ) );
#2353 = PCURVE('',#2286,#2354);
#2354 = DEFINITIONAL_REPRESENTATION('',(#2355),#2359);
#2355 = ELLIPSE('',#2356,3.423813663154,3.);
#2356 = AXIS2_PLACEMENT_2D('',#2357,#2358);
#2357 = CARTESIAN_POINT('',(1.0017E+04,9.996576186337E+03));
#2358 = DIRECTION('',(0.,-1.));
#2359 = ( GEOMETRIC_REPRESENTATION_CONTEXT(2) 
PARAMETRIC_REPRESENTATION_CONTEXT() REPRESENTATION_CONTEXT('2D SPACE',''
  ) );
#2360 = ORIENTED_EDGE('',*,*,#2361,.F.);
#2361 = EDGE_CURVE('',#2301,#2332,#2362,.T.);
#2362 = SURFACE_CURVE('',#2363,(#2367,#2374),.PCURVE_S1.);
#2363 = LINE('',#2364,#2365);
#2364 = CARTESIAN_POINT('',(7.,-100.,20.));
#2365 = VECTOR('',#2366,1.);
#2366 = DIRECTION('',(0.,1.,0.));
#2367 = PCURVE('',#2207,#2368);
#2368 = DEFINITIONAL_REPRESENTATION('',(#2369),#2373);
#2369 = LINE('',#2370,#2371);
#2370 = CARTESIAN_POINT('',(1.570796326795,0.));
#2371 = VECTOR('',#2372,1.);
#2372 = DIRECTION('',(0.,-1.));
#2373 = ( GEOMETRIC_REPRESENTATION_CONTEXT(2) 
PARAMETRIC_REPRESENTATION_CONTEXT() REPRESENTATION_CONTEXT('2D SPACE',''
  ) );
#2374 = PCURVE('',#2375,#2380);
#2375 = PLANE('',#2376);
#2376 = AXIS2_PLACEMENT_3D('',#2377,#2378,#2379);
#2377 = CARTESIAN_POINT('',(7.,-100.,20.));
#2378 = DIRECTION('',(0.,-0.,1.));
#2379 = DIRECTION('',(-1.,0.,0.));
#2380 = DEFINITIONAL_REPRESENTATION('',(#2381),#2385);
#2381 = LINE('',#2382,#2383);
#2382 = CARTESIAN_POINT('',(0.,0.));
#2383 = VECTOR('',#2384,1.);
#2384 = DIRECTION('',(0.,-1.));
#2385 = ( GEOMETRIC_REPRESENTATION_CONTEXT(2) 
PARAMETRIC_REPRESENTATION_CONTEXT() REPRESENTATION_CONTEXT('2D SPACE',''
  ) );
#2386 = ADVANCED_FACE('',(#2387,#2562),#2286,.T.);
#2387 = FACE_BOUND('',#2388,.T.);
#2388 = EDGE_LOOP('',(#2389,#2390,#2420,#2446,#2481,#2507,#2542,#2561));
#2389 = ORIENTED_EDGE('',*,*,#2273,.F.);
#2390 = ORIENTED_EDGE('',*,*,#2391,.T.);
#2391 = EDGE_CURVE('',#2246,#2392,#2394,.T.);
#2392 = VERTEX_POINT('',#2393);
#2393 = CARTESIAN_POINT('',(7.,340.35,-20.));
#2394 = SURFACE_CURVE('',#2395,(#2400,#2407),.PCURVE_S1.);
#2395 = ELLIPSE('',#2396,3.423813663154,3.);
#2396 = AXIS2_PLACEMENT_3D('',#2397,#2398,#2399);
#2397 = CARTESIAN_POINT('',(7.,340.35,-17.));
#2398 = DIRECTION('',(-0.481918749772,0.876215908677,0.));
#2399 = DIRECTION('',(-0.876215908677,-0.481918749772,0.));
#2400 = PCURVE('',#2286,#2401);
#2401 = DEFINITIONAL_REPRESENTATION('',(#2402),#2406);
#2402 = ELLIPSE('',#2403,3.423813663154,3.);
#2403 = AXIS2_PLACEMENT_2D('',#2404,#2405);
#2404 = CARTESIAN_POINT('',(9.983E+03,9.996576186337E+03));
#2405 = DIRECTION('',(0.,-1.));
#2406 = ( GEOMETRIC_REPRESENTATION_CONTEXT(2) 
PARAMETRIC_REPRESENTATION_CONTEXT() REPRESENTATION_CONTEXT('2D SPACE',''
  ) );
#2407 = PCURVE('',#2261,#2408);
#2408 = DEFINITIONAL_REPRESENTATION('',(#2409),#2419);
#2409 = B_SPLINE_CURVE_WITH_KNOTS('',8,(#2410,#2411,#2412,#2413,#2414,
    #2415,#2416,#2417,#2418),.UNSPECIFIED.,.F.,.F.,(9,9),(3.14159265359,
    4.712388980385),.PIECEWISE_BEZIER_KNOTS.);
#2410 = CARTESIAN_POINT('',(1.570796326795,-442.));
#2411 = CARTESIAN_POINT('',(1.374446785946,-442.));
#2412 = CARTESIAN_POINT('',(1.178097245096,-441.9272997195));
#2413 = CARTESIAN_POINT('',(0.981747704244,-441.781899776));
#2414 = CARTESIAN_POINT('',(0.785398163399,-441.5697769382));
#2415 = CARTESIAN_POINT('',(0.589048622546,-441.3028968803));
#2416 = CARTESIAN_POINT('',(0.392699081699,-440.9979535615));
#2417 = CARTESIAN_POINT('',(0.196349540849,-440.6739767424));
#2418 = CARTESIAN_POINT('',(0.,-440.35));
#2419 = ( GEOMETRIC_REPRESENTATION_CONTEXT(2) 
PARAMETRIC_REPRESENTATION_CONTEXT() REPRESENTATION_CONTEXT('2D SPACE',''
  ) );
#2420 = ORIENTED_EDGE('',*,*,#2421,.F.);
#2421 = EDGE_CURVE('',#2422,#2392,#2424,.T.);
#2422 = VERTEX_POINT('',#2423);
#2423 = CARTESIAN_POINT('',(-7.,332.65,-20.));
#2424 = SURFACE_CURVE('',#2425,(#2429,#2435),.PCURVE_S1.);
#2425 = LINE('',#2426,#2427);
#2426 = CARTESIAN_POINT('',(-4.47092599252E+03,-2.122509295886E+03,
    -19.99999999999));
#2427 = VECTOR('',#2428,1.);
#2428 = DIRECTION('',(0.876215908677,0.481918749772,0.));
#2429 = PCURVE('',#2286,#2430);
#2430 = DEFINITIONAL_REPRESENTATION('',(#2431),#2434);
#2431 = B_SPLINE_CURVE_WITH_KNOTS('',1,(#2432,#2433),.UNSPECIFIED.,.F.,
  .F.,(2,2),(5.094550268166E+03,5.11052806526E+03),
  .PIECEWISE_BEZIER_KNOTS.);
#2432 = CARTESIAN_POINT('',(9.98E+03,9.980598389242E+03));
#2433 = CARTESIAN_POINT('',(9.98E+03,9.996576186337E+03));
#2434 = ( GEOMETRIC_REPRESENTATION_CONTEXT(2) 
PARAMETRIC_REPRESENTATION_CONTEXT() REPRESENTATION_CONTEXT('2D SPACE',''
  ) );
#2435 = PCURVE('',#2436,#2441);
#2436 = PLANE('',#2437);
#2437 = AXIS2_PLACEMENT_3D('',#2438,#2439,#2440);
#2438 = CARTESIAN_POINT('',(-7.,-100.,-20.));
#2439 = DIRECTION('',(0.,0.,-1.));
#2440 = DIRECTION('',(1.,0.,0.));
#2441 = DEFINITIONAL_REPRESENTATION('',(#2442),#2445);
#2442 = B_SPLINE_CURVE_WITH_KNOTS('',1,(#2443,#2444),.UNSPECIFIED.,.F.,
  .F.,(2,2),(5.094550268166E+03,5.11052806526E+03),
  .PIECEWISE_BEZIER_KNOTS.);
#2443 = CARTESIAN_POINT('',(9.094947017729E-13,-432.65));
#2444 = CARTESIAN_POINT('',(14.000000000002,-440.35));
#2445 = ( GEOMETRIC_REPRESENTATION_CONTEXT(2) 
PARAMETRIC_REPRESENTATION_CONTEXT() REPRESENTATION_CONTEXT('2D SPACE',''
  ) );
#2446 = ORIENTED_EDGE('',*,*,#2447,.T.);
#2447 = EDGE_CURVE('',#2422,#2448,#2450,.T.);
#2448 = VERTEX_POINT('',#2449);
#2449 = CARTESIAN_POINT('',(-10.,331.,-17.));
#2450 = SURFACE_CURVE('',#2451,(#2456,#2463),.PCURVE_S1.);
#2451 = ELLIPSE('',#2452,3.423813663154,3.);
#2452 = AXIS2_PLACEMENT_3D('',#2453,#2454,#2455);
#2453 = CARTESIAN_POINT('',(-7.,332.65,-17.));
#2454 = DIRECTION('',(-0.481918749772,0.876215908677,0.));
#2455 = DIRECTION('',(-0.876215908677,-0.481918749772,0.));
#2456 = PCURVE('',#2286,#2457);
#2457 = DEFINITIONAL_REPRESENTATION('',(#2458),#2462);
#2458 = ELLIPSE('',#2459,3.423813663154,3.);
#2459 = AXIS2_PLACEMENT_2D('',#2460,#2461);
#2460 = CARTESIAN_POINT('',(9.983E+03,9.980598389242E+03));
#2461 = DIRECTION('',(0.,-1.));
#2462 = ( GEOMETRIC_REPRESENTATION_CONTEXT(2) 
PARAMETRIC_REPRESENTATION_CONTEXT() REPRESENTATION_CONTEXT('2D SPACE',''
  ) );
#2463 = PCURVE('',#2464,#2469);
#2464 = CYLINDRICAL_SURFACE('',#2465,3.);
#2465 = AXIS2_PLACEMENT_3D('',#2466,#2467,#2468);
#2466 = CARTESIAN_POINT('',(-7.,-100.,-17.));
#2467 = DIRECTION('',(0.,-1.,0.));
#2468 = DIRECTION('',(-1.,0.,0.));
#2469 = DEFINITIONAL_REPRESENTATION('',(#2470),#2480);
#2470 = B_SPLINE_CURVE_WITH_KNOTS('',8,(#2471,#2472,#2473,#2474,#2475,
    #2476,#2477,#2478,#2479),.UNSPECIFIED.,.F.,.F.,(9,9),(4.712388980385
    ,6.28318530718),.PIECEWISE_BEZIER_KNOTS.);
#2471 = CARTESIAN_POINT('',(1.570796326795,-432.65));
#2472 = CARTESIAN_POINT('',(1.374446785946,-432.3260232575));
#2473 = CARTESIAN_POINT('',(1.178097245096,-432.0020464384));
#2474 = CARTESIAN_POINT('',(0.981747704246,-431.6971031171));
#2475 = CARTESIAN_POINT('',(0.785398163396,-431.4302230603));
#2476 = CARTESIAN_POINT('',(0.589048622547,-431.2181002215));
#2477 = CARTESIAN_POINT('',(0.392699081698,-431.0727002806));
#2478 = CARTESIAN_POINT('',(0.196349540849,-431.));
#2479 = CARTESIAN_POINT('',(0.,-431.));
#2480 = ( GEOMETRIC_REPRESENTATION_CONTEXT(2) 
PARAMETRIC_REPRESENTATION_CONTEXT() REPRESENTATION_CONTEXT('2D SPACE',''
  ) );
#2481 = ORIENTED_EDGE('',*,*,#2482,.F.);
#2482 = EDGE_CURVE('',#2483,#2448,#2485,.T.);
#2483 = VERTEX_POINT('',#2484);
#2484 = CARTESIAN_POINT('',(-10.,331.,17.));
#2485 = SURFACE_CURVE('',#2486,(#2490,#2496),.PCURVE_S1.);
#2486 = LINE('',#2487,#2488);
#2487 = CARTESIAN_POINT('',(-9.999999999999,331.,-4.9915E+03));
#2488 = VECTOR('',#2489,1.);
#2489 = DIRECTION('',(0.,0.,-1.));
#2490 = PCURVE('',#2286,#2491);
#2491 = DEFINITIONAL_REPRESENTATION('',(#2492),#2495);
#2492 = B_SPLINE_CURVE_WITH_KNOTS('',1,(#2493,#2494),.UNSPECIFIED.,.F.,
  .F.,(2,2),(-5.0085E+03,-4.9745E+03),.PIECEWISE_BEZIER_KNOTS.);
#2493 = CARTESIAN_POINT('',(1.0017E+04,9.977174575579E+03));
#2494 = CARTESIAN_POINT('',(9.983E+03,9.977174575579E+03));
#2495 = ( GEOMETRIC_REPRESENTATION_CONTEXT(2) 
PARAMETRIC_REPRESENTATION_CONTEXT() REPRESENTATION_CONTEXT('2D SPACE',''
  ) );
#2496 = PCURVE('',#2497,#2502);
#2497 = PLANE('',#2498);
#2498 = AXIS2_PLACEMENT_3D('',#2499,#2500,#2501);
#2499 = CARTESIAN_POINT('',(-10.,-100.,17.));
#2500 = DIRECTION('',(-1.,0.,0.));
#2501 = DIRECTION('',(0.,0.,-1.));
#2502 = DEFINITIONAL_REPRESENTATION('',(#2503),#2506);
#2503 = B_SPLINE_CURVE_WITH_KNOTS('',1,(#2504,#2505),.UNSPECIFIED.,.F.,
  .F.,(2,2),(-5.0085E+03,-4.9745E+03),.PIECEWISE_BEZIER_KNOTS.);
#2504 = CARTESIAN_POINT('',(0.,-431.));
#2505 = CARTESIAN_POINT('',(34.,-431.));
#2506 = ( GEOMETRIC_REPRESENTATION_CONTEXT(2) 
PARAMETRIC_REPRESENTATION_CONTEXT() REPRESENTATION_CONTEXT('2D SPACE',''
  ) );
#2507 = ORIENTED_EDGE('',*,*,#2508,.T.);
#2508 = EDGE_CURVE('',#2483,#2509,#2511,.T.);
#2509 = VERTEX_POINT('',#2510);
#2510 = CARTESIAN_POINT('',(-7.,332.65,20.));
#2511 = SURFACE_CURVE('',#2512,(#2517,#2524),.PCURVE_S1.);
#2512 = ELLIPSE('',#2513,3.423813663154,3.);
#2513 = AXIS2_PLACEMENT_3D('',#2514,#2515,#2516);
#2514 = CARTESIAN_POINT('',(-7.,332.65,17.));
#2515 = DIRECTION('',(-0.481918749772,0.876215908677,0.));
#2516 = DIRECTION('',(-0.876215908677,-0.481918749772,0.));
#2517 = PCURVE('',#2286,#2518);
#2518 = DEFINITIONAL_REPRESENTATION('',(#2519),#2523);
#2519 = ELLIPSE('',#2520,3.423813663154,3.);
#2520 = AXIS2_PLACEMENT_2D('',#2521,#2522);
#2521 = CARTESIAN_POINT('',(1.0017E+04,9.980598389242E+03));
#2522 = DIRECTION('',(0.,-1.));
#2523 = ( GEOMETRIC_REPRESENTATION_CONTEXT(2) 
PARAMETRIC_REPRESENTATION_CONTEXT() REPRESENTATION_CONTEXT('2D SPACE',''
  ) );
#2524 = PCURVE('',#2525,#2530);
#2525 = CYLINDRICAL_SURFACE('',#2526,3.);
#2526 = AXIS2_PLACEMENT_3D('',#2527,#2528,#2529);
#2527 = CARTESIAN_POINT('',(-7.,-100.,17.));
#2528 = DIRECTION('',(0.,-1.,0.));
#2529 = DIRECTION('',(-5.921189464668E-16,0.,1.));
#2530 = DEFINITIONAL_REPRESENTATION('',(#2531),#2541);
#2531 = B_SPLINE_CURVE_WITH_KNOTS('',8,(#2532,#2533,#2534,#2535,#2536,
    #2537,#2538,#2539,#2540),.UNSPECIFIED.,.F.,.F.,(9,9),(0.,
    1.570796326795),.PIECEWISE_BEZIER_KNOTS.);
#2532 = CARTESIAN_POINT('',(1.570796326795,-431.));
#2533 = CARTESIAN_POINT('',(1.374446785946,-431.));
#2534 = CARTESIAN_POINT('',(1.178097245095,-431.07270028));
#2535 = CARTESIAN_POINT('',(0.981747704249,-431.2181002227));
#2536 = CARTESIAN_POINT('',(0.785398163393,-431.4302230603));
#2537 = CARTESIAN_POINT('',(0.58904862255,-431.6971031173));
#2538 = CARTESIAN_POINT('',(0.392699081697,-432.0020464382));
#2539 = CARTESIAN_POINT('',(0.196349540849,-432.3260232575));
#2540 = CARTESIAN_POINT('',(0.,-432.65));
#2541 = ( GEOMETRIC_REPRESENTATION_CONTEXT(2) 
PARAMETRIC_REPRESENTATION_CONTEXT() REPRESENTATION_CONTEXT('2D SPACE',''
  ) );
#2542 = ORIENTED_EDGE('',*,*,#2543,.F.);
#2543 = EDGE_CURVE('',#2332,#2509,#2544,.T.);
#2544 = SURFACE_CURVE('',#2545,(#2549,#2555),.PCURVE_S1.);
#2545 = LINE('',#2546,#2547);
#2546 = CARTESIAN_POINT('',(-4.465551712289E+03,-2.119553441759E+03,
    20.000000000001));
#2547 = VECTOR('',#2548,1.);
#2548 = DIRECTION('',(-0.876215908677,-0.481918749772,0.));
#2549 = PCURVE('',#2286,#2550);
#2550 = DEFINITIONAL_REPRESENTATION('',(#2551),#2554);
#2551 = B_SPLINE_CURVE_WITH_KNOTS('',1,(#2552,#2553),.UNSPECIFIED.,.F.,
  .F.,(2,2),(-5.1043945539E+03,-5.088416756805E+03),
  .PIECEWISE_BEZIER_KNOTS.);
#2552 = CARTESIAN_POINT('',(1.002E+04,9.996576186337E+03));
#2553 = CARTESIAN_POINT('',(1.002E+04,9.980598389242E+03));
#2554 = ( GEOMETRIC_REPRESENTATION_CONTEXT(2) 
PARAMETRIC_REPRESENTATION_CONTEXT() REPRESENTATION_CONTEXT('2D SPACE',''
  ) );
#2555 = PCURVE('',#2375,#2556);
#2556 = DEFINITIONAL_REPRESENTATION('',(#2557),#2560);
#2557 = B_SPLINE_CURVE_WITH_KNOTS('',1,(#2558,#2559),.UNSPECIFIED.,.F.,
  .F.,(2,2),(-5.1043945539E+03,-5.088416756805E+03),
  .PIECEWISE_BEZIER_KNOTS.);
#2558 = CARTESIAN_POINT('',(-9.094947017729E-13,-440.35));
#2559 = CARTESIAN_POINT('',(13.999999999999,-432.65));
#2560 = ( GEOMETRIC_REPRESENTATION_CONTEXT(2) 
PARAMETRIC_REPRESENTATION_CONTEXT() REPRESENTATION_CONTEXT('2D SPACE',''
  ) );
#2561 = ORIENTED_EDGE('',*,*,#2331,.T.);
#2562 = FACE_BOUND('',#2563,.T.);
#2563 = EDGE_LOOP('',(#2564,#2600,#2626,#2660,#2686,#2720,#2746,#2780));
#2564 = ORIENTED_EDGE('',*,*,#2565,.F.);
#2565 = EDGE_CURVE('',#2566,#2568,#2570,.T.);
#2566 = VERTEX_POINT('',#2567);
#2567 = CARTESIAN_POINT('',(7.,340.35,18.5));
#2568 = VERTEX_POINT('',#2569);
#2569 = CARTESIAN_POINT('',(8.5,341.175,17.));
#2570 = SURFACE_CURVE('',#2571,(#2576,#2583),.PCURVE_S1.);
#2571 = ELLIPSE('',#2572,1.711906831577,1.5);
#2572 = AXIS2_PLACEMENT_3D('',#2573,#2574,#2575);
#2573 = CARTESIAN_POINT('',(7.,340.35,17.));
#2574 = DIRECTION('',(-0.481918749772,0.876215908677,0.));
#2575 = DIRECTION('',(-0.876215908677,-0.481918749772,0.));
#2576 = PCURVE('',#2286,#2577);
#2577 = DEFINITIONAL_REPRESENTATION('',(#2578),#2582);
#2578 = ELLIPSE('',#2579,1.711906831577,1.5);
#2579 = AXIS2_PLACEMENT_2D('',#2580,#2581);
#2580 = CARTESIAN_POINT('',(1.0017E+04,9.996576186337E+03));
#2581 = DIRECTION('',(0.,-1.));
#2582 = ( GEOMETRIC_REPRESENTATION_CONTEXT(2) 
PARAMETRIC_REPRESENTATION_CONTEXT() REPRESENTATION_CONTEXT('2D SPACE',''
  ) );
#2583 = PCURVE('',#2584,#2589);
#2584 = CYLINDRICAL_SURFACE('',#2585,1.5);
#2585 = AXIS2_PLACEMENT_3D('',#2586,#2587,#2588);
#2586 = CARTESIAN_POINT('',(7.,-100.,17.));
#2587 = DIRECTION('',(0.,-1.,0.));
#2588 = DIRECTION('',(1.,0.,0.));
#2589 = DEFINITIONAL_REPRESENTATION('',(#2590),#2599);
#2590 = B_SPLINE_CURVE_WITH_KNOTS('',7,(#2591,#2592,#2593,#2594,#2595,
    #2596,#2597,#2598),.UNSPECIFIED.,.F.,.F.,(8,8),(1.570796326795,
    3.14159265359),.PIECEWISE_BEZIER_KNOTS.);
#2591 = CARTESIAN_POINT('',(1.570796326795,-440.35));
#2592 = CARTESIAN_POINT('',(1.346396851538,-440.535129567));
#2593 = CARTESIAN_POINT('',(1.121997376282,-440.7202583824));
#2594 = CARTESIAN_POINT('',(0.897597901026,-440.8901661312));
#2595 = CARTESIAN_POINT('',(0.673198425769,-441.0296040664));
#2596 = CARTESIAN_POINT('',(0.448798950513,-441.126532345));
#2597 = CARTESIAN_POINT('',(0.224399475256,-441.175));
#2598 = CARTESIAN_POINT('',(0.,-441.175));
#2599 = ( GEOMETRIC_REPRESENTATION_CONTEXT(2) 
PARAMETRIC_REPRESENTATION_CONTEXT() REPRESENTATION_CONTEXT('2D SPACE',''
  ) );
#2600 = ORIENTED_EDGE('',*,*,#2601,.T.);
#2601 = EDGE_CURVE('',#2566,#2602,#2604,.T.);
#2602 = VERTEX_POINT('',#2603);
#2603 = CARTESIAN_POINT('',(-7.,332.65,18.5));
#2604 = SURFACE_CURVE('',#2605,(#2609,#2615),.PCURVE_S1.);
#2605 = LINE('',#2606,#2607);
#2606 = CARTESIAN_POINT('',(-4.465551712289E+03,-2.119553441759E+03,
    18.500000000001));
#2607 = VECTOR('',#2608,1.);
#2608 = DIRECTION('',(-0.876215908677,-0.481918749772,0.));
#2609 = PCURVE('',#2286,#2610);
#2610 = DEFINITIONAL_REPRESENTATION('',(#2611),#2614);
#2611 = B_SPLINE_CURVE_WITH_KNOTS('',1,(#2612,#2613),.UNSPECIFIED.,.F.,
  .F.,(2,2),(-5.1043945539E+03,-5.088416756805E+03),
  .PIECEWISE_BEZIER_KNOTS.);
#2612 = CARTESIAN_POINT('',(1.00185E+04,9.996576186337E+03));
#2613 = CARTESIAN_POINT('',(1.00185E+04,9.980598389242E+03));
#2614 = ( GEOMETRIC_REPRESENTATION_CONTEXT(2) 
PARAMETRIC_REPRESENTATION_CONTEXT() REPRESENTATION_CONTEXT('2D SPACE',''
  ) );
#2615 = PCURVE('',#2616,#2621);
#2616 = PLANE('',#2617);
#2617 = AXIS2_PLACEMENT_3D('',#2618,#2619,#2620);
#2618 = CARTESIAN_POINT('',(7.,-100.,18.5));
#2619 = DIRECTION('',(0.,-0.,1.));
#2620 = DIRECTION('',(-1.,0.,0.));
#2621 = DEFINITIONAL_REPRESENTATION('',(#2622),#2625);
#2622 = B_SPLINE_CURVE_WITH_KNOTS('',1,(#2623,#2624),.UNSPECIFIED.,.F.,
  .F.,(2,2),(-5.1043945539E+03,-5.088416756805E+03),
  .PIECEWISE_BEZIER_KNOTS.);
#2623 = CARTESIAN_POINT('',(-9.094947017729E-13,-440.35));
#2624 = CARTESIAN_POINT('',(13.999999999999,-432.65));
#2625 = ( GEOMETRIC_REPRESENTATION_CONTEXT(2) 
PARAMETRIC_REPRESENTATION_CONTEXT() REPRESENTATION_CONTEXT('2D SPACE',''
  ) );
#2626 = ORIENTED_EDGE('',*,*,#2627,.F.);
#2627 = EDGE_CURVE('',#2628,#2602,#2630,.T.);
#2628 = VERTEX_POINT('',#2629);
#2629 = CARTESIAN_POINT('',(-8.5,331.825,17.));
#2630 = SURFACE_CURVE('',#2631,(#2636,#2643),.PCURVE_S1.);
#2631 = ELLIPSE('',#2632,1.711906831577,1.5);
#2632 = AXIS2_PLACEMENT_3D('',#2633,#2634,#2635);
#2633 = CARTESIAN_POINT('',(-7.,332.65,17.));
#2634 = DIRECTION('',(-0.481918749772,0.876215908677,0.));
#2635 = DIRECTION('',(-0.876215908677,-0.481918749772,0.));
#2636 = PCURVE('',#2286,#2637);
#2637 = DEFINITIONAL_REPRESENTATION('',(#2638),#2642);
#2638 = ELLIPSE('',#2639,1.711906831577,1.5);
#2639 = AXIS2_PLACEMENT_2D('',#2640,#2641);
#2640 = CARTESIAN_POINT('',(1.0017E+04,9.980598389242E+03));
#2641 = DIRECTION('',(0.,-1.));
#2642 = ( GEOMETRIC_REPRESENTATION_CONTEXT(2) 
PARAMETRIC_REPRESENTATION_CONTEXT() REPRESENTATION_CONTEXT('2D SPACE',''
  ) );
#2643 = PCURVE('',#2644,#2649);
#2644 = CYLINDRICAL_SURFACE('',#2645,1.5);
#2645 = AXIS2_PLACEMENT_3D('',#2646,#2647,#2648);
#2646 = CARTESIAN_POINT('',(-7.,-100.,17.));
#2647 = DIRECTION('',(0.,-1.,0.));
#2648 = DIRECTION('',(1.184237892934E-15,0.,1.));
#2649 = DEFINITIONAL_REPRESENTATION('',(#2650),#2659);
#2650 = B_SPLINE_CURVE_WITH_KNOTS('',7,(#2651,#2652,#2653,#2654,#2655,
    #2656,#2657,#2658),.UNSPECIFIED.,.F.,.F.,(8,8),(-2.6645352591E-15,
    1.570796326795),.PIECEWISE_BEZIER_KNOTS.);
#2651 = CARTESIAN_POINT('',(1.570796326795,-431.825));
#2652 = CARTESIAN_POINT('',(1.346396851538,-431.825));
#2653 = CARTESIAN_POINT('',(1.121997376282,-431.8734676548));
#2654 = CARTESIAN_POINT('',(0.897597901026,-431.9703959337));
#2655 = CARTESIAN_POINT('',(0.673198425769,-432.1098338687));
#2656 = CARTESIAN_POINT('',(0.448798950513,-432.2797416176));
#2657 = CARTESIAN_POINT('',(0.224399475256,-432.4648704329));
#2658 = CARTESIAN_POINT('',(5.921189464668E-16,-432.65));
#2659 = ( GEOMETRIC_REPRESENTATION_CONTEXT(2) 
PARAMETRIC_REPRESENTATION_CONTEXT() REPRESENTATION_CONTEXT('2D SPACE',''
  ) );
#2660 = ORIENTED_EDGE('',*,*,#2661,.T.);
#2661 = EDGE_CURVE('',#2628,#2662,#2664,.T.);
#2662 = VERTEX_POINT('',#2663);
#2663 = CARTESIAN_POINT('',(-8.5,331.825,-17.));
#2664 = SURFACE_CURVE('',#2665,(#2669,#2675),.PCURVE_S1.);
#2665 = LINE('',#2666,#2667);
#2666 = CARTESIAN_POINT('',(-8.499999999998,331.825,-4.9915E+03));
#2667 = VECTOR('',#2668,1.);
#2668 = DIRECTION('',(0.,0.,-1.));
#2669 = PCURVE('',#2286,#2670);
#2670 = DEFINITIONAL_REPRESENTATION('',(#2671),#2674);
#2671 = B_SPLINE_CURVE_WITH_KNOTS('',1,(#2672,#2673),.UNSPECIFIED.,.F.,
  .F.,(2,2),(-5.0085E+03,-4.9745E+03),.PIECEWISE_BEZIER_KNOTS.);
#2672 = CARTESIAN_POINT('',(1.0017E+04,9.978886482411E+03));
#2673 = CARTESIAN_POINT('',(9.983E+03,9.978886482411E+03));
#2674 = ( GEOMETRIC_REPRESENTATION_CONTEXT(2) 
PARAMETRIC_REPRESENTATION_CONTEXT() REPRESENTATION_CONTEXT('2D SPACE',''
  ) );
#2675 = PCURVE('',#2676,#2681);
#2676 = PLANE('',#2677);
#2677 = AXIS2_PLACEMENT_3D('',#2678,#2679,#2680);
#2678 = CARTESIAN_POINT('',(-8.5,-100.,17.));
#2679 = DIRECTION('',(-1.,0.,0.));
#2680 = DIRECTION('',(0.,0.,-1.));
#2681 = DEFINITIONAL_REPRESENTATION('',(#2682),#2685);
#2682 = B_SPLINE_CURVE_WITH_KNOTS('',1,(#2683,#2684),.UNSPECIFIED.,.F.,
  .F.,(2,2),(-5.0085E+03,-4.9745E+03),.PIECEWISE_BEZIER_KNOTS.);
#2683 = CARTESIAN_POINT('',(0.,-431.825));
#2684 = CARTESIAN_POINT('',(34.,-431.825));
#2685 = ( GEOMETRIC_REPRESENTATION_CONTEXT(2) 
PARAMETRIC_REPRESENTATION_CONTEXT() REPRESENTATION_CONTEXT('2D SPACE',''
  ) );
#2686 = ORIENTED_EDGE('',*,*,#2687,.F.);
#2687 = EDGE_CURVE('',#2688,#2662,#2690,.T.);
#2688 = VERTEX_POINT('',#2689);
#2689 = CARTESIAN_POINT('',(-7.,332.65,-18.5));
#2690 = SURFACE_CURVE('',#2691,(#2696,#2703),.PCURVE_S1.);
#2691 = ELLIPSE('',#2692,1.711906831577,1.5);
#2692 = AXIS2_PLACEMENT_3D('',#2693,#2694,#2695);
#2693 = CARTESIAN_POINT('',(-7.,332.65,-17.));
#2694 = DIRECTION('',(-0.481918749772,0.876215908677,0.));
#2695 = DIRECTION('',(-0.876215908677,-0.481918749772,0.));
#2696 = PCURVE('',#2286,#2697);
#2697 = DEFINITIONAL_REPRESENTATION('',(#2698),#2702);
#2698 = ELLIPSE('',#2699,1.711906831577,1.5);
#2699 = AXIS2_PLACEMENT_2D('',#2700,#2701);
#2700 = CARTESIAN_POINT('',(9.983E+03,9.980598389242E+03));
#2701 = DIRECTION('',(0.,-1.));
#2702 = ( GEOMETRIC_REPRESENTATION_CONTEXT(2) 
PARAMETRIC_REPRESENTATION_CONTEXT() REPRESENTATION_CONTEXT('2D SPACE',''
  ) );
#2703 = PCURVE('',#2704,#2709);
#2704 = CYLINDRICAL_SURFACE('',#2705,1.5);
#2705 = AXIS2_PLACEMENT_3D('',#2706,#2707,#2708);
#2706 = CARTESIAN_POINT('',(-7.,-100.,-17.));
#2707 = DIRECTION('',(0.,-1.,0.));
#2708 = DIRECTION('',(-1.,0.,0.));
#2709 = DEFINITIONAL_REPRESENTATION('',(#2710),#2719);
#2710 = B_SPLINE_CURVE_WITH_KNOTS('',7,(#2711,#2712,#2713,#2714,#2715,
    #2716,#2717,#2718),.UNSPECIFIED.,.F.,.F.,(8,8),(4.712388980385,
    6.28318530718),.PIECEWISE_BEZIER_KNOTS.);
#2711 = CARTESIAN_POINT('',(1.570796326795,-432.65));
#2712 = CARTESIAN_POINT('',(1.346396851538,-432.4648704329));
#2713 = CARTESIAN_POINT('',(1.121997376282,-432.2797416174));
#2714 = CARTESIAN_POINT('',(0.897597901026,-432.1098338686));
#2715 = CARTESIAN_POINT('',(0.673198425769,-431.9703959335));
#2716 = CARTESIAN_POINT('',(0.448798950513,-431.8734676548));
#2717 = CARTESIAN_POINT('',(0.224399475256,-431.825));
#2718 = CARTESIAN_POINT('',(0.,-431.825));
#2719 = ( GEOMETRIC_REPRESENTATION_CONTEXT(2) 
PARAMETRIC_REPRESENTATION_CONTEXT() REPRESENTATION_CONTEXT('2D SPACE',''
  ) );
#2720 = ORIENTED_EDGE('',*,*,#2721,.T.);
#2721 = EDGE_CURVE('',#2688,#2722,#2724,.T.);
#2722 = VERTEX_POINT('',#2723);
#2723 = CARTESIAN_POINT('',(7.,340.35,-18.5));
#2724 = SURFACE_CURVE('',#2725,(#2729,#2735),.PCURVE_S1.);
#2725 = LINE('',#2726,#2727);
#2726 = CARTESIAN_POINT('',(-4.47092599252E+03,-2.122509295886E+03,
    -18.49999999999));
#2727 = VECTOR('',#2728,1.);
#2728 = DIRECTION('',(0.876215908677,0.481918749772,0.));
#2729 = PCURVE('',#2286,#2730);
#2730 = DEFINITIONAL_REPRESENTATION('',(#2731),#2734);
#2731 = B_SPLINE_CURVE_WITH_KNOTS('',1,(#2732,#2733),.UNSPECIFIED.,.F.,
  .F.,(2,2),(5.094550268166E+03,5.11052806526E+03),
  .PIECEWISE_BEZIER_KNOTS.);
#2732 = CARTESIAN_POINT('',(9.9815E+03,9.980598389242E+03));
#2733 = CARTESIAN_POINT('',(9.9815E+03,9.996576186337E+03));
#2734 = ( GEOMETRIC_REPRESENTATION_CONTEXT(2) 
PARAMETRIC_REPRESENTATION_CONTEXT() REPRESENTATION_CONTEXT('2D SPACE',''
  ) );
#2735 = PCURVE('',#2736,#2741);
#2736 = PLANE('',#2737);
#2737 = AXIS2_PLACEMENT_3D('',#2738,#2739,#2740);
#2738 = CARTESIAN_POINT('',(-7.,-100.,-18.5));
#2739 = DIRECTION('',(0.,0.,-1.));
#2740 = DIRECTION('',(1.,0.,0.));
#2741 = DEFINITIONAL_REPRESENTATION('',(#2742),#2745);
#2742 = B_SPLINE_CURVE_WITH_KNOTS('',1,(#2743,#2744),.UNSPECIFIED.,.F.,
  .F.,(2,2),(5.094550268166E+03,5.11052806526E+03),
  .PIECEWISE_BEZIER_KNOTS.);
#2743 = CARTESIAN_POINT('',(9.094947017729E-13,-432.65));
#2744 = CARTESIAN_POINT('',(14.000000000002,-440.35));
#2745 = ( GEOMETRIC_REPRESENTATION_CONTEXT(2) 
PARAMETRIC_REPRESENTATION_CONTEXT() REPRESENTATION_CONTEXT('2D SPACE',''
  ) );
#2746 = ORIENTED_EDGE('',*,*,#2747,.F.);
#2747 = EDGE_CURVE('',#2748,#2722,#2750,.T.);
#2748 = VERTEX_POINT('',#2749);
#2749 = CARTESIAN_POINT('',(8.5,341.175,-17.));
#2750 = SURFACE_CURVE('',#2751,(#2756,#2763),.PCURVE_S1.);
#2751 = ELLIPSE('',#2752,1.711906831577,1.5);
#2752 = AXIS2_PLACEMENT_3D('',#2753,#2754,#2755);
#2753 = CARTESIAN_POINT('',(7.,340.35,-17.));
#2754 = DIRECTION('',(-0.481918749772,0.876215908677,0.));
#2755 = DIRECTION('',(-0.876215908677,-0.481918749772,0.));
#2756 = PCURVE('',#2286,#2757);
#2757 = DEFINITIONAL_REPRESENTATION('',(#2758),#2762);
#2758 = ELLIPSE('',#2759,1.711906831577,1.5);
#2759 = AXIS2_PLACEMENT_2D('',#2760,#2761);
#2760 = CARTESIAN_POINT('',(9.983E+03,9.996576186337E+03));
#2761 = DIRECTION('',(0.,-1.));
#2762 = ( GEOMETRIC_REPRESENTATION_CONTEXT(2) 
PARAMETRIC_REPRESENTATION_CONTEXT() REPRESENTATION_CONTEXT('2D SPACE',''
  ) );
#2763 = PCURVE('',#2764,#2769);
#2764 = CYLINDRICAL_SURFACE('',#2765,1.5);
#2765 = AXIS2_PLACEMENT_3D('',#2766,#2767,#2768);
#2766 = CARTESIAN_POINT('',(7.,-100.,-17.));
#2767 = DIRECTION('',(0.,-1.,0.));
#2768 = DIRECTION('',(-1.184237892934E-15,-0.,-1.));
#2769 = DEFINITIONAL_REPRESENTATION('',(#2770),#2779);
#2770 = B_SPLINE_CURVE_WITH_KNOTS('',7,(#2771,#2772,#2773,#2774,#2775,
    #2776,#2777,#2778),.UNSPECIFIED.,.F.,.F.,(8,8),(3.14159265359,
    4.712388980385),.PIECEWISE_BEZIER_KNOTS.);
#2771 = CARTESIAN_POINT('',(1.570796326795,-441.175));
#2772 = CARTESIAN_POINT('',(1.346396851538,-441.175));
#2773 = CARTESIAN_POINT('',(1.121997376282,-441.126532345));
#2774 = CARTESIAN_POINT('',(0.897597901026,-441.0296040665));
#2775 = CARTESIAN_POINT('',(0.67319842577,-440.890166131));
#2776 = CARTESIAN_POINT('',(0.448798950513,-440.7202583825));
#2777 = CARTESIAN_POINT('',(0.224399475256,-440.535129567));
#2778 = CARTESIAN_POINT('',(5.921189464668E-16,-440.35));
#2779 = ( GEOMETRIC_REPRESENTATION_CONTEXT(2) 
PARAMETRIC_REPRESENTATION_CONTEXT() REPRESENTATION_CONTEXT('2D SPACE',''
  ) );
#2780 = ORIENTED_EDGE('',*,*,#2781,.T.);
#2781 = EDGE_CURVE('',#2748,#2568,#2782,.T.);
#2782 = SURFACE_CURVE('',#2783,(#2787,#2793),.PCURVE_S1.);
#2783 = LINE('',#2784,#2785);
#2784 = CARTESIAN_POINT('',(8.500000000002,341.175,-5.0085E+03));
#2785 = VECTOR('',#2786,1.);
#2786 = DIRECTION('',(0.,-0.,1.));
#2787 = PCURVE('',#2286,#2788);
#2788 = DEFINITIONAL_REPRESENTATION('',(#2789),#2792);
#2789 = B_SPLINE_CURVE_WITH_KNOTS('',1,(#2790,#2791),.UNSPECIFIED.,.F.,
  .F.,(2,2),(4.9915E+03,5.0255E+03),.PIECEWISE_BEZIER_KNOTS.);
#2790 = CARTESIAN_POINT('',(9.983E+03,9.998288093168E+03));
#2791 = CARTESIAN_POINT('',(1.0017E+04,9.998288093168E+03));
#2792 = ( GEOMETRIC_REPRESENTATION_CONTEXT(2) 
PARAMETRIC_REPRESENTATION_CONTEXT() REPRESENTATION_CONTEXT('2D SPACE',''
  ) );
#2793 = PCURVE('',#2794,#2799);
#2794 = PLANE('',#2795);
#2795 = AXIS2_PLACEMENT_3D('',#2796,#2797,#2798);
#2796 = CARTESIAN_POINT('',(8.5,-100.,-17.));
#2797 = DIRECTION('',(1.,0.,0.));
#2798 = DIRECTION('',(0.,0.,1.));
#2799 = DEFINITIONAL_REPRESENTATION('',(#2800),#2803);
#2800 = B_SPLINE_CURVE_WITH_KNOTS('',1,(#2801,#2802),.UNSPECIFIED.,.F.,
  .F.,(2,2),(4.9915E+03,5.0255E+03),.PIECEWISE_BEZIER_KNOTS.);
#2801 = CARTESIAN_POINT('',(0.,-441.175));
#2802 = CARTESIAN_POINT('',(34.,-441.175));
#2803 = ( GEOMETRIC_REPRESENTATION_CONTEXT(2) 
PARAMETRIC_REPRESENTATION_CONTEXT() REPRESENTATION_CONTEXT('2D SPACE',''
  ) );
#2804 = ADVANCED_FACE('',(#2805),#2261,.T.);
#2805 = FACE_BOUND('',#2806,.T.);
#2806 = EDGE_LOOP('',(#2807,#2837,#2858,#2859));
#2807 = ORIENTED_EDGE('',*,*,#2808,.F.);
#2808 = EDGE_CURVE('',#2809,#2220,#2811,.T.);
#2809 = VERTEX_POINT('',#2810);
#2810 = CARTESIAN_POINT('',(7.,1.65,-20.));
#2811 = SURFACE_CURVE('',#2812,(#2817,#2830),.PCURVE_S1.);
#2812 = ELLIPSE('',#2813,3.423813663154,3.);
#2813 = AXIS2_PLACEMENT_3D('',#2814,#2815,#2816);
#2814 = CARTESIAN_POINT('',(7.,1.65,-17.));
#2815 = DIRECTION('',(-0.481918749772,-0.876215908677,0.));
#2816 = DIRECTION('',(0.876215908677,-0.481918749772,0.));
#2817 = PCURVE('',#2261,#2818);
#2818 = DEFINITIONAL_REPRESENTATION('',(#2819),#2829);
#2819 = B_SPLINE_CURVE_WITH_KNOTS('',8,(#2820,#2821,#2822,#2823,#2824,
    #2825,#2826,#2827,#2828),.UNSPECIFIED.,.F.,.F.,(9,9),(4.712388980385
    ,6.28318530718),.PIECEWISE_BEZIER_KNOTS.);
#2820 = CARTESIAN_POINT('',(-8.881784197001E-16,-101.65));
#2821 = CARTESIAN_POINT('',(0.196349540849,-101.3260232575));
#2822 = CARTESIAN_POINT('',(0.392699081699,-101.0020464382));
#2823 = CARTESIAN_POINT('',(0.589048622546,-100.6971031188));
#2824 = CARTESIAN_POINT('',(0.785398163401,-100.4302230614));
#2825 = CARTESIAN_POINT('',(0.981747704244,-100.2181002233));
#2826 = CARTESIAN_POINT('',(1.178097245097,-100.0727002803));
#2827 = CARTESIAN_POINT('',(1.374446785946,-100.));
#2828 = CARTESIAN_POINT('',(1.570796326795,-100.));
#2829 = ( GEOMETRIC_REPRESENTATION_CONTEXT(2) 
PARAMETRIC_REPRESENTATION_CONTEXT() REPRESENTATION_CONTEXT('2D SPACE',''
  ) );
#2830 = PCURVE('',#2234,#2831);
#2831 = DEFINITIONAL_REPRESENTATION('',(#2832),#2836);
#2832 = ELLIPSE('',#2833,3.423813663154,3.);
#2833 = AXIS2_PLACEMENT_2D('',#2834,#2835);
#2834 = CARTESIAN_POINT('',(1.0017E+04,9.996576186337E+03));
#2835 = DIRECTION('',(0.,1.));
#2836 = ( GEOMETRIC_REPRESENTATION_CONTEXT(2) 
PARAMETRIC_REPRESENTATION_CONTEXT() REPRESENTATION_CONTEXT('2D SPACE',''
  ) );
#2837 = ORIENTED_EDGE('',*,*,#2838,.T.);
#2838 = EDGE_CURVE('',#2809,#2392,#2839,.T.);
#2839 = SURFACE_CURVE('',#2840,(#2844,#2851),.PCURVE_S1.);
#2840 = LINE('',#2841,#2842);
#2841 = CARTESIAN_POINT('',(7.,-100.,-20.));
#2842 = VECTOR('',#2843,1.);
#2843 = DIRECTION('',(0.,1.,0.));
#2844 = PCURVE('',#2261,#2845);
#2845 = DEFINITIONAL_REPRESENTATION('',(#2846),#2850);
#2846 = LINE('',#2847,#2848);
#2847 = CARTESIAN_POINT('',(0.,0.));
#2848 = VECTOR('',#2849,1.);
#2849 = DIRECTION('',(0.,-1.));
#2850 = ( GEOMETRIC_REPRESENTATION_CONTEXT(2) 
PARAMETRIC_REPRESENTATION_CONTEXT() REPRESENTATION_CONTEXT('2D SPACE',''
  ) );
#2851 = PCURVE('',#2436,#2852);
#2852 = DEFINITIONAL_REPRESENTATION('',(#2853),#2857);
#2853 = LINE('',#2854,#2855);
#2854 = CARTESIAN_POINT('',(14.,0.));
#2855 = VECTOR('',#2856,1.);
#2856 = DIRECTION('',(0.,-1.));
#2857 = ( GEOMETRIC_REPRESENTATION_CONTEXT(2) 
PARAMETRIC_REPRESENTATION_CONTEXT() REPRESENTATION_CONTEXT('2D SPACE',''
  ) );
#2858 = ORIENTED_EDGE('',*,*,#2391,.F.);
#2859 = ORIENTED_EDGE('',*,*,#2245,.F.);
#2860 = ADVANCED_FACE('',(#2861,#2987),#2234,.T.);
#2861 = FACE_BOUND('',#2862,.T.);
#2862 = EDGE_LOOP('',(#2863,#2864,#2865,#2886,#2916,#2937,#2967,#2986));
#2863 = ORIENTED_EDGE('',*,*,#2219,.F.);
#2864 = ORIENTED_EDGE('',*,*,#2300,.T.);
#2865 = ORIENTED_EDGE('',*,*,#2866,.F.);
#2866 = EDGE_CURVE('',#2867,#2301,#2869,.T.);
#2867 = VERTEX_POINT('',#2868);
#2868 = CARTESIAN_POINT('',(-7.,9.35,20.));
#2869 = SURFACE_CURVE('',#2870,(#2874,#2880),.PCURVE_S1.);
#2870 = LINE('',#2871,#2872);
#2871 = CARTESIAN_POINT('',(-4.351117931099E+03,2.398614862105E+03,
    19.999999999999));
#2872 = VECTOR('',#2873,1.);
#2873 = DIRECTION('',(0.876215908677,-0.481918749772,-0.));
#2874 = PCURVE('',#2234,#2875);
#2875 = DEFINITIONAL_REPRESENTATION('',(#2876),#2879);
#2876 = B_SPLINE_CURVE_WITH_KNOTS('',1,(#2877,#2878),.UNSPECIFIED.,.F.,
  .F.,(2,2),(4.957816775617E+03,4.973794572711E+03),
  .PIECEWISE_BEZIER_KNOTS.);
#2877 = CARTESIAN_POINT('',(9.98E+03,9.980598389242E+03));
#2878 = CARTESIAN_POINT('',(9.98E+03,9.996576186337E+03));
#2879 = ( GEOMETRIC_REPRESENTATION_CONTEXT(2) 
PARAMETRIC_REPRESENTATION_CONTEXT() REPRESENTATION_CONTEXT('2D SPACE',''
  ) );
#2880 = PCURVE('',#2375,#2881);
#2881 = DEFINITIONAL_REPRESENTATION('',(#2882),#2885);
#2882 = B_SPLINE_CURVE_WITH_KNOTS('',1,(#2883,#2884),.UNSPECIFIED.,.F.,
  .F.,(2,2),(4.957816775617E+03,4.973794572711E+03),
  .PIECEWISE_BEZIER_KNOTS.);
#2883 = CARTESIAN_POINT('',(13.999999999999,-109.3499999999));
#2884 = CARTESIAN_POINT('',(0.,-101.65));
#2885 = ( GEOMETRIC_REPRESENTATION_CONTEXT(2) 
PARAMETRIC_REPRESENTATION_CONTEXT() REPRESENTATION_CONTEXT('2D SPACE',''
  ) );
#2886 = ORIENTED_EDGE('',*,*,#2887,.T.);
#2887 = EDGE_CURVE('',#2867,#2888,#2890,.T.);
#2888 = VERTEX_POINT('',#2889);
#2889 = CARTESIAN_POINT('',(-10.,11.,17.));
#2890 = SURFACE_CURVE('',#2891,(#2896,#2903),.PCURVE_S1.);
#2891 = ELLIPSE('',#2892,3.423813663154,3.);
#2892 = AXIS2_PLACEMENT_3D('',#2893,#2894,#2895);
#2893 = CARTESIAN_POINT('',(-7.,9.35,17.));
#2894 = DIRECTION('',(-0.481918749772,-0.876215908677,0.));
#2895 = DIRECTION('',(0.876215908677,-0.481918749772,0.));
#2896 = PCURVE('',#2234,#2897);
#2897 = DEFINITIONAL_REPRESENTATION('',(#2898),#2902);
#2898 = ELLIPSE('',#2899,3.423813663154,3.);
#2899 = AXIS2_PLACEMENT_2D('',#2900,#2901);
#2900 = CARTESIAN_POINT('',(9.983E+03,9.980598389242E+03));
#2901 = DIRECTION('',(0.,1.));
#2902 = ( GEOMETRIC_REPRESENTATION_CONTEXT(2) 
PARAMETRIC_REPRESENTATION_CONTEXT() REPRESENTATION_CONTEXT('2D SPACE',''
  ) );
#2903 = PCURVE('',#2525,#2904);
#2904 = DEFINITIONAL_REPRESENTATION('',(#2905),#2915);
#2905 = B_SPLINE_CURVE_WITH_KNOTS('',8,(#2906,#2907,#2908,#2909,#2910,
    #2911,#2912,#2913,#2914),.UNSPECIFIED.,.F.,.F.,(9,9),(1.570796326795
    ,3.14159265359),.PIECEWISE_BEZIER_KNOTS.);
#2906 = CARTESIAN_POINT('',(0.,-109.35));
#2907 = CARTESIAN_POINT('',(0.196349540849,-109.6739767424));
#2908 = CARTESIAN_POINT('',(0.392699081699,-109.9979535616));
#2909 = CARTESIAN_POINT('',(0.589048622545,-110.3028968808));
#2910 = CARTESIAN_POINT('',(0.785398163398,-110.5697769385));
#2911 = CARTESIAN_POINT('',(0.981747704243,-110.7818997764));
#2912 = CARTESIAN_POINT('',(1.178097245097,-110.9272997195));
#2913 = CARTESIAN_POINT('',(1.374446785946,-111.));
#2914 = CARTESIAN_POINT('',(1.570796326795,-111.));
#2915 = ( GEOMETRIC_REPRESENTATION_CONTEXT(2) 
PARAMETRIC_REPRESENTATION_CONTEXT() REPRESENTATION_CONTEXT('2D SPACE',''
  ) );
#2916 = ORIENTED_EDGE('',*,*,#2917,.F.);
#2917 = EDGE_CURVE('',#2918,#2888,#2920,.T.);
#2918 = VERTEX_POINT('',#2919);
#2919 = CARTESIAN_POINT('',(-10.,11.,-17.));
#2920 = SURFACE_CURVE('',#2921,(#2925,#2931),.PCURVE_S1.);
#2921 = LINE('',#2922,#2923);
#2922 = CARTESIAN_POINT('',(-9.999999999999,11.,5.0085E+03));
#2923 = VECTOR('',#2924,1.);
#2924 = DIRECTION('',(0.,0.,1.));
#2925 = PCURVE('',#2234,#2926);
#2926 = DEFINITIONAL_REPRESENTATION('',(#2927),#2930);
#2927 = B_SPLINE_CURVE_WITH_KNOTS('',1,(#2928,#2929),.UNSPECIFIED.,.F.,
  .F.,(2,2),(-5.0255E+03,-4.9915E+03),.PIECEWISE_BEZIER_KNOTS.);
#2928 = CARTESIAN_POINT('',(1.0017E+04,9.977174575579E+03));
#2929 = CARTESIAN_POINT('',(9.983E+03,9.977174575579E+03));
#2930 = ( GEOMETRIC_REPRESENTATION_CONTEXT(2) 
PARAMETRIC_REPRESENTATION_CONTEXT() REPRESENTATION_CONTEXT('2D SPACE',''
  ) );
#2931 = PCURVE('',#2497,#2932);
#2932 = DEFINITIONAL_REPRESENTATION('',(#2933),#2936);
#2933 = B_SPLINE_CURVE_WITH_KNOTS('',1,(#2934,#2935),.UNSPECIFIED.,.F.,
  .F.,(2,2),(-5.0255E+03,-4.9915E+03),.PIECEWISE_BEZIER_KNOTS.);
#2934 = CARTESIAN_POINT('',(34.,-111.));
#2935 = CARTESIAN_POINT('',(0.,-111.));
#2936 = ( GEOMETRIC_REPRESENTATION_CONTEXT(2) 
PARAMETRIC_REPRESENTATION_CONTEXT() REPRESENTATION_CONTEXT('2D SPACE',''
  ) );
#2937 = ORIENTED_EDGE('',*,*,#2938,.T.);
#2938 = EDGE_CURVE('',#2918,#2939,#2941,.T.);
#2939 = VERTEX_POINT('',#2940);
#2940 = CARTESIAN_POINT('',(-7.,9.35,-20.));
#2941 = SURFACE_CURVE('',#2942,(#2947,#2954),.PCURVE_S1.);
#2942 = ELLIPSE('',#2943,3.423813663154,3.);
#2943 = AXIS2_PLACEMENT_3D('',#2944,#2945,#2946);
#2944 = CARTESIAN_POINT('',(-7.,9.35,-17.));
#2945 = DIRECTION('',(-0.481918749772,-0.876215908677,0.));
#2946 = DIRECTION('',(0.876215908677,-0.481918749772,0.));
#2947 = PCURVE('',#2234,#2948);
#2948 = DEFINITIONAL_REPRESENTATION('',(#2949),#2953);
#2949 = ELLIPSE('',#2950,3.423813663154,3.);
#2950 = AXIS2_PLACEMENT_2D('',#2951,#2952);
#2951 = CARTESIAN_POINT('',(1.0017E+04,9.980598389242E+03));
#2952 = DIRECTION('',(0.,1.));
#2953 = ( GEOMETRIC_REPRESENTATION_CONTEXT(2) 
PARAMETRIC_REPRESENTATION_CONTEXT() REPRESENTATION_CONTEXT('2D SPACE',''
  ) );
#2954 = PCURVE('',#2464,#2955);
#2955 = DEFINITIONAL_REPRESENTATION('',(#2956),#2966);
#2956 = B_SPLINE_CURVE_WITH_KNOTS('',8,(#2957,#2958,#2959,#2960,#2961,
    #2962,#2963,#2964,#2965),.UNSPECIFIED.,.F.,.F.,(9,9),(3.14159265359,
    4.712388980385),.PIECEWISE_BEZIER_KNOTS.);
#2957 = CARTESIAN_POINT('',(0.,-111.));
#2958 = CARTESIAN_POINT('',(0.196349540849,-111.));
#2959 = CARTESIAN_POINT('',(0.392699081698,-110.9272997194));
#2960 = CARTESIAN_POINT('',(0.589048622548,-110.7818997763));
#2961 = CARTESIAN_POINT('',(0.785398163393,-110.5697769386));
#2962 = CARTESIAN_POINT('',(0.981747704248,-110.3028968809));
#2963 = CARTESIAN_POINT('',(1.178097245096,-109.9979535615));
#2964 = CARTESIAN_POINT('',(1.374446785946,-109.6739767424));
#2965 = CARTESIAN_POINT('',(1.570796326795,-109.35));
#2966 = ( GEOMETRIC_REPRESENTATION_CONTEXT(2) 
PARAMETRIC_REPRESENTATION_CONTEXT() REPRESENTATION_CONTEXT('2D SPACE',''
  ) );
#2967 = ORIENTED_EDGE('',*,*,#2968,.F.);
#2968 = EDGE_CURVE('',#2809,#2939,#2969,.T.);
#2969 = SURFACE_CURVE('',#2970,(#2974,#2980),.PCURVE_S1.);
#2970 = LINE('',#2971,#2972);
#2971 = CARTESIAN_POINT('',(-4.356492211329E+03,2.401570716231E+03,-20.)
  );
#2972 = VECTOR('',#2973,1.);
#2973 = DIRECTION('',(-0.876215908677,0.481918749772,0.));
#2974 = PCURVE('',#2234,#2975);
#2975 = DEFINITIONAL_REPRESENTATION('',(#2976),#2979);
#2976 = B_SPLINE_CURVE_WITH_KNOTS('',1,(#2977,#2978),.UNSPECIFIED.,.F.,
  .F.,(2,2),(-4.979928084072E+03,-4.963950286977E+03),
  .PIECEWISE_BEZIER_KNOTS.);
#2977 = CARTESIAN_POINT('',(1.002E+04,9.996576186337E+03));
#2978 = CARTESIAN_POINT('',(1.002E+04,9.980598389242E+03));
#2979 = ( GEOMETRIC_REPRESENTATION_CONTEXT(2) 
PARAMETRIC_REPRESENTATION_CONTEXT() REPRESENTATION_CONTEXT('2D SPACE',''
  ) );
#2980 = PCURVE('',#2436,#2981);
#2981 = DEFINITIONAL_REPRESENTATION('',(#2982),#2985);
#2982 = B_SPLINE_CURVE_WITH_KNOTS('',1,(#2983,#2984),.UNSPECIFIED.,.F.,
  .F.,(2,2),(-4.979928084072E+03,-4.963950286977E+03),
  .PIECEWISE_BEZIER_KNOTS.);
#2983 = CARTESIAN_POINT('',(14.000000000001,-101.65));
#2984 = CARTESIAN_POINT('',(9.094947017729E-13,-109.35));
#2985 = ( GEOMETRIC_REPRESENTATION_CONTEXT(2) 
PARAMETRIC_REPRESENTATION_CONTEXT() REPRESENTATION_CONTEXT('2D SPACE',''
  ) );
#2986 = ORIENTED_EDGE('',*,*,#2808,.T.);
#2987 = FACE_BOUND('',#2988,.T.);
#2988 = EDGE_LOOP('',(#2989,#3020,#3041,#3070,#3091,#3120,#3141,#3170));
#2989 = ORIENTED_EDGE('',*,*,#2990,.F.);
#2990 = EDGE_CURVE('',#2991,#2993,#2995,.T.);
#2991 = VERTEX_POINT('',#2992);
#2992 = CARTESIAN_POINT('',(8.5,0.825,17.));
#2993 = VERTEX_POINT('',#2994);
#2994 = CARTESIAN_POINT('',(7.,1.65,18.5));
#2995 = SURFACE_CURVE('',#2996,(#3001,#3008),.PCURVE_S1.);
#2996 = ELLIPSE('',#2997,1.711906831577,1.5);
#2997 = AXIS2_PLACEMENT_3D('',#2998,#2999,#3000);
#2998 = CARTESIAN_POINT('',(7.,1.65,17.));
#2999 = DIRECTION('',(-0.481918749772,-0.876215908677,0.));
#3000 = DIRECTION('',(0.876215908677,-0.481918749772,0.));
#3001 = PCURVE('',#2234,#3002);
#3002 = DEFINITIONAL_REPRESENTATION('',(#3003),#3007);
#3003 = ELLIPSE('',#3004,1.711906831577,1.5);
#3004 = AXIS2_PLACEMENT_2D('',#3005,#3006);
#3005 = CARTESIAN_POINT('',(9.983E+03,9.996576186337E+03));
#3006 = DIRECTION('',(0.,1.));
#3007 = ( GEOMETRIC_REPRESENTATION_CONTEXT(2) 
PARAMETRIC_REPRESENTATION_CONTEXT() REPRESENTATION_CONTEXT('2D SPACE',''
  ) );
#3008 = PCURVE('',#2584,#3009);
#3009 = DEFINITIONAL_REPRESENTATION('',(#3010),#3019);
#3010 = B_SPLINE_CURVE_WITH_KNOTS('',7,(#3011,#3012,#3013,#3014,#3015,
    #3016,#3017,#3018),.UNSPECIFIED.,.F.,.F.,(8,8),(0.,1.570796326795),
  .PIECEWISE_BEZIER_KNOTS.);
#3011 = CARTESIAN_POINT('',(0.,-100.825));
#3012 = CARTESIAN_POINT('',(0.224399475256,-100.825));
#3013 = CARTESIAN_POINT('',(0.448798950513,-100.8734676548));
#3014 = CARTESIAN_POINT('',(0.673198425769,-100.9703959337));
#3015 = CARTESIAN_POINT('',(0.897597901026,-101.1098338687));
#3016 = CARTESIAN_POINT('',(1.121997376282,-101.2797416175));
#3017 = CARTESIAN_POINT('',(1.346396851538,-101.4648704329));
#3018 = CARTESIAN_POINT('',(1.570796326795,-101.65));
#3019 = ( GEOMETRIC_REPRESENTATION_CONTEXT(2) 
PARAMETRIC_REPRESENTATION_CONTEXT() REPRESENTATION_CONTEXT('2D SPACE',''
  ) );
#3020 = ORIENTED_EDGE('',*,*,#3021,.T.);
#3021 = EDGE_CURVE('',#2991,#3022,#3024,.T.);
#3022 = VERTEX_POINT('',#3023);
#3023 = CARTESIAN_POINT('',(8.5,0.825,-17.));
#3024 = SURFACE_CURVE('',#3025,(#3029,#3035),.PCURVE_S1.);
#3025 = LINE('',#3026,#3027);
#3026 = CARTESIAN_POINT('',(8.500000000002,0.825,4.9915E+03));
#3027 = VECTOR('',#3028,1.);
#3028 = DIRECTION('',(0.,-0.,-1.));
#3029 = PCURVE('',#2234,#3030);
#3030 = DEFINITIONAL_REPRESENTATION('',(#3031),#3034);
#3031 = B_SPLINE_CURVE_WITH_KNOTS('',1,(#3032,#3033),.UNSPECIFIED.,.F.,
  .F.,(2,2),(4.9745E+03,5.0085E+03),.PIECEWISE_BEZIER_KNOTS.);
#3032 = CARTESIAN_POINT('',(9.983E+03,9.998288093168E+03));
#3033 = CARTESIAN_POINT('',(1.0017E+04,9.998288093168E+03));
#3034 = ( GEOMETRIC_REPRESENTATION_CONTEXT(2) 
PARAMETRIC_REPRESENTATION_CONTEXT() REPRESENTATION_CONTEXT('2D SPACE',''
  ) );
#3035 = PCURVE('',#2794,#3036);
#3036 = DEFINITIONAL_REPRESENTATION('',(#3037),#3040);
#3037 = B_SPLINE_CURVE_WITH_KNOTS('',1,(#3038,#3039),.UNSPECIFIED.,.F.,
  .F.,(2,2),(4.9745E+03,5.0085E+03),.PIECEWISE_BEZIER_KNOTS.);
#3038 = CARTESIAN_POINT('',(34.,-100.825));
#3039 = CARTESIAN_POINT('',(0.,-100.825));
#3040 = ( GEOMETRIC_REPRESENTATION_CONTEXT(2) 
PARAMETRIC_REPRESENTATION_CONTEXT() REPRESENTATION_CONTEXT('2D SPACE',''
  ) );
#3041 = ORIENTED_EDGE('',*,*,#3042,.F.);
#3042 = EDGE_CURVE('',#3043,#3022,#3045,.T.);
#3043 = VERTEX_POINT('',#3044);
#3044 = CARTESIAN_POINT('',(7.,1.65,-18.5));
#3045 = SURFACE_CURVE('',#3046,(#3051,#3058),.PCURVE_S1.);
#3046 = ELLIPSE('',#3047,1.711906831577,1.5);
#3047 = AXIS2_PLACEMENT_3D('',#3048,#3049,#3050);
#3048 = CARTESIAN_POINT('',(7.,1.65,-17.));
#3049 = DIRECTION('',(-0.481918749772,-0.876215908677,0.));
#3050 = DIRECTION('',(0.876215908677,-0.481918749772,0.));
#3051 = PCURVE('',#2234,#3052);
#3052 = DEFINITIONAL_REPRESENTATION('',(#3053),#3057);
#3053 = ELLIPSE('',#3054,1.711906831577,1.5);
#3054 = AXIS2_PLACEMENT_2D('',#3055,#3056);
#3055 = CARTESIAN_POINT('',(1.0017E+04,9.996576186337E+03));
#3056 = DIRECTION('',(0.,1.));
#3057 = ( GEOMETRIC_REPRESENTATION_CONTEXT(2) 
PARAMETRIC_REPRESENTATION_CONTEXT() REPRESENTATION_CONTEXT('2D SPACE',''
  ) );
#3058 = PCURVE('',#2764,#3059);
#3059 = DEFINITIONAL_REPRESENTATION('',(#3060),#3069);
#3060 = B_SPLINE_CURVE_WITH_KNOTS('',7,(#3061,#3062,#3063,#3064,#3065,
    #3066,#3067,#3068),.UNSPECIFIED.,.F.,.F.,(8,8),(4.712388980385,
    6.28318530718),.PIECEWISE_BEZIER_KNOTS.);
#3061 = CARTESIAN_POINT('',(0.,-101.65));
#3062 = CARTESIAN_POINT('',(0.224399475256,-101.4648704329));
#3063 = CARTESIAN_POINT('',(0.448798950513,-101.2797416175));
#3064 = CARTESIAN_POINT('',(0.673198425769,-101.1098338687));
#3065 = CARTESIAN_POINT('',(0.897597901026,-100.9703959336));
#3066 = CARTESIAN_POINT('',(1.121997376282,-100.8734676549));
#3067 = CARTESIAN_POINT('',(1.346396851538,-100.825));
#3068 = CARTESIAN_POINT('',(1.570796326795,-100.825));
#3069 = ( GEOMETRIC_REPRESENTATION_CONTEXT(2) 
PARAMETRIC_REPRESENTATION_CONTEXT() REPRESENTATION_CONTEXT('2D SPACE',''
  ) );
#3070 = ORIENTED_EDGE('',*,*,#3071,.T.);
#3071 = EDGE_CURVE('',#3043,#3072,#3074,.T.);
#3072 = VERTEX_POINT('',#3073);
#3073 = CARTESIAN_POINT('',(-7.,9.35,-18.5));
#3074 = SURFACE_CURVE('',#3075,(#3079,#3085),.PCURVE_S1.);
#3075 = LINE('',#3076,#3077);
#3076 = CARTESIAN_POINT('',(-4.356492211329E+03,2.401570716231E+03,-18.5
    ));
#3077 = VECTOR('',#3078,1.);
#3078 = DIRECTION('',(-0.876215908677,0.481918749772,0.));
#3079 = PCURVE('',#2234,#3080);
#3080 = DEFINITIONAL_REPRESENTATION('',(#3081),#3084);
#3081 = B_SPLINE_CURVE_WITH_KNOTS('',1,(#3082,#3083),.UNSPECIFIED.,.F.,
  .F.,(2,2),(-4.979928084072E+03,-4.963950286977E+03),
  .PIECEWISE_BEZIER_KNOTS.);
#3082 = CARTESIAN_POINT('',(1.00185E+04,9.996576186337E+03));
#3083 = CARTESIAN_POINT('',(1.00185E+04,9.980598389242E+03));
#3084 = ( GEOMETRIC_REPRESENTATION_CONTEXT(2) 
PARAMETRIC_REPRESENTATION_CONTEXT() REPRESENTATION_CONTEXT('2D SPACE',''
  ) );
#3085 = PCURVE('',#2736,#3086);
#3086 = DEFINITIONAL_REPRESENTATION('',(#3087),#3090);
#3087 = B_SPLINE_CURVE_WITH_KNOTS('',1,(#3088,#3089),.UNSPECIFIED.,.F.,
  .F.,(2,2),(-4.979928084072E+03,-4.963950286977E+03),
  .PIECEWISE_BEZIER_KNOTS.);
#3088 = CARTESIAN_POINT('',(14.000000000001,-101.65));
#3089 = CARTESIAN_POINT('',(9.094947017729E-13,-109.35));
#3090 = ( GEOMETRIC_REPRESENTATION_CONTEXT(2) 
PARAMETRIC_REPRESENTATION_CONTEXT() REPRESENTATION_CONTEXT('2D SPACE',''
  ) );
#3091 = ORIENTED_EDGE('',*,*,#3092,.F.);
#3092 = EDGE_CURVE('',#3093,#3072,#3095,.T.);
#3093 = VERTEX_POINT('',#3094);
#3094 = CARTESIAN_POINT('',(-8.5,10.175,-17.));
#3095 = SURFACE_CURVE('',#3096,(#3101,#3108),.PCURVE_S1.);
#3096 = ELLIPSE('',#3097,1.711906831577,1.5);
#3097 = AXIS2_PLACEMENT_3D('',#3098,#3099,#3100);
#3098 = CARTESIAN_POINT('',(-7.,9.35,-17.));
#3099 = DIRECTION('',(-0.481918749772,-0.876215908677,0.));
#3100 = DIRECTION('',(0.876215908677,-0.481918749772,0.));
#3101 = PCURVE('',#2234,#3102);
#3102 = DEFINITIONAL_REPRESENTATION('',(#3103),#3107);
#3103 = ELLIPSE('',#3104,1.711906831577,1.5);
#3104 = AXIS2_PLACEMENT_2D('',#3105,#3106);
#3105 = CARTESIAN_POINT('',(1.0017E+04,9.980598389242E+03));
#3106 = DIRECTION('',(0.,1.));
#3107 = ( GEOMETRIC_REPRESENTATION_CONTEXT(2) 
PARAMETRIC_REPRESENTATION_CONTEXT() REPRESENTATION_CONTEXT('2D SPACE',''
  ) );
#3108 = PCURVE('',#2704,#3109);
#3109 = DEFINITIONAL_REPRESENTATION('',(#3110),#3119);
#3110 = B_SPLINE_CURVE_WITH_KNOTS('',7,(#3111,#3112,#3113,#3114,#3115,
    #3116,#3117,#3118),.UNSPECIFIED.,.F.,.F.,(8,8),(3.14159265359,
    4.712388980385),.PIECEWISE_BEZIER_KNOTS.);
#3111 = CARTESIAN_POINT('',(0.,-110.175));
#3112 = CARTESIAN_POINT('',(0.224399475256,-110.175));
#3113 = CARTESIAN_POINT('',(0.448798950513,-110.126532345));
#3114 = CARTESIAN_POINT('',(0.673198425769,-110.0296040663));
#3115 = CARTESIAN_POINT('',(0.897597901026,-109.8901661312));
#3116 = CARTESIAN_POINT('',(1.121997376282,-109.7202583824));
#3117 = CARTESIAN_POINT('',(1.346396851538,-109.535129567));
#3118 = CARTESIAN_POINT('',(1.570796326795,-109.35));
#3119 = ( GEOMETRIC_REPRESENTATION_CONTEXT(2) 
PARAMETRIC_REPRESENTATION_CONTEXT() REPRESENTATION_CONTEXT('2D SPACE',''
  ) );
#3120 = ORIENTED_EDGE('',*,*,#3121,.T.);
#3121 = EDGE_CURVE('',#3093,#3122,#3124,.T.);
#3122 = VERTEX_POINT('',#3123);
#3123 = CARTESIAN_POINT('',(-8.5,10.175,17.));
#3124 = SURFACE_CURVE('',#3125,(#3129,#3135),.PCURVE_S1.);
#3125 = LINE('',#3126,#3127);
#3126 = CARTESIAN_POINT('',(-8.499999999998,10.174999999999,5.0085E+03)
  );
#3127 = VECTOR('',#3128,1.);
#3128 = DIRECTION('',(0.,0.,1.));
#3129 = PCURVE('',#2234,#3130);
#3130 = DEFINITIONAL_REPRESENTATION('',(#3131),#3134);
#3131 = B_SPLINE_CURVE_WITH_KNOTS('',1,(#3132,#3133),.UNSPECIFIED.,.F.,
  .F.,(2,2),(-5.0255E+03,-4.9915E+03),.PIECEWISE_BEZIER_KNOTS.);
#3132 = CARTESIAN_POINT('',(1.0017E+04,9.978886482411E+03));
#3133 = CARTESIAN_POINT('',(9.983E+03,9.978886482411E+03));
#3134 = ( GEOMETRIC_REPRESENTATION_CONTEXT(2) 
PARAMETRIC_REPRESENTATION_CONTEXT() REPRESENTATION_CONTEXT('2D SPACE',''
  ) );
#3135 = PCURVE('',#2676,#3136);
#3136 = DEFINITIONAL_REPRESENTATION('',(#3137),#3140);
#3137 = B_SPLINE_CURVE_WITH_KNOTS('',1,(#3138,#3139),.UNSPECIFIED.,.F.,
  .F.,(2,2),(-5.0255E+03,-4.9915E+03),.PIECEWISE_BEZIER_KNOTS.);
#3138 = CARTESIAN_POINT('',(34.,-110.1749999999));
#3139 = CARTESIAN_POINT('',(0.,-110.1749999999));
#3140 = ( GEOMETRIC_REPRESENTATION_CONTEXT(2) 
PARAMETRIC_REPRESENTATION_CONTEXT() REPRESENTATION_CONTEXT('2D SPACE',''
  ) );
#3141 = ORIENTED_EDGE('',*,*,#3142,.F.);
#3142 = EDGE_CURVE('',#3143,#3122,#3145,.T.);
#3143 = VERTEX_POINT('',#3144);
#3144 = CARTESIAN_POINT('',(-7.,9.35,18.5));
#3145 = SURFACE_CURVE('',#3146,(#3151,#3158),.PCURVE_S1.);
#3146 = ELLIPSE('',#3147,1.711906831577,1.5);
#3147 = AXIS2_PLACEMENT_3D('',#3148,#3149,#3150);
#3148 = CARTESIAN_POINT('',(-7.,9.35,17.));
#3149 = DIRECTION('',(-0.481918749772,-0.876215908677,0.));
#3150 = DIRECTION('',(0.876215908677,-0.481918749772,0.));
#3151 = PCURVE('',#2234,#3152);
#3152 = DEFINITIONAL_REPRESENTATION('',(#3153),#3157);
#3153 = ELLIPSE('',#3154,1.711906831577,1.5);
#3154 = AXIS2_PLACEMENT_2D('',#3155,#3156);
#3155 = CARTESIAN_POINT('',(9.983E+03,9.980598389242E+03));
#3156 = DIRECTION('',(0.,1.));
#3157 = ( GEOMETRIC_REPRESENTATION_CONTEXT(2) 
PARAMETRIC_REPRESENTATION_CONTEXT() REPRESENTATION_CONTEXT('2D SPACE',''
  ) );
#3158 = PCURVE('',#2644,#3159);
#3159 = DEFINITIONAL_REPRESENTATION('',(#3160),#3169);
#3160 = B_SPLINE_CURVE_WITH_KNOTS('',7,(#3161,#3162,#3163,#3164,#3165,
    #3166,#3167,#3168),.UNSPECIFIED.,.F.,.F.,(8,8),(1.570796326795,
    3.14159265359),.PIECEWISE_BEZIER_KNOTS.);
#3161 = CARTESIAN_POINT('',(0.,-109.35));
#3162 = CARTESIAN_POINT('',(0.224399475256,-109.535129567));
#3163 = CARTESIAN_POINT('',(0.448798950513,-109.7202583824));
#3164 = CARTESIAN_POINT('',(0.673198425769,-109.8901661312));
#3165 = CARTESIAN_POINT('',(0.897597901026,-110.0296040663));
#3166 = CARTESIAN_POINT('',(1.121997376282,-110.126532345));
#3167 = CARTESIAN_POINT('',(1.346396851538,-110.175));
#3168 = CARTESIAN_POINT('',(1.570796326795,-110.175));
#3169 = ( GEOMETRIC_REPRESENTATION_CONTEXT(2) 
PARAMETRIC_REPRESENTATION_CONTEXT() REPRESENTATION_CONTEXT('2D SPACE',''
  ) );
#3170 = ORIENTED_EDGE('',*,*,#3171,.T.);
#3171 = EDGE_CURVE('',#3143,#2993,#3172,.T.);
#3172 = SURFACE_CURVE('',#3173,(#3177,#3183),.PCURVE_S1.);
#3173 = LINE('',#3174,#3175);
#3174 = CARTESIAN_POINT('',(-4.351117931099E+03,2.398614862105E+03,
    18.499999999999));
#3175 = VECTOR('',#3176,1.);
#3176 = DIRECTION('',(0.876215908677,-0.481918749772,-0.));
#3177 = PCURVE('',#2234,#3178);
#3178 = DEFINITIONAL_REPRESENTATION('',(#3179),#3182);
#3179 = B_SPLINE_CURVE_WITH_KNOTS('',1,(#3180,#3181),.UNSPECIFIED.,.F.,
  .F.,(2,2),(4.957816775617E+03,4.973794572711E+03),
  .PIECEWISE_BEZIER_KNOTS.);
#3180 = CARTESIAN_POINT('',(9.9815E+03,9.980598389242E+03));
#3181 = CARTESIAN_POINT('',(9.9815E+03,9.996576186337E+03));
#3182 = ( GEOMETRIC_REPRESENTATION_CONTEXT(2) 
PARAMETRIC_REPRESENTATION_CONTEXT() REPRESENTATION_CONTEXT('2D SPACE',''
  ) );
#3183 = PCURVE('',#2616,#3184);
#3184 = DEFINITIONAL_REPRESENTATION('',(#3185),#3188);
#3185 = B_SPLINE_CURVE_WITH_KNOTS('',1,(#3186,#3187),.UNSPECIFIED.,.F.,
  .F.,(2,2),(4.957816775617E+03,4.973794572711E+03),
  .PIECEWISE_BEZIER_KNOTS.);
#3186 = CARTESIAN_POINT('',(13.999999999999,-109.3499999999));
#3187 = CARTESIAN_POINT('',(0.,-101.65));
#3188 = ( GEOMETRIC_REPRESENTATION_CONTEXT(2) 
PARAMETRIC_REPRESENTATION_CONTEXT() REPRESENTATION_CONTEXT('2D SPACE',''
  ) );
#3189 = ADVANCED_FACE('',(#3190),#2375,.T.);
#3190 = FACE_BOUND('',#3191,.T.);
#3191 = EDGE_LOOP('',(#3192,#3213,#3214,#3215));
#3192 = ORIENTED_EDGE('',*,*,#3193,.F.);
#3193 = EDGE_CURVE('',#2867,#2509,#3194,.T.);
#3194 = SURFACE_CURVE('',#3195,(#3199,#3206),.PCURVE_S1.);
#3195 = LINE('',#3196,#3197);
#3196 = CARTESIAN_POINT('',(-7.,-100.,20.));
#3197 = VECTOR('',#3198,1.);
#3198 = DIRECTION('',(0.,1.,0.));
#3199 = PCURVE('',#2375,#3200);
#3200 = DEFINITIONAL_REPRESENTATION('',(#3201),#3205);
#3201 = LINE('',#3202,#3203);
#3202 = CARTESIAN_POINT('',(14.,0.));
#3203 = VECTOR('',#3204,1.);
#3204 = DIRECTION('',(0.,-1.));
#3205 = ( GEOMETRIC_REPRESENTATION_CONTEXT(2) 
PARAMETRIC_REPRESENTATION_CONTEXT() REPRESENTATION_CONTEXT('2D SPACE',''
  ) );
#3206 = PCURVE('',#2525,#3207);
#3207 = DEFINITIONAL_REPRESENTATION('',(#3208),#3212);
#3208 = LINE('',#3209,#3210);
#3209 = CARTESIAN_POINT('',(0.,0.));
#3210 = VECTOR('',#3211,1.);
#3211 = DIRECTION('',(0.,-1.));
#3212 = ( GEOMETRIC_REPRESENTATION_CONTEXT(2) 
PARAMETRIC_REPRESENTATION_CONTEXT() REPRESENTATION_CONTEXT('2D SPACE',''
  ) );
#3213 = ORIENTED_EDGE('',*,*,#2866,.T.);
#3214 = ORIENTED_EDGE('',*,*,#2361,.T.);
#3215 = ORIENTED_EDGE('',*,*,#2543,.T.);
#3216 = ADVANCED_FACE('',(#3217),#2525,.T.);
#3217 = FACE_BOUND('',#3218,.T.);
#3218 = EDGE_LOOP('',(#3219,#3220,#3221,#3222));
#3219 = ORIENTED_EDGE('',*,*,#2887,.F.);
#3220 = ORIENTED_EDGE('',*,*,#3193,.T.);
#3221 = ORIENTED_EDGE('',*,*,#2508,.F.);
#3222 = ORIENTED_EDGE('',*,*,#3223,.F.);
#3223 = EDGE_CURVE('',#2888,#2483,#3224,.T.);
#3224 = SURFACE_CURVE('',#3225,(#3229,#3236),.PCURVE_S1.);
#3225 = LINE('',#3226,#3227);
#3226 = CARTESIAN_POINT('',(-10.,-100.,17.));
#3227 = VECTOR('',#3228,1.);
#3228 = DIRECTION('',(0.,1.,0.));
#3229 = PCURVE('',#2525,#3230);
#3230 = DEFINITIONAL_REPRESENTATION('',(#3231),#3235);
#3231 = LINE('',#3232,#3233);
#3232 = CARTESIAN_POINT('',(1.570796326795,0.));
#3233 = VECTOR('',#3234,1.);
#3234 = DIRECTION('',(0.,-1.));
#3235 = ( GEOMETRIC_REPRESENTATION_CONTEXT(2) 
PARAMETRIC_REPRESENTATION_CONTEXT() REPRESENTATION_CONTEXT('2D SPACE',''
  ) );
#3236 = PCURVE('',#2497,#3237);
#3237 = DEFINITIONAL_REPRESENTATION('',(#3238),#3242);
#3238 = LINE('',#3239,#3240);
#3239 = CARTESIAN_POINT('',(0.,-0.));
#3240 = VECTOR('',#3241,1.);
#3241 = DIRECTION('',(0.,-1.));
#3242 = ( GEOMETRIC_REPRESENTATION_CONTEXT(2) 
PARAMETRIC_REPRESENTATION_CONTEXT() REPRESENTATION_CONTEXT('2D SPACE',''
  ) );
#3243 = ADVANCED_FACE('',(#3244),#2497,.T.);
#3244 = FACE_BOUND('',#3245,.T.);
#3245 = EDGE_LOOP('',(#3246,#3267,#3268,#3269));
#3246 = ORIENTED_EDGE('',*,*,#3247,.F.);
#3247 = EDGE_CURVE('',#2918,#2448,#3248,.T.);
#3248 = SURFACE_CURVE('',#3249,(#3253,#3260),.PCURVE_S1.);
#3249 = LINE('',#3250,#3251);
#3250 = CARTESIAN_POINT('',(-10.,-100.,-17.));
#3251 = VECTOR('',#3252,1.);
#3252 = DIRECTION('',(0.,1.,0.));
#3253 = PCURVE('',#2497,#3254);
#3254 = DEFINITIONAL_REPRESENTATION('',(#3255),#3259);
#3255 = LINE('',#3256,#3257);
#3256 = CARTESIAN_POINT('',(34.,0.));
#3257 = VECTOR('',#3258,1.);
#3258 = DIRECTION('',(0.,-1.));
#3259 = ( GEOMETRIC_REPRESENTATION_CONTEXT(2) 
PARAMETRIC_REPRESENTATION_CONTEXT() REPRESENTATION_CONTEXT('2D SPACE',''
  ) );
#3260 = PCURVE('',#2464,#3261);
#3261 = DEFINITIONAL_REPRESENTATION('',(#3262),#3266);
#3262 = LINE('',#3263,#3264);
#3263 = CARTESIAN_POINT('',(0.,0.));
#3264 = VECTOR('',#3265,1.);
#3265 = DIRECTION('',(0.,-1.));
#3266 = ( GEOMETRIC_REPRESENTATION_CONTEXT(2) 
PARAMETRIC_REPRESENTATION_CONTEXT() REPRESENTATION_CONTEXT('2D SPACE',''
  ) );
#3267 = ORIENTED_EDGE('',*,*,#2917,.T.);
#3268 = ORIENTED_EDGE('',*,*,#3223,.T.);
#3269 = ORIENTED_EDGE('',*,*,#2482,.T.);
#3270 = ADVANCED_FACE('',(#3271),#2464,.T.);
#3271 = FACE_BOUND('',#3272,.T.);
#3272 = EDGE_LOOP('',(#3273,#3274,#3275,#3276));
#3273 = ORIENTED_EDGE('',*,*,#2938,.F.);
#3274 = ORIENTED_EDGE('',*,*,#3247,.T.);
#3275 = ORIENTED_EDGE('',*,*,#2447,.F.);
#3276 = ORIENTED_EDGE('',*,*,#3277,.F.);
#3277 = EDGE_CURVE('',#2939,#2422,#3278,.T.);
#3278 = SURFACE_CURVE('',#3279,(#3283,#3290),.PCURVE_S1.);
#3279 = LINE('',#3280,#3281);
#3280 = CARTESIAN_POINT('',(-7.,-100.,-20.));
#3281 = VECTOR('',#3282,1.);
#3282 = DIRECTION('',(0.,1.,0.));
#3283 = PCURVE('',#2464,#3284);
#3284 = DEFINITIONAL_REPRESENTATION('',(#3285),#3289);
#3285 = LINE('',#3286,#3287);
#3286 = CARTESIAN_POINT('',(1.570796326795,0.));
#3287 = VECTOR('',#3288,1.);
#3288 = DIRECTION('',(0.,-1.));
#3289 = ( GEOMETRIC_REPRESENTATION_CONTEXT(2) 
PARAMETRIC_REPRESENTATION_CONTEXT() REPRESENTATION_CONTEXT('2D SPACE',''
  ) );
#3290 = PCURVE('',#2436,#3291);
#3291 = DEFINITIONAL_REPRESENTATION('',(#3292),#3296);
#3292 = LINE('',#3293,#3294);
#3293 = CARTESIAN_POINT('',(0.,0.));
#3294 = VECTOR('',#3295,1.);
#3295 = DIRECTION('',(0.,-1.));
#3296 = ( GEOMETRIC_REPRESENTATION_CONTEXT(2) 
PARAMETRIC_REPRESENTATION_CONTEXT() REPRESENTATION_CONTEXT('2D SPACE',''
  ) );
#3297 = ADVANCED_FACE('',(#3298),#2436,.T.);
#3298 = FACE_BOUND('',#3299,.T.);
#3299 = EDGE_LOOP('',(#3300,#3301,#3302,#3303));
#3300 = ORIENTED_EDGE('',*,*,#2838,.F.);
#3301 = ORIENTED_EDGE('',*,*,#2968,.T.);
#3302 = ORIENTED_EDGE('',*,*,#3277,.T.);
#3303 = ORIENTED_EDGE('',*,*,#2421,.T.);
#3304 = ADVANCED_FACE('',(#3305),#2584,.F.);
#3305 = FACE_BOUND('',#3306,.F.);
#3306 = EDGE_LOOP('',(#3307,#3308,#3329,#3330));
#3307 = ORIENTED_EDGE('',*,*,#2990,.F.);
#3308 = ORIENTED_EDGE('',*,*,#3309,.T.);
#3309 = EDGE_CURVE('',#2991,#2568,#3310,.T.);
#3310 = SURFACE_CURVE('',#3311,(#3315,#3322),.PCURVE_S1.);
#3311 = LINE('',#3312,#3313);
#3312 = CARTESIAN_POINT('',(8.5,-100.,17.));
#3313 = VECTOR('',#3314,1.);
#3314 = DIRECTION('',(0.,1.,0.));
#3315 = PCURVE('',#2584,#3316);
#3316 = DEFINITIONAL_REPRESENTATION('',(#3317),#3321);
#3317 = LINE('',#3318,#3319);
#3318 = CARTESIAN_POINT('',(0.,0.));
#3319 = VECTOR('',#3320,1.);
#3320 = DIRECTION('',(0.,-1.));
#3321 = ( GEOMETRIC_REPRESENTATION_CONTEXT(2) 
PARAMETRIC_REPRESENTATION_CONTEXT() REPRESENTATION_CONTEXT('2D SPACE',''
  ) );
#3322 = PCURVE('',#2794,#3323);
#3323 = DEFINITIONAL_REPRESENTATION('',(#3324),#3328);
#3324 = LINE('',#3325,#3326);
#3325 = CARTESIAN_POINT('',(34.,0.));
#3326 = VECTOR('',#3327,1.);
#3327 = DIRECTION('',(0.,-1.));
#3328 = ( GEOMETRIC_REPRESENTATION_CONTEXT(2) 
PARAMETRIC_REPRESENTATION_CONTEXT() REPRESENTATION_CONTEXT('2D SPACE',''
  ) );
#3329 = ORIENTED_EDGE('',*,*,#2565,.F.);
#3330 = ORIENTED_EDGE('',*,*,#3331,.F.);
#3331 = EDGE_CURVE('',#2993,#2566,#3332,.T.);
#3332 = SURFACE_CURVE('',#3333,(#3337,#3344),.PCURVE_S1.);
#3333 = LINE('',#3334,#3335);
#3334 = CARTESIAN_POINT('',(7.,-100.,18.5));
#3335 = VECTOR('',#3336,1.);
#3336 = DIRECTION('',(0.,1.,0.));
#3337 = PCURVE('',#2584,#3338);
#3338 = DEFINITIONAL_REPRESENTATION('',(#3339),#3343);
#3339 = LINE('',#3340,#3341);
#3340 = CARTESIAN_POINT('',(1.570796326795,0.));
#3341 = VECTOR('',#3342,1.);
#3342 = DIRECTION('',(0.,-1.));
#3343 = ( GEOMETRIC_REPRESENTATION_CONTEXT(2) 
PARAMETRIC_REPRESENTATION_CONTEXT() REPRESENTATION_CONTEXT('2D SPACE',''
  ) );
#3344 = PCURVE('',#2616,#3345);
#3345 = DEFINITIONAL_REPRESENTATION('',(#3346),#3350);
#3346 = LINE('',#3347,#3348);
#3347 = CARTESIAN_POINT('',(0.,0.));
#3348 = VECTOR('',#3349,1.);
#3349 = DIRECTION('',(0.,-1.));
#3350 = ( GEOMETRIC_REPRESENTATION_CONTEXT(2) 
PARAMETRIC_REPRESENTATION_CONTEXT() REPRESENTATION_CONTEXT('2D SPACE',''
  ) );
#3351 = ADVANCED_FACE('',(#3352),#2794,.F.);
#3352 = FACE_BOUND('',#3353,.F.);
#3353 = EDGE_LOOP('',(#3354,#3355,#3356,#3377));
#3354 = ORIENTED_EDGE('',*,*,#3309,.F.);
#3355 = ORIENTED_EDGE('',*,*,#3021,.T.);
#3356 = ORIENTED_EDGE('',*,*,#3357,.T.);
#3357 = EDGE_CURVE('',#3022,#2748,#3358,.T.);
#3358 = SURFACE_CURVE('',#3359,(#3363,#3370),.PCURVE_S1.);
#3359 = LINE('',#3360,#3361);
#3360 = CARTESIAN_POINT('',(8.5,-100.,-17.));
#3361 = VECTOR('',#3362,1.);
#3362 = DIRECTION('',(0.,1.,0.));
#3363 = PCURVE('',#2794,#3364);
#3364 = DEFINITIONAL_REPRESENTATION('',(#3365),#3369);
#3365 = LINE('',#3366,#3367);
#3366 = CARTESIAN_POINT('',(0.,0.));
#3367 = VECTOR('',#3368,1.);
#3368 = DIRECTION('',(0.,-1.));
#3369 = ( GEOMETRIC_REPRESENTATION_CONTEXT(2) 
PARAMETRIC_REPRESENTATION_CONTEXT() REPRESENTATION_CONTEXT('2D SPACE',''
  ) );
#3370 = PCURVE('',#2764,#3371);
#3371 = DEFINITIONAL_REPRESENTATION('',(#3372),#3376);
#3372 = LINE('',#3373,#3374);
#3373 = CARTESIAN_POINT('',(1.570796326795,0.));
#3374 = VECTOR('',#3375,1.);
#3375 = DIRECTION('',(0.,-1.));
#3376 = ( GEOMETRIC_REPRESENTATION_CONTEXT(2) 
PARAMETRIC_REPRESENTATION_CONTEXT() REPRESENTATION_CONTEXT('2D SPACE',''
  ) );
#3377 = ORIENTED_EDGE('',*,*,#2781,.T.);
#3378 = ADVANCED_FACE('',(#3379),#2764,.F.);
#3379 = FACE_BOUND('',#3380,.F.);
#3380 = EDGE_LOOP('',(#3381,#3382,#3403,#3404));
#3381 = ORIENTED_EDGE('',*,*,#3042,.F.);
#3382 = ORIENTED_EDGE('',*,*,#3383,.T.);
#3383 = EDGE_CURVE('',#3043,#2722,#3384,.T.);
#3384 = SURFACE_CURVE('',#3385,(#3389,#3396),.PCURVE_S1.);
#3385 = LINE('',#3386,#3387);
#3386 = CARTESIAN_POINT('',(7.,-100.,-18.5));
#3387 = VECTOR('',#3388,1.);
#3388 = DIRECTION('',(0.,1.,0.));
#3389 = PCURVE('',#2764,#3390);
#3390 = DEFINITIONAL_REPRESENTATION('',(#3391),#3395);
#3391 = LINE('',#3392,#3393);
#3392 = CARTESIAN_POINT('',(0.,0.));
#3393 = VECTOR('',#3394,1.);
#3394 = DIRECTION('',(0.,-1.));
#3395 = ( GEOMETRIC_REPRESENTATION_CONTEXT(2) 
PARAMETRIC_REPRESENTATION_CONTEXT() REPRESENTATION_CONTEXT('2D SPACE',''
  ) );
#3396 = PCURVE('',#2736,#3397);
#3397 = DEFINITIONAL_REPRESENTATION('',(#3398),#3402);
#3398 = LINE('',#3399,#3400);
#3399 = CARTESIAN_POINT('',(14.,0.));
#3400 = VECTOR('',#3401,1.);
#3401 = DIRECTION('',(0.,-1.));
#3402 = ( GEOMETRIC_REPRESENTATION_CONTEXT(2) 
PARAMETRIC_REPRESENTATION_CONTEXT() REPRESENTATION_CONTEXT('2D SPACE',''
  ) );
#3403 = ORIENTED_EDGE('',*,*,#2747,.F.);
#3404 = ORIENTED_EDGE('',*,*,#3357,.F.);
#3405 = ADVANCED_FACE('',(#3406),#2736,.F.);
#3406 = FACE_BOUND('',#3407,.F.);
#3407 = EDGE_LOOP('',(#3408,#3409,#3410,#3431));
#3408 = ORIENTED_EDGE('',*,*,#3383,.F.);
#3409 = ORIENTED_EDGE('',*,*,#3071,.T.);
#3410 = ORIENTED_EDGE('',*,*,#3411,.T.);
#3411 = EDGE_CURVE('',#3072,#2688,#3412,.T.);
#3412 = SURFACE_CURVE('',#3413,(#3417,#3424),.PCURVE_S1.);
#3413 = LINE('',#3414,#3415);
#3414 = CARTESIAN_POINT('',(-7.,-100.,-18.5));
#3415 = VECTOR('',#3416,1.);
#3416 = DIRECTION('',(0.,1.,0.));
#3417 = PCURVE('',#2736,#3418);
#3418 = DEFINITIONAL_REPRESENTATION('',(#3419),#3423);
#3419 = LINE('',#3420,#3421);
#3420 = CARTESIAN_POINT('',(0.,0.));
#3421 = VECTOR('',#3422,1.);
#3422 = DIRECTION('',(0.,-1.));
#3423 = ( GEOMETRIC_REPRESENTATION_CONTEXT(2) 
PARAMETRIC_REPRESENTATION_CONTEXT() REPRESENTATION_CONTEXT('2D SPACE',''
  ) );
#3424 = PCURVE('',#2704,#3425);
#3425 = DEFINITIONAL_REPRESENTATION('',(#3426),#3430);
#3426 = LINE('',#3427,#3428);
#3427 = CARTESIAN_POINT('',(1.570796326795,0.));
#3428 = VECTOR('',#3429,1.);
#3429 = DIRECTION('',(0.,-1.));
#3430 = ( GEOMETRIC_REPRESENTATION_CONTEXT(2) 
PARAMETRIC_REPRESENTATION_CONTEXT() REPRESENTATION_CONTEXT('2D SPACE',''
  ) );
#3431 = ORIENTED_EDGE('',*,*,#2721,.T.);
#3432 = ADVANCED_FACE('',(#3433),#2704,.F.);
#3433 = FACE_BOUND('',#3434,.F.);
#3434 = EDGE_LOOP('',(#3435,#3436,#3457,#3458));
#3435 = ORIENTED_EDGE('',*,*,#3092,.F.);
#3436 = ORIENTED_EDGE('',*,*,#3437,.T.);
#3437 = EDGE_CURVE('',#3093,#2662,#3438,.T.);
#3438 = SURFACE_CURVE('',#3439,(#3443,#3450),.PCURVE_S1.);
#3439 = LINE('',#3440,#3441);
#3440 = CARTESIAN_POINT('',(-8.5,-100.,-17.));
#3441 = VECTOR('',#3442,1.);
#3442 = DIRECTION('',(0.,1.,0.));
#3443 = PCURVE('',#2704,#3444);
#3444 = DEFINITIONAL_REPRESENTATION('',(#3445),#3449);
#3445 = LINE('',#3446,#3447);
#3446 = CARTESIAN_POINT('',(0.,0.));
#3447 = VECTOR('',#3448,1.);
#3448 = DIRECTION('',(0.,-1.));
#3449 = ( GEOMETRIC_REPRESENTATION_CONTEXT(2) 
PARAMETRIC_REPRESENTATION_CONTEXT() REPRESENTATION_CONTEXT('2D SPACE',''
  ) );
#3450 = PCURVE('',#2676,#3451);
#3451 = DEFINITIONAL_REPRESENTATION('',(#3452),#3456);
#3452 = LINE('',#3453,#3454);
#3453 = CARTESIAN_POINT('',(34.,0.));
#3454 = VECTOR('',#3455,1.);
#3455 = DIRECTION('',(0.,-1.));
#3456 = ( GEOMETRIC_REPRESENTATION_CONTEXT(2) 
PARAMETRIC_REPRESENTATION_CONTEXT() REPRESENTATION_CONTEXT('2D SPACE',''
  ) );
#3457 = ORIENTED_EDGE('',*,*,#2687,.F.);
#3458 = ORIENTED_EDGE('',*,*,#3411,.F.);
#3459 = ADVANCED_FACE('',(#3460),#2676,.F.);
#3460 = FACE_BOUND('',#3461,.F.);
#3461 = EDGE_LOOP('',(#3462,#3463,#3464,#3485));
#3462 = ORIENTED_EDGE('',*,*,#3437,.F.);
#3463 = ORIENTED_EDGE('',*,*,#3121,.T.);
#3464 = ORIENTED_EDGE('',*,*,#3465,.T.);
#3465 = EDGE_CURVE('',#3122,#2628,#3466,.T.);
#3466 = SURFACE_CURVE('',#3467,(#3471,#3478),.PCURVE_S1.);
#3467 = LINE('',#3468,#3469);
#3468 = CARTESIAN_POINT('',(-8.5,-100.,17.));
#3469 = VECTOR('',#3470,1.);
#3470 = DIRECTION('',(0.,1.,0.));
#3471 = PCURVE('',#2676,#3472);
#3472 = DEFINITIONAL_REPRESENTATION('',(#3473),#3477);
#3473 = LINE('',#3474,#3475);
#3474 = CARTESIAN_POINT('',(0.,-0.));
#3475 = VECTOR('',#3476,1.);
#3476 = DIRECTION('',(0.,-1.));
#3477 = ( GEOMETRIC_REPRESENTATION_CONTEXT(2) 
PARAMETRIC_REPRESENTATION_CONTEXT() REPRESENTATION_CONTEXT('2D SPACE',''
  ) );
#3478 = PCURVE('',#2644,#3479);
#3479 = DEFINITIONAL_REPRESENTATION('',(#3480),#3484);
#3480 = LINE('',#3481,#3482);
#3481 = CARTESIAN_POINT('',(1.570796326795,0.));
#3482 = VECTOR('',#3483,1.);
#3483 = DIRECTION('',(0.,-1.));
#3484 = ( GEOMETRIC_REPRESENTATION_CONTEXT(2) 
PARAMETRIC_REPRESENTATION_CONTEXT() REPRESENTATION_CONTEXT('2D SPACE',''
  ) );
#3485 = ORIENTED_EDGE('',*,*,#2661,.T.);
#3486 = ADVANCED_FACE('',(#3487),#2644,.F.);
#3487 = FACE_BOUND('',#3488,.F.);
#3488 = EDGE_LOOP('',(#3489,#3490,#3511,#3512));
#3489 = ORIENTED_EDGE('',*,*,#3142,.F.);
#3490 = ORIENTED_EDGE('',*,*,#3491,.T.);
#3491 = EDGE_CURVE('',#3143,#2602,#3492,.T.);
#3492 = SURFACE_CURVE('',#3493,(#3497,#3504),.PCURVE_S1.);
#3493 = LINE('',#3494,#3495);
#3494 = CARTESIAN_POINT('',(-7.,-100.,18.5));
#3495 = VECTOR('',#3496,1.);
#3496 = DIRECTION('',(0.,1.,0.));
#3497 = PCURVE('',#2644,#3498);
#3498 = DEFINITIONAL_REPRESENTATION('',(#3499),#3503);
#3499 = LINE('',#3500,#3501);
#3500 = CARTESIAN_POINT('',(0.,0.));
#3501 = VECTOR('',#3502,1.);
#3502 = DIRECTION('',(0.,-1.));
#3503 = ( GEOMETRIC_REPRESENTATION_CONTEXT(2) 
PARAMETRIC_REPRESENTATION_CONTEXT() REPRESENTATION_CONTEXT('2D SPACE',''
  ) );
#3504 = PCURVE('',#2616,#3505);
#3505 = DEFINITIONAL_REPRESENTATION('',(#3506),#3510);
#3506 = LINE('',#3507,#3508);
#3507 = CARTESIAN_POINT('',(14.,0.));
#3508 = VECTOR('',#3509,1.);
#3509 = DIRECTION('',(0.,-1.));
#3510 = ( GEOMETRIC_REPRESENTATION_CONTEXT(2) 
PARAMETRIC_REPRESENTATION_CONTEXT() REPRESENTATION_CONTEXT('2D SPACE',''
  ) );
#3511 = ORIENTED_EDGE('',*,*,#2627,.F.);
#3512 = ORIENTED_EDGE('',*,*,#3465,.F.);
#3513 = ADVANCED_FACE('',(#3514),#2616,.F.);
#3514 = FACE_BOUND('',#3515,.F.);
#3515 = EDGE_LOOP('',(#3516,#3517,#3518,#3519));
#3516 = ORIENTED_EDGE('',*,*,#3491,.F.);
#3517 = ORIENTED_EDGE('',*,*,#3171,.T.);
#3518 = ORIENTED_EDGE('',*,*,#3331,.T.);
#3519 = ORIENTED_EDGE('',*,*,#2601,.T.);
#3520 = ( GEOMETRIC_REPRESENTATION_CONTEXT(3) 
GLOBAL_UNCERTAINTY_ASSIGNED_CONTEXT((#3524)) 
GLOBAL_UNIT_ASSIGNED_CONTEXT((#3521,#3522,#3523)) REPRESENTATION_CONTEXT
('Context #1','3D Context with UNIT and UNCERTAINTY') );
#3521 = ( LENGTH_UNIT() NAMED_UNIT(*) SI_UNIT(.MILLI.,.METRE.) );
#3522 = ( NAMED_UNIT(*) PLANE_ANGLE_UNIT() SI_UNIT($,.RADIAN.) );
#3523 = ( NAMED_UNIT(*) SI_UNIT($,.STERADIAN.) SOLID_ANGLE_UNIT() );
#3524 = UNCERTAINTY_MEASURE_WITH_UNIT(LENGTH_MEASURE(2.E-07),#3521,
  'distance_accuracy_value','confusion accuracy');
#3525 = CONTEXT_DEPENDENT_SHAPE_REPRESENTATION(#3526,#3528);
#3526 = ( REPRESENTATION_RELATIONSHIP('','',#2177,#10) 
REPRESENTATION_RELATIONSHIP_WITH_TRANSFORMATION(#3527) 
SHAPE_REPRESENTATION_RELATIONSHIP() );
#3527 = ITEM_DEFINED_TRANSFORMATION('','',#11,#19);
#3528 = PRODUCT_DEFINITION_SHAPE('Placement','Placement of an item',
  #3529);
#3529 = NEXT_ASSEMBLY_USAGE_OCCURRENCE('15',
  '\X2\0414043504420430043B044C\X0\ 8 - \X2\043D043E04330430\X0\ \X2\043B043504320430044F\X0\','',#5,#2172,$);
#3530 = PRODUCT_RELATED_PRODUCT_CATEGORY('part',$,(#2174));
#3531 = CONTEXT_DEPENDENT_SHAPE_REPRESENTATION(#3532,#3534);
#3532 = ( REPRESENTATION_RELATIONSHIP('','',#2177,#10) 
REPRESENTATION_RELATIONSHIP_WITH_TRANSFORMATION(#3533) 
SHAPE_REPRESENTATION_RELATIONSHIP() );
#3533 = ITEM_DEFINED_TRANSFORMATION('','',#11,#23);
#3534 = PRODUCT_DEFINITION_SHAPE('Placement','Placement of an item',
  #3535);
#3535 = NEXT_ASSEMBLY_USAGE_OCCURRENCE('16',
  '\X2\0414043504420430043B044C\X0\ 8 - \X2\043D043E04330430\X0\ \X2\043F0440043004320430044F\X0\','',#5,#2172,$);
ENDSEC;
END-ISO-10303-21;
