ISO-10303-21;
HEADER;
FILE_DESCRIPTION(('Open CASCADE Model'),'2;1');
FILE_NAME('Open CASCADE Shape Model','2026-10-08T06:09:39',('Author'),(
    'Open CASCADE'),'Open CASCADE STEP processor 8.0','Open CASCADE 8.0'
  ,'Unknown');
FILE_SCHEMA(('AUTOMOTIVE_DESIGN { 1 0 10303 214 1 1 1 1 }'));
ENDSEC;
DATA;
#1 = APPLICATION_PROTOCOL_DEFINITION('international standard',
  'automotive_design',2000,#2);
#2 = APPLICATION_CONTEXT(
  'core data for automotive mechanical design processes');
#3 = SHAPE_DEFINITION_REPRESENTATION(#4,#10);
#4 = PRODUCT_DEFINITION_SHAPE('','',#5);
#5 = PRODUCT_DEFINITION('design','',#6,#9);
#6 = PRODUCT_DEFINITION_FORMATION('','',#7);
#7 = PRODUCT('\X2\04200430043C043A0430\X0\ 1600\X2\0445\X0\545 (476)','\X2\04200430043C043A0430\X0\ 1600\X2\0445\X0\545 (476)',
  '',(#8));
#8 = PRODUCT_CONTEXT('',#2,'mechanical');
#9 = PRODUCT_DEFINITION_CONTEXT('part definition',#2,'design');
#10 = SHAPE_REPRESENTATION('',(#11,#15,#19,#23,#27),#31);
#11 = AXIS2_PLACEMENT_3D('',#12,#13,#14);
#12 = CARTESIAN_POINT('',(0.,0.,0.));
#13 = DIRECTION('',(0.,0.,1.));
#14 = DIRECTION('',(1.,0.,-0.));
#15 = AXIS2_PLACEMENT_3D('',#16,#17,#18);
#16 = CARTESIAN_POINT('',(0.,10.,20.));
#17 = DIRECTION('',(0.,-1.,0.));
#18 = DIRECTION('',(0.,0.,-1.));
#19 = AXIS2_PLACEMENT_3D('',#20,#21,#22);
#20 = CARTESIAN_POINT('',(1.6E+03,10.,525.));
#21 = DIRECTION('',(0.,-1.,0.));
#22 = DIRECTION('',(0.,0.,1.));
#23 = AXIS2_PLACEMENT_3D('',#24,#25,#26);
#24 = CARTESIAN_POINT('',(20.,10.,0.));
#25 = DIRECTION('',(0.,1.,-0.));
#26 = DIRECTION('',(-1.,0.,0.));
#27 = AXIS2_PLACEMENT_3D('',#28,#29,#30);
#28 = CARTESIAN_POINT('',(1.58E+03,10.,545.));
#29 = DIRECTION('',(-0.,1.,0.));
#30 = DIRECTION('',(1.,0.,0.));
#31 = ( GEOMETRIC_REPRESENTATION_CONTEXT(3) 
GLOBAL_UNCERTAINTY_ASSIGNED_CONTEXT((#35)) GLOBAL_UNIT_ASSIGNED_CONTEXT(
(#32,#33,#34)) REPRESENTATION_CONTEXT('Context #1',
  '3D Context with UNIT and UNCERTAINTY') );
#32 = ( LENGTH_UNIT() NAMED_UNIT(*) SI_UNIT(.MILLI.,.METRE.) );
#33 = ( NAMED_UNIT(*) PLANE_ANGLE_UNIT() SI_UNIT($,.RADIAN.) );
#34 = ( NAMED_UNIT(*) SI_UNIT($,.STERADIAN.) SOLID_ANGLE_UNIT() );
#35 = UNCERTAINTY_MEASURE_WITH_UNIT(LENGTH_MEASURE(2.E-07),#32,
  'distance_accuracy_value','confusion accuracy');
#36 = PRODUCT_RELATED_PRODUCT_CATEGORY('part',$,(#7));
#37 = SHAPE_DEFINITION_REPRESENTATION(#38,#44);
#38 = PRODUCT_DEFINITION_SHAPE('','',#39);
#39 = PRODUCT_DEFINITION('design','',#40,#43);
#40 = PRODUCT_DEFINITION_FORMATION('','',#41);
#41 = PRODUCT('\X2\0414043504420430043B044C\X0\ 1 40\X2\0445\X0\20\X2\0445\X0\1,5 L=1600',
  '\X2\0414043504420430043B044C\X0\ 1 40\X2\0445\X0\20\X2\0445\X0\1,5 L=1600','',(#42));
#42 = PRODUCT_CONTEXT('',#2,'mechanical');
#43 = PRODUCT_DEFINITION_CONTEXT('part definition',#2,'design');
#44 = ADVANCED_BREP_SHAPE_REPRESENTATION('',(#11,#45),#1387);
#45 = MANIFOLD_SOLID_BREP('',#46);
#46 = CLOSED_SHELL('',(#47,#163,#253,#671,#727,#1056,#1083,#1110,#1137,
    #1164,#1171,#1218,#1245,#1272,#1299,#1326,#1353,#1380));
#47 = ADVANCED_FACE('',(#48),#62,.T.);
#48 = FACE_BOUND('',#49,.T.);
#49 = EDGE_LOOP('',(#50,#85,#111,#139));
#50 = ORIENTED_EDGE('',*,*,#51,.F.);
#51 = EDGE_CURVE('',#52,#54,#56,.T.);
#52 = VERTEX_POINT('',#53);
#53 = CARTESIAN_POINT('',(20.,0.,7.));
#54 = VERTEX_POINT('',#55);
#55 = CARTESIAN_POINT('',(20.,1.6E+03,7.));
#56 = SURFACE_CURVE('',#57,(#61,#73),.PCURVE_S1.);
#57 = LINE('',#58,#59);
#58 = CARTESIAN_POINT('',(20.,-140.,7.));
#59 = VECTOR('',#60,1.);
#60 = DIRECTION('',(0.,1.,0.));
#61 = PCURVE('',#62,#67);
#62 = PLANE('',#63);
#63 = AXIS2_PLACEMENT_3D('',#64,#65,#66);
#64 = CARTESIAN_POINT('',(20.,-140.,-7.));
#65 = DIRECTION('',(1.,0.,0.));
#66 = DIRECTION('',(0.,0.,1.));
#67 = DEFINITIONAL_REPRESENTATION('',(#68),#72);
#68 = LINE('',#69,#70);
#69 = CARTESIAN_POINT('',(14.,0.));
#70 = VECTOR('',#71,1.);
#71 = DIRECTION('',(0.,-1.));
#72 = ( GEOMETRIC_REPRESENTATION_CONTEXT(2) 
PARAMETRIC_REPRESENTATION_CONTEXT() REPRESENTATION_CONTEXT('2D SPACE',''
  ) );
#73 = PCURVE('',#74,#79);
#74 = CYLINDRICAL_SURFACE('',#75,3.);
#75 = AXIS2_PLACEMENT_3D('',#76,#77,#78);
#76 = CARTESIAN_POINT('',(17.,-140.,7.));
#77 = DIRECTION('',(0.,-1.,0.));
#78 = DIRECTION('',(1.,0.,5.921189464668E-16));
#79 = DEFINITIONAL_REPRESENTATION('',(#80),#84);
#80 = LINE('',#81,#82);
#81 = CARTESIAN_POINT('',(0.,0.));
#82 = VECTOR('',#83,1.);
#83 = DIRECTION('',(0.,-1.));
#84 = ( GEOMETRIC_REPRESENTATION_CONTEXT(2) 
PARAMETRIC_REPRESENTATION_CONTEXT() REPRESENTATION_CONTEXT('2D SPACE',''
  ) );
#85 = ORIENTED_EDGE('',*,*,#86,.T.);
#86 = EDGE_CURVE('',#52,#87,#89,.T.);
#87 = VERTEX_POINT('',#88);
#88 = CARTESIAN_POINT('',(20.,0.,-7.));
#89 = SURFACE_CURVE('',#90,(#94,#100),.PCURVE_S1.);
#90 = LINE('',#91,#92);
#91 = CARTESIAN_POINT('',(20.,1.989519660128E-13,4.9965E+03));
#92 = VECTOR('',#93,1.);
#93 = DIRECTION('',(0.,-0.,-1.));
#94 = PCURVE('',#62,#95);
#95 = DEFINITIONAL_REPRESENTATION('',(#96),#99);
#96 = B_SPLINE_CURVE_WITH_KNOTS('',1,(#97,#98),.UNSPECIFIED.,.F.,.F.,(2,
    2),(4.9895E+03,5.0035E+03),.PIECEWISE_BEZIER_KNOTS.);
#97 = CARTESIAN_POINT('',(14.,-140.));
#98 = CARTESIAN_POINT('',(0.,-140.));
#99 = ( GEOMETRIC_REPRESENTATION_CONTEXT(2) 
PARAMETRIC_REPRESENTATION_CONTEXT() REPRESENTATION_CONTEXT('2D SPACE',''
  ) );
#100 = PCURVE('',#101,#106);
#101 = PLANE('',#102);
#102 = AXIS2_PLACEMENT_3D('',#103,#104,#105);
#103 = CARTESIAN_POINT('',(-7.051067811865E+03,7.071067811865E+03,1.E+04
    ));
#104 = DIRECTION('',(-0.707106781187,-0.707106781187,0.));
#105 = DIRECTION('',(0.,0.,-1.));
#106 = DEFINITIONAL_REPRESENTATION('',(#107),#110);
#107 = B_SPLINE_CURVE_WITH_KNOTS('',1,(#108,#109),.UNSPECIFIED.,.F.,.F.,
  (2,2),(4.9895E+03,5.0035E+03),.PIECEWISE_BEZIER_KNOTS.);
#108 = CARTESIAN_POINT('',(9.993E+03,1.E+04));
#109 = CARTESIAN_POINT('',(1.0007E+04,1.E+04));
#110 = ( GEOMETRIC_REPRESENTATION_CONTEXT(2) 
PARAMETRIC_REPRESENTATION_CONTEXT() REPRESENTATION_CONTEXT('2D SPACE',''
  ) );
#111 = ORIENTED_EDGE('',*,*,#112,.T.);
#112 = EDGE_CURVE('',#87,#113,#115,.T.);
#113 = VERTEX_POINT('',#114);
#114 = CARTESIAN_POINT('',(20.,1.6E+03,-7.));
#115 = SURFACE_CURVE('',#116,(#120,#127),.PCURVE_S1.);
#116 = LINE('',#117,#118);
#117 = CARTESIAN_POINT('',(20.,-140.,-7.));
#118 = VECTOR('',#119,1.);
#119 = DIRECTION('',(0.,1.,0.));
#120 = PCURVE('',#62,#121);
#121 = DEFINITIONAL_REPRESENTATION('',(#122),#126);
#122 = LINE('',#123,#124);
#123 = CARTESIAN_POINT('',(0.,0.));
#124 = VECTOR('',#125,1.);
#125 = DIRECTION('',(0.,-1.));
#126 = ( GEOMETRIC_REPRESENTATION_CONTEXT(2) 
PARAMETRIC_REPRESENTATION_CONTEXT() REPRESENTATION_CONTEXT('2D SPACE',''
  ) );
#127 = PCURVE('',#128,#133);
#128 = CYLINDRICAL_SURFACE('',#129,3.);
#129 = AXIS2_PLACEMENT_3D('',#130,#131,#132);
#130 = CARTESIAN_POINT('',(17.,-140.,-7.));
#131 = DIRECTION('',(0.,-1.,0.));
#132 = DIRECTION('',(0.,0.,-1.));
#133 = DEFINITIONAL_REPRESENTATION('',(#134),#138);
#134 = LINE('',#135,#136);
#135 = CARTESIAN_POINT('',(1.570796326795,0.));
#136 = VECTOR('',#137,1.);
#137 = DIRECTION('',(0.,-1.));
#138 = ( GEOMETRIC_REPRESENTATION_CONTEXT(2) 
PARAMETRIC_REPRESENTATION_CONTEXT() REPRESENTATION_CONTEXT('2D SPACE',''
  ) );
#139 = ORIENTED_EDGE('',*,*,#140,.T.);
#140 = EDGE_CURVE('',#113,#54,#141,.T.);
#141 = SURFACE_CURVE('',#142,(#146,#152),.PCURVE_S1.);
#142 = LINE('',#143,#144);
#143 = CARTESIAN_POINT('',(20.,1.6E+03,-5.0035E+03));
#144 = VECTOR('',#145,1.);
#145 = DIRECTION('',(0.,-0.,1.));
#146 = PCURVE('',#62,#147);
#147 = DEFINITIONAL_REPRESENTATION('',(#148),#151);
#148 = B_SPLINE_CURVE_WITH_KNOTS('',1,(#149,#150),.UNSPECIFIED.,.F.,.F.,
  (2,2),(4.9965E+03,5.0105E+03),.PIECEWISE_BEZIER_KNOTS.);
#149 = CARTESIAN_POINT('',(0.,-1.74E+03));
#150 = CARTESIAN_POINT('',(14.,-1.74E+03));
#151 = ( GEOMETRIC_REPRESENTATION_CONTEXT(2) 
PARAMETRIC_REPRESENTATION_CONTEXT() REPRESENTATION_CONTEXT('2D SPACE',''
  ) );
#152 = PCURVE('',#153,#158);
#153 = PLANE('',#154);
#154 = AXIS2_PLACEMENT_3D('',#155,#156,#157);
#155 = CARTESIAN_POINT('',(-7.051067811865E+03,-5.471067811865E+03,
    -1.E+04));
#156 = DIRECTION('',(-0.707106781187,0.707106781187,0.));
#157 = DIRECTION('',(0.,0.,1.));
#158 = DEFINITIONAL_REPRESENTATION('',(#159),#162);
#159 = B_SPLINE_CURVE_WITH_KNOTS('',1,(#160,#161),.UNSPECIFIED.,.F.,.F.,
  (2,2),(4.9965E+03,5.0105E+03),.PIECEWISE_BEZIER_KNOTS.);
#160 = CARTESIAN_POINT('',(9.993E+03,1.E+04));
#161 = CARTESIAN_POINT('',(1.0007E+04,1.E+04));
#162 = ( GEOMETRIC_REPRESENTATION_CONTEXT(2) 
PARAMETRIC_REPRESENTATION_CONTEXT() REPRESENTATION_CONTEXT('2D SPACE',''
  ) );
#163 = ADVANCED_FACE('',(#164),#74,.T.);
#164 = FACE_BOUND('',#165,.T.);
#165 = EDGE_LOOP('',(#166,#196,#197,#227));
#166 = ORIENTED_EDGE('',*,*,#167,.F.);
#167 = EDGE_CURVE('',#52,#168,#170,.T.);
#168 = VERTEX_POINT('',#169);
#169 = CARTESIAN_POINT('',(17.,3.,10.));
#170 = SURFACE_CURVE('',#171,(#176,#189),.PCURVE_S1.);
#171 = ELLIPSE('',#172,4.242640687119,3.);
#172 = AXIS2_PLACEMENT_3D('',#173,#174,#175);
#173 = CARTESIAN_POINT('',(17.,3.,7.));
#174 = DIRECTION('',(-0.707106781187,-0.707106781187,0.));
#175 = DIRECTION('',(0.707106781187,-0.707106781187,0.));
#176 = PCURVE('',#74,#177);
#177 = DEFINITIONAL_REPRESENTATION('',(#178),#188);
#178 = B_SPLINE_CURVE_WITH_KNOTS('',8,(#179,#180,#181,#182,#183,#184,
    #185,#186,#187),.UNSPECIFIED.,.F.,.F.,(9,9),(5.921189464668E-16,
    1.570796326795),.PIECEWISE_BEZIER_KNOTS.);
#179 = CARTESIAN_POINT('',(0.,-140.));
#180 = CARTESIAN_POINT('',(0.196349540849,-140.));
#181 = CARTESIAN_POINT('',(0.392699081698,-140.1321823279));
#182 = CARTESIAN_POINT('',(0.589048622547,-140.396545861));
#183 = CARTESIAN_POINT('',(0.785398163394,-140.7822237479));
#184 = CARTESIAN_POINT('',(0.981747704247,-141.2674602161));
#185 = CARTESIAN_POINT('',(1.178097245095,-141.8219026149));
#186 = CARTESIAN_POINT('',(1.374446785946,-142.4109513774));
#187 = CARTESIAN_POINT('',(1.570796326795,-143.));
#188 = ( GEOMETRIC_REPRESENTATION_CONTEXT(2) 
PARAMETRIC_REPRESENTATION_CONTEXT() REPRESENTATION_CONTEXT('2D SPACE',''
  ) );
#189 = PCURVE('',#101,#190);
#190 = DEFINITIONAL_REPRESENTATION('',(#191),#195);
#191 = ELLIPSE('',#192,4.242640687119,3.);
#192 = AXIS2_PLACEMENT_2D('',#193,#194);
#193 = CARTESIAN_POINT('',(9.993E+03,9.995757359313E+03));
#194 = DIRECTION('',(0.,1.));
#195 = ( GEOMETRIC_REPRESENTATION_CONTEXT(2) 
PARAMETRIC_REPRESENTATION_CONTEXT() REPRESENTATION_CONTEXT('2D SPACE',''
  ) );
#196 = ORIENTED_EDGE('',*,*,#51,.T.);
#197 = ORIENTED_EDGE('',*,*,#198,.F.);
#198 = EDGE_CURVE('',#199,#54,#201,.T.);
#199 = VERTEX_POINT('',#200);
#200 = CARTESIAN_POINT('',(17.,1.597E+03,10.));
#201 = SURFACE_CURVE('',#202,(#207,#220),.PCURVE_S1.);
#202 = ELLIPSE('',#203,4.242640687119,3.);
#203 = AXIS2_PLACEMENT_3D('',#204,#205,#206);
#204 = CARTESIAN_POINT('',(17.,1.597E+03,7.));
#205 = DIRECTION('',(-0.707106781187,0.707106781187,0.));
#206 = DIRECTION('',(-0.707106781187,-0.707106781187,0.));
#207 = PCURVE('',#74,#208);
#208 = DEFINITIONAL_REPRESENTATION('',(#209),#219);
#209 = B_SPLINE_CURVE_WITH_KNOTS('',8,(#210,#211,#212,#213,#214,#215,
    #216,#217,#218),.UNSPECIFIED.,.F.,.F.,(9,9),(1.570796326795,
    3.14159265359),.PIECEWISE_BEZIER_KNOTS.);
#210 = CARTESIAN_POINT('',(1.570796326795,-1.737E+03));
#211 = CARTESIAN_POINT('',(1.374446785946,-1.737589048623E+03));
#212 = CARTESIAN_POINT('',(1.178097245097,-1.738178097384E+03));
#213 = CARTESIAN_POINT('',(0.981747704241,-1.73873253978E+03));
#214 = CARTESIAN_POINT('',(0.785398163401,-1.739217776245E+03));
#215 = CARTESIAN_POINT('',(0.589048622543,-1.739603454136E+03));
#216 = CARTESIAN_POINT('',(0.3926990817,-1.739867817673E+03));
#217 = CARTESIAN_POINT('',(0.196349540849,-1.74E+03));
#218 = CARTESIAN_POINT('',(0.,-1.74E+03));
#219 = ( GEOMETRIC_REPRESENTATION_CONTEXT(2) 
PARAMETRIC_REPRESENTATION_CONTEXT() REPRESENTATION_CONTEXT('2D SPACE',''
  ) );
#220 = PCURVE('',#153,#221);
#221 = DEFINITIONAL_REPRESENTATION('',(#222),#226);
#222 = ELLIPSE('',#223,4.242640687119,3.);
#223 = AXIS2_PLACEMENT_2D('',#224,#225);
#224 = CARTESIAN_POINT('',(1.0007E+04,9.995757359313E+03));
#225 = DIRECTION('',(0.,-1.));
#226 = ( GEOMETRIC_REPRESENTATION_CONTEXT(2) 
PARAMETRIC_REPRESENTATION_CONTEXT() REPRESENTATION_CONTEXT('2D SPACE',''
  ) );
#227 = ORIENTED_EDGE('',*,*,#228,.F.);
#228 = EDGE_CURVE('',#168,#199,#229,.T.);
#229 = SURFACE_CURVE('',#230,(#234,#241),.PCURVE_S1.);
#230 = LINE('',#231,#232);
#231 = CARTESIAN_POINT('',(17.,-140.,10.));
#232 = VECTOR('',#233,1.);
#233 = DIRECTION('',(0.,1.,0.));
#234 = PCURVE('',#74,#235);
#235 = DEFINITIONAL_REPRESENTATION('',(#236),#240);
#236 = LINE('',#237,#238);
#237 = CARTESIAN_POINT('',(1.570796326795,0.));
#238 = VECTOR('',#239,1.);
#239 = DIRECTION('',(0.,-1.));
#240 = ( GEOMETRIC_REPRESENTATION_CONTEXT(2) 
PARAMETRIC_REPRESENTATION_CONTEXT() REPRESENTATION_CONTEXT('2D SPACE',''
  ) );
#241 = PCURVE('',#242,#247);
#242 = PLANE('',#243);
#243 = AXIS2_PLACEMENT_3D('',#244,#245,#246);
#244 = CARTESIAN_POINT('',(17.,-140.,10.));
#245 = DIRECTION('',(0.,-0.,1.));
#246 = DIRECTION('',(-1.,0.,0.));
#247 = DEFINITIONAL_REPRESENTATION('',(#248),#252);
#248 = LINE('',#249,#250);
#249 = CARTESIAN_POINT('',(0.,0.));
#250 = VECTOR('',#251,1.);
#251 = DIRECTION('',(0.,-1.));
#252 = ( GEOMETRIC_REPRESENTATION_CONTEXT(2) 
PARAMETRIC_REPRESENTATION_CONTEXT() REPRESENTATION_CONTEXT('2D SPACE',''
  ) );
#253 = ADVANCED_FACE('',(#254,#429),#153,.T.);
#254 = FACE_BOUND('',#255,.T.);
#255 = EDGE_LOOP('',(#256,#257,#287,#313,#348,#374,#409,#428));
#256 = ORIENTED_EDGE('',*,*,#140,.F.);
#257 = ORIENTED_EDGE('',*,*,#258,.T.);
#258 = EDGE_CURVE('',#113,#259,#261,.T.);
#259 = VERTEX_POINT('',#260);
#260 = CARTESIAN_POINT('',(17.,1.597E+03,-10.));
#261 = SURFACE_CURVE('',#262,(#267,#274),.PCURVE_S1.);
#262 = ELLIPSE('',#263,4.242640687119,3.);
#263 = AXIS2_PLACEMENT_3D('',#264,#265,#266);
#264 = CARTESIAN_POINT('',(17.,1.597E+03,-7.));
#265 = DIRECTION('',(-0.707106781187,0.707106781187,0.));
#266 = DIRECTION('',(-0.707106781187,-0.707106781187,0.));
#267 = PCURVE('',#153,#268);
#268 = DEFINITIONAL_REPRESENTATION('',(#269),#273);
#269 = ELLIPSE('',#270,4.242640687119,3.);
#270 = AXIS2_PLACEMENT_2D('',#271,#272);
#271 = CARTESIAN_POINT('',(9.993E+03,9.995757359313E+03));
#272 = DIRECTION('',(0.,-1.));
#273 = ( GEOMETRIC_REPRESENTATION_CONTEXT(2) 
PARAMETRIC_REPRESENTATION_CONTEXT() REPRESENTATION_CONTEXT('2D SPACE',''
  ) );
#274 = PCURVE('',#128,#275);
#275 = DEFINITIONAL_REPRESENTATION('',(#276),#286);
#276 = B_SPLINE_CURVE_WITH_KNOTS('',8,(#277,#278,#279,#280,#281,#282,
    #283,#284,#285),.UNSPECIFIED.,.F.,.F.,(9,9),(3.14159265359,
    4.712388980385),.PIECEWISE_BEZIER_KNOTS.);
#277 = CARTESIAN_POINT('',(1.570796326795,-1.74E+03));
#278 = CARTESIAN_POINT('',(1.374446785946,-1.74E+03));
#279 = CARTESIAN_POINT('',(1.178097245096,-1.73986781767E+03));
#280 = CARTESIAN_POINT('',(0.981747704249,-1.739603454149E+03));
#281 = CARTESIAN_POINT('',(0.785398163394,-1.739217776243E+03));
#282 = CARTESIAN_POINT('',(0.589048622548,-1.738732539798E+03));
#283 = CARTESIAN_POINT('',(0.392699081698,-1.738178097383E+03));
#284 = CARTESIAN_POINT('',(0.196349540849,-1.737589048623E+03));
#285 = CARTESIAN_POINT('',(0.,-1.737E+03));
#286 = ( GEOMETRIC_REPRESENTATION_CONTEXT(2) 
PARAMETRIC_REPRESENTATION_CONTEXT() REPRESENTATION_CONTEXT('2D SPACE',''
  ) );
#287 = ORIENTED_EDGE('',*,*,#288,.F.);
#288 = EDGE_CURVE('',#289,#259,#291,.T.);
#289 = VERTEX_POINT('',#290);
#290 = CARTESIAN_POINT('',(-17.,1.563E+03,-10.));
#291 = SURFACE_CURVE('',#292,(#296,#302),.PCURVE_S1.);
#292 = LINE('',#293,#294);
#293 = CARTESIAN_POINT('',(-3.959783905933E+03,-2.379783905933E+03,-10.)
  );
#294 = VECTOR('',#295,1.);
#295 = DIRECTION('',(0.707106781187,0.707106781187,0.));
#296 = PCURVE('',#153,#297);
#297 = DEFINITIONAL_REPRESENTATION('',(#298),#301);
#298 = B_SPLINE_CURVE_WITH_KNOTS('',1,(#299,#300),.UNSPECIFIED.,.F.,.F.,
  (2,2),(5.575938473276E+03,5.624021734397E+03),
  .PIECEWISE_BEZIER_KNOTS.);
#299 = CARTESIAN_POINT('',(9.99E+03,9.947674098192E+03));
#300 = CARTESIAN_POINT('',(9.99E+03,9.995757359313E+03));
#301 = ( GEOMETRIC_REPRESENTATION_CONTEXT(2) 
PARAMETRIC_REPRESENTATION_CONTEXT() REPRESENTATION_CONTEXT('2D SPACE',''
  ) );
#302 = PCURVE('',#303,#308);
#303 = PLANE('',#304);
#304 = AXIS2_PLACEMENT_3D('',#305,#306,#307);
#305 = CARTESIAN_POINT('',(-17.,-140.,-10.));
#306 = DIRECTION('',(0.,0.,-1.));
#307 = DIRECTION('',(1.,0.,0.));
#308 = DEFINITIONAL_REPRESENTATION('',(#309),#312);
#309 = B_SPLINE_CURVE_WITH_KNOTS('',1,(#310,#311),.UNSPECIFIED.,.F.,.F.,
  (2,2),(5.575938473276E+03,5.624021734397E+03),
  .PIECEWISE_BEZIER_KNOTS.);
#310 = CARTESIAN_POINT('',(0.,-1.703E+03));
#311 = CARTESIAN_POINT('',(34.,-1.737E+03));
#312 = ( GEOMETRIC_REPRESENTATION_CONTEXT(2) 
PARAMETRIC_REPRESENTATION_CONTEXT() REPRESENTATION_CONTEXT('2D SPACE',''
  ) );
#313 = ORIENTED_EDGE('',*,*,#314,.T.);
#314 = EDGE_CURVE('',#289,#315,#317,.T.);
#315 = VERTEX_POINT('',#316);
#316 = CARTESIAN_POINT('',(-20.,1.56E+03,-7.));
#317 = SURFACE_CURVE('',#318,(#323,#330),.PCURVE_S1.);
#318 = ELLIPSE('',#319,4.242640687119,3.);
#319 = AXIS2_PLACEMENT_3D('',#320,#321,#322);
#320 = CARTESIAN_POINT('',(-17.,1.563E+03,-7.));
#321 = DIRECTION('',(-0.707106781187,0.707106781187,0.));
#322 = DIRECTION('',(-0.707106781187,-0.707106781187,0.));
#323 = PCURVE('',#153,#324);
#324 = DEFINITIONAL_REPRESENTATION('',(#325),#329);
#325 = ELLIPSE('',#326,4.242640687119,3.);
#326 = AXIS2_PLACEMENT_2D('',#327,#328);
#327 = CARTESIAN_POINT('',(9.993E+03,9.947674098192E+03));
#328 = DIRECTION('',(0.,-1.));
#329 = ( GEOMETRIC_REPRESENTATION_CONTEXT(2) 
PARAMETRIC_REPRESENTATION_CONTEXT() REPRESENTATION_CONTEXT('2D SPACE',''
  ) );
#330 = PCURVE('',#331,#336);
#331 = CYLINDRICAL_SURFACE('',#332,3.);
#332 = AXIS2_PLACEMENT_3D('',#333,#334,#335);
#333 = CARTESIAN_POINT('',(-17.,-140.,-7.));
#334 = DIRECTION('',(0.,-1.,0.));
#335 = DIRECTION('',(-1.,-0.,-5.921189464668E-16));
#336 = DEFINITIONAL_REPRESENTATION('',(#337),#347);
#337 = B_SPLINE_CURVE_WITH_KNOTS('',8,(#338,#339,#340,#341,#342,#343,
    #344,#345,#346),.UNSPECIFIED.,.F.,.F.,(9,9),(4.712388980385,
    6.28318530718),.PIECEWISE_BEZIER_KNOTS.);
#338 = CARTESIAN_POINT('',(1.570796326795,-1.703E+03));
#339 = CARTESIAN_POINT('',(1.374446785946,-1.702410951377E+03));
#340 = CARTESIAN_POINT('',(1.178097245096,-1.701821902615E+03));
#341 = CARTESIAN_POINT('',(0.981747704246,-1.701267460214E+03));
#342 = CARTESIAN_POINT('',(0.785398163396,-1.700782223746E+03));
#343 = CARTESIAN_POINT('',(0.589048622549,-1.700396545856E+03));
#344 = CARTESIAN_POINT('',(0.392699081698,-1.700132182327E+03));
#345 = CARTESIAN_POINT('',(0.196349540849,-1.7E+03));
#346 = CARTESIAN_POINT('',(5.921189464668E-16,-1.7E+03));
#347 = ( GEOMETRIC_REPRESENTATION_CONTEXT(2) 
PARAMETRIC_REPRESENTATION_CONTEXT() REPRESENTATION_CONTEXT('2D SPACE',''
  ) );
#348 = ORIENTED_EDGE('',*,*,#349,.F.);
#349 = EDGE_CURVE('',#350,#315,#352,.T.);
#350 = VERTEX_POINT('',#351);
#351 = CARTESIAN_POINT('',(-20.,1.56E+03,7.));
#352 = SURFACE_CURVE('',#353,(#357,#363),.PCURVE_S1.);
#353 = LINE('',#354,#355);
#354 = CARTESIAN_POINT('',(-20.,1.56E+03,-4.9965E+03));
#355 = VECTOR('',#356,1.);
#356 = DIRECTION('',(0.,0.,-1.));
#357 = PCURVE('',#153,#358);
#358 = DEFINITIONAL_REPRESENTATION('',(#359),#362);
#359 = B_SPLINE_CURVE_WITH_KNOTS('',1,(#360,#361),.UNSPECIFIED.,.F.,.F.,
  (2,2),(-5.0035E+03,-4.9895E+03),.PIECEWISE_BEZIER_KNOTS.);
#360 = CARTESIAN_POINT('',(1.0007E+04,9.943431457505E+03));
#361 = CARTESIAN_POINT('',(9.993E+03,9.943431457505E+03));
#362 = ( GEOMETRIC_REPRESENTATION_CONTEXT(2) 
PARAMETRIC_REPRESENTATION_CONTEXT() REPRESENTATION_CONTEXT('2D SPACE',''
  ) );
#363 = PCURVE('',#364,#369);
#364 = PLANE('',#365);
#365 = AXIS2_PLACEMENT_3D('',#366,#367,#368);
#366 = CARTESIAN_POINT('',(-20.,-140.,7.));
#367 = DIRECTION('',(-1.,0.,0.));
#368 = DIRECTION('',(0.,0.,-1.));
#369 = DEFINITIONAL_REPRESENTATION('',(#370),#373);
#370 = B_SPLINE_CURVE_WITH_KNOTS('',1,(#371,#372),.UNSPECIFIED.,.F.,.F.,
  (2,2),(-5.0035E+03,-4.9895E+03),.PIECEWISE_BEZIER_KNOTS.);
#371 = CARTESIAN_POINT('',(0.,-1.7E+03));
#372 = CARTESIAN_POINT('',(14.,-1.7E+03));
#373 = ( GEOMETRIC_REPRESENTATION_CONTEXT(2) 
PARAMETRIC_REPRESENTATION_CONTEXT() REPRESENTATION_CONTEXT('2D SPACE',''
  ) );
#374 = ORIENTED_EDGE('',*,*,#375,.T.);
#375 = EDGE_CURVE('',#350,#376,#378,.T.);
#376 = VERTEX_POINT('',#377);
#377 = CARTESIAN_POINT('',(-17.,1.563E+03,10.));
#378 = SURFACE_CURVE('',#379,(#384,#391),.PCURVE_S1.);
#379 = ELLIPSE('',#380,4.242640687119,3.);
#380 = AXIS2_PLACEMENT_3D('',#381,#382,#383);
#381 = CARTESIAN_POINT('',(-17.,1.563E+03,7.));
#382 = DIRECTION('',(-0.707106781187,0.707106781187,0.));
#383 = DIRECTION('',(-0.707106781187,-0.707106781187,0.));
#384 = PCURVE('',#153,#385);
#385 = DEFINITIONAL_REPRESENTATION('',(#386),#390);
#386 = ELLIPSE('',#387,4.242640687119,3.);
#387 = AXIS2_PLACEMENT_2D('',#388,#389);
#388 = CARTESIAN_POINT('',(1.0007E+04,9.947674098192E+03));
#389 = DIRECTION('',(0.,-1.));
#390 = ( GEOMETRIC_REPRESENTATION_CONTEXT(2) 
PARAMETRIC_REPRESENTATION_CONTEXT() REPRESENTATION_CONTEXT('2D SPACE',''
  ) );
#391 = PCURVE('',#392,#397);
#392 = CYLINDRICAL_SURFACE('',#393,3.);
#393 = AXIS2_PLACEMENT_3D('',#394,#395,#396);
#394 = CARTESIAN_POINT('',(-17.,-140.,7.));
#395 = DIRECTION('',(0.,-1.,0.));
#396 = DIRECTION('',(0.,0.,1.));
#397 = DEFINITIONAL_REPRESENTATION('',(#398),#408);
#398 = B_SPLINE_CURVE_WITH_KNOTS('',8,(#399,#400,#401,#402,#403,#404,
    #405,#406,#407),.UNSPECIFIED.,.F.,.F.,(9,9),(5.921189464668E-16,
    1.570796326795),.PIECEWISE_BEZIER_KNOTS.);
#399 = CARTESIAN_POINT('',(1.570796326795,-1.7E+03));
#400 = CARTESIAN_POINT('',(1.374446785946,-1.7E+03));
#401 = CARTESIAN_POINT('',(1.178097245096,-1.700132182328E+03));
#402 = CARTESIAN_POINT('',(0.981747704245,-1.700396545855E+03));
#403 = CARTESIAN_POINT('',(0.785398163397,-1.700782223754E+03));
#404 = CARTESIAN_POINT('',(0.589048622545,-1.701267460213E+03));
#405 = CARTESIAN_POINT('',(0.392699081698,-1.701821902616E+03));
#406 = CARTESIAN_POINT('',(0.196349540849,-1.702410951377E+03));
#407 = CARTESIAN_POINT('',(0.,-1.703E+03));
#408 = ( GEOMETRIC_REPRESENTATION_CONTEXT(2) 
PARAMETRIC_REPRESENTATION_CONTEXT() REPRESENTATION_CONTEXT('2D SPACE',''
  ) );
#409 = ORIENTED_EDGE('',*,*,#410,.F.);
#410 = EDGE_CURVE('',#199,#376,#411,.T.);
#411 = SURFACE_CURVE('',#412,(#416,#422),.PCURVE_S1.);
#412 = LINE('',#413,#414);
#413 = CARTESIAN_POINT('',(-3.951283905933E+03,-2.371283905933E+03,10.)
  );
#414 = VECTOR('',#415,1.);
#415 = DIRECTION('',(-0.707106781187,-0.707106781187,0.));
#416 = PCURVE('',#153,#417);
#417 = DEFINITIONAL_REPRESENTATION('',(#418),#421);
#418 = B_SPLINE_CURVE_WITH_KNOTS('',1,(#419,#420),.UNSPECIFIED.,.F.,.F.,
  (2,2),(-5.612000919117E+03,-5.563917657996E+03),
  .PIECEWISE_BEZIER_KNOTS.);
#419 = CARTESIAN_POINT('',(1.001E+04,9.995757359313E+03));
#420 = CARTESIAN_POINT('',(1.001E+04,9.947674098192E+03));
#421 = ( GEOMETRIC_REPRESENTATION_CONTEXT(2) 
PARAMETRIC_REPRESENTATION_CONTEXT() REPRESENTATION_CONTEXT('2D SPACE',''
  ) );
#422 = PCURVE('',#242,#423);
#423 = DEFINITIONAL_REPRESENTATION('',(#424),#427);
#424 = B_SPLINE_CURVE_WITH_KNOTS('',1,(#425,#426),.UNSPECIFIED.,.F.,.F.,
  (2,2),(-5.612000919117E+03,-5.563917657996E+03),
  .PIECEWISE_BEZIER_KNOTS.);
#425 = CARTESIAN_POINT('',(-4.547473508865E-13,-1.737E+03));
#426 = CARTESIAN_POINT('',(34.,-1.703E+03));
#427 = ( GEOMETRIC_REPRESENTATION_CONTEXT(2) 
PARAMETRIC_REPRESENTATION_CONTEXT() REPRESENTATION_CONTEXT('2D SPACE',''
  ) );
#428 = ORIENTED_EDGE('',*,*,#198,.T.);
#429 = FACE_BOUND('',#430,.T.);
#430 = EDGE_LOOP('',(#431,#467,#493,#527,#553,#587,#613,#647));
#431 = ORIENTED_EDGE('',*,*,#432,.F.);
#432 = EDGE_CURVE('',#433,#435,#437,.T.);
#433 = VERTEX_POINT('',#434);
#434 = CARTESIAN_POINT('',(17.,1.597E+03,8.5));
#435 = VERTEX_POINT('',#436);
#436 = CARTESIAN_POINT('',(18.5,1.5985E+03,7.));
#437 = SURFACE_CURVE('',#438,(#443,#450),.PCURVE_S1.);
#438 = ELLIPSE('',#439,2.12132034356,1.5);
#439 = AXIS2_PLACEMENT_3D('',#440,#441,#442);
#440 = CARTESIAN_POINT('',(17.,1.597E+03,7.));
#441 = DIRECTION('',(-0.707106781187,0.707106781187,0.));
#442 = DIRECTION('',(-0.707106781187,-0.707106781187,0.));
#443 = PCURVE('',#153,#444);
#444 = DEFINITIONAL_REPRESENTATION('',(#445),#449);
#445 = ELLIPSE('',#446,2.12132034356,1.5);
#446 = AXIS2_PLACEMENT_2D('',#447,#448);
#447 = CARTESIAN_POINT('',(1.0007E+04,9.995757359313E+03));
#448 = DIRECTION('',(0.,-1.));
#449 = ( GEOMETRIC_REPRESENTATION_CONTEXT(2) 
PARAMETRIC_REPRESENTATION_CONTEXT() REPRESENTATION_CONTEXT('2D SPACE',''
  ) );
#450 = PCURVE('',#451,#456);
#451 = CYLINDRICAL_SURFACE('',#452,1.5);
#452 = AXIS2_PLACEMENT_3D('',#453,#454,#455);
#453 = CARTESIAN_POINT('',(17.,-140.,7.));
#454 = DIRECTION('',(0.,-1.,0.));
#455 = DIRECTION('',(1.,0.,-1.184237892934E-15));
#456 = DEFINITIONAL_REPRESENTATION('',(#457),#466);
#457 = B_SPLINE_CURVE_WITH_KNOTS('',7,(#458,#459,#460,#461,#462,#463,
    #464,#465),.UNSPECIFIED.,.F.,.F.,(8,8),(1.570796326795,3.14159265359
    ),.PIECEWISE_BEZIER_KNOTS.);
#458 = CARTESIAN_POINT('',(1.570796326795,-1.737E+03));
#459 = CARTESIAN_POINT('',(1.346396851538,-1.737336599213E+03));
#460 = CARTESIAN_POINT('',(1.121997376282,-1.737673197059E+03));
#461 = CARTESIAN_POINT('',(0.897597901025,-1.737982120239E+03));
#462 = CARTESIAN_POINT('',(0.67319842577,-1.738235643758E+03));
#463 = CARTESIAN_POINT('',(0.448798950513,-1.738411876991E+03));
#464 = CARTESIAN_POINT('',(0.224399475256,-1.7385E+03));
#465 = CARTESIAN_POINT('',(0.,-1.7385E+03));
#466 = ( GEOMETRIC_REPRESENTATION_CONTEXT(2) 
PARAMETRIC_REPRESENTATION_CONTEXT() REPRESENTATION_CONTEXT('2D SPACE',''
  ) );
#467 = ORIENTED_EDGE('',*,*,#468,.T.);
#468 = EDGE_CURVE('',#433,#469,#471,.T.);
#469 = VERTEX_POINT('',#470);
#470 = CARTESIAN_POINT('',(-17.,1.563E+03,8.5));
#471 = SURFACE_CURVE('',#472,(#476,#482),.PCURVE_S1.);
#472 = LINE('',#473,#474);
#473 = CARTESIAN_POINT('',(-3.951283905933E+03,-2.371283905933E+03,8.5)
  );
#474 = VECTOR('',#475,1.);
#475 = DIRECTION('',(-0.707106781187,-0.707106781187,0.));
#476 = PCURVE('',#153,#477);
#477 = DEFINITIONAL_REPRESENTATION('',(#478),#481);
#478 = B_SPLINE_CURVE_WITH_KNOTS('',1,(#479,#480),.UNSPECIFIED.,.F.,.F.,
  (2,2),(-5.612000919117E+03,-5.563917657996E+03),
  .PIECEWISE_BEZIER_KNOTS.);
#479 = CARTESIAN_POINT('',(1.00085E+04,9.995757359313E+03));
#480 = CARTESIAN_POINT('',(1.00085E+04,9.947674098192E+03));
#481 = ( GEOMETRIC_REPRESENTATION_CONTEXT(2) 
PARAMETRIC_REPRESENTATION_CONTEXT() REPRESENTATION_CONTEXT('2D SPACE',''
  ) );
#482 = PCURVE('',#483,#488);
#483 = PLANE('',#484);
#484 = AXIS2_PLACEMENT_3D('',#485,#486,#487);
#485 = CARTESIAN_POINT('',(17.,-140.,8.5));
#486 = DIRECTION('',(0.,-0.,1.));
#487 = DIRECTION('',(-1.,0.,0.));
#488 = DEFINITIONAL_REPRESENTATION('',(#489),#492);
#489 = B_SPLINE_CURVE_WITH_KNOTS('',1,(#490,#491),.UNSPECIFIED.,.F.,.F.,
  (2,2),(-5.612000919117E+03,-5.563917657996E+03),
  .PIECEWISE_BEZIER_KNOTS.);
#490 = CARTESIAN_POINT('',(-4.547473508865E-13,-1.737E+03));
#491 = CARTESIAN_POINT('',(34.,-1.703E+03));
#492 = ( GEOMETRIC_REPRESENTATION_CONTEXT(2) 
PARAMETRIC_REPRESENTATION_CONTEXT() REPRESENTATION_CONTEXT('2D SPACE',''
  ) );
#493 = ORIENTED_EDGE('',*,*,#494,.F.);
#494 = EDGE_CURVE('',#495,#469,#497,.T.);
#495 = VERTEX_POINT('',#496);
#496 = CARTESIAN_POINT('',(-18.5,1.5615E+03,7.));
#497 = SURFACE_CURVE('',#498,(#503,#510),.PCURVE_S1.);
#498 = ELLIPSE('',#499,2.12132034356,1.5);
#499 = AXIS2_PLACEMENT_3D('',#500,#501,#502);
#500 = CARTESIAN_POINT('',(-17.,1.563E+03,7.));
#501 = DIRECTION('',(-0.707106781187,0.707106781187,0.));
#502 = DIRECTION('',(-0.707106781187,-0.707106781187,0.));
#503 = PCURVE('',#153,#504);
#504 = DEFINITIONAL_REPRESENTATION('',(#505),#509);
#505 = ELLIPSE('',#506,2.12132034356,1.5);
#506 = AXIS2_PLACEMENT_2D('',#507,#508);
#507 = CARTESIAN_POINT('',(1.0007E+04,9.947674098192E+03));
#508 = DIRECTION('',(0.,-1.));
#509 = ( GEOMETRIC_REPRESENTATION_CONTEXT(2) 
PARAMETRIC_REPRESENTATION_CONTEXT() REPRESENTATION_CONTEXT('2D SPACE',''
  ) );
#510 = PCURVE('',#511,#516);
#511 = CYLINDRICAL_SURFACE('',#512,1.5);
#512 = AXIS2_PLACEMENT_3D('',#513,#514,#515);
#513 = CARTESIAN_POINT('',(-17.,-140.,7.));
#514 = DIRECTION('',(0.,-1.,0.));
#515 = DIRECTION('',(0.,0.,1.));
#516 = DEFINITIONAL_REPRESENTATION('',(#517),#526);
#517 = B_SPLINE_CURVE_WITH_KNOTS('',7,(#518,#519,#520,#521,#522,#523,
    #524,#525),.UNSPECIFIED.,.F.,.F.,(8,8),(-8.881784197001E-16,
    1.570796326795),.PIECEWISE_BEZIER_KNOTS.);
#518 = CARTESIAN_POINT('',(1.570796326795,-1.7015E+03));
#519 = CARTESIAN_POINT('',(1.346396851538,-1.7015E+03));
#520 = CARTESIAN_POINT('',(1.121997376282,-1.701588123009E+03));
#521 = CARTESIAN_POINT('',(0.897597901026,-1.701764356242E+03));
#522 = CARTESIAN_POINT('',(0.673198425769,-1.702017879762E+03));
#523 = CARTESIAN_POINT('',(0.448798950513,-1.702326802941E+03));
#524 = CARTESIAN_POINT('',(0.224399475256,-1.702663400787E+03));
#525 = CARTESIAN_POINT('',(0.,-1.703E+03));
#526 = ( GEOMETRIC_REPRESENTATION_CONTEXT(2) 
PARAMETRIC_REPRESENTATION_CONTEXT() REPRESENTATION_CONTEXT('2D SPACE',''
  ) );
#527 = ORIENTED_EDGE('',*,*,#528,.T.);
#528 = EDGE_CURVE('',#495,#529,#531,.T.);
#529 = VERTEX_POINT('',#530);
#530 = CARTESIAN_POINT('',(-18.5,1.5615E+03,-7.));
#531 = SURFACE_CURVE('',#532,(#536,#542),.PCURVE_S1.);
#532 = LINE('',#533,#534);
#533 = CARTESIAN_POINT('',(-18.5,1.5615E+03,-4.9965E+03));
#534 = VECTOR('',#535,1.);
#535 = DIRECTION('',(0.,0.,-1.));
#536 = PCURVE('',#153,#537);
#537 = DEFINITIONAL_REPRESENTATION('',(#538),#541);
#538 = B_SPLINE_CURVE_WITH_KNOTS('',1,(#539,#540),.UNSPECIFIED.,.F.,.F.,
  (2,2),(-5.0035E+03,-4.9895E+03),.PIECEWISE_BEZIER_KNOTS.);
#539 = CARTESIAN_POINT('',(1.0007E+04,9.945552777849E+03));
#540 = CARTESIAN_POINT('',(9.993E+03,9.945552777849E+03));
#541 = ( GEOMETRIC_REPRESENTATION_CONTEXT(2) 
PARAMETRIC_REPRESENTATION_CONTEXT() REPRESENTATION_CONTEXT('2D SPACE',''
  ) );
#542 = PCURVE('',#543,#548);
#543 = PLANE('',#544);
#544 = AXIS2_PLACEMENT_3D('',#545,#546,#547);
#545 = CARTESIAN_POINT('',(-18.5,-140.,7.));
#546 = DIRECTION('',(-1.,0.,0.));
#547 = DIRECTION('',(0.,0.,-1.));
#548 = DEFINITIONAL_REPRESENTATION('',(#549),#552);
#549 = B_SPLINE_CURVE_WITH_KNOTS('',1,(#550,#551),.UNSPECIFIED.,.F.,.F.,
  (2,2),(-5.0035E+03,-4.9895E+03),.PIECEWISE_BEZIER_KNOTS.);
#550 = CARTESIAN_POINT('',(0.,-1.7015E+03));
#551 = CARTESIAN_POINT('',(14.,-1.7015E+03));
#552 = ( GEOMETRIC_REPRESENTATION_CONTEXT(2) 
PARAMETRIC_REPRESENTATION_CONTEXT() REPRESENTATION_CONTEXT('2D SPACE',''
  ) );
#553 = ORIENTED_EDGE('',*,*,#554,.F.);
#554 = EDGE_CURVE('',#555,#529,#557,.T.);
#555 = VERTEX_POINT('',#556);
#556 = CARTESIAN_POINT('',(-17.,1.563E+03,-8.5));
#557 = SURFACE_CURVE('',#558,(#563,#570),.PCURVE_S1.);
#558 = ELLIPSE('',#559,2.12132034356,1.5);
#559 = AXIS2_PLACEMENT_3D('',#560,#561,#562);
#560 = CARTESIAN_POINT('',(-17.,1.563E+03,-7.));
#561 = DIRECTION('',(-0.707106781187,0.707106781187,0.));
#562 = DIRECTION('',(-0.707106781187,-0.707106781187,0.));
#563 = PCURVE('',#153,#564);
#564 = DEFINITIONAL_REPRESENTATION('',(#565),#569);
#565 = ELLIPSE('',#566,2.12132034356,1.5);
#566 = AXIS2_PLACEMENT_2D('',#567,#568);
#567 = CARTESIAN_POINT('',(9.993E+03,9.947674098192E+03));
#568 = DIRECTION('',(0.,-1.));
#569 = ( GEOMETRIC_REPRESENTATION_CONTEXT(2) 
PARAMETRIC_REPRESENTATION_CONTEXT() REPRESENTATION_CONTEXT('2D SPACE',''
  ) );
#570 = PCURVE('',#571,#576);
#571 = CYLINDRICAL_SURFACE('',#572,1.5);
#572 = AXIS2_PLACEMENT_3D('',#573,#574,#575);
#573 = CARTESIAN_POINT('',(-17.,-140.,-7.));
#574 = DIRECTION('',(0.,-1.,0.));
#575 = DIRECTION('',(-1.,0.,1.184237892934E-15));
#576 = DEFINITIONAL_REPRESENTATION('',(#577),#586);
#577 = B_SPLINE_CURVE_WITH_KNOTS('',7,(#578,#579,#580,#581,#582,#583,
    #584,#585),.UNSPECIFIED.,.F.,.F.,(8,8),(4.712388980385,6.28318530718
    ),.PIECEWISE_BEZIER_KNOTS.);
#578 = CARTESIAN_POINT('',(1.570796326795,-1.703E+03));
#579 = CARTESIAN_POINT('',(1.346396851538,-1.702663400787E+03));
#580 = CARTESIAN_POINT('',(1.121997376282,-1.702326802941E+03));
#581 = CARTESIAN_POINT('',(0.897597901026,-1.702017879762E+03));
#582 = CARTESIAN_POINT('',(0.67319842577,-1.701764356242E+03));
#583 = CARTESIAN_POINT('',(0.448798950513,-1.701588123009E+03));
#584 = CARTESIAN_POINT('',(0.224399475256,-1.7015E+03));
#585 = CARTESIAN_POINT('',(5.921189464668E-16,-1.7015E+03));
#586 = ( GEOMETRIC_REPRESENTATION_CONTEXT(2) 
PARAMETRIC_REPRESENTATION_CONTEXT() REPRESENTATION_CONTEXT('2D SPACE',''
  ) );
#587 = ORIENTED_EDGE('',*,*,#588,.T.);
#588 = EDGE_CURVE('',#555,#589,#591,.T.);
#589 = VERTEX_POINT('',#590);
#590 = CARTESIAN_POINT('',(17.,1.597E+03,-8.5));
#591 = SURFACE_CURVE('',#592,(#596,#602),.PCURVE_S1.);
#592 = LINE('',#593,#594);
#593 = CARTESIAN_POINT('',(-3.959783905933E+03,-2.379783905933E+03,-8.5)
  );
#594 = VECTOR('',#595,1.);
#595 = DIRECTION('',(0.707106781187,0.707106781187,0.));
#596 = PCURVE('',#153,#597);
#597 = DEFINITIONAL_REPRESENTATION('',(#598),#601);
#598 = B_SPLINE_CURVE_WITH_KNOTS('',1,(#599,#600),.UNSPECIFIED.,.F.,.F.,
  (2,2),(5.575938473276E+03,5.624021734397E+03),
  .PIECEWISE_BEZIER_KNOTS.);
#599 = CARTESIAN_POINT('',(9.9915E+03,9.947674098192E+03));
#600 = CARTESIAN_POINT('',(9.9915E+03,9.995757359313E+03));
#601 = ( GEOMETRIC_REPRESENTATION_CONTEXT(2) 
PARAMETRIC_REPRESENTATION_CONTEXT() REPRESENTATION_CONTEXT('2D SPACE',''
  ) );
#602 = PCURVE('',#603,#608);
#603 = PLANE('',#604);
#604 = AXIS2_PLACEMENT_3D('',#605,#606,#607);
#605 = CARTESIAN_POINT('',(-17.,-140.,-8.5));
#606 = DIRECTION('',(0.,0.,-1.));
#607 = DIRECTION('',(1.,0.,0.));
#608 = DEFINITIONAL_REPRESENTATION('',(#609),#612);
#609 = B_SPLINE_CURVE_WITH_KNOTS('',1,(#610,#611),.UNSPECIFIED.,.F.,.F.,
  (2,2),(5.575938473276E+03,5.624021734397E+03),
  .PIECEWISE_BEZIER_KNOTS.);
#610 = CARTESIAN_POINT('',(0.,-1.703E+03));
#611 = CARTESIAN_POINT('',(34.,-1.737E+03));
#612 = ( GEOMETRIC_REPRESENTATION_CONTEXT(2) 
PARAMETRIC_REPRESENTATION_CONTEXT() REPRESENTATION_CONTEXT('2D SPACE',''
  ) );
#613 = ORIENTED_EDGE('',*,*,#614,.F.);
#614 = EDGE_CURVE('',#615,#589,#617,.T.);
#615 = VERTEX_POINT('',#616);
#616 = CARTESIAN_POINT('',(18.5,1.5985E+03,-7.));
#617 = SURFACE_CURVE('',#618,(#623,#630),.PCURVE_S1.);
#618 = ELLIPSE('',#619,2.12132034356,1.5);
#619 = AXIS2_PLACEMENT_3D('',#620,#621,#622);
#620 = CARTESIAN_POINT('',(17.,1.597E+03,-7.));
#621 = DIRECTION('',(-0.707106781187,0.707106781187,0.));
#622 = DIRECTION('',(-0.707106781187,-0.707106781187,0.));
#623 = PCURVE('',#153,#624);
#624 = DEFINITIONAL_REPRESENTATION('',(#625),#629);
#625 = ELLIPSE('',#626,2.12132034356,1.5);
#626 = AXIS2_PLACEMENT_2D('',#627,#628);
#627 = CARTESIAN_POINT('',(9.993E+03,9.995757359313E+03));
#628 = DIRECTION('',(0.,-1.));
#629 = ( GEOMETRIC_REPRESENTATION_CONTEXT(2) 
PARAMETRIC_REPRESENTATION_CONTEXT() REPRESENTATION_CONTEXT('2D SPACE',''
  ) );
#630 = PCURVE('',#631,#636);
#631 = CYLINDRICAL_SURFACE('',#632,1.5);
#632 = AXIS2_PLACEMENT_3D('',#633,#634,#635);
#633 = CARTESIAN_POINT('',(17.,-140.,-7.));
#634 = DIRECTION('',(0.,-1.,0.));
#635 = DIRECTION('',(0.,0.,-1.));
#636 = DEFINITIONAL_REPRESENTATION('',(#637),#646);
#637 = B_SPLINE_CURVE_WITH_KNOTS('',7,(#638,#639,#640,#641,#642,#643,
    #644,#645),.UNSPECIFIED.,.F.,.F.,(8,8),(3.14159265359,4.712388980385
    ),.PIECEWISE_BEZIER_KNOTS.);
#638 = CARTESIAN_POINT('',(1.570796326795,-1.7385E+03));
#639 = CARTESIAN_POINT('',(1.346396851538,-1.7385E+03));
#640 = CARTESIAN_POINT('',(1.121997376282,-1.738411876991E+03));
#641 = CARTESIAN_POINT('',(0.897597901026,-1.738235643758E+03));
#642 = CARTESIAN_POINT('',(0.673198425769,-1.737982120238E+03));
#643 = CARTESIAN_POINT('',(0.448798950513,-1.737673197059E+03));
#644 = CARTESIAN_POINT('',(0.224399475256,-1.737336599213E+03));
#645 = CARTESIAN_POINT('',(0.,-1.737E+03));
#646 = ( GEOMETRIC_REPRESENTATION_CONTEXT(2) 
PARAMETRIC_REPRESENTATION_CONTEXT() REPRESENTATION_CONTEXT('2D SPACE',''
  ) );
#647 = ORIENTED_EDGE('',*,*,#648,.T.);
#648 = EDGE_CURVE('',#615,#435,#649,.T.);
#649 = SURFACE_CURVE('',#650,(#654,#660),.PCURVE_S1.);
#650 = LINE('',#651,#652);
#651 = CARTESIAN_POINT('',(18.5,1.5985E+03,-5.0035E+03));
#652 = VECTOR('',#653,1.);
#653 = DIRECTION('',(0.,-0.,1.));
#654 = PCURVE('',#153,#655);
#655 = DEFINITIONAL_REPRESENTATION('',(#656),#659);
#656 = B_SPLINE_CURVE_WITH_KNOTS('',1,(#657,#658),.UNSPECIFIED.,.F.,.F.,
  (2,2),(4.9965E+03,5.0105E+03),.PIECEWISE_BEZIER_KNOTS.);
#657 = CARTESIAN_POINT('',(9.993E+03,9.997878679656E+03));
#658 = CARTESIAN_POINT('',(1.0007E+04,9.997878679656E+03));
#659 = ( GEOMETRIC_REPRESENTATION_CONTEXT(2) 
PARAMETRIC_REPRESENTATION_CONTEXT() REPRESENTATION_CONTEXT('2D SPACE',''
  ) );
#660 = PCURVE('',#661,#666);
#661 = PLANE('',#662);
#662 = AXIS2_PLACEMENT_3D('',#663,#664,#665);
#663 = CARTESIAN_POINT('',(18.5,-140.,-7.));
#664 = DIRECTION('',(1.,0.,0.));
#665 = DIRECTION('',(0.,0.,1.));
#666 = DEFINITIONAL_REPRESENTATION('',(#667),#670);
#667 = B_SPLINE_CURVE_WITH_KNOTS('',1,(#668,#669),.UNSPECIFIED.,.F.,.F.,
  (2,2),(4.9965E+03,5.0105E+03),.PIECEWISE_BEZIER_KNOTS.);
#668 = CARTESIAN_POINT('',(0.,-1.7385E+03));
#669 = CARTESIAN_POINT('',(14.,-1.7385E+03));
#670 = ( GEOMETRIC_REPRESENTATION_CONTEXT(2) 
PARAMETRIC_REPRESENTATION_CONTEXT() REPRESENTATION_CONTEXT('2D SPACE',''
  ) );
#671 = ADVANCED_FACE('',(#672),#128,.T.);
#672 = FACE_BOUND('',#673,.T.);
#673 = EDGE_LOOP('',(#674,#704,#725,#726));
#674 = ORIENTED_EDGE('',*,*,#675,.F.);
#675 = EDGE_CURVE('',#676,#87,#678,.T.);
#676 = VERTEX_POINT('',#677);
#677 = CARTESIAN_POINT('',(17.,3.,-10.));
#678 = SURFACE_CURVE('',#679,(#684,#697),.PCURVE_S1.);
#679 = ELLIPSE('',#680,4.242640687119,3.);
#680 = AXIS2_PLACEMENT_3D('',#681,#682,#683);
#681 = CARTESIAN_POINT('',(17.,3.,-7.));
#682 = DIRECTION('',(-0.707106781187,-0.707106781187,0.));
#683 = DIRECTION('',(0.707106781187,-0.707106781187,0.));
#684 = PCURVE('',#128,#685);
#685 = DEFINITIONAL_REPRESENTATION('',(#686),#696);
#686 = B_SPLINE_CURVE_WITH_KNOTS('',8,(#687,#688,#689,#690,#691,#692,
    #693,#694,#695),.UNSPECIFIED.,.F.,.F.,(9,9),(4.712388980385,
    6.28318530718),.PIECEWISE_BEZIER_KNOTS.);
#687 = CARTESIAN_POINT('',(0.,-143.));
#688 = CARTESIAN_POINT('',(0.196349540849,-142.4109513774));
#689 = CARTESIAN_POINT('',(0.392699081698,-141.8219026149));
#690 = CARTESIAN_POINT('',(0.589048622547,-141.2674602165));
#691 = CARTESIAN_POINT('',(0.785398163397,-140.7822237475));
#692 = CARTESIAN_POINT('',(0.981747704246,-140.3965458611));
#693 = CARTESIAN_POINT('',(1.178097245096,-140.1321823279));
#694 = CARTESIAN_POINT('',(1.374446785946,-140.));
#695 = CARTESIAN_POINT('',(1.570796326795,-140.));
#696 = ( GEOMETRIC_REPRESENTATION_CONTEXT(2) 
PARAMETRIC_REPRESENTATION_CONTEXT() REPRESENTATION_CONTEXT('2D SPACE',''
  ) );
#697 = PCURVE('',#101,#698);
#698 = DEFINITIONAL_REPRESENTATION('',(#699),#703);
#699 = ELLIPSE('',#700,4.242640687119,3.);
#700 = AXIS2_PLACEMENT_2D('',#701,#702);
#701 = CARTESIAN_POINT('',(1.0007E+04,9.995757359313E+03));
#702 = DIRECTION('',(0.,1.));
#703 = ( GEOMETRIC_REPRESENTATION_CONTEXT(2) 
PARAMETRIC_REPRESENTATION_CONTEXT() REPRESENTATION_CONTEXT('2D SPACE',''
  ) );
#704 = ORIENTED_EDGE('',*,*,#705,.T.);
#705 = EDGE_CURVE('',#676,#259,#706,.T.);
#706 = SURFACE_CURVE('',#707,(#711,#718),.PCURVE_S1.);
#707 = LINE('',#708,#709);
#708 = CARTESIAN_POINT('',(17.,-140.,-10.));
#709 = VECTOR('',#710,1.);
#710 = DIRECTION('',(0.,1.,0.));
#711 = PCURVE('',#128,#712);
#712 = DEFINITIONAL_REPRESENTATION('',(#713),#717);
#713 = LINE('',#714,#715);
#714 = CARTESIAN_POINT('',(0.,0.));
#715 = VECTOR('',#716,1.);
#716 = DIRECTION('',(0.,-1.));
#717 = ( GEOMETRIC_REPRESENTATION_CONTEXT(2) 
PARAMETRIC_REPRESENTATION_CONTEXT() REPRESENTATION_CONTEXT('2D SPACE',''
  ) );
#718 = PCURVE('',#303,#719);
#719 = DEFINITIONAL_REPRESENTATION('',(#720),#724);
#720 = LINE('',#721,#722);
#721 = CARTESIAN_POINT('',(34.,0.));
#722 = VECTOR('',#723,1.);
#723 = DIRECTION('',(0.,-1.));
#724 = ( GEOMETRIC_REPRESENTATION_CONTEXT(2) 
PARAMETRIC_REPRESENTATION_CONTEXT() REPRESENTATION_CONTEXT('2D SPACE',''
  ) );
#725 = ORIENTED_EDGE('',*,*,#258,.F.);
#726 = ORIENTED_EDGE('',*,*,#112,.F.);
#727 = ADVANCED_FACE('',(#728,#854),#101,.T.);
#728 = FACE_BOUND('',#729,.T.);
#729 = EDGE_LOOP('',(#730,#731,#732,#753,#783,#804,#834,#853));
#730 = ORIENTED_EDGE('',*,*,#86,.F.);
#731 = ORIENTED_EDGE('',*,*,#167,.T.);
#732 = ORIENTED_EDGE('',*,*,#733,.F.);
#733 = EDGE_CURVE('',#734,#168,#736,.T.);
#734 = VERTEX_POINT('',#735);
#735 = CARTESIAN_POINT('',(-17.,37.000000000001,10.));
#736 = SURFACE_CURVE('',#737,(#741,#747),.PCURVE_S1.);
#737 = LINE('',#738,#739);
#738 = CARTESIAN_POINT('',(-3.481283905933E+03,3.501283905933E+03,10.));
#739 = VECTOR('',#740,1.);
#740 = DIRECTION('',(0.707106781187,-0.707106781187,-0.));
#741 = PCURVE('',#101,#742);
#742 = DEFINITIONAL_REPRESENTATION('',(#743),#746);
#743 = B_SPLINE_CURVE_WITH_KNOTS('',1,(#744,#745),.UNSPECIFIED.,.F.,.F.,
  (2,2),(4.899237283681E+03,4.947320544802E+03),
  .PIECEWISE_BEZIER_KNOTS.);
#744 = CARTESIAN_POINT('',(9.99E+03,9.947674098192E+03));
#745 = CARTESIAN_POINT('',(9.99E+03,9.995757359313E+03));
#746 = ( GEOMETRIC_REPRESENTATION_CONTEXT(2) 
PARAMETRIC_REPRESENTATION_CONTEXT() REPRESENTATION_CONTEXT('2D SPACE',''
  ) );
#747 = PCURVE('',#242,#748);
#748 = DEFINITIONAL_REPRESENTATION('',(#749),#752);
#749 = B_SPLINE_CURVE_WITH_KNOTS('',1,(#750,#751),.UNSPECIFIED.,.F.,.F.,
  (2,2),(4.899237283681E+03,4.947320544802E+03),
  .PIECEWISE_BEZIER_KNOTS.);
#750 = CARTESIAN_POINT('',(34.,-177.));
#751 = CARTESIAN_POINT('',(-4.547473508865E-13,-143.));
#752 = ( GEOMETRIC_REPRESENTATION_CONTEXT(2) 
PARAMETRIC_REPRESENTATION_CONTEXT() REPRESENTATION_CONTEXT('2D SPACE',''
  ) );
#753 = ORIENTED_EDGE('',*,*,#754,.T.);
#754 = EDGE_CURVE('',#734,#755,#757,.T.);
#755 = VERTEX_POINT('',#756);
#756 = CARTESIAN_POINT('',(-20.,40.,7.));
#757 = SURFACE_CURVE('',#758,(#763,#770),.PCURVE_S1.);
#758 = ELLIPSE('',#759,4.242640687119,3.);
#759 = AXIS2_PLACEMENT_3D('',#760,#761,#762);
#760 = CARTESIAN_POINT('',(-17.,37.,7.));
#761 = DIRECTION('',(-0.707106781187,-0.707106781187,0.));
#762 = DIRECTION('',(0.707106781187,-0.707106781187,0.));
#763 = PCURVE('',#101,#764);
#764 = DEFINITIONAL_REPRESENTATION('',(#765),#769);
#765 = ELLIPSE('',#766,4.242640687119,3.);
#766 = AXIS2_PLACEMENT_2D('',#767,#768);
#767 = CARTESIAN_POINT('',(9.993E+03,9.947674098192E+03));
#768 = DIRECTION('',(0.,1.));
#769 = ( GEOMETRIC_REPRESENTATION_CONTEXT(2) 
PARAMETRIC_REPRESENTATION_CONTEXT() REPRESENTATION_CONTEXT('2D SPACE',''
  ) );
#770 = PCURVE('',#392,#771);
#771 = DEFINITIONAL_REPRESENTATION('',(#772),#782);
#772 = B_SPLINE_CURVE_WITH_KNOTS('',8,(#773,#774,#775,#776,#777,#778,
    #779,#780,#781),.UNSPECIFIED.,.F.,.F.,(9,9),(1.570796326795,
    3.14159265359),.PIECEWISE_BEZIER_KNOTS.);
#773 = CARTESIAN_POINT('',(0.,-177.));
#774 = CARTESIAN_POINT('',(0.196349540849,-177.5890486225));
#775 = CARTESIAN_POINT('',(0.392699081698,-178.1780973847));
#776 = CARTESIAN_POINT('',(0.589048622548,-178.732539784));
#777 = CARTESIAN_POINT('',(0.785398163394,-179.2177762511));
#778 = CARTESIAN_POINT('',(0.981747704247,-179.6034541392));
#779 = CARTESIAN_POINT('',(1.178097245096,-179.8678176717));
#780 = CARTESIAN_POINT('',(1.374446785946,-180.));
#781 = CARTESIAN_POINT('',(1.570796326795,-180.));
#782 = ( GEOMETRIC_REPRESENTATION_CONTEXT(2) 
PARAMETRIC_REPRESENTATION_CONTEXT() REPRESENTATION_CONTEXT('2D SPACE',''
  ) );
#783 = ORIENTED_EDGE('',*,*,#784,.F.);
#784 = EDGE_CURVE('',#785,#755,#787,.T.);
#785 = VERTEX_POINT('',#786);
#786 = CARTESIAN_POINT('',(-20.,40.,-7.));
#787 = SURFACE_CURVE('',#788,(#792,#798),.PCURVE_S1.);
#788 = LINE('',#789,#790);
#789 = CARTESIAN_POINT('',(-20.,40.,5.0035E+03));
#790 = VECTOR('',#791,1.);
#791 = DIRECTION('',(0.,0.,1.));
#792 = PCURVE('',#101,#793);
#793 = DEFINITIONAL_REPRESENTATION('',(#794),#797);
#794 = B_SPLINE_CURVE_WITH_KNOTS('',1,(#795,#796),.UNSPECIFIED.,.F.,.F.,
  (2,2),(-5.0105E+03,-4.9965E+03),.PIECEWISE_BEZIER_KNOTS.);
#795 = CARTESIAN_POINT('',(1.0007E+04,9.943431457505E+03));
#796 = CARTESIAN_POINT('',(9.993E+03,9.943431457505E+03));
#797 = ( GEOMETRIC_REPRESENTATION_CONTEXT(2) 
PARAMETRIC_REPRESENTATION_CONTEXT() REPRESENTATION_CONTEXT('2D SPACE',''
  ) );
#798 = PCURVE('',#364,#799);
#799 = DEFINITIONAL_REPRESENTATION('',(#800),#803);
#800 = B_SPLINE_CURVE_WITH_KNOTS('',1,(#801,#802),.UNSPECIFIED.,.F.,.F.,
  (2,2),(-5.0105E+03,-4.9965E+03),.PIECEWISE_BEZIER_KNOTS.);
#801 = CARTESIAN_POINT('',(14.,-180.));
#802 = CARTESIAN_POINT('',(0.,-180.));
#803 = ( GEOMETRIC_REPRESENTATION_CONTEXT(2) 
PARAMETRIC_REPRESENTATION_CONTEXT() REPRESENTATION_CONTEXT('2D SPACE',''
  ) );
#804 = ORIENTED_EDGE('',*,*,#805,.T.);
#805 = EDGE_CURVE('',#785,#806,#808,.T.);
#806 = VERTEX_POINT('',#807);
#807 = CARTESIAN_POINT('',(-17.,37.000000000001,-10.));
#808 = SURFACE_CURVE('',#809,(#814,#821),.PCURVE_S1.);
#809 = ELLIPSE('',#810,4.242640687119,3.);
#810 = AXIS2_PLACEMENT_3D('',#811,#812,#813);
#811 = CARTESIAN_POINT('',(-17.,37.,-7.));
#812 = DIRECTION('',(-0.707106781187,-0.707106781187,0.));
#813 = DIRECTION('',(0.707106781187,-0.707106781187,0.));
#814 = PCURVE('',#101,#815);
#815 = DEFINITIONAL_REPRESENTATION('',(#816),#820);
#816 = ELLIPSE('',#817,4.242640687119,3.);
#817 = AXIS2_PLACEMENT_2D('',#818,#819);
#818 = CARTESIAN_POINT('',(1.0007E+04,9.947674098192E+03));
#819 = DIRECTION('',(0.,1.));
#820 = ( GEOMETRIC_REPRESENTATION_CONTEXT(2) 
PARAMETRIC_REPRESENTATION_CONTEXT() REPRESENTATION_CONTEXT('2D SPACE',''
  ) );
#821 = PCURVE('',#331,#822);
#822 = DEFINITIONAL_REPRESENTATION('',(#823),#833);
#823 = B_SPLINE_CURVE_WITH_KNOTS('',8,(#824,#825,#826,#827,#828,#829,
    #830,#831,#832),.UNSPECIFIED.,.F.,.F.,(9,9),(3.14159265359,
    4.712388980385),.PIECEWISE_BEZIER_KNOTS.);
#824 = CARTESIAN_POINT('',(0.,-180.));
#825 = CARTESIAN_POINT('',(0.196349540849,-180.));
#826 = CARTESIAN_POINT('',(0.392699081698,-179.8678176721));
#827 = CARTESIAN_POINT('',(0.589048622549,-179.6034541381));
#828 = CARTESIAN_POINT('',(0.785398163392,-179.2177762527));
#829 = CARTESIAN_POINT('',(0.981747704247,-178.7325397827));
#830 = CARTESIAN_POINT('',(1.178097245095,-178.178097385));
#831 = CARTESIAN_POINT('',(1.374446785946,-177.5890486225));
#832 = CARTESIAN_POINT('',(1.570796326795,-177.));
#833 = ( GEOMETRIC_REPRESENTATION_CONTEXT(2) 
PARAMETRIC_REPRESENTATION_CONTEXT() REPRESENTATION_CONTEXT('2D SPACE',''
  ) );
#834 = ORIENTED_EDGE('',*,*,#835,.F.);
#835 = EDGE_CURVE('',#676,#806,#836,.T.);
#836 = SURFACE_CURVE('',#837,(#841,#847),.PCURVE_S1.);
#837 = LINE('',#838,#839);
#838 = CARTESIAN_POINT('',(-3.489783905933E+03,3.509783905933E+03,-10.)
  );
#839 = VECTOR('',#840,1.);
#840 = DIRECTION('',(-0.707106781187,0.707106781187,0.));
#841 = PCURVE('',#101,#842);
#842 = DEFINITIONAL_REPRESENTATION('',(#843),#846);
#843 = B_SPLINE_CURVE_WITH_KNOTS('',1,(#844,#845),.UNSPECIFIED.,.F.,.F.,
  (2,2),(-4.959341360082E+03,-4.911258098961E+03),
  .PIECEWISE_BEZIER_KNOTS.);
#844 = CARTESIAN_POINT('',(1.001E+04,9.995757359313E+03));
#845 = CARTESIAN_POINT('',(1.001E+04,9.947674098192E+03));
#846 = ( GEOMETRIC_REPRESENTATION_CONTEXT(2) 
PARAMETRIC_REPRESENTATION_CONTEXT() REPRESENTATION_CONTEXT('2D SPACE',''
  ) );
#847 = PCURVE('',#303,#848);
#848 = DEFINITIONAL_REPRESENTATION('',(#849),#852);
#849 = B_SPLINE_CURVE_WITH_KNOTS('',1,(#850,#851),.UNSPECIFIED.,.F.,.F.,
  (2,2),(-4.959341360082E+03,-4.911258098961E+03),
  .PIECEWISE_BEZIER_KNOTS.);
#850 = CARTESIAN_POINT('',(34.,-143.));
#851 = CARTESIAN_POINT('',(0.,-177.));
#852 = ( GEOMETRIC_REPRESENTATION_CONTEXT(2) 
PARAMETRIC_REPRESENTATION_CONTEXT() REPRESENTATION_CONTEXT('2D SPACE',''
  ) );
#853 = ORIENTED_EDGE('',*,*,#675,.T.);
#854 = FACE_BOUND('',#855,.T.);
#855 = EDGE_LOOP('',(#856,#887,#908,#937,#958,#987,#1008,#1037));
#856 = ORIENTED_EDGE('',*,*,#857,.F.);
#857 = EDGE_CURVE('',#858,#860,#862,.T.);
#858 = VERTEX_POINT('',#859);
#859 = CARTESIAN_POINT('',(18.5,1.5,7.));
#860 = VERTEX_POINT('',#861);
#861 = CARTESIAN_POINT('',(17.,3.,8.5));
#862 = SURFACE_CURVE('',#863,(#868,#875),.PCURVE_S1.);
#863 = ELLIPSE('',#864,2.12132034356,1.5);
#864 = AXIS2_PLACEMENT_3D('',#865,#866,#867);
#865 = CARTESIAN_POINT('',(17.,3.,7.));
#866 = DIRECTION('',(-0.707106781187,-0.707106781187,0.));
#867 = DIRECTION('',(0.707106781187,-0.707106781187,0.));
#868 = PCURVE('',#101,#869);
#869 = DEFINITIONAL_REPRESENTATION('',(#870),#874);
#870 = ELLIPSE('',#871,2.12132034356,1.5);
#871 = AXIS2_PLACEMENT_2D('',#872,#873);
#872 = CARTESIAN_POINT('',(9.993E+03,9.995757359313E+03));
#873 = DIRECTION('',(0.,1.));
#874 = ( GEOMETRIC_REPRESENTATION_CONTEXT(2) 
PARAMETRIC_REPRESENTATION_CONTEXT() REPRESENTATION_CONTEXT('2D SPACE',''
  ) );
#875 = PCURVE('',#451,#876);
#876 = DEFINITIONAL_REPRESENTATION('',(#877),#886);
#877 = B_SPLINE_CURVE_WITH_KNOTS('',7,(#878,#879,#880,#881,#882,#883,
    #884,#885),.UNSPECIFIED.,.F.,.F.,(8,8),(-8.881784197001E-16,
    1.570796326795),.PIECEWISE_BEZIER_KNOTS.);
#878 = CARTESIAN_POINT('',(5.921189464668E-16,-141.5));
#879 = CARTESIAN_POINT('',(0.224399475256,-141.5));
#880 = CARTESIAN_POINT('',(0.448798950513,-141.5881230089));
#881 = CARTESIAN_POINT('',(0.673198425769,-141.764356243));
#882 = CARTESIAN_POINT('',(0.897597901026,-142.0178797613));
#883 = CARTESIAN_POINT('',(1.121997376282,-142.326802941));
#884 = CARTESIAN_POINT('',(1.346396851538,-142.6634007871));
#885 = CARTESIAN_POINT('',(1.570796326795,-143.));
#886 = ( GEOMETRIC_REPRESENTATION_CONTEXT(2) 
PARAMETRIC_REPRESENTATION_CONTEXT() REPRESENTATION_CONTEXT('2D SPACE',''
  ) );
#887 = ORIENTED_EDGE('',*,*,#888,.T.);
#888 = EDGE_CURVE('',#858,#889,#891,.T.);
#889 = VERTEX_POINT('',#890);
#890 = CARTESIAN_POINT('',(18.5,1.5,-7.));
#891 = SURFACE_CURVE('',#892,(#896,#902),.PCURVE_S1.);
#892 = LINE('',#893,#894);
#893 = CARTESIAN_POINT('',(18.5,1.5,4.9965E+03));
#894 = VECTOR('',#895,1.);
#895 = DIRECTION('',(0.,-0.,-1.));
#896 = PCURVE('',#101,#897);
#897 = DEFINITIONAL_REPRESENTATION('',(#898),#901);
#898 = B_SPLINE_CURVE_WITH_KNOTS('',1,(#899,#900),.UNSPECIFIED.,.F.,.F.,
  (2,2),(4.9895E+03,5.0035E+03),.PIECEWISE_BEZIER_KNOTS.);
#899 = CARTESIAN_POINT('',(9.993E+03,9.997878679656E+03));
#900 = CARTESIAN_POINT('',(1.0007E+04,9.997878679656E+03));
#901 = ( GEOMETRIC_REPRESENTATION_CONTEXT(2) 
PARAMETRIC_REPRESENTATION_CONTEXT() REPRESENTATION_CONTEXT('2D SPACE',''
  ) );
#902 = PCURVE('',#661,#903);
#903 = DEFINITIONAL_REPRESENTATION('',(#904),#907);
#904 = B_SPLINE_CURVE_WITH_KNOTS('',1,(#905,#906),.UNSPECIFIED.,.F.,.F.,
  (2,2),(4.9895E+03,5.0035E+03),.PIECEWISE_BEZIER_KNOTS.);
#905 = CARTESIAN_POINT('',(14.,-141.5));
#906 = CARTESIAN_POINT('',(0.,-141.5));
#907 = ( GEOMETRIC_REPRESENTATION_CONTEXT(2) 
PARAMETRIC_REPRESENTATION_CONTEXT() REPRESENTATION_CONTEXT('2D SPACE',''
  ) );
#908 = ORIENTED_EDGE('',*,*,#909,.F.);
#909 = EDGE_CURVE('',#910,#889,#912,.T.);
#910 = VERTEX_POINT('',#911);
#911 = CARTESIAN_POINT('',(17.,3.,-8.5));
#912 = SURFACE_CURVE('',#913,(#918,#925),.PCURVE_S1.);
#913 = ELLIPSE('',#914,2.12132034356,1.5);
#914 = AXIS2_PLACEMENT_3D('',#915,#916,#917);
#915 = CARTESIAN_POINT('',(17.,3.,-7.));
#916 = DIRECTION('',(-0.707106781187,-0.707106781187,0.));
#917 = DIRECTION('',(0.707106781187,-0.707106781187,0.));
#918 = PCURVE('',#101,#919);
#919 = DEFINITIONAL_REPRESENTATION('',(#920),#924);
#920 = ELLIPSE('',#921,2.12132034356,1.5);
#921 = AXIS2_PLACEMENT_2D('',#922,#923);
#922 = CARTESIAN_POINT('',(1.0007E+04,9.995757359313E+03));
#923 = DIRECTION('',(0.,1.));
#924 = ( GEOMETRIC_REPRESENTATION_CONTEXT(2) 
PARAMETRIC_REPRESENTATION_CONTEXT() REPRESENTATION_CONTEXT('2D SPACE',''
  ) );
#925 = PCURVE('',#631,#926);
#926 = DEFINITIONAL_REPRESENTATION('',(#927),#936);
#927 = B_SPLINE_CURVE_WITH_KNOTS('',7,(#928,#929,#930,#931,#932,#933,
    #934,#935),.UNSPECIFIED.,.F.,.F.,(8,8),(4.712388980385,6.28318530718
    ),.PIECEWISE_BEZIER_KNOTS.);
#928 = CARTESIAN_POINT('',(0.,-143.));
#929 = CARTESIAN_POINT('',(0.224399475256,-142.6634007871));
#930 = CARTESIAN_POINT('',(0.448798950513,-142.326802941));
#931 = CARTESIAN_POINT('',(0.673198425769,-142.0178797613));
#932 = CARTESIAN_POINT('',(0.897597901026,-141.764356243));
#933 = CARTESIAN_POINT('',(1.121997376282,-141.5881230089));
#934 = CARTESIAN_POINT('',(1.346396851538,-141.5));
#935 = CARTESIAN_POINT('',(1.570796326795,-141.5));
#936 = ( GEOMETRIC_REPRESENTATION_CONTEXT(2) 
PARAMETRIC_REPRESENTATION_CONTEXT() REPRESENTATION_CONTEXT('2D SPACE',''
  ) );
#937 = ORIENTED_EDGE('',*,*,#938,.T.);
#938 = EDGE_CURVE('',#910,#939,#941,.T.);
#939 = VERTEX_POINT('',#940);
#940 = CARTESIAN_POINT('',(-17.,37.000000000001,-8.5));
#941 = SURFACE_CURVE('',#942,(#946,#952),.PCURVE_S1.);
#942 = LINE('',#943,#944);
#943 = CARTESIAN_POINT('',(-3.489783905933E+03,3.509783905933E+03,-8.5)
  );
#944 = VECTOR('',#945,1.);
#945 = DIRECTION('',(-0.707106781187,0.707106781187,0.));
#946 = PCURVE('',#101,#947);
#947 = DEFINITIONAL_REPRESENTATION('',(#948),#951);
#948 = B_SPLINE_CURVE_WITH_KNOTS('',1,(#949,#950),.UNSPECIFIED.,.F.,.F.,
  (2,2),(-4.959341360082E+03,-4.911258098961E+03),
  .PIECEWISE_BEZIER_KNOTS.);
#949 = CARTESIAN_POINT('',(1.00085E+04,9.995757359313E+03));
#950 = CARTESIAN_POINT('',(1.00085E+04,9.947674098192E+03));
#951 = ( GEOMETRIC_REPRESENTATION_CONTEXT(2) 
PARAMETRIC_REPRESENTATION_CONTEXT() REPRESENTATION_CONTEXT('2D SPACE',''
  ) );
#952 = PCURVE('',#603,#953);
#953 = DEFINITIONAL_REPRESENTATION('',(#954),#957);
#954 = B_SPLINE_CURVE_WITH_KNOTS('',1,(#955,#956),.UNSPECIFIED.,.F.,.F.,
  (2,2),(-4.959341360082E+03,-4.911258098961E+03),
  .PIECEWISE_BEZIER_KNOTS.);
#955 = CARTESIAN_POINT('',(34.,-143.));
#956 = CARTESIAN_POINT('',(0.,-177.));
#957 = ( GEOMETRIC_REPRESENTATION_CONTEXT(2) 
PARAMETRIC_REPRESENTATION_CONTEXT() REPRESENTATION_CONTEXT('2D SPACE',''
  ) );
#958 = ORIENTED_EDGE('',*,*,#959,.F.);
#959 = EDGE_CURVE('',#960,#939,#962,.T.);
#960 = VERTEX_POINT('',#961);
#961 = CARTESIAN_POINT('',(-18.5,38.5,-7.));
#962 = SURFACE_CURVE('',#963,(#968,#975),.PCURVE_S1.);
#963 = ELLIPSE('',#964,2.12132034356,1.5);
#964 = AXIS2_PLACEMENT_3D('',#965,#966,#967);
#965 = CARTESIAN_POINT('',(-17.,37.,-7.));
#966 = DIRECTION('',(-0.707106781187,-0.707106781187,0.));
#967 = DIRECTION('',(0.707106781187,-0.707106781187,0.));
#968 = PCURVE('',#101,#969);
#969 = DEFINITIONAL_REPRESENTATION('',(#970),#974);
#970 = ELLIPSE('',#971,2.12132034356,1.5);
#971 = AXIS2_PLACEMENT_2D('',#972,#973);
#972 = CARTESIAN_POINT('',(1.0007E+04,9.947674098192E+03));
#973 = DIRECTION('',(0.,1.));
#974 = ( GEOMETRIC_REPRESENTATION_CONTEXT(2) 
PARAMETRIC_REPRESENTATION_CONTEXT() REPRESENTATION_CONTEXT('2D SPACE',''
  ) );
#975 = PCURVE('',#571,#976);
#976 = DEFINITIONAL_REPRESENTATION('',(#977),#986);
#977 = B_SPLINE_CURVE_WITH_KNOTS('',7,(#978,#979,#980,#981,#982,#983,
    #984,#985),.UNSPECIFIED.,.F.,.F.,(8,8),(3.14159265359,4.712388980385
    ),.PIECEWISE_BEZIER_KNOTS.);
#978 = CARTESIAN_POINT('',(0.,-178.5));
#979 = CARTESIAN_POINT('',(0.224399475256,-178.5));
#980 = CARTESIAN_POINT('',(0.448798950513,-178.4118769911));
#981 = CARTESIAN_POINT('',(0.673198425769,-178.2356437568));
#982 = CARTESIAN_POINT('',(0.897597901026,-177.9821202387));
#983 = CARTESIAN_POINT('',(1.121997376282,-177.6731970589));
#984 = CARTESIAN_POINT('',(1.346396851538,-177.3365992128));
#985 = CARTESIAN_POINT('',(1.570796326795,-177.));
#986 = ( GEOMETRIC_REPRESENTATION_CONTEXT(2) 
PARAMETRIC_REPRESENTATION_CONTEXT() REPRESENTATION_CONTEXT('2D SPACE',''
  ) );
#987 = ORIENTED_EDGE('',*,*,#988,.T.);
#988 = EDGE_CURVE('',#960,#989,#991,.T.);
#989 = VERTEX_POINT('',#990);
#990 = CARTESIAN_POINT('',(-18.5,38.5,7.));
#991 = SURFACE_CURVE('',#992,(#996,#1002),.PCURVE_S1.);
#992 = LINE('',#993,#994);
#993 = CARTESIAN_POINT('',(-18.5,38.5,5.0035E+03));
#994 = VECTOR('',#995,1.);
#995 = DIRECTION('',(0.,0.,1.));
#996 = PCURVE('',#101,#997);
#997 = DEFINITIONAL_REPRESENTATION('',(#998),#1001);
#998 = B_SPLINE_CURVE_WITH_KNOTS('',1,(#999,#1000),.UNSPECIFIED.,.F.,.F.
  ,(2,2),(-5.0105E+03,-4.9965E+03),.PIECEWISE_BEZIER_KNOTS.);
#999 = CARTESIAN_POINT('',(1.0007E+04,9.945552777849E+03));
#1000 = CARTESIAN_POINT('',(9.993E+03,9.945552777849E+03));
#1001 = ( GEOMETRIC_REPRESENTATION_CONTEXT(2) 
PARAMETRIC_REPRESENTATION_CONTEXT() REPRESENTATION_CONTEXT('2D SPACE',''
  ) );
#1002 = PCURVE('',#543,#1003);
#1003 = DEFINITIONAL_REPRESENTATION('',(#1004),#1007);
#1004 = B_SPLINE_CURVE_WITH_KNOTS('',1,(#1005,#1006),.UNSPECIFIED.,.F.,
  .F.,(2,2),(-5.0105E+03,-4.9965E+03),.PIECEWISE_BEZIER_KNOTS.);
#1005 = CARTESIAN_POINT('',(14.,-178.5));
#1006 = CARTESIAN_POINT('',(0.,-178.5));
#1007 = ( GEOMETRIC_REPRESENTATION_CONTEXT(2) 
PARAMETRIC_REPRESENTATION_CONTEXT() REPRESENTATION_CONTEXT('2D SPACE',''
  ) );
#1008 = ORIENTED_EDGE('',*,*,#1009,.F.);
#1009 = EDGE_CURVE('',#1010,#989,#1012,.T.);
#1010 = VERTEX_POINT('',#1011);
#1011 = CARTESIAN_POINT('',(-17.,37.000000000001,8.5));
#1012 = SURFACE_CURVE('',#1013,(#1018,#1025),.PCURVE_S1.);
#1013 = ELLIPSE('',#1014,2.12132034356,1.5);
#1014 = AXIS2_PLACEMENT_3D('',#1015,#1016,#1017);
#1015 = CARTESIAN_POINT('',(-17.,37.,7.));
#1016 = DIRECTION('',(-0.707106781187,-0.707106781187,0.));
#1017 = DIRECTION('',(0.707106781187,-0.707106781187,0.));
#1018 = PCURVE('',#101,#1019);
#1019 = DEFINITIONAL_REPRESENTATION('',(#1020),#1024);
#1020 = ELLIPSE('',#1021,2.12132034356,1.5);
#1021 = AXIS2_PLACEMENT_2D('',#1022,#1023);
#1022 = CARTESIAN_POINT('',(9.993E+03,9.947674098192E+03));
#1023 = DIRECTION('',(0.,1.));
#1024 = ( GEOMETRIC_REPRESENTATION_CONTEXT(2) 
PARAMETRIC_REPRESENTATION_CONTEXT() REPRESENTATION_CONTEXT('2D SPACE',''
  ) );
#1025 = PCURVE('',#511,#1026);
#1026 = DEFINITIONAL_REPRESENTATION('',(#1027),#1036);
#1027 = B_SPLINE_CURVE_WITH_KNOTS('',7,(#1028,#1029,#1030,#1031,#1032,
    #1033,#1034,#1035),.UNSPECIFIED.,.F.,.F.,(8,8),(1.570796326795,
    3.14159265359),.PIECEWISE_BEZIER_KNOTS.);
#1028 = CARTESIAN_POINT('',(0.,-177.));
#1029 = CARTESIAN_POINT('',(0.224399475256,-177.3365992128));
#1030 = CARTESIAN_POINT('',(0.448798950513,-177.6731970589));
#1031 = CARTESIAN_POINT('',(0.67319842577,-177.9821202387));
#1032 = CARTESIAN_POINT('',(0.897597901026,-178.2356437569));
#1033 = CARTESIAN_POINT('',(1.121997376282,-178.4118769911));
#1034 = CARTESIAN_POINT('',(1.346396851538,-178.5));
#1035 = CARTESIAN_POINT('',(1.570796326795,-178.5));
#1036 = ( GEOMETRIC_REPRESENTATION_CONTEXT(2) 
PARAMETRIC_REPRESENTATION_CONTEXT() REPRESENTATION_CONTEXT('2D SPACE',''
  ) );
#1037 = ORIENTED_EDGE('',*,*,#1038,.T.);
#1038 = EDGE_CURVE('',#1010,#860,#1039,.T.);
#1039 = SURFACE_CURVE('',#1040,(#1044,#1050),.PCURVE_S1.);
#1040 = LINE('',#1041,#1042);
#1041 = CARTESIAN_POINT('',(-3.481283905933E+03,3.501283905933E+03,8.5)
  );
#1042 = VECTOR('',#1043,1.);
#1043 = DIRECTION('',(0.707106781187,-0.707106781187,-0.));
#1044 = PCURVE('',#101,#1045);
#1045 = DEFINITIONAL_REPRESENTATION('',(#1046),#1049);
#1046 = B_SPLINE_CURVE_WITH_KNOTS('',1,(#1047,#1048),.UNSPECIFIED.,.F.,
  .F.,(2,2),(4.899237283681E+03,4.947320544802E+03),
  .PIECEWISE_BEZIER_KNOTS.);
#1047 = CARTESIAN_POINT('',(9.9915E+03,9.947674098192E+03));
#1048 = CARTESIAN_POINT('',(9.9915E+03,9.995757359313E+03));
#1049 = ( GEOMETRIC_REPRESENTATION_CONTEXT(2) 
PARAMETRIC_REPRESENTATION_CONTEXT() REPRESENTATION_CONTEXT('2D SPACE',''
  ) );
#1050 = PCURVE('',#483,#1051);
#1051 = DEFINITIONAL_REPRESENTATION('',(#1052),#1055);
#1052 = B_SPLINE_CURVE_WITH_KNOTS('',1,(#1053,#1054),.UNSPECIFIED.,.F.,
  .F.,(2,2),(4.899237283681E+03,4.947320544802E+03),
  .PIECEWISE_BEZIER_KNOTS.);
#1053 = CARTESIAN_POINT('',(34.,-177.));
#1054 = CARTESIAN_POINT('',(-4.547473508865E-13,-143.));
#1055 = ( GEOMETRIC_REPRESENTATION_CONTEXT(2) 
PARAMETRIC_REPRESENTATION_CONTEXT() REPRESENTATION_CONTEXT('2D SPACE',''
  ) );
#1056 = ADVANCED_FACE('',(#1057),#242,.T.);
#1057 = FACE_BOUND('',#1058,.T.);
#1058 = EDGE_LOOP('',(#1059,#1080,#1081,#1082));
#1059 = ORIENTED_EDGE('',*,*,#1060,.F.);
#1060 = EDGE_CURVE('',#734,#376,#1061,.T.);
#1061 = SURFACE_CURVE('',#1062,(#1066,#1073),.PCURVE_S1.);
#1062 = LINE('',#1063,#1064);
#1063 = CARTESIAN_POINT('',(-17.,-140.,10.));
#1064 = VECTOR('',#1065,1.);
#1065 = DIRECTION('',(0.,1.,0.));
#1066 = PCURVE('',#242,#1067);
#1067 = DEFINITIONAL_REPRESENTATION('',(#1068),#1072);
#1068 = LINE('',#1069,#1070);
#1069 = CARTESIAN_POINT('',(34.,0.));
#1070 = VECTOR('',#1071,1.);
#1071 = DIRECTION('',(0.,-1.));
#1072 = ( GEOMETRIC_REPRESENTATION_CONTEXT(2) 
PARAMETRIC_REPRESENTATION_CONTEXT() REPRESENTATION_CONTEXT('2D SPACE',''
  ) );
#1073 = PCURVE('',#392,#1074);
#1074 = DEFINITIONAL_REPRESENTATION('',(#1075),#1079);
#1075 = LINE('',#1076,#1077);
#1076 = CARTESIAN_POINT('',(0.,0.));
#1077 = VECTOR('',#1078,1.);
#1078 = DIRECTION('',(0.,-1.));
#1079 = ( GEOMETRIC_REPRESENTATION_CONTEXT(2) 
PARAMETRIC_REPRESENTATION_CONTEXT() REPRESENTATION_CONTEXT('2D SPACE',''
  ) );
#1080 = ORIENTED_EDGE('',*,*,#733,.T.);
#1081 = ORIENTED_EDGE('',*,*,#228,.T.);
#1082 = ORIENTED_EDGE('',*,*,#410,.T.);
#1083 = ADVANCED_FACE('',(#1084),#392,.T.);
#1084 = FACE_BOUND('',#1085,.T.);
#1085 = EDGE_LOOP('',(#1086,#1087,#1088,#1089));
#1086 = ORIENTED_EDGE('',*,*,#754,.F.);
#1087 = ORIENTED_EDGE('',*,*,#1060,.T.);
#1088 = ORIENTED_EDGE('',*,*,#375,.F.);
#1089 = ORIENTED_EDGE('',*,*,#1090,.F.);
#1090 = EDGE_CURVE('',#755,#350,#1091,.T.);
#1091 = SURFACE_CURVE('',#1092,(#1096,#1103),.PCURVE_S1.);
#1092 = LINE('',#1093,#1094);
#1093 = CARTESIAN_POINT('',(-20.,-140.,7.));
#1094 = VECTOR('',#1095,1.);
#1095 = DIRECTION('',(0.,1.,0.));
#1096 = PCURVE('',#392,#1097);
#1097 = DEFINITIONAL_REPRESENTATION('',(#1098),#1102);
#1098 = LINE('',#1099,#1100);
#1099 = CARTESIAN_POINT('',(1.570796326795,0.));
#1100 = VECTOR('',#1101,1.);
#1101 = DIRECTION('',(0.,-1.));
#1102 = ( GEOMETRIC_REPRESENTATION_CONTEXT(2) 
PARAMETRIC_REPRESENTATION_CONTEXT() REPRESENTATION_CONTEXT('2D SPACE',''
  ) );
#1103 = PCURVE('',#364,#1104);
#1104 = DEFINITIONAL_REPRESENTATION('',(#1105),#1109);
#1105 = LINE('',#1106,#1107);
#1106 = CARTESIAN_POINT('',(0.,-0.));
#1107 = VECTOR('',#1108,1.);
#1108 = DIRECTION('',(0.,-1.));
#1109 = ( GEOMETRIC_REPRESENTATION_CONTEXT(2) 
PARAMETRIC_REPRESENTATION_CONTEXT() REPRESENTATION_CONTEXT('2D SPACE',''
  ) );
#1110 = ADVANCED_FACE('',(#1111),#364,.T.);
#1111 = FACE_BOUND('',#1112,.T.);
#1112 = EDGE_LOOP('',(#1113,#1134,#1135,#1136));
#1113 = ORIENTED_EDGE('',*,*,#1114,.F.);
#1114 = EDGE_CURVE('',#785,#315,#1115,.T.);
#1115 = SURFACE_CURVE('',#1116,(#1120,#1127),.PCURVE_S1.);
#1116 = LINE('',#1117,#1118);
#1117 = CARTESIAN_POINT('',(-20.,-140.,-7.));
#1118 = VECTOR('',#1119,1.);
#1119 = DIRECTION('',(0.,1.,0.));
#1120 = PCURVE('',#364,#1121);
#1121 = DEFINITIONAL_REPRESENTATION('',(#1122),#1126);
#1122 = LINE('',#1123,#1124);
#1123 = CARTESIAN_POINT('',(14.,0.));
#1124 = VECTOR('',#1125,1.);
#1125 = DIRECTION('',(0.,-1.));
#1126 = ( GEOMETRIC_REPRESENTATION_CONTEXT(2) 
PARAMETRIC_REPRESENTATION_CONTEXT() REPRESENTATION_CONTEXT('2D SPACE',''
  ) );
#1127 = PCURVE('',#331,#1128);
#1128 = DEFINITIONAL_REPRESENTATION('',(#1129),#1133);
#1129 = LINE('',#1130,#1131);
#1130 = CARTESIAN_POINT('',(0.,0.));
#1131 = VECTOR('',#1132,1.);
#1132 = DIRECTION('',(0.,-1.));
#1133 = ( GEOMETRIC_REPRESENTATION_CONTEXT(2) 
PARAMETRIC_REPRESENTATION_CONTEXT() REPRESENTATION_CONTEXT('2D SPACE',''
  ) );
#1134 = ORIENTED_EDGE('',*,*,#784,.T.);
#1135 = ORIENTED_EDGE('',*,*,#1090,.T.);
#1136 = ORIENTED_EDGE('',*,*,#349,.T.);
#1137 = ADVANCED_FACE('',(#1138),#331,.T.);
#1138 = FACE_BOUND('',#1139,.T.);
#1139 = EDGE_LOOP('',(#1140,#1141,#1142,#1143));
#1140 = ORIENTED_EDGE('',*,*,#805,.F.);
#1141 = ORIENTED_EDGE('',*,*,#1114,.T.);
#1142 = ORIENTED_EDGE('',*,*,#314,.F.);
#1143 = ORIENTED_EDGE('',*,*,#1144,.F.);
#1144 = EDGE_CURVE('',#806,#289,#1145,.T.);
#1145 = SURFACE_CURVE('',#1146,(#1150,#1157),.PCURVE_S1.);
#1146 = LINE('',#1147,#1148);
#1147 = CARTESIAN_POINT('',(-17.,-140.,-10.));
#1148 = VECTOR('',#1149,1.);
#1149 = DIRECTION('',(0.,1.,0.));
#1150 = PCURVE('',#331,#1151);
#1151 = DEFINITIONAL_REPRESENTATION('',(#1152),#1156);
#1152 = LINE('',#1153,#1154);
#1153 = CARTESIAN_POINT('',(1.570796326795,0.));
#1154 = VECTOR('',#1155,1.);
#1155 = DIRECTION('',(0.,-1.));
#1156 = ( GEOMETRIC_REPRESENTATION_CONTEXT(2) 
PARAMETRIC_REPRESENTATION_CONTEXT() REPRESENTATION_CONTEXT('2D SPACE',''
  ) );
#1157 = PCURVE('',#303,#1158);
#1158 = DEFINITIONAL_REPRESENTATION('',(#1159),#1163);
#1159 = LINE('',#1160,#1161);
#1160 = CARTESIAN_POINT('',(0.,0.));
#1161 = VECTOR('',#1162,1.);
#1162 = DIRECTION('',(0.,-1.));
#1163 = ( GEOMETRIC_REPRESENTATION_CONTEXT(2) 
PARAMETRIC_REPRESENTATION_CONTEXT() REPRESENTATION_CONTEXT('2D SPACE',''
  ) );
#1164 = ADVANCED_FACE('',(#1165),#303,.T.);
#1165 = FACE_BOUND('',#1166,.T.);
#1166 = EDGE_LOOP('',(#1167,#1168,#1169,#1170));
#1167 = ORIENTED_EDGE('',*,*,#705,.F.);
#1168 = ORIENTED_EDGE('',*,*,#835,.T.);
#1169 = ORIENTED_EDGE('',*,*,#1144,.T.);
#1170 = ORIENTED_EDGE('',*,*,#288,.T.);
#1171 = ADVANCED_FACE('',(#1172),#451,.F.);
#1172 = FACE_BOUND('',#1173,.F.);
#1173 = EDGE_LOOP('',(#1174,#1175,#1196,#1197));
#1174 = ORIENTED_EDGE('',*,*,#857,.F.);
#1175 = ORIENTED_EDGE('',*,*,#1176,.T.);
#1176 = EDGE_CURVE('',#858,#435,#1177,.T.);
#1177 = SURFACE_CURVE('',#1178,(#1182,#1189),.PCURVE_S1.);
#1178 = LINE('',#1179,#1180);
#1179 = CARTESIAN_POINT('',(18.5,-140.,7.));
#1180 = VECTOR('',#1181,1.);
#1181 = DIRECTION('',(0.,1.,0.));
#1182 = PCURVE('',#451,#1183);
#1183 = DEFINITIONAL_REPRESENTATION('',(#1184),#1188);
#1184 = LINE('',#1185,#1186);
#1185 = CARTESIAN_POINT('',(0.,0.));
#1186 = VECTOR('',#1187,1.);
#1187 = DIRECTION('',(0.,-1.));
#1188 = ( GEOMETRIC_REPRESENTATION_CONTEXT(2) 
PARAMETRIC_REPRESENTATION_CONTEXT() REPRESENTATION_CONTEXT('2D SPACE',''
  ) );
#1189 = PCURVE('',#661,#1190);
#1190 = DEFINITIONAL_REPRESENTATION('',(#1191),#1195);
#1191 = LINE('',#1192,#1193);
#1192 = CARTESIAN_POINT('',(14.,0.));
#1193 = VECTOR('',#1194,1.);
#1194 = DIRECTION('',(0.,-1.));
#1195 = ( GEOMETRIC_REPRESENTATION_CONTEXT(2) 
PARAMETRIC_REPRESENTATION_CONTEXT() REPRESENTATION_CONTEXT('2D SPACE',''
  ) );
#1196 = ORIENTED_EDGE('',*,*,#432,.F.);
#1197 = ORIENTED_EDGE('',*,*,#1198,.F.);
#1198 = EDGE_CURVE('',#860,#433,#1199,.T.);
#1199 = SURFACE_CURVE('',#1200,(#1204,#1211),.PCURVE_S1.);
#1200 = LINE('',#1201,#1202);
#1201 = CARTESIAN_POINT('',(17.,-140.,8.5));
#1202 = VECTOR('',#1203,1.);
#1203 = DIRECTION('',(0.,1.,0.));
#1204 = PCURVE('',#451,#1205);
#1205 = DEFINITIONAL_REPRESENTATION('',(#1206),#1210);
#1206 = LINE('',#1207,#1208);
#1207 = CARTESIAN_POINT('',(1.570796326795,0.));
#1208 = VECTOR('',#1209,1.);
#1209 = DIRECTION('',(0.,-1.));
#1210 = ( GEOMETRIC_REPRESENTATION_CONTEXT(2) 
PARAMETRIC_REPRESENTATION_CONTEXT() REPRESENTATION_CONTEXT('2D SPACE',''
  ) );
#1211 = PCURVE('',#483,#1212);
#1212 = DEFINITIONAL_REPRESENTATION('',(#1213),#1217);
#1213 = LINE('',#1214,#1215);
#1214 = CARTESIAN_POINT('',(0.,0.));
#1215 = VECTOR('',#1216,1.);
#1216 = DIRECTION('',(0.,-1.));
#1217 = ( GEOMETRIC_REPRESENTATION_CONTEXT(2) 
PARAMETRIC_REPRESENTATION_CONTEXT() REPRESENTATION_CONTEXT('2D SPACE',''
  ) );
#1218 = ADVANCED_FACE('',(#1219),#661,.F.);
#1219 = FACE_BOUND('',#1220,.F.);
#1220 = EDGE_LOOP('',(#1221,#1222,#1223,#1244));
#1221 = ORIENTED_EDGE('',*,*,#1176,.F.);
#1222 = ORIENTED_EDGE('',*,*,#888,.T.);
#1223 = ORIENTED_EDGE('',*,*,#1224,.T.);
#1224 = EDGE_CURVE('',#889,#615,#1225,.T.);
#1225 = SURFACE_CURVE('',#1226,(#1230,#1237),.PCURVE_S1.);
#1226 = LINE('',#1227,#1228);
#1227 = CARTESIAN_POINT('',(18.5,-140.,-7.));
#1228 = VECTOR('',#1229,1.);
#1229 = DIRECTION('',(0.,1.,0.));
#1230 = PCURVE('',#661,#1231);
#1231 = DEFINITIONAL_REPRESENTATION('',(#1232),#1236);
#1232 = LINE('',#1233,#1234);
#1233 = CARTESIAN_POINT('',(0.,0.));
#1234 = VECTOR('',#1235,1.);
#1235 = DIRECTION('',(0.,-1.));
#1236 = ( GEOMETRIC_REPRESENTATION_CONTEXT(2) 
PARAMETRIC_REPRESENTATION_CONTEXT() REPRESENTATION_CONTEXT('2D SPACE',''
  ) );
#1237 = PCURVE('',#631,#1238);
#1238 = DEFINITIONAL_REPRESENTATION('',(#1239),#1243);
#1239 = LINE('',#1240,#1241);
#1240 = CARTESIAN_POINT('',(1.570796326795,0.));
#1241 = VECTOR('',#1242,1.);
#1242 = DIRECTION('',(0.,-1.));
#1243 = ( GEOMETRIC_REPRESENTATION_CONTEXT(2) 
PARAMETRIC_REPRESENTATION_CONTEXT() REPRESENTATION_CONTEXT('2D SPACE',''
  ) );
#1244 = ORIENTED_EDGE('',*,*,#648,.T.);
#1245 = ADVANCED_FACE('',(#1246),#631,.F.);
#1246 = FACE_BOUND('',#1247,.F.);
#1247 = EDGE_LOOP('',(#1248,#1249,#1270,#1271));
#1248 = ORIENTED_EDGE('',*,*,#909,.F.);
#1249 = ORIENTED_EDGE('',*,*,#1250,.T.);
#1250 = EDGE_CURVE('',#910,#589,#1251,.T.);
#1251 = SURFACE_CURVE('',#1252,(#1256,#1263),.PCURVE_S1.);
#1252 = LINE('',#1253,#1254);
#1253 = CARTESIAN_POINT('',(17.,-140.,-8.5));
#1254 = VECTOR('',#1255,1.);
#1255 = DIRECTION('',(0.,1.,0.));
#1256 = PCURVE('',#631,#1257);
#1257 = DEFINITIONAL_REPRESENTATION('',(#1258),#1262);
#1258 = LINE('',#1259,#1260);
#1259 = CARTESIAN_POINT('',(0.,0.));
#1260 = VECTOR('',#1261,1.);
#1261 = DIRECTION('',(0.,-1.));
#1262 = ( GEOMETRIC_REPRESENTATION_CONTEXT(2) 
PARAMETRIC_REPRESENTATION_CONTEXT() REPRESENTATION_CONTEXT('2D SPACE',''
  ) );
#1263 = PCURVE('',#603,#1264);
#1264 = DEFINITIONAL_REPRESENTATION('',(#1265),#1269);
#1265 = LINE('',#1266,#1267);
#1266 = CARTESIAN_POINT('',(34.,0.));
#1267 = VECTOR('',#1268,1.);
#1268 = DIRECTION('',(0.,-1.));
#1269 = ( GEOMETRIC_REPRESENTATION_CONTEXT(2) 
PARAMETRIC_REPRESENTATION_CONTEXT() REPRESENTATION_CONTEXT('2D SPACE',''
  ) );
#1270 = ORIENTED_EDGE('',*,*,#614,.F.);
#1271 = ORIENTED_EDGE('',*,*,#1224,.F.);
#1272 = ADVANCED_FACE('',(#1273),#603,.F.);
#1273 = FACE_BOUND('',#1274,.F.);
#1274 = EDGE_LOOP('',(#1275,#1276,#1277,#1298));
#1275 = ORIENTED_EDGE('',*,*,#1250,.F.);
#1276 = ORIENTED_EDGE('',*,*,#938,.T.);
#1277 = ORIENTED_EDGE('',*,*,#1278,.T.);
#1278 = EDGE_CURVE('',#939,#555,#1279,.T.);
#1279 = SURFACE_CURVE('',#1280,(#1284,#1291),.PCURVE_S1.);
#1280 = LINE('',#1281,#1282);
#1281 = CARTESIAN_POINT('',(-17.,-140.,-8.5));
#1282 = VECTOR('',#1283,1.);
#1283 = DIRECTION('',(0.,1.,0.));
#1284 = PCURVE('',#603,#1285);
#1285 = DEFINITIONAL_REPRESENTATION('',(#1286),#1290);
#1286 = LINE('',#1287,#1288);
#1287 = CARTESIAN_POINT('',(0.,0.));
#1288 = VECTOR('',#1289,1.);
#1289 = DIRECTION('',(0.,-1.));
#1290 = ( GEOMETRIC_REPRESENTATION_CONTEXT(2) 
PARAMETRIC_REPRESENTATION_CONTEXT() REPRESENTATION_CONTEXT('2D SPACE',''
  ) );
#1291 = PCURVE('',#571,#1292);
#1292 = DEFINITIONAL_REPRESENTATION('',(#1293),#1297);
#1293 = LINE('',#1294,#1295);
#1294 = CARTESIAN_POINT('',(1.570796326795,0.));
#1295 = VECTOR('',#1296,1.);
#1296 = DIRECTION('',(0.,-1.));
#1297 = ( GEOMETRIC_REPRESENTATION_CONTEXT(2) 
PARAMETRIC_REPRESENTATION_CONTEXT() REPRESENTATION_CONTEXT('2D SPACE',''
  ) );
#1298 = ORIENTED_EDGE('',*,*,#588,.T.);
#1299 = ADVANCED_FACE('',(#1300),#571,.F.);
#1300 = FACE_BOUND('',#1301,.F.);
#1301 = EDGE_LOOP('',(#1302,#1303,#1324,#1325));
#1302 = ORIENTED_EDGE('',*,*,#959,.F.);
#1303 = ORIENTED_EDGE('',*,*,#1304,.T.);
#1304 = EDGE_CURVE('',#960,#529,#1305,.T.);
#1305 = SURFACE_CURVE('',#1306,(#1310,#1317),.PCURVE_S1.);
#1306 = LINE('',#1307,#1308);
#1307 = CARTESIAN_POINT('',(-18.5,-140.,-7.));
#1308 = VECTOR('',#1309,1.);
#1309 = DIRECTION('',(0.,1.,0.));
#1310 = PCURVE('',#571,#1311);
#1311 = DEFINITIONAL_REPRESENTATION('',(#1312),#1316);
#1312 = LINE('',#1313,#1314);
#1313 = CARTESIAN_POINT('',(0.,0.));
#1314 = VECTOR('',#1315,1.);
#1315 = DIRECTION('',(0.,-1.));
#1316 = ( GEOMETRIC_REPRESENTATION_CONTEXT(2) 
PARAMETRIC_REPRESENTATION_CONTEXT() REPRESENTATION_CONTEXT('2D SPACE',''
  ) );
#1317 = PCURVE('',#543,#1318);
#1318 = DEFINITIONAL_REPRESENTATION('',(#1319),#1323);
#1319 = LINE('',#1320,#1321);
#1320 = CARTESIAN_POINT('',(14.,0.));
#1321 = VECTOR('',#1322,1.);
#1322 = DIRECTION('',(0.,-1.));
#1323 = ( GEOMETRIC_REPRESENTATION_CONTEXT(2) 
PARAMETRIC_REPRESENTATION_CONTEXT() REPRESENTATION_CONTEXT('2D SPACE',''
  ) );
#1324 = ORIENTED_EDGE('',*,*,#554,.F.);
#1325 = ORIENTED_EDGE('',*,*,#1278,.F.);
#1326 = ADVANCED_FACE('',(#1327),#543,.F.);
#1327 = FACE_BOUND('',#1328,.F.);
#1328 = EDGE_LOOP('',(#1329,#1330,#1331,#1352));
#1329 = ORIENTED_EDGE('',*,*,#1304,.F.);
#1330 = ORIENTED_EDGE('',*,*,#988,.T.);
#1331 = ORIENTED_EDGE('',*,*,#1332,.T.);
#1332 = EDGE_CURVE('',#989,#495,#1333,.T.);
#1333 = SURFACE_CURVE('',#1334,(#1338,#1345),.PCURVE_S1.);
#1334 = LINE('',#1335,#1336);
#1335 = CARTESIAN_POINT('',(-18.5,-140.,7.));
#1336 = VECTOR('',#1337,1.);
#1337 = DIRECTION('',(0.,1.,0.));
#1338 = PCURVE('',#543,#1339);
#1339 = DEFINITIONAL_REPRESENTATION('',(#1340),#1344);
#1340 = LINE('',#1341,#1342);
#1341 = CARTESIAN_POINT('',(0.,-0.));
#1342 = VECTOR('',#1343,1.);
#1343 = DIRECTION('',(0.,-1.));
#1344 = ( GEOMETRIC_REPRESENTATION_CONTEXT(2) 
PARAMETRIC_REPRESENTATION_CONTEXT() REPRESENTATION_CONTEXT('2D SPACE',''
  ) );
#1345 = PCURVE('',#511,#1346);
#1346 = DEFINITIONAL_REPRESENTATION('',(#1347),#1351);
#1347 = LINE('',#1348,#1349);
#1348 = CARTESIAN_POINT('',(1.570796326795,0.));
#1349 = VECTOR('',#1350,1.);
#1350 = DIRECTION('',(0.,-1.));
#1351 = ( GEOMETRIC_REPRESENTATION_CONTEXT(2) 
PARAMETRIC_REPRESENTATION_CONTEXT() REPRESENTATION_CONTEXT('2D SPACE',''
  ) );
#1352 = ORIENTED_EDGE('',*,*,#528,.T.);
#1353 = ADVANCED_FACE('',(#1354),#511,.F.);
#1354 = FACE_BOUND('',#1355,.F.);
#1355 = EDGE_LOOP('',(#1356,#1357,#1378,#1379));
#1356 = ORIENTED_EDGE('',*,*,#1009,.F.);
#1357 = ORIENTED_EDGE('',*,*,#1358,.T.);
#1358 = EDGE_CURVE('',#1010,#469,#1359,.T.);
#1359 = SURFACE_CURVE('',#1360,(#1364,#1371),.PCURVE_S1.);
#1360 = LINE('',#1361,#1362);
#1361 = CARTESIAN_POINT('',(-17.,-140.,8.5));
#1362 = VECTOR('',#1363,1.);
#1363 = DIRECTION('',(0.,1.,0.));
#1364 = PCURVE('',#511,#1365);
#1365 = DEFINITIONAL_REPRESENTATION('',(#1366),#1370);
#1366 = LINE('',#1367,#1368);
#1367 = CARTESIAN_POINT('',(0.,0.));
#1368 = VECTOR('',#1369,1.);
#1369 = DIRECTION('',(0.,-1.));
#1370 = ( GEOMETRIC_REPRESENTATION_CONTEXT(2) 
PARAMETRIC_REPRESENTATION_CONTEXT() REPRESENTATION_CONTEXT('2D SPACE',''
  ) );
#1371 = PCURVE('',#483,#1372);
#1372 = DEFINITIONAL_REPRESENTATION('',(#1373),#1377);
#1373 = LINE('',#1374,#1375);
#1374 = CARTESIAN_POINT('',(34.,0.));
#1375 = VECTOR('',#1376,1.);
#1376 = DIRECTION('',(0.,-1.));
#1377 = ( GEOMETRIC_REPRESENTATION_CONTEXT(2) 
PARAMETRIC_REPRESENTATION_CONTEXT() REPRESENTATION_CONTEXT('2D SPACE',''
  ) );
#1378 = ORIENTED_EDGE('',*,*,#494,.F.);
#1379 = ORIENTED_EDGE('',*,*,#1332,.F.);
#1380 = ADVANCED_FACE('',(#1381),#483,.F.);
#1381 = FACE_BOUND('',#1382,.F.);
#1382 = EDGE_LOOP('',(#1383,#1384,#1385,#1386));
#1383 = ORIENTED_EDGE('',*,*,#1358,.F.);
#1384 = ORIENTED_EDGE('',*,*,#1038,.T.);
#1385 = ORIENTED_EDGE('',*,*,#1198,.T.);
#1386 = ORIENTED_EDGE('',*,*,#468,.T.);
#1387 = ( GEOMETRIC_REPRESENTATION_CONTEXT(3) 
GLOBAL_UNCERTAINTY_ASSIGNED_CONTEXT((#1391)) 
GLOBAL_UNIT_ASSIGNED_CONTEXT((#1388,#1389,#1390)) REPRESENTATION_CONTEXT
('Context #1','3D Context with UNIT and UNCERTAINTY') );
#1388 = ( LENGTH_UNIT() NAMED_UNIT(*) SI_UNIT(.MILLI.,.METRE.) );
#1389 = ( NAMED_UNIT(*) PLANE_ANGLE_UNIT() SI_UNIT($,.RADIAN.) );
#1390 = ( NAMED_UNIT(*) SI_UNIT($,.STERADIAN.) SOLID_ANGLE_UNIT() );
#1391 = UNCERTAINTY_MEASURE_WITH_UNIT(LENGTH_MEASURE(2.E-07),#1388,
  'distance_accuracy_value','confusion accuracy');
#1392 = CONTEXT_DEPENDENT_SHAPE_REPRESENTATION(#1393,#1395);
#1393 = ( REPRESENTATION_RELATIONSHIP('','',#44,#10) 
REPRESENTATION_RELATIONSHIP_WITH_TRANSFORMATION(#1394) 
SHAPE_REPRESENTATION_RELATIONSHIP() );
#1394 = ITEM_DEFINED_TRANSFORMATION('','',#11,#15);
#1395 = PRODUCT_DEFINITION_SHAPE('Placement','Placement of an item',
  #1396);
#1396 = NEXT_ASSEMBLY_USAGE_OCCURRENCE('1','\X2\0414043504420430043B044C\X0\ 1 - \X2\043F0435044004350434\X0\'
  ,'',#5,#39,$);
#1397 = PRODUCT_RELATED_PRODUCT_CATEGORY('part',$,(#41));
#1398 = CONTEXT_DEPENDENT_SHAPE_REPRESENTATION(#1399,#1401);
#1399 = ( REPRESENTATION_RELATIONSHIP('','',#44,#10) 
REPRESENTATION_RELATIONSHIP_WITH_TRANSFORMATION(#1400) 
SHAPE_REPRESENTATION_RELATIONSHIP() );
#1400 = ITEM_DEFINED_TRANSFORMATION('','',#11,#19);
#1401 = PRODUCT_DEFINITION_SHAPE('Placement','Placement of an item',
  #1402);
#1402 = NEXT_ASSEMBLY_USAGE_OCCURRENCE('2','\X2\0414043504420430043B044C\X0\ 1 - \X2\043704300434\X0\','',
  #5,#39,$);
#1403 = SHAPE_DEFINITION_REPRESENTATION(#1404,#1410);
#1404 = PRODUCT_DEFINITION_SHAPE('','',#1405);
#1405 = PRODUCT_DEFINITION('design','',#1406,#1409);
#1406 = PRODUCT_DEFINITION_FORMATION('','',#1407);
#1407 = PRODUCT('\X2\0414043504420430043B044C\X0\ 2 40\X2\0445\X0\20\X2\0445\X0\1,5 L=545',
  '\X2\0414043504420430043B044C\X0\ 2 40\X2\0445\X0\20\X2\0445\X0\1,5 L=545','',(#1408));
#1408 = PRODUCT_CONTEXT('',#2,'mechanical');
#1409 = PRODUCT_DEFINITION_CONTEXT('part definition',#2,'design');
#1410 = ADVANCED_BREP_SHAPE_REPRESENTATION('',(#11,#1411),#2753);
#1411 = MANIFOLD_SOLID_BREP('',#1412);
#1412 = CLOSED_SHELL('',(#1413,#1529,#1619,#2037,#2093,#2422,#2449,#2476
    ,#2503,#2530,#2537,#2584,#2611,#2638,#2665,#2692,#2719,#2746));
#1413 = ADVANCED_FACE('',(#1414),#1428,.T.);
#1414 = FACE_BOUND('',#1415,.T.);
#1415 = EDGE_LOOP('',(#1416,#1451,#1477,#1505));
#1416 = ORIENTED_EDGE('',*,*,#1417,.F.);
#1417 = EDGE_CURVE('',#1418,#1420,#1422,.T.);
#1418 = VERTEX_POINT('',#1419);
#1419 = CARTESIAN_POINT('',(20.,0.,7.));
#1420 = VERTEX_POINT('',#1421);
#1421 = CARTESIAN_POINT('',(20.,545.,7.));
#1422 = SURFACE_CURVE('',#1423,(#1427,#1439),.PCURVE_S1.);
#1423 = LINE('',#1424,#1425);
#1424 = CARTESIAN_POINT('',(20.,-140.,7.));
#1425 = VECTOR('',#1426,1.);
#1426 = DIRECTION('',(0.,1.,0.));
#1427 = PCURVE('',#1428,#1433);
#1428 = PLANE('',#1429);
#1429 = AXIS2_PLACEMENT_3D('',#1430,#1431,#1432);
#1430 = CARTESIAN_POINT('',(20.,-140.,-7.));
#1431 = DIRECTION('',(1.,0.,0.));
#1432 = DIRECTION('',(0.,0.,1.));
#1433 = DEFINITIONAL_REPRESENTATION('',(#1434),#1438);
#1434 = LINE('',#1435,#1436);
#1435 = CARTESIAN_POINT('',(14.,0.));
#1436 = VECTOR('',#1437,1.);
#1437 = DIRECTION('',(0.,-1.));
#1438 = ( GEOMETRIC_REPRESENTATION_CONTEXT(2) 
PARAMETRIC_REPRESENTATION_CONTEXT() REPRESENTATION_CONTEXT('2D SPACE',''
  ) );
#1439 = PCURVE('',#1440,#1445);
#1440 = CYLINDRICAL_SURFACE('',#1441,3.);
#1441 = AXIS2_PLACEMENT_3D('',#1442,#1443,#1444);
#1442 = CARTESIAN_POINT('',(17.,-140.,7.));
#1443 = DIRECTION('',(0.,-1.,0.));
#1444 = DIRECTION('',(1.,0.,5.921189464668E-16));
#1445 = DEFINITIONAL_REPRESENTATION('',(#1446),#1450);
#1446 = LINE('',#1447,#1448);
#1447 = CARTESIAN_POINT('',(0.,0.));
#1448 = VECTOR('',#1449,1.);
#1449 = DIRECTION('',(0.,-1.));
#1450 = ( GEOMETRIC_REPRESENTATION_CONTEXT(2) 
PARAMETRIC_REPRESENTATION_CONTEXT() REPRESENTATION_CONTEXT('2D SPACE',''
  ) );
#1451 = ORIENTED_EDGE('',*,*,#1452,.T.);
#1452 = EDGE_CURVE('',#1418,#1453,#1455,.T.);
#1453 = VERTEX_POINT('',#1454);
#1454 = CARTESIAN_POINT('',(20.,0.,-7.));
#1455 = SURFACE_CURVE('',#1456,(#1460,#1466),.PCURVE_S1.);
#1456 = LINE('',#1457,#1458);
#1457 = CARTESIAN_POINT('',(20.,1.989519660128E-13,4.9965E+03));
#1458 = VECTOR('',#1459,1.);
#1459 = DIRECTION('',(0.,-0.,-1.));
#1460 = PCURVE('',#1428,#1461);
#1461 = DEFINITIONAL_REPRESENTATION('',(#1462),#1465);
#1462 = B_SPLINE_CURVE_WITH_KNOTS('',1,(#1463,#1464),.UNSPECIFIED.,.F.,
  .F.,(2,2),(4.9895E+03,5.0035E+03),.PIECEWISE_BEZIER_KNOTS.);
#1463 = CARTESIAN_POINT('',(14.,-140.));
#1464 = CARTESIAN_POINT('',(0.,-140.));
#1465 = ( GEOMETRIC_REPRESENTATION_CONTEXT(2) 
PARAMETRIC_REPRESENTATION_CONTEXT() REPRESENTATION_CONTEXT('2D SPACE',''
  ) );
#1466 = PCURVE('',#1467,#1472);
#1467 = PLANE('',#1468);
#1468 = AXIS2_PLACEMENT_3D('',#1469,#1470,#1471);
#1469 = CARTESIAN_POINT('',(-7.051067811865E+03,7.071067811865E+03,
    1.E+04));
#1470 = DIRECTION('',(-0.707106781187,-0.707106781187,0.));
#1471 = DIRECTION('',(0.,0.,-1.));
#1472 = DEFINITIONAL_REPRESENTATION('',(#1473),#1476);
#1473 = B_SPLINE_CURVE_WITH_KNOTS('',1,(#1474,#1475),.UNSPECIFIED.,.F.,
  .F.,(2,2),(4.9895E+03,5.0035E+03),.PIECEWISE_BEZIER_KNOTS.);
#1474 = CARTESIAN_POINT('',(9.993E+03,1.E+04));
#1475 = CARTESIAN_POINT('',(1.0007E+04,1.E+04));
#1476 = ( GEOMETRIC_REPRESENTATION_CONTEXT(2) 
PARAMETRIC_REPRESENTATION_CONTEXT() REPRESENTATION_CONTEXT('2D SPACE',''
  ) );
#1477 = ORIENTED_EDGE('',*,*,#1478,.T.);
#1478 = EDGE_CURVE('',#1453,#1479,#1481,.T.);
#1479 = VERTEX_POINT('',#1480);
#1480 = CARTESIAN_POINT('',(20.,545.,-7.));
#1481 = SURFACE_CURVE('',#1482,(#1486,#1493),.PCURVE_S1.);
#1482 = LINE('',#1483,#1484);
#1483 = CARTESIAN_POINT('',(20.,-140.,-7.));
#1484 = VECTOR('',#1485,1.);
#1485 = DIRECTION('',(0.,1.,0.));
#1486 = PCURVE('',#1428,#1487);
#1487 = DEFINITIONAL_REPRESENTATION('',(#1488),#1492);
#1488 = LINE('',#1489,#1490);
#1489 = CARTESIAN_POINT('',(0.,0.));
#1490 = VECTOR('',#1491,1.);
#1491 = DIRECTION('',(0.,-1.));
#1492 = ( GEOMETRIC_REPRESENTATION_CONTEXT(2) 
PARAMETRIC_REPRESENTATION_CONTEXT() REPRESENTATION_CONTEXT('2D SPACE',''
  ) );
#1493 = PCURVE('',#1494,#1499);
#1494 = CYLINDRICAL_SURFACE('',#1495,3.);
#1495 = AXIS2_PLACEMENT_3D('',#1496,#1497,#1498);
#1496 = CARTESIAN_POINT('',(17.,-140.,-7.));
#1497 = DIRECTION('',(0.,-1.,0.));
#1498 = DIRECTION('',(0.,0.,-1.));
#1499 = DEFINITIONAL_REPRESENTATION('',(#1500),#1504);
#1500 = LINE('',#1501,#1502);
#1501 = CARTESIAN_POINT('',(1.570796326795,0.));
#1502 = VECTOR('',#1503,1.);
#1503 = DIRECTION('',(0.,-1.));
#1504 = ( GEOMETRIC_REPRESENTATION_CONTEXT(2) 
PARAMETRIC_REPRESENTATION_CONTEXT() REPRESENTATION_CONTEXT('2D SPACE',''
  ) );
#1505 = ORIENTED_EDGE('',*,*,#1506,.T.);
#1506 = EDGE_CURVE('',#1479,#1420,#1507,.T.);
#1507 = SURFACE_CURVE('',#1508,(#1512,#1518),.PCURVE_S1.);
#1508 = LINE('',#1509,#1510);
#1509 = CARTESIAN_POINT('',(20.,544.99999999999,-5.0035E+03));
#1510 = VECTOR('',#1511,1.);
#1511 = DIRECTION('',(0.,-0.,1.));
#1512 = PCURVE('',#1428,#1513);
#1513 = DEFINITIONAL_REPRESENTATION('',(#1514),#1517);
#1514 = B_SPLINE_CURVE_WITH_KNOTS('',1,(#1515,#1516),.UNSPECIFIED.,.F.,
  .F.,(2,2),(4.9965E+03,5.0105E+03),.PIECEWISE_BEZIER_KNOTS.);
#1515 = CARTESIAN_POINT('',(0.,-684.9999999999));
#1516 = CARTESIAN_POINT('',(14.,-684.9999999999));
#1517 = ( GEOMETRIC_REPRESENTATION_CONTEXT(2) 
PARAMETRIC_REPRESENTATION_CONTEXT() REPRESENTATION_CONTEXT('2D SPACE',''
  ) );
#1518 = PCURVE('',#1519,#1524);
#1519 = PLANE('',#1520);
#1520 = AXIS2_PLACEMENT_3D('',#1521,#1522,#1523);
#1521 = CARTESIAN_POINT('',(-7.051067811865E+03,-6.526067811865E+03,
    -1.E+04));
#1522 = DIRECTION('',(-0.707106781187,0.707106781187,0.));
#1523 = DIRECTION('',(0.,0.,1.));
#1524 = DEFINITIONAL_REPRESENTATION('',(#1525),#1528);
#1525 = B_SPLINE_CURVE_WITH_KNOTS('',1,(#1526,#1527),.UNSPECIFIED.,.F.,
  .F.,(2,2),(4.9965E+03,5.0105E+03),.PIECEWISE_BEZIER_KNOTS.);
#1526 = CARTESIAN_POINT('',(9.993E+03,1.E+04));
#1527 = CARTESIAN_POINT('',(1.0007E+04,1.E+04));
#1528 = ( GEOMETRIC_REPRESENTATION_CONTEXT(2) 
PARAMETRIC_REPRESENTATION_CONTEXT() REPRESENTATION_CONTEXT('2D SPACE',''
  ) );
#1529 = ADVANCED_FACE('',(#1530),#1440,.T.);
#1530 = FACE_BOUND('',#1531,.T.);
#1531 = EDGE_LOOP('',(#1532,#1562,#1563,#1593));
#1532 = ORIENTED_EDGE('',*,*,#1533,.F.);
#1533 = EDGE_CURVE('',#1418,#1534,#1536,.T.);
#1534 = VERTEX_POINT('',#1535);
#1535 = CARTESIAN_POINT('',(17.,3.,10.));
#1536 = SURFACE_CURVE('',#1537,(#1542,#1555),.PCURVE_S1.);
#1537 = ELLIPSE('',#1538,4.242640687119,3.);
#1538 = AXIS2_PLACEMENT_3D('',#1539,#1540,#1541);
#1539 = CARTESIAN_POINT('',(17.,3.,7.));
#1540 = DIRECTION('',(-0.707106781187,-0.707106781187,0.));
#1541 = DIRECTION('',(0.707106781187,-0.707106781187,0.));
#1542 = PCURVE('',#1440,#1543);
#1543 = DEFINITIONAL_REPRESENTATION('',(#1544),#1554);
#1544 = B_SPLINE_CURVE_WITH_KNOTS('',8,(#1545,#1546,#1547,#1548,#1549,
    #1550,#1551,#1552,#1553),.UNSPECIFIED.,.F.,.F.,(9,9),(
    5.921189464668E-16,1.570796326795),.PIECEWISE_BEZIER_KNOTS.);
#1545 = CARTESIAN_POINT('',(0.,-140.));
#1546 = CARTESIAN_POINT('',(0.196349540849,-140.));
#1547 = CARTESIAN_POINT('',(0.392699081698,-140.1321823279));
#1548 = CARTESIAN_POINT('',(0.589048622547,-140.396545861));
#1549 = CARTESIAN_POINT('',(0.785398163394,-140.7822237479));
#1550 = CARTESIAN_POINT('',(0.981747704247,-141.2674602161));
#1551 = CARTESIAN_POINT('',(1.178097245095,-141.8219026149));
#1552 = CARTESIAN_POINT('',(1.374446785946,-142.4109513774));
#1553 = CARTESIAN_POINT('',(1.570796326795,-143.));
#1554 = ( GEOMETRIC_REPRESENTATION_CONTEXT(2) 
PARAMETRIC_REPRESENTATION_CONTEXT() REPRESENTATION_CONTEXT('2D SPACE',''
  ) );
#1555 = PCURVE('',#1467,#1556);
#1556 = DEFINITIONAL_REPRESENTATION('',(#1557),#1561);
#1557 = ELLIPSE('',#1558,4.242640687119,3.);
#1558 = AXIS2_PLACEMENT_2D('',#1559,#1560);
#1559 = CARTESIAN_POINT('',(9.993E+03,9.995757359313E+03));
#1560 = DIRECTION('',(0.,1.));
#1561 = ( GEOMETRIC_REPRESENTATION_CONTEXT(2) 
PARAMETRIC_REPRESENTATION_CONTEXT() REPRESENTATION_CONTEXT('2D SPACE',''
  ) );
#1562 = ORIENTED_EDGE('',*,*,#1417,.T.);
#1563 = ORIENTED_EDGE('',*,*,#1564,.F.);
#1564 = EDGE_CURVE('',#1565,#1420,#1567,.T.);
#1565 = VERTEX_POINT('',#1566);
#1566 = CARTESIAN_POINT('',(17.,541.99999999999,10.));
#1567 = SURFACE_CURVE('',#1568,(#1573,#1586),.PCURVE_S1.);
#1568 = ELLIPSE('',#1569,4.242640687119,3.);
#1569 = AXIS2_PLACEMENT_3D('',#1570,#1571,#1572);
#1570 = CARTESIAN_POINT('',(17.,542.,7.));
#1571 = DIRECTION('',(-0.707106781187,0.707106781187,0.));
#1572 = DIRECTION('',(-0.707106781187,-0.707106781187,0.));
#1573 = PCURVE('',#1440,#1574);
#1574 = DEFINITIONAL_REPRESENTATION('',(#1575),#1585);
#1575 = B_SPLINE_CURVE_WITH_KNOTS('',8,(#1576,#1577,#1578,#1579,#1580,
    #1581,#1582,#1583,#1584),.UNSPECIFIED.,.F.,.F.,(9,9),(1.570796326795
    ,3.14159265359),.PIECEWISE_BEZIER_KNOTS.);
#1576 = CARTESIAN_POINT('',(1.570796326795,-682.));
#1577 = CARTESIAN_POINT('',(1.374446785946,-682.5890486225));
#1578 = CARTESIAN_POINT('',(1.178097245097,-683.178097384));
#1579 = CARTESIAN_POINT('',(0.981747704241,-683.7325397853));
#1580 = CARTESIAN_POINT('',(0.785398163401,-684.2177762463));
#1581 = CARTESIAN_POINT('',(0.589048622543,-684.6034541404));
#1582 = CARTESIAN_POINT('',(0.3926990817,-684.8678176711));
#1583 = CARTESIAN_POINT('',(0.196349540849,-685.));
#1584 = CARTESIAN_POINT('',(0.,-685.));
#1585 = ( GEOMETRIC_REPRESENTATION_CONTEXT(2) 
PARAMETRIC_REPRESENTATION_CONTEXT() REPRESENTATION_CONTEXT('2D SPACE',''
  ) );
#1586 = PCURVE('',#1519,#1587);
#1587 = DEFINITIONAL_REPRESENTATION('',(#1588),#1592);
#1588 = ELLIPSE('',#1589,4.242640687119,3.);
#1589 = AXIS2_PLACEMENT_2D('',#1590,#1591);
#1590 = CARTESIAN_POINT('',(1.0007E+04,9.995757359313E+03));
#1591 = DIRECTION('',(0.,-1.));
#1592 = ( GEOMETRIC_REPRESENTATION_CONTEXT(2) 
PARAMETRIC_REPRESENTATION_CONTEXT() REPRESENTATION_CONTEXT('2D SPACE',''
  ) );
#1593 = ORIENTED_EDGE('',*,*,#1594,.F.);
#1594 = EDGE_CURVE('',#1534,#1565,#1595,.T.);
#1595 = SURFACE_CURVE('',#1596,(#1600,#1607),.PCURVE_S1.);
#1596 = LINE('',#1597,#1598);
#1597 = CARTESIAN_POINT('',(17.,-140.,10.));
#1598 = VECTOR('',#1599,1.);
#1599 = DIRECTION('',(0.,1.,0.));
#1600 = PCURVE('',#1440,#1601);
#1601 = DEFINITIONAL_REPRESENTATION('',(#1602),#1606);
#1602 = LINE('',#1603,#1604);
#1603 = CARTESIAN_POINT('',(1.570796326795,0.));
#1604 = VECTOR('',#1605,1.);
#1605 = DIRECTION('',(0.,-1.));
#1606 = ( GEOMETRIC_REPRESENTATION_CONTEXT(2) 
PARAMETRIC_REPRESENTATION_CONTEXT() REPRESENTATION_CONTEXT('2D SPACE',''
  ) );
#1607 = PCURVE('',#1608,#1613);
#1608 = PLANE('',#1609);
#1609 = AXIS2_PLACEMENT_3D('',#1610,#1611,#1612);
#1610 = CARTESIAN_POINT('',(17.,-140.,10.));
#1611 = DIRECTION('',(0.,-0.,1.));
#1612 = DIRECTION('',(-1.,0.,0.));
#1613 = DEFINITIONAL_REPRESENTATION('',(#1614),#1618);
#1614 = LINE('',#1615,#1616);
#1615 = CARTESIAN_POINT('',(0.,0.));
#1616 = VECTOR('',#1617,1.);
#1617 = DIRECTION('',(0.,-1.));
#1618 = ( GEOMETRIC_REPRESENTATION_CONTEXT(2) 
PARAMETRIC_REPRESENTATION_CONTEXT() REPRESENTATION_CONTEXT('2D SPACE',''
  ) );
#1619 = ADVANCED_FACE('',(#1620,#1795),#1519,.T.);
#1620 = FACE_BOUND('',#1621,.T.);
#1621 = EDGE_LOOP('',(#1622,#1623,#1653,#1679,#1714,#1740,#1775,#1794));
#1622 = ORIENTED_EDGE('',*,*,#1506,.F.);
#1623 = ORIENTED_EDGE('',*,*,#1624,.T.);
#1624 = EDGE_CURVE('',#1479,#1625,#1627,.T.);
#1625 = VERTEX_POINT('',#1626);
#1626 = CARTESIAN_POINT('',(17.,541.99999999999,-10.));
#1627 = SURFACE_CURVE('',#1628,(#1633,#1640),.PCURVE_S1.);
#1628 = ELLIPSE('',#1629,4.242640687119,3.);
#1629 = AXIS2_PLACEMENT_3D('',#1630,#1631,#1632);
#1630 = CARTESIAN_POINT('',(17.,542.,-7.));
#1631 = DIRECTION('',(-0.707106781187,0.707106781187,0.));
#1632 = DIRECTION('',(-0.707106781187,-0.707106781187,0.));
#1633 = PCURVE('',#1519,#1634);
#1634 = DEFINITIONAL_REPRESENTATION('',(#1635),#1639);
#1635 = ELLIPSE('',#1636,4.242640687119,3.);
#1636 = AXIS2_PLACEMENT_2D('',#1637,#1638);
#1637 = CARTESIAN_POINT('',(9.993E+03,9.995757359313E+03));
#1638 = DIRECTION('',(0.,-1.));
#1639 = ( GEOMETRIC_REPRESENTATION_CONTEXT(2) 
PARAMETRIC_REPRESENTATION_CONTEXT() REPRESENTATION_CONTEXT('2D SPACE',''
  ) );
#1640 = PCURVE('',#1494,#1641);
#1641 = DEFINITIONAL_REPRESENTATION('',(#1642),#1652);
#1642 = B_SPLINE_CURVE_WITH_KNOTS('',8,(#1643,#1644,#1645,#1646,#1647,
    #1648,#1649,#1650,#1651),.UNSPECIFIED.,.F.,.F.,(9,9),(3.14159265359,
    4.712388980385),.PIECEWISE_BEZIER_KNOTS.);
#1643 = CARTESIAN_POINT('',(1.570796326795,-685.));
#1644 = CARTESIAN_POINT('',(1.374446785946,-685.));
#1645 = CARTESIAN_POINT('',(1.178097245096,-684.8678176718));
#1646 = CARTESIAN_POINT('',(0.981747704249,-684.6034541397));
#1647 = CARTESIAN_POINT('',(0.785398163394,-684.2177762491));
#1648 = CARTESIAN_POINT('',(0.589048622548,-683.7325397832));
#1649 = CARTESIAN_POINT('',(0.392699081698,-683.1780973845));
#1650 = CARTESIAN_POINT('',(0.196349540849,-682.5890486225));
#1651 = CARTESIAN_POINT('',(0.,-682.));
#1652 = ( GEOMETRIC_REPRESENTATION_CONTEXT(2) 
PARAMETRIC_REPRESENTATION_CONTEXT() REPRESENTATION_CONTEXT('2D SPACE',''
  ) );
#1653 = ORIENTED_EDGE('',*,*,#1654,.F.);
#1654 = EDGE_CURVE('',#1655,#1625,#1657,.T.);
#1655 = VERTEX_POINT('',#1656);
#1656 = CARTESIAN_POINT('',(-17.,508.,-10.));
#1657 = SURFACE_CURVE('',#1658,(#1662,#1668),.PCURVE_S1.);
#1658 = LINE('',#1659,#1660);
#1659 = CARTESIAN_POINT('',(-3.696033905933E+03,-3.171033905933E+03,-10.
    ));
#1660 = VECTOR('',#1661,1.);
#1661 = DIRECTION('',(0.707106781187,0.707106781187,0.));
#1662 = PCURVE('',#1519,#1663);
#1663 = DEFINITIONAL_REPRESENTATION('',(#1664),#1667);
#1664 = B_SPLINE_CURVE_WITH_KNOTS('',1,(#1665,#1666),.UNSPECIFIED.,.F.,
  .F.,(2,2),(5.202939646201E+03,5.251022907321E+03),
  .PIECEWISE_BEZIER_KNOTS.);
#1665 = CARTESIAN_POINT('',(9.99E+03,9.947674098192E+03));
#1666 = CARTESIAN_POINT('',(9.99E+03,9.995757359313E+03));
#1667 = ( GEOMETRIC_REPRESENTATION_CONTEXT(2) 
PARAMETRIC_REPRESENTATION_CONTEXT() REPRESENTATION_CONTEXT('2D SPACE',''
  ) );
#1668 = PCURVE('',#1669,#1674);
#1669 = PLANE('',#1670);
#1670 = AXIS2_PLACEMENT_3D('',#1671,#1672,#1673);
#1671 = CARTESIAN_POINT('',(-17.,-140.,-10.));
#1672 = DIRECTION('',(0.,0.,-1.));
#1673 = DIRECTION('',(1.,0.,0.));
#1674 = DEFINITIONAL_REPRESENTATION('',(#1675),#1678);
#1675 = B_SPLINE_CURVE_WITH_KNOTS('',1,(#1676,#1677),.UNSPECIFIED.,.F.,
  .F.,(2,2),(5.202939646201E+03,5.251022907321E+03),
  .PIECEWISE_BEZIER_KNOTS.);
#1676 = CARTESIAN_POINT('',(-4.547473508865E-13,-648.));
#1677 = CARTESIAN_POINT('',(34.,-682.));
#1678 = ( GEOMETRIC_REPRESENTATION_CONTEXT(2) 
PARAMETRIC_REPRESENTATION_CONTEXT() REPRESENTATION_CONTEXT('2D SPACE',''
  ) );
#1679 = ORIENTED_EDGE('',*,*,#1680,.T.);
#1680 = EDGE_CURVE('',#1655,#1681,#1683,.T.);
#1681 = VERTEX_POINT('',#1682);
#1682 = CARTESIAN_POINT('',(-20.,505.,-7.));
#1683 = SURFACE_CURVE('',#1684,(#1689,#1696),.PCURVE_S1.);
#1684 = ELLIPSE('',#1685,4.242640687119,3.);
#1685 = AXIS2_PLACEMENT_3D('',#1686,#1687,#1688);
#1686 = CARTESIAN_POINT('',(-17.,508.,-7.));
#1687 = DIRECTION('',(-0.707106781187,0.707106781187,0.));
#1688 = DIRECTION('',(-0.707106781187,-0.707106781187,0.));
#1689 = PCURVE('',#1519,#1690);
#1690 = DEFINITIONAL_REPRESENTATION('',(#1691),#1695);
#1691 = ELLIPSE('',#1692,4.242640687119,3.);
#1692 = AXIS2_PLACEMENT_2D('',#1693,#1694);
#1693 = CARTESIAN_POINT('',(9.993E+03,9.947674098192E+03));
#1694 = DIRECTION('',(0.,-1.));
#1695 = ( GEOMETRIC_REPRESENTATION_CONTEXT(2) 
PARAMETRIC_REPRESENTATION_CONTEXT() REPRESENTATION_CONTEXT('2D SPACE',''
  ) );
#1696 = PCURVE('',#1697,#1702);
#1697 = CYLINDRICAL_SURFACE('',#1698,3.);
#1698 = AXIS2_PLACEMENT_3D('',#1699,#1700,#1701);
#1699 = CARTESIAN_POINT('',(-17.,-140.,-7.));
#1700 = DIRECTION('',(0.,-1.,0.));
#1701 = DIRECTION('',(-1.,-0.,-5.921189464668E-16));
#1702 = DEFINITIONAL_REPRESENTATION('',(#1703),#1713);
#1703 = B_SPLINE_CURVE_WITH_KNOTS('',8,(#1704,#1705,#1706,#1707,#1708,
    #1709,#1710,#1711,#1712),.UNSPECIFIED.,.F.,.F.,(9,9),(4.712388980385
    ,6.28318530718),.PIECEWISE_BEZIER_KNOTS.);
#1704 = CARTESIAN_POINT('',(1.570796326795,-648.));
#1705 = CARTESIAN_POINT('',(1.374446785946,-647.4109513774));
#1706 = CARTESIAN_POINT('',(1.178097245096,-646.8219026141));
#1707 = CARTESIAN_POINT('',(0.981747704246,-646.2674602176));
#1708 = CARTESIAN_POINT('',(0.785398163396,-645.7822237452));
#1709 = CARTESIAN_POINT('',(0.589048622549,-645.3965458623));
#1710 = CARTESIAN_POINT('',(0.392699081698,-645.1321823272));
#1711 = CARTESIAN_POINT('',(0.196349540849,-645.));
#1712 = CARTESIAN_POINT('',(5.921189464668E-16,-645.));
#1713 = ( GEOMETRIC_REPRESENTATION_CONTEXT(2) 
PARAMETRIC_REPRESENTATION_CONTEXT() REPRESENTATION_CONTEXT('2D SPACE',''
  ) );
#1714 = ORIENTED_EDGE('',*,*,#1715,.F.);
#1715 = EDGE_CURVE('',#1716,#1681,#1718,.T.);
#1716 = VERTEX_POINT('',#1717);
#1717 = CARTESIAN_POINT('',(-20.,505.,7.));
#1718 = SURFACE_CURVE('',#1719,(#1723,#1729),.PCURVE_S1.);
#1719 = LINE('',#1720,#1721);
#1720 = CARTESIAN_POINT('',(-20.,504.99999999999,-4.9965E+03));
#1721 = VECTOR('',#1722,1.);
#1722 = DIRECTION('',(0.,0.,-1.));
#1723 = PCURVE('',#1519,#1724);
#1724 = DEFINITIONAL_REPRESENTATION('',(#1725),#1728);
#1725 = B_SPLINE_CURVE_WITH_KNOTS('',1,(#1726,#1727),.UNSPECIFIED.,.F.,
  .F.,(2,2),(-5.0035E+03,-4.9895E+03),.PIECEWISE_BEZIER_KNOTS.);
#1726 = CARTESIAN_POINT('',(1.0007E+04,9.943431457505E+03));
#1727 = CARTESIAN_POINT('',(9.993E+03,9.943431457505E+03));
#1728 = ( GEOMETRIC_REPRESENTATION_CONTEXT(2) 
PARAMETRIC_REPRESENTATION_CONTEXT() REPRESENTATION_CONTEXT('2D SPACE',''
  ) );
#1729 = PCURVE('',#1730,#1735);
#1730 = PLANE('',#1731);
#1731 = AXIS2_PLACEMENT_3D('',#1732,#1733,#1734);
#1732 = CARTESIAN_POINT('',(-20.,-140.,7.));
#1733 = DIRECTION('',(-1.,0.,0.));
#1734 = DIRECTION('',(0.,0.,-1.));
#1735 = DEFINITIONAL_REPRESENTATION('',(#1736),#1739);
#1736 = B_SPLINE_CURVE_WITH_KNOTS('',1,(#1737,#1738),.UNSPECIFIED.,.F.,
  .F.,(2,2),(-5.0035E+03,-4.9895E+03),.PIECEWISE_BEZIER_KNOTS.);
#1737 = CARTESIAN_POINT('',(0.,-644.9999999999));
#1738 = CARTESIAN_POINT('',(14.,-644.9999999999));
#1739 = ( GEOMETRIC_REPRESENTATION_CONTEXT(2) 
PARAMETRIC_REPRESENTATION_CONTEXT() REPRESENTATION_CONTEXT('2D SPACE',''
  ) );
#1740 = ORIENTED_EDGE('',*,*,#1741,.T.);
#1741 = EDGE_CURVE('',#1716,#1742,#1744,.T.);
#1742 = VERTEX_POINT('',#1743);
#1743 = CARTESIAN_POINT('',(-17.,508.,10.));
#1744 = SURFACE_CURVE('',#1745,(#1750,#1757),.PCURVE_S1.);
#1745 = ELLIPSE('',#1746,4.242640687119,3.);
#1746 = AXIS2_PLACEMENT_3D('',#1747,#1748,#1749);
#1747 = CARTESIAN_POINT('',(-17.,508.,7.));
#1748 = DIRECTION('',(-0.707106781187,0.707106781187,0.));
#1749 = DIRECTION('',(-0.707106781187,-0.707106781187,0.));
#1750 = PCURVE('',#1519,#1751);
#1751 = DEFINITIONAL_REPRESENTATION('',(#1752),#1756);
#1752 = ELLIPSE('',#1753,4.242640687119,3.);
#1753 = AXIS2_PLACEMENT_2D('',#1754,#1755);
#1754 = CARTESIAN_POINT('',(1.0007E+04,9.947674098192E+03));
#1755 = DIRECTION('',(0.,-1.));
#1756 = ( GEOMETRIC_REPRESENTATION_CONTEXT(2) 
PARAMETRIC_REPRESENTATION_CONTEXT() REPRESENTATION_CONTEXT('2D SPACE',''
  ) );
#1757 = PCURVE('',#1758,#1763);
#1758 = CYLINDRICAL_SURFACE('',#1759,3.);
#1759 = AXIS2_PLACEMENT_3D('',#1760,#1761,#1762);
#1760 = CARTESIAN_POINT('',(-17.,-140.,7.));
#1761 = DIRECTION('',(0.,-1.,0.));
#1762 = DIRECTION('',(0.,0.,1.));
#1763 = DEFINITIONAL_REPRESENTATION('',(#1764),#1774);
#1764 = B_SPLINE_CURVE_WITH_KNOTS('',8,(#1765,#1766,#1767,#1768,#1769,
    #1770,#1771,#1772,#1773),.UNSPECIFIED.,.F.,.F.,(9,9),(
    5.921189464668E-16,1.570796326795),.PIECEWISE_BEZIER_KNOTS.);
#1765 = CARTESIAN_POINT('',(1.570796326795,-645.));
#1766 = CARTESIAN_POINT('',(1.374446785946,-645.));
#1767 = CARTESIAN_POINT('',(1.178097245096,-645.1321823279));
#1768 = CARTESIAN_POINT('',(0.981747704245,-645.3965458616));
#1769 = CARTESIAN_POINT('',(0.785398163397,-645.7822237475));
#1770 = CARTESIAN_POINT('',(0.589048622545,-646.2674602163));
#1771 = CARTESIAN_POINT('',(0.392699081698,-646.821902615));
#1772 = CARTESIAN_POINT('',(0.196349540849,-647.4109513774));
#1773 = CARTESIAN_POINT('',(0.,-648.));
#1774 = ( GEOMETRIC_REPRESENTATION_CONTEXT(2) 
PARAMETRIC_REPRESENTATION_CONTEXT() REPRESENTATION_CONTEXT('2D SPACE',''
  ) );
#1775 = ORIENTED_EDGE('',*,*,#1776,.F.);
#1776 = EDGE_CURVE('',#1565,#1742,#1777,.T.);
#1777 = SURFACE_CURVE('',#1778,(#1782,#1788),.PCURVE_S1.);
#1778 = LINE('',#1779,#1780);
#1779 = CARTESIAN_POINT('',(-3.687533905933E+03,-3.162533905933E+03,10.)
  );
#1780 = VECTOR('',#1781,1.);
#1781 = DIRECTION('',(-0.707106781187,-0.707106781187,0.));
#1782 = PCURVE('',#1519,#1783);
#1783 = DEFINITIONAL_REPRESENTATION('',(#1784),#1787);
#1784 = B_SPLINE_CURVE_WITH_KNOTS('',1,(#1785,#1786),.UNSPECIFIED.,.F.,
  .F.,(2,2),(-5.239002092041E+03,-5.19091883092E+03),
  .PIECEWISE_BEZIER_KNOTS.);
#1785 = CARTESIAN_POINT('',(1.001E+04,9.995757359313E+03));
#1786 = CARTESIAN_POINT('',(1.001E+04,9.947674098192E+03));
#1787 = ( GEOMETRIC_REPRESENTATION_CONTEXT(2) 
PARAMETRIC_REPRESENTATION_CONTEXT() REPRESENTATION_CONTEXT('2D SPACE',''
  ) );
#1788 = PCURVE('',#1608,#1789);
#1789 = DEFINITIONAL_REPRESENTATION('',(#1790),#1793);
#1790 = B_SPLINE_CURVE_WITH_KNOTS('',1,(#1791,#1792),.UNSPECIFIED.,.F.,
  .F.,(2,2),(-5.239002092041E+03,-5.19091883092E+03),
  .PIECEWISE_BEZIER_KNOTS.);
#1791 = CARTESIAN_POINT('',(0.,-682.));
#1792 = CARTESIAN_POINT('',(34.,-648.));
#1793 = ( GEOMETRIC_REPRESENTATION_CONTEXT(2) 
PARAMETRIC_REPRESENTATION_CONTEXT() REPRESENTATION_CONTEXT('2D SPACE',''
  ) );
#1794 = ORIENTED_EDGE('',*,*,#1564,.T.);
#1795 = FACE_BOUND('',#1796,.T.);
#1796 = EDGE_LOOP('',(#1797,#1833,#1859,#1893,#1919,#1953,#1979,#2013));
#1797 = ORIENTED_EDGE('',*,*,#1798,.F.);
#1798 = EDGE_CURVE('',#1799,#1801,#1803,.T.);
#1799 = VERTEX_POINT('',#1800);
#1800 = CARTESIAN_POINT('',(17.,541.99999999999,8.5));
#1801 = VERTEX_POINT('',#1802);
#1802 = CARTESIAN_POINT('',(18.5,543.5,7.));
#1803 = SURFACE_CURVE('',#1804,(#1809,#1816),.PCURVE_S1.);
#1804 = ELLIPSE('',#1805,2.12132034356,1.5);
#1805 = AXIS2_PLACEMENT_3D('',#1806,#1807,#1808);
#1806 = CARTESIAN_POINT('',(17.,542.,7.));
#1807 = DIRECTION('',(-0.707106781187,0.707106781187,0.));
#1808 = DIRECTION('',(-0.707106781187,-0.707106781187,0.));
#1809 = PCURVE('',#1519,#1810);
#1810 = DEFINITIONAL_REPRESENTATION('',(#1811),#1815);
#1811 = ELLIPSE('',#1812,2.12132034356,1.5);
#1812 = AXIS2_PLACEMENT_2D('',#1813,#1814);
#1813 = CARTESIAN_POINT('',(1.0007E+04,9.995757359313E+03));
#1814 = DIRECTION('',(0.,-1.));
#1815 = ( GEOMETRIC_REPRESENTATION_CONTEXT(2) 
PARAMETRIC_REPRESENTATION_CONTEXT() REPRESENTATION_CONTEXT('2D SPACE',''
  ) );
#1816 = PCURVE('',#1817,#1822);
#1817 = CYLINDRICAL_SURFACE('',#1818,1.5);
#1818 = AXIS2_PLACEMENT_3D('',#1819,#1820,#1821);
#1819 = CARTESIAN_POINT('',(17.,-140.,7.));
#1820 = DIRECTION('',(0.,-1.,0.));
#1821 = DIRECTION('',(1.,0.,-1.184237892934E-15));
#1822 = DEFINITIONAL_REPRESENTATION('',(#1823),#1832);
#1823 = B_SPLINE_CURVE_WITH_KNOTS('',7,(#1824,#1825,#1826,#1827,#1828,
    #1829,#1830,#1831),.UNSPECIFIED.,.F.,.F.,(8,8),(1.570796326795,
    3.14159265359),.PIECEWISE_BEZIER_KNOTS.);
#1824 = CARTESIAN_POINT('',(1.570796326795,-682.));
#1825 = CARTESIAN_POINT('',(1.346396851538,-682.3365992128));
#1826 = CARTESIAN_POINT('',(1.121997376282,-682.6731970589));
#1827 = CARTESIAN_POINT('',(0.897597901025,-682.9821202387));
#1828 = CARTESIAN_POINT('',(0.67319842577,-683.235643757));
#1829 = CARTESIAN_POINT('',(0.448798950513,-683.411876991));
#1830 = CARTESIAN_POINT('',(0.224399475256,-683.5));
#1831 = CARTESIAN_POINT('',(0.,-683.5));
#1832 = ( GEOMETRIC_REPRESENTATION_CONTEXT(2) 
PARAMETRIC_REPRESENTATION_CONTEXT() REPRESENTATION_CONTEXT('2D SPACE',''
  ) );
#1833 = ORIENTED_EDGE('',*,*,#1834,.T.);
#1834 = EDGE_CURVE('',#1799,#1835,#1837,.T.);
#1835 = VERTEX_POINT('',#1836);
#1836 = CARTESIAN_POINT('',(-17.,508.,8.5));
#1837 = SURFACE_CURVE('',#1838,(#1842,#1848),.PCURVE_S1.);
#1838 = LINE('',#1839,#1840);
#1839 = CARTESIAN_POINT('',(-3.687533905933E+03,-3.162533905933E+03,8.5)
  );
#1840 = VECTOR('',#1841,1.);
#1841 = DIRECTION('',(-0.707106781187,-0.707106781187,0.));
#1842 = PCURVE('',#1519,#1843);
#1843 = DEFINITIONAL_REPRESENTATION('',(#1844),#1847);
#1844 = B_SPLINE_CURVE_WITH_KNOTS('',1,(#1845,#1846),.UNSPECIFIED.,.F.,
  .F.,(2,2),(-5.239002092041E+03,-5.19091883092E+03),
  .PIECEWISE_BEZIER_KNOTS.);
#1845 = CARTESIAN_POINT('',(1.00085E+04,9.995757359313E+03));
#1846 = CARTESIAN_POINT('',(1.00085E+04,9.947674098192E+03));
#1847 = ( GEOMETRIC_REPRESENTATION_CONTEXT(2) 
PARAMETRIC_REPRESENTATION_CONTEXT() REPRESENTATION_CONTEXT('2D SPACE',''
  ) );
#1848 = PCURVE('',#1849,#1854);
#1849 = PLANE('',#1850);
#1850 = AXIS2_PLACEMENT_3D('',#1851,#1852,#1853);
#1851 = CARTESIAN_POINT('',(17.,-140.,8.5));
#1852 = DIRECTION('',(0.,-0.,1.));
#1853 = DIRECTION('',(-1.,0.,0.));
#1854 = DEFINITIONAL_REPRESENTATION('',(#1855),#1858);
#1855 = B_SPLINE_CURVE_WITH_KNOTS('',1,(#1856,#1857),.UNSPECIFIED.,.F.,
  .F.,(2,2),(-5.239002092041E+03,-5.19091883092E+03),
  .PIECEWISE_BEZIER_KNOTS.);
#1856 = CARTESIAN_POINT('',(0.,-682.));
#1857 = CARTESIAN_POINT('',(34.,-648.));
#1858 = ( GEOMETRIC_REPRESENTATION_CONTEXT(2) 
PARAMETRIC_REPRESENTATION_CONTEXT() REPRESENTATION_CONTEXT('2D SPACE',''
  ) );
#1859 = ORIENTED_EDGE('',*,*,#1860,.F.);
#1860 = EDGE_CURVE('',#1861,#1835,#1863,.T.);
#1861 = VERTEX_POINT('',#1862);
#1862 = CARTESIAN_POINT('',(-18.5,506.5,7.));
#1863 = SURFACE_CURVE('',#1864,(#1869,#1876),.PCURVE_S1.);
#1864 = ELLIPSE('',#1865,2.12132034356,1.5);
#1865 = AXIS2_PLACEMENT_3D('',#1866,#1867,#1868);
#1866 = CARTESIAN_POINT('',(-17.,508.,7.));
#1867 = DIRECTION('',(-0.707106781187,0.707106781187,0.));
#1868 = DIRECTION('',(-0.707106781187,-0.707106781187,0.));
#1869 = PCURVE('',#1519,#1870);
#1870 = DEFINITIONAL_REPRESENTATION('',(#1871),#1875);
#1871 = ELLIPSE('',#1872,2.12132034356,1.5);
#1872 = AXIS2_PLACEMENT_2D('',#1873,#1874);
#1873 = CARTESIAN_POINT('',(1.0007E+04,9.947674098192E+03));
#1874 = DIRECTION('',(0.,-1.));
#1875 = ( GEOMETRIC_REPRESENTATION_CONTEXT(2) 
PARAMETRIC_REPRESENTATION_CONTEXT() REPRESENTATION_CONTEXT('2D SPACE',''
  ) );
#1876 = PCURVE('',#1877,#1882);
#1877 = CYLINDRICAL_SURFACE('',#1878,1.5);
#1878 = AXIS2_PLACEMENT_3D('',#1879,#1880,#1881);
#1879 = CARTESIAN_POINT('',(-17.,-140.,7.));
#1880 = DIRECTION('',(0.,-1.,0.));
#1881 = DIRECTION('',(0.,0.,1.));
#1882 = DEFINITIONAL_REPRESENTATION('',(#1883),#1892);
#1883 = B_SPLINE_CURVE_WITH_KNOTS('',7,(#1884,#1885,#1886,#1887,#1888,
    #1889,#1890,#1891),.UNSPECIFIED.,.F.,.F.,(8,8),(-8.881784197001E-16,
    1.570796326795),.PIECEWISE_BEZIER_KNOTS.);
#1884 = CARTESIAN_POINT('',(1.570796326795,-646.5));
#1885 = CARTESIAN_POINT('',(1.346396851538,-646.5));
#1886 = CARTESIAN_POINT('',(1.121997376282,-646.5881230089));
#1887 = CARTESIAN_POINT('',(0.897597901026,-646.7643562429));
#1888 = CARTESIAN_POINT('',(0.673198425769,-647.0178797615));
#1889 = CARTESIAN_POINT('',(0.448798950513,-647.3268029409));
#1890 = CARTESIAN_POINT('',(0.224399475256,-647.6634007871));
#1891 = CARTESIAN_POINT('',(0.,-648.));
#1892 = ( GEOMETRIC_REPRESENTATION_CONTEXT(2) 
PARAMETRIC_REPRESENTATION_CONTEXT() REPRESENTATION_CONTEXT('2D SPACE',''
  ) );
#1893 = ORIENTED_EDGE('',*,*,#1894,.T.);
#1894 = EDGE_CURVE('',#1861,#1895,#1897,.T.);
#1895 = VERTEX_POINT('',#1896);
#1896 = CARTESIAN_POINT('',(-18.5,506.5,-7.));
#1897 = SURFACE_CURVE('',#1898,(#1902,#1908),.PCURVE_S1.);
#1898 = LINE('',#1899,#1900);
#1899 = CARTESIAN_POINT('',(-18.5,506.49999999999,-4.9965E+03));
#1900 = VECTOR('',#1901,1.);
#1901 = DIRECTION('',(0.,0.,-1.));
#1902 = PCURVE('',#1519,#1903);
#1903 = DEFINITIONAL_REPRESENTATION('',(#1904),#1907);
#1904 = B_SPLINE_CURVE_WITH_KNOTS('',1,(#1905,#1906),.UNSPECIFIED.,.F.,
  .F.,(2,2),(-5.0035E+03,-4.9895E+03),.PIECEWISE_BEZIER_KNOTS.);
#1905 = CARTESIAN_POINT('',(1.0007E+04,9.945552777849E+03));
#1906 = CARTESIAN_POINT('',(9.993E+03,9.945552777849E+03));
#1907 = ( GEOMETRIC_REPRESENTATION_CONTEXT(2) 
PARAMETRIC_REPRESENTATION_CONTEXT() REPRESENTATION_CONTEXT('2D SPACE',''
  ) );
#1908 = PCURVE('',#1909,#1914);
#1909 = PLANE('',#1910);
#1910 = AXIS2_PLACEMENT_3D('',#1911,#1912,#1913);
#1911 = CARTESIAN_POINT('',(-18.5,-140.,7.));
#1912 = DIRECTION('',(-1.,0.,0.));
#1913 = DIRECTION('',(0.,0.,-1.));
#1914 = DEFINITIONAL_REPRESENTATION('',(#1915),#1918);
#1915 = B_SPLINE_CURVE_WITH_KNOTS('',1,(#1916,#1917),.UNSPECIFIED.,.F.,
  .F.,(2,2),(-5.0035E+03,-4.9895E+03),.PIECEWISE_BEZIER_KNOTS.);
#1916 = CARTESIAN_POINT('',(0.,-646.4999999999));
#1917 = CARTESIAN_POINT('',(14.,-646.4999999999));
#1918 = ( GEOMETRIC_REPRESENTATION_CONTEXT(2) 
PARAMETRIC_REPRESENTATION_CONTEXT() REPRESENTATION_CONTEXT('2D SPACE',''
  ) );
#1919 = ORIENTED_EDGE('',*,*,#1920,.F.);
#1920 = EDGE_CURVE('',#1921,#1895,#1923,.T.);
#1921 = VERTEX_POINT('',#1922);
#1922 = CARTESIAN_POINT('',(-17.,508.,-8.5));
#1923 = SURFACE_CURVE('',#1924,(#1929,#1936),.PCURVE_S1.);
#1924 = ELLIPSE('',#1925,2.12132034356,1.5);
#1925 = AXIS2_PLACEMENT_3D('',#1926,#1927,#1928);
#1926 = CARTESIAN_POINT('',(-17.,508.,-7.));
#1927 = DIRECTION('',(-0.707106781187,0.707106781187,0.));
#1928 = DIRECTION('',(-0.707106781187,-0.707106781187,0.));
#1929 = PCURVE('',#1519,#1930);
#1930 = DEFINITIONAL_REPRESENTATION('',(#1931),#1935);
#1931 = ELLIPSE('',#1932,2.12132034356,1.5);
#1932 = AXIS2_PLACEMENT_2D('',#1933,#1934);
#1933 = CARTESIAN_POINT('',(9.993E+03,9.947674098192E+03));
#1934 = DIRECTION('',(0.,-1.));
#1935 = ( GEOMETRIC_REPRESENTATION_CONTEXT(2) 
PARAMETRIC_REPRESENTATION_CONTEXT() REPRESENTATION_CONTEXT('2D SPACE',''
  ) );
#1936 = PCURVE('',#1937,#1942);
#1937 = CYLINDRICAL_SURFACE('',#1938,1.5);
#1938 = AXIS2_PLACEMENT_3D('',#1939,#1940,#1941);
#1939 = CARTESIAN_POINT('',(-17.,-140.,-7.));
#1940 = DIRECTION('',(0.,-1.,0.));
#1941 = DIRECTION('',(-1.,0.,1.184237892934E-15));
#1942 = DEFINITIONAL_REPRESENTATION('',(#1943),#1952);
#1943 = B_SPLINE_CURVE_WITH_KNOTS('',7,(#1944,#1945,#1946,#1947,#1948,
    #1949,#1950,#1951),.UNSPECIFIED.,.F.,.F.,(8,8),(4.712388980385,
    6.28318530718),.PIECEWISE_BEZIER_KNOTS.);
#1944 = CARTESIAN_POINT('',(1.570796326795,-648.));
#1945 = CARTESIAN_POINT('',(1.346396851538,-647.6634007871));
#1946 = CARTESIAN_POINT('',(1.121997376282,-647.326802941));
#1947 = CARTESIAN_POINT('',(0.897597901026,-647.0178797612));
#1948 = CARTESIAN_POINT('',(0.67319842577,-646.7643562431));
#1949 = CARTESIAN_POINT('',(0.448798950513,-646.5881230089));
#1950 = CARTESIAN_POINT('',(0.224399475256,-646.5));
#1951 = CARTESIAN_POINT('',(5.921189464668E-16,-646.5));
#1952 = ( GEOMETRIC_REPRESENTATION_CONTEXT(2) 
PARAMETRIC_REPRESENTATION_CONTEXT() REPRESENTATION_CONTEXT('2D SPACE',''
  ) );
#1953 = ORIENTED_EDGE('',*,*,#1954,.T.);
#1954 = EDGE_CURVE('',#1921,#1955,#1957,.T.);
#1955 = VERTEX_POINT('',#1956);
#1956 = CARTESIAN_POINT('',(17.,541.99999999999,-8.5));
#1957 = SURFACE_CURVE('',#1958,(#1962,#1968),.PCURVE_S1.);
#1958 = LINE('',#1959,#1960);
#1959 = CARTESIAN_POINT('',(-3.696033905933E+03,-3.171033905933E+03,-8.5
    ));
#1960 = VECTOR('',#1961,1.);
#1961 = DIRECTION('',(0.707106781187,0.707106781187,0.));
#1962 = PCURVE('',#1519,#1963);
#1963 = DEFINITIONAL_REPRESENTATION('',(#1964),#1967);
#1964 = B_SPLINE_CURVE_WITH_KNOTS('',1,(#1965,#1966),.UNSPECIFIED.,.F.,
  .F.,(2,2),(5.202939646201E+03,5.251022907321E+03),
  .PIECEWISE_BEZIER_KNOTS.);
#1965 = CARTESIAN_POINT('',(9.9915E+03,9.947674098192E+03));
#1966 = CARTESIAN_POINT('',(9.9915E+03,9.995757359313E+03));
#1967 = ( GEOMETRIC_REPRESENTATION_CONTEXT(2) 
PARAMETRIC_REPRESENTATION_CONTEXT() REPRESENTATION_CONTEXT('2D SPACE',''
  ) );
#1968 = PCURVE('',#1969,#1974);
#1969 = PLANE('',#1970);
#1970 = AXIS2_PLACEMENT_3D('',#1971,#1972,#1973);
#1971 = CARTESIAN_POINT('',(-17.,-140.,-8.5));
#1972 = DIRECTION('',(0.,0.,-1.));
#1973 = DIRECTION('',(1.,0.,0.));
#1974 = DEFINITIONAL_REPRESENTATION('',(#1975),#1978);
#1975 = B_SPLINE_CURVE_WITH_KNOTS('',1,(#1976,#1977),.UNSPECIFIED.,.F.,
  .F.,(2,2),(5.202939646201E+03,5.251022907321E+03),
  .PIECEWISE_BEZIER_KNOTS.);
#1976 = CARTESIAN_POINT('',(-4.547473508865E-13,-648.));
#1977 = CARTESIAN_POINT('',(34.,-682.));
#1978 = ( GEOMETRIC_REPRESENTATION_CONTEXT(2) 
PARAMETRIC_REPRESENTATION_CONTEXT() REPRESENTATION_CONTEXT('2D SPACE',''
  ) );
#1979 = ORIENTED_EDGE('',*,*,#1980,.F.);
#1980 = EDGE_CURVE('',#1981,#1955,#1983,.T.);
#1981 = VERTEX_POINT('',#1982);
#1982 = CARTESIAN_POINT('',(18.5,543.5,-7.));
#1983 = SURFACE_CURVE('',#1984,(#1989,#1996),.PCURVE_S1.);
#1984 = ELLIPSE('',#1985,2.12132034356,1.5);
#1985 = AXIS2_PLACEMENT_3D('',#1986,#1987,#1988);
#1986 = CARTESIAN_POINT('',(17.,542.,-7.));
#1987 = DIRECTION('',(-0.707106781187,0.707106781187,0.));
#1988 = DIRECTION('',(-0.707106781187,-0.707106781187,0.));
#1989 = PCURVE('',#1519,#1990);
#1990 = DEFINITIONAL_REPRESENTATION('',(#1991),#1995);
#1991 = ELLIPSE('',#1992,2.12132034356,1.5);
#1992 = AXIS2_PLACEMENT_2D('',#1993,#1994);
#1993 = CARTESIAN_POINT('',(9.993E+03,9.995757359313E+03));
#1994 = DIRECTION('',(0.,-1.));
#1995 = ( GEOMETRIC_REPRESENTATION_CONTEXT(2) 
PARAMETRIC_REPRESENTATION_CONTEXT() REPRESENTATION_CONTEXT('2D SPACE',''
  ) );
#1996 = PCURVE('',#1997,#2002);
#1997 = CYLINDRICAL_SURFACE('',#1998,1.5);
#1998 = AXIS2_PLACEMENT_3D('',#1999,#2000,#2001);
#1999 = CARTESIAN_POINT('',(17.,-140.,-7.));
#2000 = DIRECTION('',(0.,-1.,0.));
#2001 = DIRECTION('',(0.,0.,-1.));
#2002 = DEFINITIONAL_REPRESENTATION('',(#2003),#2012);
#2003 = B_SPLINE_CURVE_WITH_KNOTS('',7,(#2004,#2005,#2006,#2007,#2008,
    #2009,#2010,#2011),.UNSPECIFIED.,.F.,.F.,(8,8),(3.14159265359,
    4.712388980385),.PIECEWISE_BEZIER_KNOTS.);
#2004 = CARTESIAN_POINT('',(1.570796326795,-683.5));
#2005 = CARTESIAN_POINT('',(1.346396851538,-683.5));
#2006 = CARTESIAN_POINT('',(1.121997376282,-683.4118769911));
#2007 = CARTESIAN_POINT('',(0.897597901026,-683.235643757));
#2008 = CARTESIAN_POINT('',(0.673198425769,-682.9821202388));
#2009 = CARTESIAN_POINT('',(0.448798950513,-682.6731970588));
#2010 = CARTESIAN_POINT('',(0.224399475256,-682.3365992128));
#2011 = CARTESIAN_POINT('',(0.,-682.));
#2012 = ( GEOMETRIC_REPRESENTATION_CONTEXT(2) 
PARAMETRIC_REPRESENTATION_CONTEXT() REPRESENTATION_CONTEXT('2D SPACE',''
  ) );
#2013 = ORIENTED_EDGE('',*,*,#2014,.T.);
#2014 = EDGE_CURVE('',#1981,#1801,#2015,.T.);
#2015 = SURFACE_CURVE('',#2016,(#2020,#2026),.PCURVE_S1.);
#2016 = LINE('',#2017,#2018);
#2017 = CARTESIAN_POINT('',(18.5,543.49999999999,-5.0035E+03));
#2018 = VECTOR('',#2019,1.);
#2019 = DIRECTION('',(0.,-0.,1.));
#2020 = PCURVE('',#1519,#2021);
#2021 = DEFINITIONAL_REPRESENTATION('',(#2022),#2025);
#2022 = B_SPLINE_CURVE_WITH_KNOTS('',1,(#2023,#2024),.UNSPECIFIED.,.F.,
  .F.,(2,2),(4.9965E+03,5.0105E+03),.PIECEWISE_BEZIER_KNOTS.);
#2023 = CARTESIAN_POINT('',(9.993E+03,9.997878679656E+03));
#2024 = CARTESIAN_POINT('',(1.0007E+04,9.997878679656E+03));
#2025 = ( GEOMETRIC_REPRESENTATION_CONTEXT(2) 
PARAMETRIC_REPRESENTATION_CONTEXT() REPRESENTATION_CONTEXT('2D SPACE',''
  ) );
#2026 = PCURVE('',#2027,#2032);
#2027 = PLANE('',#2028);
#2028 = AXIS2_PLACEMENT_3D('',#2029,#2030,#2031);
#2029 = CARTESIAN_POINT('',(18.5,-140.,-7.));
#2030 = DIRECTION('',(1.,0.,0.));
#2031 = DIRECTION('',(0.,0.,1.));
#2032 = DEFINITIONAL_REPRESENTATION('',(#2033),#2036);
#2033 = B_SPLINE_CURVE_WITH_KNOTS('',1,(#2034,#2035),.UNSPECIFIED.,.F.,
  .F.,(2,2),(4.9965E+03,5.0105E+03),.PIECEWISE_BEZIER_KNOTS.);
#2034 = CARTESIAN_POINT('',(0.,-683.4999999999));
#2035 = CARTESIAN_POINT('',(14.,-683.4999999999));
#2036 = ( GEOMETRIC_REPRESENTATION_CONTEXT(2) 
PARAMETRIC_REPRESENTATION_CONTEXT() REPRESENTATION_CONTEXT('2D SPACE',''
  ) );
#2037 = ADVANCED_FACE('',(#2038),#1494,.T.);
#2038 = FACE_BOUND('',#2039,.T.);
#2039 = EDGE_LOOP('',(#2040,#2070,#2091,#2092));
#2040 = ORIENTED_EDGE('',*,*,#2041,.F.);
#2041 = EDGE_CURVE('',#2042,#1453,#2044,.T.);
#2042 = VERTEX_POINT('',#2043);
#2043 = CARTESIAN_POINT('',(17.,3.,-10.));
#2044 = SURFACE_CURVE('',#2045,(#2050,#2063),.PCURVE_S1.);
#2045 = ELLIPSE('',#2046,4.242640687119,3.);
#2046 = AXIS2_PLACEMENT_3D('',#2047,#2048,#2049);
#2047 = CARTESIAN_POINT('',(17.,3.,-7.));
#2048 = DIRECTION('',(-0.707106781187,-0.707106781187,0.));
#2049 = DIRECTION('',(0.707106781187,-0.707106781187,0.));
#2050 = PCURVE('',#1494,#2051);
#2051 = DEFINITIONAL_REPRESENTATION('',(#2052),#2062);
#2052 = B_SPLINE_CURVE_WITH_KNOTS('',8,(#2053,#2054,#2055,#2056,#2057,
    #2058,#2059,#2060,#2061),.UNSPECIFIED.,.F.,.F.,(9,9),(4.712388980385
    ,6.28318530718),.PIECEWISE_BEZIER_KNOTS.);
#2053 = CARTESIAN_POINT('',(0.,-143.));
#2054 = CARTESIAN_POINT('',(0.196349540849,-142.4109513774));
#2055 = CARTESIAN_POINT('',(0.392699081698,-141.8219026149));
#2056 = CARTESIAN_POINT('',(0.589048622547,-141.2674602165));
#2057 = CARTESIAN_POINT('',(0.785398163397,-140.7822237475));
#2058 = CARTESIAN_POINT('',(0.981747704246,-140.3965458611));
#2059 = CARTESIAN_POINT('',(1.178097245096,-140.1321823279));
#2060 = CARTESIAN_POINT('',(1.374446785946,-140.));
#2061 = CARTESIAN_POINT('',(1.570796326795,-140.));
#2062 = ( GEOMETRIC_REPRESENTATION_CONTEXT(2) 
PARAMETRIC_REPRESENTATION_CONTEXT() REPRESENTATION_CONTEXT('2D SPACE',''
  ) );
#2063 = PCURVE('',#1467,#2064);
#2064 = DEFINITIONAL_REPRESENTATION('',(#2065),#2069);
#2065 = ELLIPSE('',#2066,4.242640687119,3.);
#2066 = AXIS2_PLACEMENT_2D('',#2067,#2068);
#2067 = CARTESIAN_POINT('',(1.0007E+04,9.995757359313E+03));
#2068 = DIRECTION('',(0.,1.));
#2069 = ( GEOMETRIC_REPRESENTATION_CONTEXT(2) 
PARAMETRIC_REPRESENTATION_CONTEXT() REPRESENTATION_CONTEXT('2D SPACE',''
  ) );
#2070 = ORIENTED_EDGE('',*,*,#2071,.T.);
#2071 = EDGE_CURVE('',#2042,#1625,#2072,.T.);
#2072 = SURFACE_CURVE('',#2073,(#2077,#2084),.PCURVE_S1.);
#2073 = LINE('',#2074,#2075);
#2074 = CARTESIAN_POINT('',(17.,-140.,-10.));
#2075 = VECTOR('',#2076,1.);
#2076 = DIRECTION('',(0.,1.,0.));
#2077 = PCURVE('',#1494,#2078);
#2078 = DEFINITIONAL_REPRESENTATION('',(#2079),#2083);
#2079 = LINE('',#2080,#2081);
#2080 = CARTESIAN_POINT('',(0.,0.));
#2081 = VECTOR('',#2082,1.);
#2082 = DIRECTION('',(0.,-1.));
#2083 = ( GEOMETRIC_REPRESENTATION_CONTEXT(2) 
PARAMETRIC_REPRESENTATION_CONTEXT() REPRESENTATION_CONTEXT('2D SPACE',''
  ) );
#2084 = PCURVE('',#1669,#2085);
#2085 = DEFINITIONAL_REPRESENTATION('',(#2086),#2090);
#2086 = LINE('',#2087,#2088);
#2087 = CARTESIAN_POINT('',(34.,0.));
#2088 = VECTOR('',#2089,1.);
#2089 = DIRECTION('',(0.,-1.));
#2090 = ( GEOMETRIC_REPRESENTATION_CONTEXT(2) 
PARAMETRIC_REPRESENTATION_CONTEXT() REPRESENTATION_CONTEXT('2D SPACE',''
  ) );
#2091 = ORIENTED_EDGE('',*,*,#1624,.F.);
#2092 = ORIENTED_EDGE('',*,*,#1478,.F.);
#2093 = ADVANCED_FACE('',(#2094,#2220),#1467,.T.);
#2094 = FACE_BOUND('',#2095,.T.);
#2095 = EDGE_LOOP('',(#2096,#2097,#2098,#2119,#2149,#2170,#2200,#2219));
#2096 = ORIENTED_EDGE('',*,*,#1452,.F.);
#2097 = ORIENTED_EDGE('',*,*,#1533,.T.);
#2098 = ORIENTED_EDGE('',*,*,#2099,.F.);
#2099 = EDGE_CURVE('',#2100,#1534,#2102,.T.);
#2100 = VERTEX_POINT('',#2101);
#2101 = CARTESIAN_POINT('',(-17.,37.000000000001,10.));
#2102 = SURFACE_CURVE('',#2103,(#2107,#2113),.PCURVE_S1.);
#2103 = LINE('',#2104,#2105);
#2104 = CARTESIAN_POINT('',(-3.481283905933E+03,3.501283905933E+03,10.)
  );
#2105 = VECTOR('',#2106,1.);
#2106 = DIRECTION('',(0.707106781187,-0.707106781187,-0.));
#2107 = PCURVE('',#1467,#2108);
#2108 = DEFINITIONAL_REPRESENTATION('',(#2109),#2112);
#2109 = B_SPLINE_CURVE_WITH_KNOTS('',1,(#2110,#2111),.UNSPECIFIED.,.F.,
  .F.,(2,2),(4.899237283681E+03,4.947320544802E+03),
  .PIECEWISE_BEZIER_KNOTS.);
#2110 = CARTESIAN_POINT('',(9.99E+03,9.947674098192E+03));
#2111 = CARTESIAN_POINT('',(9.99E+03,9.995757359313E+03));
#2112 = ( GEOMETRIC_REPRESENTATION_CONTEXT(2) 
PARAMETRIC_REPRESENTATION_CONTEXT() REPRESENTATION_CONTEXT('2D SPACE',''
  ) );
#2113 = PCURVE('',#1608,#2114);
#2114 = DEFINITIONAL_REPRESENTATION('',(#2115),#2118);
#2115 = B_SPLINE_CURVE_WITH_KNOTS('',1,(#2116,#2117),.UNSPECIFIED.,.F.,
  .F.,(2,2),(4.899237283681E+03,4.947320544802E+03),
  .PIECEWISE_BEZIER_KNOTS.);
#2116 = CARTESIAN_POINT('',(34.,-177.));
#2117 = CARTESIAN_POINT('',(-4.547473508865E-13,-143.));
#2118 = ( GEOMETRIC_REPRESENTATION_CONTEXT(2) 
PARAMETRIC_REPRESENTATION_CONTEXT() REPRESENTATION_CONTEXT('2D SPACE',''
  ) );
#2119 = ORIENTED_EDGE('',*,*,#2120,.T.);
#2120 = EDGE_CURVE('',#2100,#2121,#2123,.T.);
#2121 = VERTEX_POINT('',#2122);
#2122 = CARTESIAN_POINT('',(-20.,40.,7.));
#2123 = SURFACE_CURVE('',#2124,(#2129,#2136),.PCURVE_S1.);
#2124 = ELLIPSE('',#2125,4.242640687119,3.);
#2125 = AXIS2_PLACEMENT_3D('',#2126,#2127,#2128);
#2126 = CARTESIAN_POINT('',(-17.,37.,7.));
#2127 = DIRECTION('',(-0.707106781187,-0.707106781187,0.));
#2128 = DIRECTION('',(0.707106781187,-0.707106781187,0.));
#2129 = PCURVE('',#1467,#2130);
#2130 = DEFINITIONAL_REPRESENTATION('',(#2131),#2135);
#2131 = ELLIPSE('',#2132,4.242640687119,3.);
#2132 = AXIS2_PLACEMENT_2D('',#2133,#2134);
#2133 = CARTESIAN_POINT('',(9.993E+03,9.947674098192E+03));
#2134 = DIRECTION('',(0.,1.));
#2135 = ( GEOMETRIC_REPRESENTATION_CONTEXT(2) 
PARAMETRIC_REPRESENTATION_CONTEXT() REPRESENTATION_CONTEXT('2D SPACE',''
  ) );
#2136 = PCURVE('',#1758,#2137);
#2137 = DEFINITIONAL_REPRESENTATION('',(#2138),#2148);
#2138 = B_SPLINE_CURVE_WITH_KNOTS('',8,(#2139,#2140,#2141,#2142,#2143,
    #2144,#2145,#2146,#2147),.UNSPECIFIED.,.F.,.F.,(9,9),(1.570796326795
    ,3.14159265359),.PIECEWISE_BEZIER_KNOTS.);
#2139 = CARTESIAN_POINT('',(0.,-177.));
#2140 = CARTESIAN_POINT('',(0.196349540849,-177.5890486225));
#2141 = CARTESIAN_POINT('',(0.392699081698,-178.1780973847));
#2142 = CARTESIAN_POINT('',(0.589048622548,-178.732539784));
#2143 = CARTESIAN_POINT('',(0.785398163394,-179.2177762511));
#2144 = CARTESIAN_POINT('',(0.981747704247,-179.6034541392));
#2145 = CARTESIAN_POINT('',(1.178097245096,-179.8678176717));
#2146 = CARTESIAN_POINT('',(1.374446785946,-180.));
#2147 = CARTESIAN_POINT('',(1.570796326795,-180.));
#2148 = ( GEOMETRIC_REPRESENTATION_CONTEXT(2) 
PARAMETRIC_REPRESENTATION_CONTEXT() REPRESENTATION_CONTEXT('2D SPACE',''
  ) );
#2149 = ORIENTED_EDGE('',*,*,#2150,.F.);
#2150 = EDGE_CURVE('',#2151,#2121,#2153,.T.);
#2151 = VERTEX_POINT('',#2152);
#2152 = CARTESIAN_POINT('',(-20.,40.,-7.));
#2153 = SURFACE_CURVE('',#2154,(#2158,#2164),.PCURVE_S1.);
#2154 = LINE('',#2155,#2156);
#2155 = CARTESIAN_POINT('',(-20.,40.,5.0035E+03));
#2156 = VECTOR('',#2157,1.);
#2157 = DIRECTION('',(0.,0.,1.));
#2158 = PCURVE('',#1467,#2159);
#2159 = DEFINITIONAL_REPRESENTATION('',(#2160),#2163);
#2160 = B_SPLINE_CURVE_WITH_KNOTS('',1,(#2161,#2162),.UNSPECIFIED.,.F.,
  .F.,(2,2),(-5.0105E+03,-4.9965E+03),.PIECEWISE_BEZIER_KNOTS.);
#2161 = CARTESIAN_POINT('',(1.0007E+04,9.943431457505E+03));
#2162 = CARTESIAN_POINT('',(9.993E+03,9.943431457505E+03));
#2163 = ( GEOMETRIC_REPRESENTATION_CONTEXT(2) 
PARAMETRIC_REPRESENTATION_CONTEXT() REPRESENTATION_CONTEXT('2D SPACE',''
  ) );
#2164 = PCURVE('',#1730,#2165);
#2165 = DEFINITIONAL_REPRESENTATION('',(#2166),#2169);
#2166 = B_SPLINE_CURVE_WITH_KNOTS('',1,(#2167,#2168),.UNSPECIFIED.,.F.,
  .F.,(2,2),(-5.0105E+03,-4.9965E+03),.PIECEWISE_BEZIER_KNOTS.);
#2167 = CARTESIAN_POINT('',(14.,-180.));
#2168 = CARTESIAN_POINT('',(0.,-180.));
#2169 = ( GEOMETRIC_REPRESENTATION_CONTEXT(2) 
PARAMETRIC_REPRESENTATION_CONTEXT() REPRESENTATION_CONTEXT('2D SPACE',''
  ) );
#2170 = ORIENTED_EDGE('',*,*,#2171,.T.);
#2171 = EDGE_CURVE('',#2151,#2172,#2174,.T.);
#2172 = VERTEX_POINT('',#2173);
#2173 = CARTESIAN_POINT('',(-17.,37.000000000001,-10.));
#2174 = SURFACE_CURVE('',#2175,(#2180,#2187),.PCURVE_S1.);
#2175 = ELLIPSE('',#2176,4.242640687119,3.);
#2176 = AXIS2_PLACEMENT_3D('',#2177,#2178,#2179);
#2177 = CARTESIAN_POINT('',(-17.,37.,-7.));
#2178 = DIRECTION('',(-0.707106781187,-0.707106781187,0.));
#2179 = DIRECTION('',(0.707106781187,-0.707106781187,0.));
#2180 = PCURVE('',#1467,#2181);
#2181 = DEFINITIONAL_REPRESENTATION('',(#2182),#2186);
#2182 = ELLIPSE('',#2183,4.242640687119,3.);
#2183 = AXIS2_PLACEMENT_2D('',#2184,#2185);
#2184 = CARTESIAN_POINT('',(1.0007E+04,9.947674098192E+03));
#2185 = DIRECTION('',(0.,1.));
#2186 = ( GEOMETRIC_REPRESENTATION_CONTEXT(2) 
PARAMETRIC_REPRESENTATION_CONTEXT() REPRESENTATION_CONTEXT('2D SPACE',''
  ) );
#2187 = PCURVE('',#1697,#2188);
#2188 = DEFINITIONAL_REPRESENTATION('',(#2189),#2199);
#2189 = B_SPLINE_CURVE_WITH_KNOTS('',8,(#2190,#2191,#2192,#2193,#2194,
    #2195,#2196,#2197,#2198),.UNSPECIFIED.,.F.,.F.,(9,9),(3.14159265359,
    4.712388980385),.PIECEWISE_BEZIER_KNOTS.);
#2190 = CARTESIAN_POINT('',(0.,-180.));
#2191 = CARTESIAN_POINT('',(0.196349540849,-180.));
#2192 = CARTESIAN_POINT('',(0.392699081698,-179.8678176721));
#2193 = CARTESIAN_POINT('',(0.589048622549,-179.6034541381));
#2194 = CARTESIAN_POINT('',(0.785398163392,-179.2177762527));
#2195 = CARTESIAN_POINT('',(0.981747704247,-178.7325397827));
#2196 = CARTESIAN_POINT('',(1.178097245095,-178.178097385));
#2197 = CARTESIAN_POINT('',(1.374446785946,-177.5890486225));
#2198 = CARTESIAN_POINT('',(1.570796326795,-177.));
#2199 = ( GEOMETRIC_REPRESENTATION_CONTEXT(2) 
PARAMETRIC_REPRESENTATION_CONTEXT() REPRESENTATION_CONTEXT('2D SPACE',''
  ) );
#2200 = ORIENTED_EDGE('',*,*,#2201,.F.);
#2201 = EDGE_CURVE('',#2042,#2172,#2202,.T.);
#2202 = SURFACE_CURVE('',#2203,(#2207,#2213),.PCURVE_S1.);
#2203 = LINE('',#2204,#2205);
#2204 = CARTESIAN_POINT('',(-3.489783905933E+03,3.509783905933E+03,-10.)
  );
#2205 = VECTOR('',#2206,1.);
#2206 = DIRECTION('',(-0.707106781187,0.707106781187,0.));
#2207 = PCURVE('',#1467,#2208);
#2208 = DEFINITIONAL_REPRESENTATION('',(#2209),#2212);
#2209 = B_SPLINE_CURVE_WITH_KNOTS('',1,(#2210,#2211),.UNSPECIFIED.,.F.,
  .F.,(2,2),(-4.959341360082E+03,-4.911258098961E+03),
  .PIECEWISE_BEZIER_KNOTS.);
#2210 = CARTESIAN_POINT('',(1.001E+04,9.995757359313E+03));
#2211 = CARTESIAN_POINT('',(1.001E+04,9.947674098192E+03));
#2212 = ( GEOMETRIC_REPRESENTATION_CONTEXT(2) 
PARAMETRIC_REPRESENTATION_CONTEXT() REPRESENTATION_CONTEXT('2D SPACE',''
  ) );
#2213 = PCURVE('',#1669,#2214);
#2214 = DEFINITIONAL_REPRESENTATION('',(#2215),#2218);
#2215 = B_SPLINE_CURVE_WITH_KNOTS('',1,(#2216,#2217),.UNSPECIFIED.,.F.,
  .F.,(2,2),(-4.959341360082E+03,-4.911258098961E+03),
  .PIECEWISE_BEZIER_KNOTS.);
#2216 = CARTESIAN_POINT('',(34.,-143.));
#2217 = CARTESIAN_POINT('',(0.,-177.));
#2218 = ( GEOMETRIC_REPRESENTATION_CONTEXT(2) 
PARAMETRIC_REPRESENTATION_CONTEXT() REPRESENTATION_CONTEXT('2D SPACE',''
  ) );
#2219 = ORIENTED_EDGE('',*,*,#2041,.T.);
#2220 = FACE_BOUND('',#2221,.T.);
#2221 = EDGE_LOOP('',(#2222,#2253,#2274,#2303,#2324,#2353,#2374,#2403));
#2222 = ORIENTED_EDGE('',*,*,#2223,.F.);
#2223 = EDGE_CURVE('',#2224,#2226,#2228,.T.);
#2224 = VERTEX_POINT('',#2225);
#2225 = CARTESIAN_POINT('',(18.5,1.5,7.));
#2226 = VERTEX_POINT('',#2227);
#2227 = CARTESIAN_POINT('',(17.,3.,8.5));
#2228 = SURFACE_CURVE('',#2229,(#2234,#2241),.PCURVE_S1.);
#2229 = ELLIPSE('',#2230,2.12132034356,1.5);
#2230 = AXIS2_PLACEMENT_3D('',#2231,#2232,#2233);
#2231 = CARTESIAN_POINT('',(17.,3.,7.));
#2232 = DIRECTION('',(-0.707106781187,-0.707106781187,0.));
#2233 = DIRECTION('',(0.707106781187,-0.707106781187,0.));
#2234 = PCURVE('',#1467,#2235);
#2235 = DEFINITIONAL_REPRESENTATION('',(#2236),#2240);
#2236 = ELLIPSE('',#2237,2.12132034356,1.5);
#2237 = AXIS2_PLACEMENT_2D('',#2238,#2239);
#2238 = CARTESIAN_POINT('',(9.993E+03,9.995757359313E+03));
#2239 = DIRECTION('',(0.,1.));
#2240 = ( GEOMETRIC_REPRESENTATION_CONTEXT(2) 
PARAMETRIC_REPRESENTATION_CONTEXT() REPRESENTATION_CONTEXT('2D SPACE',''
  ) );
#2241 = PCURVE('',#1817,#2242);
#2242 = DEFINITIONAL_REPRESENTATION('',(#2243),#2252);
#2243 = B_SPLINE_CURVE_WITH_KNOTS('',7,(#2244,#2245,#2246,#2247,#2248,
    #2249,#2250,#2251),.UNSPECIFIED.,.F.,.F.,(8,8),(-8.881784197001E-16,
    1.570796326795),.PIECEWISE_BEZIER_KNOTS.);
#2244 = CARTESIAN_POINT('',(5.921189464668E-16,-141.5));
#2245 = CARTESIAN_POINT('',(0.224399475256,-141.5));
#2246 = CARTESIAN_POINT('',(0.448798950513,-141.5881230089));
#2247 = CARTESIAN_POINT('',(0.673198425769,-141.764356243));
#2248 = CARTESIAN_POINT('',(0.897597901026,-142.0178797613));
#2249 = CARTESIAN_POINT('',(1.121997376282,-142.326802941));
#2250 = CARTESIAN_POINT('',(1.346396851538,-142.6634007871));
#2251 = CARTESIAN_POINT('',(1.570796326795,-143.));
#2252 = ( GEOMETRIC_REPRESENTATION_CONTEXT(2) 
PARAMETRIC_REPRESENTATION_CONTEXT() REPRESENTATION_CONTEXT('2D SPACE',''
  ) );
#2253 = ORIENTED_EDGE('',*,*,#2254,.T.);
#2254 = EDGE_CURVE('',#2224,#2255,#2257,.T.);
#2255 = VERTEX_POINT('',#2256);
#2256 = CARTESIAN_POINT('',(18.5,1.5,-7.));
#2257 = SURFACE_CURVE('',#2258,(#2262,#2268),.PCURVE_S1.);
#2258 = LINE('',#2259,#2260);
#2259 = CARTESIAN_POINT('',(18.5,1.5,4.9965E+03));
#2260 = VECTOR('',#2261,1.);
#2261 = DIRECTION('',(0.,-0.,-1.));
#2262 = PCURVE('',#1467,#2263);
#2263 = DEFINITIONAL_REPRESENTATION('',(#2264),#2267);
#2264 = B_SPLINE_CURVE_WITH_KNOTS('',1,(#2265,#2266),.UNSPECIFIED.,.F.,
  .F.,(2,2),(4.9895E+03,5.0035E+03),.PIECEWISE_BEZIER_KNOTS.);
#2265 = CARTESIAN_POINT('',(9.993E+03,9.997878679656E+03));
#2266 = CARTESIAN_POINT('',(1.0007E+04,9.997878679656E+03));
#2267 = ( GEOMETRIC_REPRESENTATION_CONTEXT(2) 
PARAMETRIC_REPRESENTATION_CONTEXT() REPRESENTATION_CONTEXT('2D SPACE',''
  ) );
#2268 = PCURVE('',#2027,#2269);
#2269 = DEFINITIONAL_REPRESENTATION('',(#2270),#2273);
#2270 = B_SPLINE_CURVE_WITH_KNOTS('',1,(#2271,#2272),.UNSPECIFIED.,.F.,
  .F.,(2,2),(4.9895E+03,5.0035E+03),.PIECEWISE_BEZIER_KNOTS.);
#2271 = CARTESIAN_POINT('',(14.,-141.5));
#2272 = CARTESIAN_POINT('',(0.,-141.5));
#2273 = ( GEOMETRIC_REPRESENTATION_CONTEXT(2) 
PARAMETRIC_REPRESENTATION_CONTEXT() REPRESENTATION_CONTEXT('2D SPACE',''
  ) );
#2274 = ORIENTED_EDGE('',*,*,#2275,.F.);
#2275 = EDGE_CURVE('',#2276,#2255,#2278,.T.);
#2276 = VERTEX_POINT('',#2277);
#2277 = CARTESIAN_POINT('',(17.,3.,-8.5));
#2278 = SURFACE_CURVE('',#2279,(#2284,#2291),.PCURVE_S1.);
#2279 = ELLIPSE('',#2280,2.12132034356,1.5);
#2280 = AXIS2_PLACEMENT_3D('',#2281,#2282,#2283);
#2281 = CARTESIAN_POINT('',(17.,3.,-7.));
#2282 = DIRECTION('',(-0.707106781187,-0.707106781187,0.));
#2283 = DIRECTION('',(0.707106781187,-0.707106781187,0.));
#2284 = PCURVE('',#1467,#2285);
#2285 = DEFINITIONAL_REPRESENTATION('',(#2286),#2290);
#2286 = ELLIPSE('',#2287,2.12132034356,1.5);
#2287 = AXIS2_PLACEMENT_2D('',#2288,#2289);
#2288 = CARTESIAN_POINT('',(1.0007E+04,9.995757359313E+03));
#2289 = DIRECTION('',(0.,1.));
#2290 = ( GEOMETRIC_REPRESENTATION_CONTEXT(2) 
PARAMETRIC_REPRESENTATION_CONTEXT() REPRESENTATION_CONTEXT('2D SPACE',''
  ) );
#2291 = PCURVE('',#1997,#2292);
#2292 = DEFINITIONAL_REPRESENTATION('',(#2293),#2302);
#2293 = B_SPLINE_CURVE_WITH_KNOTS('',7,(#2294,#2295,#2296,#2297,#2298,
    #2299,#2300,#2301),.UNSPECIFIED.,.F.,.F.,(8,8),(4.712388980385,
    6.28318530718),.PIECEWISE_BEZIER_KNOTS.);
#2294 = CARTESIAN_POINT('',(0.,-143.));
#2295 = CARTESIAN_POINT('',(0.224399475256,-142.6634007871));
#2296 = CARTESIAN_POINT('',(0.448798950513,-142.326802941));
#2297 = CARTESIAN_POINT('',(0.673198425769,-142.0178797613));
#2298 = CARTESIAN_POINT('',(0.897597901026,-141.764356243));
#2299 = CARTESIAN_POINT('',(1.121997376282,-141.5881230089));
#2300 = CARTESIAN_POINT('',(1.346396851538,-141.5));
#2301 = CARTESIAN_POINT('',(1.570796326795,-141.5));
#2302 = ( GEOMETRIC_REPRESENTATION_CONTEXT(2) 
PARAMETRIC_REPRESENTATION_CONTEXT() REPRESENTATION_CONTEXT('2D SPACE',''
  ) );
#2303 = ORIENTED_EDGE('',*,*,#2304,.T.);
#2304 = EDGE_CURVE('',#2276,#2305,#2307,.T.);
#2305 = VERTEX_POINT('',#2306);
#2306 = CARTESIAN_POINT('',(-17.,37.000000000001,-8.5));
#2307 = SURFACE_CURVE('',#2308,(#2312,#2318),.PCURVE_S1.);
#2308 = LINE('',#2309,#2310);
#2309 = CARTESIAN_POINT('',(-3.489783905933E+03,3.509783905933E+03,-8.5)
  );
#2310 = VECTOR('',#2311,1.);
#2311 = DIRECTION('',(-0.707106781187,0.707106781187,0.));
#2312 = PCURVE('',#1467,#2313);
#2313 = DEFINITIONAL_REPRESENTATION('',(#2314),#2317);
#2314 = B_SPLINE_CURVE_WITH_KNOTS('',1,(#2315,#2316),.UNSPECIFIED.,.F.,
  .F.,(2,2),(-4.959341360082E+03,-4.911258098961E+03),
  .PIECEWISE_BEZIER_KNOTS.);
#2315 = CARTESIAN_POINT('',(1.00085E+04,9.995757359313E+03));
#2316 = CARTESIAN_POINT('',(1.00085E+04,9.947674098192E+03));
#2317 = ( GEOMETRIC_REPRESENTATION_CONTEXT(2) 
PARAMETRIC_REPRESENTATION_CONTEXT() REPRESENTATION_CONTEXT('2D SPACE',''
  ) );
#2318 = PCURVE('',#1969,#2319);
#2319 = DEFINITIONAL_REPRESENTATION('',(#2320),#2323);
#2320 = B_SPLINE_CURVE_WITH_KNOTS('',1,(#2321,#2322),.UNSPECIFIED.,.F.,
  .F.,(2,2),(-4.959341360082E+03,-4.911258098961E+03),
  .PIECEWISE_BEZIER_KNOTS.);
#2321 = CARTESIAN_POINT('',(34.,-143.));
#2322 = CARTESIAN_POINT('',(0.,-177.));
#2323 = ( GEOMETRIC_REPRESENTATION_CONTEXT(2) 
PARAMETRIC_REPRESENTATION_CONTEXT() REPRESENTATION_CONTEXT('2D SPACE',''
  ) );
#2324 = ORIENTED_EDGE('',*,*,#2325,.F.);
#2325 = EDGE_CURVE('',#2326,#2305,#2328,.T.);
#2326 = VERTEX_POINT('',#2327);
#2327 = CARTESIAN_POINT('',(-18.5,38.5,-7.));
#2328 = SURFACE_CURVE('',#2329,(#2334,#2341),.PCURVE_S1.);
#2329 = ELLIPSE('',#2330,2.12132034356,1.5);
#2330 = AXIS2_PLACEMENT_3D('',#2331,#2332,#2333);
#2331 = CARTESIAN_POINT('',(-17.,37.,-7.));
#2332 = DIRECTION('',(-0.707106781187,-0.707106781187,0.));
#2333 = DIRECTION('',(0.707106781187,-0.707106781187,0.));
#2334 = PCURVE('',#1467,#2335);
#2335 = DEFINITIONAL_REPRESENTATION('',(#2336),#2340);
#2336 = ELLIPSE('',#2337,2.12132034356,1.5);
#2337 = AXIS2_PLACEMENT_2D('',#2338,#2339);
#2338 = CARTESIAN_POINT('',(1.0007E+04,9.947674098192E+03));
#2339 = DIRECTION('',(0.,1.));
#2340 = ( GEOMETRIC_REPRESENTATION_CONTEXT(2) 
PARAMETRIC_REPRESENTATION_CONTEXT() REPRESENTATION_CONTEXT('2D SPACE',''
  ) );
#2341 = PCURVE('',#1937,#2342);
#2342 = DEFINITIONAL_REPRESENTATION('',(#2343),#2352);
#2343 = B_SPLINE_CURVE_WITH_KNOTS('',7,(#2344,#2345,#2346,#2347,#2348,
    #2349,#2350,#2351),.UNSPECIFIED.,.F.,.F.,(8,8),(3.14159265359,
    4.712388980385),.PIECEWISE_BEZIER_KNOTS.);
#2344 = CARTESIAN_POINT('',(0.,-178.5));
#2345 = CARTESIAN_POINT('',(0.224399475256,-178.5));
#2346 = CARTESIAN_POINT('',(0.448798950513,-178.4118769911));
#2347 = CARTESIAN_POINT('',(0.673198425769,-178.2356437568));
#2348 = CARTESIAN_POINT('',(0.897597901026,-177.9821202387));
#2349 = CARTESIAN_POINT('',(1.121997376282,-177.6731970589));
#2350 = CARTESIAN_POINT('',(1.346396851538,-177.3365992128));
#2351 = CARTESIAN_POINT('',(1.570796326795,-177.));
#2352 = ( GEOMETRIC_REPRESENTATION_CONTEXT(2) 
PARAMETRIC_REPRESENTATION_CONTEXT() REPRESENTATION_CONTEXT('2D SPACE',''
  ) );
#2353 = ORIENTED_EDGE('',*,*,#2354,.T.);
#2354 = EDGE_CURVE('',#2326,#2355,#2357,.T.);
#2355 = VERTEX_POINT('',#2356);
#2356 = CARTESIAN_POINT('',(-18.5,38.5,7.));
#2357 = SURFACE_CURVE('',#2358,(#2362,#2368),.PCURVE_S1.);
#2358 = LINE('',#2359,#2360);
#2359 = CARTESIAN_POINT('',(-18.5,38.5,5.0035E+03));
#2360 = VECTOR('',#2361,1.);
#2361 = DIRECTION('',(0.,0.,1.));
#2362 = PCURVE('',#1467,#2363);
#2363 = DEFINITIONAL_REPRESENTATION('',(#2364),#2367);
#2364 = B_SPLINE_CURVE_WITH_KNOTS('',1,(#2365,#2366),.UNSPECIFIED.,.F.,
  .F.,(2,2),(-5.0105E+03,-4.9965E+03),.PIECEWISE_BEZIER_KNOTS.);
#2365 = CARTESIAN_POINT('',(1.0007E+04,9.945552777849E+03));
#2366 = CARTESIAN_POINT('',(9.993E+03,9.945552777849E+03));
#2367 = ( GEOMETRIC_REPRESENTATION_CONTEXT(2) 
PARAMETRIC_REPRESENTATION_CONTEXT() REPRESENTATION_CONTEXT('2D SPACE',''
  ) );
#2368 = PCURVE('',#1909,#2369);
#2369 = DEFINITIONAL_REPRESENTATION('',(#2370),#2373);
#2370 = B_SPLINE_CURVE_WITH_KNOTS('',1,(#2371,#2372),.UNSPECIFIED.,.F.,
  .F.,(2,2),(-5.0105E+03,-4.9965E+03),.PIECEWISE_BEZIER_KNOTS.);
#2371 = CARTESIAN_POINT('',(14.,-178.5));
#2372 = CARTESIAN_POINT('',(0.,-178.5));
#2373 = ( GEOMETRIC_REPRESENTATION_CONTEXT(2) 
PARAMETRIC_REPRESENTATION_CONTEXT() REPRESENTATION_CONTEXT('2D SPACE',''
  ) );
#2374 = ORIENTED_EDGE('',*,*,#2375,.F.);
#2375 = EDGE_CURVE('',#2376,#2355,#2378,.T.);
#2376 = VERTEX_POINT('',#2377);
#2377 = CARTESIAN_POINT('',(-17.,37.000000000001,8.5));
#2378 = SURFACE_CURVE('',#2379,(#2384,#2391),.PCURVE_S1.);
#2379 = ELLIPSE('',#2380,2.12132034356,1.5);
#2380 = AXIS2_PLACEMENT_3D('',#2381,#2382,#2383);
#2381 = CARTESIAN_POINT('',(-17.,37.,7.));
#2382 = DIRECTION('',(-0.707106781187,-0.707106781187,0.));
#2383 = DIRECTION('',(0.707106781187,-0.707106781187,0.));
#2384 = PCURVE('',#1467,#2385);
#2385 = DEFINITIONAL_REPRESENTATION('',(#2386),#2390);
#2386 = ELLIPSE('',#2387,2.12132034356,1.5);
#2387 = AXIS2_PLACEMENT_2D('',#2388,#2389);
#2388 = CARTESIAN_POINT('',(9.993E+03,9.947674098192E+03));
#2389 = DIRECTION('',(0.,1.));
#2390 = ( GEOMETRIC_REPRESENTATION_CONTEXT(2) 
PARAMETRIC_REPRESENTATION_CONTEXT() REPRESENTATION_CONTEXT('2D SPACE',''
  ) );
#2391 = PCURVE('',#1877,#2392);
#2392 = DEFINITIONAL_REPRESENTATION('',(#2393),#2402);
#2393 = B_SPLINE_CURVE_WITH_KNOTS('',7,(#2394,#2395,#2396,#2397,#2398,
    #2399,#2400,#2401),.UNSPECIFIED.,.F.,.F.,(8,8),(1.570796326795,
    3.14159265359),.PIECEWISE_BEZIER_KNOTS.);
#2394 = CARTESIAN_POINT('',(0.,-177.));
#2395 = CARTESIAN_POINT('',(0.224399475256,-177.3365992128));
#2396 = CARTESIAN_POINT('',(0.448798950513,-177.6731970589));
#2397 = CARTESIAN_POINT('',(0.67319842577,-177.9821202387));
#2398 = CARTESIAN_POINT('',(0.897597901026,-178.2356437569));
#2399 = CARTESIAN_POINT('',(1.121997376282,-178.4118769911));
#2400 = CARTESIAN_POINT('',(1.346396851538,-178.5));
#2401 = CARTESIAN_POINT('',(1.570796326795,-178.5));
#2402 = ( GEOMETRIC_REPRESENTATION_CONTEXT(2) 
PARAMETRIC_REPRESENTATION_CONTEXT() REPRESENTATION_CONTEXT('2D SPACE',''
  ) );
#2403 = ORIENTED_EDGE('',*,*,#2404,.T.);
#2404 = EDGE_CURVE('',#2376,#2226,#2405,.T.);
#2405 = SURFACE_CURVE('',#2406,(#2410,#2416),.PCURVE_S1.);
#2406 = LINE('',#2407,#2408);
#2407 = CARTESIAN_POINT('',(-3.481283905933E+03,3.501283905933E+03,8.5)
  );
#2408 = VECTOR('',#2409,1.);
#2409 = DIRECTION('',(0.707106781187,-0.707106781187,-0.));
#2410 = PCURVE('',#1467,#2411);
#2411 = DEFINITIONAL_REPRESENTATION('',(#2412),#2415);
#2412 = B_SPLINE_CURVE_WITH_KNOTS('',1,(#2413,#2414),.UNSPECIFIED.,.F.,
  .F.,(2,2),(4.899237283681E+03,4.947320544802E+03),
  .PIECEWISE_BEZIER_KNOTS.);
#2413 = CARTESIAN_POINT('',(9.9915E+03,9.947674098192E+03));
#2414 = CARTESIAN_POINT('',(9.9915E+03,9.995757359313E+03));
#2415 = ( GEOMETRIC_REPRESENTATION_CONTEXT(2) 
PARAMETRIC_REPRESENTATION_CONTEXT() REPRESENTATION_CONTEXT('2D SPACE',''
  ) );
#2416 = PCURVE('',#1849,#2417);
#2417 = DEFINITIONAL_REPRESENTATION('',(#2418),#2421);
#2418 = B_SPLINE_CURVE_WITH_KNOTS('',1,(#2419,#2420),.UNSPECIFIED.,.F.,
  .F.,(2,2),(4.899237283681E+03,4.947320544802E+03),
  .PIECEWISE_BEZIER_KNOTS.);
#2419 = CARTESIAN_POINT('',(34.,-177.));
#2420 = CARTESIAN_POINT('',(-4.547473508865E-13,-143.));
#2421 = ( GEOMETRIC_REPRESENTATION_CONTEXT(2) 
PARAMETRIC_REPRESENTATION_CONTEXT() REPRESENTATION_CONTEXT('2D SPACE',''
  ) );
#2422 = ADVANCED_FACE('',(#2423),#1608,.T.);
#2423 = FACE_BOUND('',#2424,.T.);
#2424 = EDGE_LOOP('',(#2425,#2446,#2447,#2448));
#2425 = ORIENTED_EDGE('',*,*,#2426,.F.);
#2426 = EDGE_CURVE('',#2100,#1742,#2427,.T.);
#2427 = SURFACE_CURVE('',#2428,(#2432,#2439),.PCURVE_S1.);
#2428 = LINE('',#2429,#2430);
#2429 = CARTESIAN_POINT('',(-17.,-140.,10.));
#2430 = VECTOR('',#2431,1.);
#2431 = DIRECTION('',(0.,1.,0.));
#2432 = PCURVE('',#1608,#2433);
#2433 = DEFINITIONAL_REPRESENTATION('',(#2434),#2438);
#2434 = LINE('',#2435,#2436);
#2435 = CARTESIAN_POINT('',(34.,0.));
#2436 = VECTOR('',#2437,1.);
#2437 = DIRECTION('',(0.,-1.));
#2438 = ( GEOMETRIC_REPRESENTATION_CONTEXT(2) 
PARAMETRIC_REPRESENTATION_CONTEXT() REPRESENTATION_CONTEXT('2D SPACE',''
  ) );
#2439 = PCURVE('',#1758,#2440);
#2440 = DEFINITIONAL_REPRESENTATION('',(#2441),#2445);
#2441 = LINE('',#2442,#2443);
#2442 = CARTESIAN_POINT('',(0.,0.));
#2443 = VECTOR('',#2444,1.);
#2444 = DIRECTION('',(0.,-1.));
#2445 = ( GEOMETRIC_REPRESENTATION_CONTEXT(2) 
PARAMETRIC_REPRESENTATION_CONTEXT() REPRESENTATION_CONTEXT('2D SPACE',''
  ) );
#2446 = ORIENTED_EDGE('',*,*,#2099,.T.);
#2447 = ORIENTED_EDGE('',*,*,#1594,.T.);
#2448 = ORIENTED_EDGE('',*,*,#1776,.T.);
#2449 = ADVANCED_FACE('',(#2450),#1758,.T.);
#2450 = FACE_BOUND('',#2451,.T.);
#2451 = EDGE_LOOP('',(#2452,#2453,#2454,#2455));
#2452 = ORIENTED_EDGE('',*,*,#2120,.F.);
#2453 = ORIENTED_EDGE('',*,*,#2426,.T.);
#2454 = ORIENTED_EDGE('',*,*,#1741,.F.);
#2455 = ORIENTED_EDGE('',*,*,#2456,.F.);
#2456 = EDGE_CURVE('',#2121,#1716,#2457,.T.);
#2457 = SURFACE_CURVE('',#2458,(#2462,#2469),.PCURVE_S1.);
#2458 = LINE('',#2459,#2460);
#2459 = CARTESIAN_POINT('',(-20.,-140.,7.));
#2460 = VECTOR('',#2461,1.);
#2461 = DIRECTION('',(0.,1.,0.));
#2462 = PCURVE('',#1758,#2463);
#2463 = DEFINITIONAL_REPRESENTATION('',(#2464),#2468);
#2464 = LINE('',#2465,#2466);
#2465 = CARTESIAN_POINT('',(1.570796326795,0.));
#2466 = VECTOR('',#2467,1.);
#2467 = DIRECTION('',(0.,-1.));
#2468 = ( GEOMETRIC_REPRESENTATION_CONTEXT(2) 
PARAMETRIC_REPRESENTATION_CONTEXT() REPRESENTATION_CONTEXT('2D SPACE',''
  ) );
#2469 = PCURVE('',#1730,#2470);
#2470 = DEFINITIONAL_REPRESENTATION('',(#2471),#2475);
#2471 = LINE('',#2472,#2473);
#2472 = CARTESIAN_POINT('',(0.,-0.));
#2473 = VECTOR('',#2474,1.);
#2474 = DIRECTION('',(0.,-1.));
#2475 = ( GEOMETRIC_REPRESENTATION_CONTEXT(2) 
PARAMETRIC_REPRESENTATION_CONTEXT() REPRESENTATION_CONTEXT('2D SPACE',''
  ) );
#2476 = ADVANCED_FACE('',(#2477),#1730,.T.);
#2477 = FACE_BOUND('',#2478,.T.);
#2478 = EDGE_LOOP('',(#2479,#2500,#2501,#2502));
#2479 = ORIENTED_EDGE('',*,*,#2480,.F.);
#2480 = EDGE_CURVE('',#2151,#1681,#2481,.T.);
#2481 = SURFACE_CURVE('',#2482,(#2486,#2493),.PCURVE_S1.);
#2482 = LINE('',#2483,#2484);
#2483 = CARTESIAN_POINT('',(-20.,-140.,-7.));
#2484 = VECTOR('',#2485,1.);
#2485 = DIRECTION('',(0.,1.,0.));
#2486 = PCURVE('',#1730,#2487);
#2487 = DEFINITIONAL_REPRESENTATION('',(#2488),#2492);
#2488 = LINE('',#2489,#2490);
#2489 = CARTESIAN_POINT('',(14.,0.));
#2490 = VECTOR('',#2491,1.);
#2491 = DIRECTION('',(0.,-1.));
#2492 = ( GEOMETRIC_REPRESENTATION_CONTEXT(2) 
PARAMETRIC_REPRESENTATION_CONTEXT() REPRESENTATION_CONTEXT('2D SPACE',''
  ) );
#2493 = PCURVE('',#1697,#2494);
#2494 = DEFINITIONAL_REPRESENTATION('',(#2495),#2499);
#2495 = LINE('',#2496,#2497);
#2496 = CARTESIAN_POINT('',(0.,0.));
#2497 = VECTOR('',#2498,1.);
#2498 = DIRECTION('',(0.,-1.));
#2499 = ( GEOMETRIC_REPRESENTATION_CONTEXT(2) 
PARAMETRIC_REPRESENTATION_CONTEXT() REPRESENTATION_CONTEXT('2D SPACE',''
  ) );
#2500 = ORIENTED_EDGE('',*,*,#2150,.T.);
#2501 = ORIENTED_EDGE('',*,*,#2456,.T.);
#2502 = ORIENTED_EDGE('',*,*,#1715,.T.);
#2503 = ADVANCED_FACE('',(#2504),#1697,.T.);
#2504 = FACE_BOUND('',#2505,.T.);
#2505 = EDGE_LOOP('',(#2506,#2507,#2508,#2509));
#2506 = ORIENTED_EDGE('',*,*,#2171,.F.);
#2507 = ORIENTED_EDGE('',*,*,#2480,.T.);
#2508 = ORIENTED_EDGE('',*,*,#1680,.F.);
#2509 = ORIENTED_EDGE('',*,*,#2510,.F.);
#2510 = EDGE_CURVE('',#2172,#1655,#2511,.T.);
#2511 = SURFACE_CURVE('',#2512,(#2516,#2523),.PCURVE_S1.);
#2512 = LINE('',#2513,#2514);
#2513 = CARTESIAN_POINT('',(-17.,-140.,-10.));
#2514 = VECTOR('',#2515,1.);
#2515 = DIRECTION('',(0.,1.,0.));
#2516 = PCURVE('',#1697,#2517);
#2517 = DEFINITIONAL_REPRESENTATION('',(#2518),#2522);
#2518 = LINE('',#2519,#2520);
#2519 = CARTESIAN_POINT('',(1.570796326795,0.));
#2520 = VECTOR('',#2521,1.);
#2521 = DIRECTION('',(0.,-1.));
#2522 = ( GEOMETRIC_REPRESENTATION_CONTEXT(2) 
PARAMETRIC_REPRESENTATION_CONTEXT() REPRESENTATION_CONTEXT('2D SPACE',''
  ) );
#2523 = PCURVE('',#1669,#2524);
#2524 = DEFINITIONAL_REPRESENTATION('',(#2525),#2529);
#2525 = LINE('',#2526,#2527);
#2526 = CARTESIAN_POINT('',(0.,0.));
#2527 = VECTOR('',#2528,1.);
#2528 = DIRECTION('',(0.,-1.));
#2529 = ( GEOMETRIC_REPRESENTATION_CONTEXT(2) 
PARAMETRIC_REPRESENTATION_CONTEXT() REPRESENTATION_CONTEXT('2D SPACE',''
  ) );
#2530 = ADVANCED_FACE('',(#2531),#1669,.T.);
#2531 = FACE_BOUND('',#2532,.T.);
#2532 = EDGE_LOOP('',(#2533,#2534,#2535,#2536));
#2533 = ORIENTED_EDGE('',*,*,#2071,.F.);
#2534 = ORIENTED_EDGE('',*,*,#2201,.T.);
#2535 = ORIENTED_EDGE('',*,*,#2510,.T.);
#2536 = ORIENTED_EDGE('',*,*,#1654,.T.);
#2537 = ADVANCED_FACE('',(#2538),#1817,.F.);
#2538 = FACE_BOUND('',#2539,.F.);
#2539 = EDGE_LOOP('',(#2540,#2541,#2562,#2563));
#2540 = ORIENTED_EDGE('',*,*,#2223,.F.);
#2541 = ORIENTED_EDGE('',*,*,#2542,.T.);
#2542 = EDGE_CURVE('',#2224,#1801,#2543,.T.);
#2543 = SURFACE_CURVE('',#2544,(#2548,#2555),.PCURVE_S1.);
#2544 = LINE('',#2545,#2546);
#2545 = CARTESIAN_POINT('',(18.5,-140.,7.));
#2546 = VECTOR('',#2547,1.);
#2547 = DIRECTION('',(0.,1.,0.));
#2548 = PCURVE('',#1817,#2549);
#2549 = DEFINITIONAL_REPRESENTATION('',(#2550),#2554);
#2550 = LINE('',#2551,#2552);
#2551 = CARTESIAN_POINT('',(0.,0.));
#2552 = VECTOR('',#2553,1.);
#2553 = DIRECTION('',(0.,-1.));
#2554 = ( GEOMETRIC_REPRESENTATION_CONTEXT(2) 
PARAMETRIC_REPRESENTATION_CONTEXT() REPRESENTATION_CONTEXT('2D SPACE',''
  ) );
#2555 = PCURVE('',#2027,#2556);
#2556 = DEFINITIONAL_REPRESENTATION('',(#2557),#2561);
#2557 = LINE('',#2558,#2559);
#2558 = CARTESIAN_POINT('',(14.,0.));
#2559 = VECTOR('',#2560,1.);
#2560 = DIRECTION('',(0.,-1.));
#2561 = ( GEOMETRIC_REPRESENTATION_CONTEXT(2) 
PARAMETRIC_REPRESENTATION_CONTEXT() REPRESENTATION_CONTEXT('2D SPACE',''
  ) );
#2562 = ORIENTED_EDGE('',*,*,#1798,.F.);
#2563 = ORIENTED_EDGE('',*,*,#2564,.F.);
#2564 = EDGE_CURVE('',#2226,#1799,#2565,.T.);
#2565 = SURFACE_CURVE('',#2566,(#2570,#2577),.PCURVE_S1.);
#2566 = LINE('',#2567,#2568);
#2567 = CARTESIAN_POINT('',(17.,-140.,8.5));
#2568 = VECTOR('',#2569,1.);
#2569 = DIRECTION('',(0.,1.,0.));
#2570 = PCURVE('',#1817,#2571);
#2571 = DEFINITIONAL_REPRESENTATION('',(#2572),#2576);
#2572 = LINE('',#2573,#2574);
#2573 = CARTESIAN_POINT('',(1.570796326795,0.));
#2574 = VECTOR('',#2575,1.);
#2575 = DIRECTION('',(0.,-1.));
#2576 = ( GEOMETRIC_REPRESENTATION_CONTEXT(2) 
PARAMETRIC_REPRESENTATION_CONTEXT() REPRESENTATION_CONTEXT('2D SPACE',''
  ) );
#2577 = PCURVE('',#1849,#2578);
#2578 = DEFINITIONAL_REPRESENTATION('',(#2579),#2583);
#2579 = LINE('',#2580,#2581);
#2580 = CARTESIAN_POINT('',(0.,0.));
#2581 = VECTOR('',#2582,1.);
#2582 = DIRECTION('',(0.,-1.));
#2583 = ( GEOMETRIC_REPRESENTATION_CONTEXT(2) 
PARAMETRIC_REPRESENTATION_CONTEXT() REPRESENTATION_CONTEXT('2D SPACE',''
  ) );
#2584 = ADVANCED_FACE('',(#2585),#2027,.F.);
#2585 = FACE_BOUND('',#2586,.F.);
#2586 = EDGE_LOOP('',(#2587,#2588,#2589,#2610));
#2587 = ORIENTED_EDGE('',*,*,#2542,.F.);
#2588 = ORIENTED_EDGE('',*,*,#2254,.T.);
#2589 = ORIENTED_EDGE('',*,*,#2590,.T.);
#2590 = EDGE_CURVE('',#2255,#1981,#2591,.T.);
#2591 = SURFACE_CURVE('',#2592,(#2596,#2603),.PCURVE_S1.);
#2592 = LINE('',#2593,#2594);
#2593 = CARTESIAN_POINT('',(18.5,-140.,-7.));
#2594 = VECTOR('',#2595,1.);
#2595 = DIRECTION('',(0.,1.,0.));
#2596 = PCURVE('',#2027,#2597);
#2597 = DEFINITIONAL_REPRESENTATION('',(#2598),#2602);
#2598 = LINE('',#2599,#2600);
#2599 = CARTESIAN_POINT('',(0.,0.));
#2600 = VECTOR('',#2601,1.);
#2601 = DIRECTION('',(0.,-1.));
#2602 = ( GEOMETRIC_REPRESENTATION_CONTEXT(2) 
PARAMETRIC_REPRESENTATION_CONTEXT() REPRESENTATION_CONTEXT('2D SPACE',''
  ) );
#2603 = PCURVE('',#1997,#2604);
#2604 = DEFINITIONAL_REPRESENTATION('',(#2605),#2609);
#2605 = LINE('',#2606,#2607);
#2606 = CARTESIAN_POINT('',(1.570796326795,0.));
#2607 = VECTOR('',#2608,1.);
#2608 = DIRECTION('',(0.,-1.));
#2609 = ( GEOMETRIC_REPRESENTATION_CONTEXT(2) 
PARAMETRIC_REPRESENTATION_CONTEXT() REPRESENTATION_CONTEXT('2D SPACE',''
  ) );
#2610 = ORIENTED_EDGE('',*,*,#2014,.T.);
#2611 = ADVANCED_FACE('',(#2612),#1997,.F.);
#2612 = FACE_BOUND('',#2613,.F.);
#2613 = EDGE_LOOP('',(#2614,#2615,#2636,#2637));
#2614 = ORIENTED_EDGE('',*,*,#2275,.F.);
#2615 = ORIENTED_EDGE('',*,*,#2616,.T.);
#2616 = EDGE_CURVE('',#2276,#1955,#2617,.T.);
#2617 = SURFACE_CURVE('',#2618,(#2622,#2629),.PCURVE_S1.);
#2618 = LINE('',#2619,#2620);
#2619 = CARTESIAN_POINT('',(17.,-140.,-8.5));
#2620 = VECTOR('',#2621,1.);
#2621 = DIRECTION('',(0.,1.,0.));
#2622 = PCURVE('',#1997,#2623);
#2623 = DEFINITIONAL_REPRESENTATION('',(#2624),#2628);
#2624 = LINE('',#2625,#2626);
#2625 = CARTESIAN_POINT('',(0.,0.));
#2626 = VECTOR('',#2627,1.);
#2627 = DIRECTION('',(0.,-1.));
#2628 = ( GEOMETRIC_REPRESENTATION_CONTEXT(2) 
PARAMETRIC_REPRESENTATION_CONTEXT() REPRESENTATION_CONTEXT('2D SPACE',''
  ) );
#2629 = PCURVE('',#1969,#2630);
#2630 = DEFINITIONAL_REPRESENTATION('',(#2631),#2635);
#2631 = LINE('',#2632,#2633);
#2632 = CARTESIAN_POINT('',(34.,0.));
#2633 = VECTOR('',#2634,1.);
#2634 = DIRECTION('',(0.,-1.));
#2635 = ( GEOMETRIC_REPRESENTATION_CONTEXT(2) 
PARAMETRIC_REPRESENTATION_CONTEXT() REPRESENTATION_CONTEXT('2D SPACE',''
  ) );
#2636 = ORIENTED_EDGE('',*,*,#1980,.F.);
#2637 = ORIENTED_EDGE('',*,*,#2590,.F.);
#2638 = ADVANCED_FACE('',(#2639),#1969,.F.);
#2639 = FACE_BOUND('',#2640,.F.);
#2640 = EDGE_LOOP('',(#2641,#2642,#2643,#2664));
#2641 = ORIENTED_EDGE('',*,*,#2616,.F.);
#2642 = ORIENTED_EDGE('',*,*,#2304,.T.);
#2643 = ORIENTED_EDGE('',*,*,#2644,.T.);
#2644 = EDGE_CURVE('',#2305,#1921,#2645,.T.);
#2645 = SURFACE_CURVE('',#2646,(#2650,#2657),.PCURVE_S1.);
#2646 = LINE('',#2647,#2648);
#2647 = CARTESIAN_POINT('',(-17.,-140.,-8.5));
#2648 = VECTOR('',#2649,1.);
#2649 = DIRECTION('',(0.,1.,0.));
#2650 = PCURVE('',#1969,#2651);
#2651 = DEFINITIONAL_REPRESENTATION('',(#2652),#2656);
#2652 = LINE('',#2653,#2654);
#2653 = CARTESIAN_POINT('',(0.,0.));
#2654 = VECTOR('',#2655,1.);
#2655 = DIRECTION('',(0.,-1.));
#2656 = ( GEOMETRIC_REPRESENTATION_CONTEXT(2) 
PARAMETRIC_REPRESENTATION_CONTEXT() REPRESENTATION_CONTEXT('2D SPACE',''
  ) );
#2657 = PCURVE('',#1937,#2658);
#2658 = DEFINITIONAL_REPRESENTATION('',(#2659),#2663);
#2659 = LINE('',#2660,#2661);
#2660 = CARTESIAN_POINT('',(1.570796326795,0.));
#2661 = VECTOR('',#2662,1.);
#2662 = DIRECTION('',(0.,-1.));
#2663 = ( GEOMETRIC_REPRESENTATION_CONTEXT(2) 
PARAMETRIC_REPRESENTATION_CONTEXT() REPRESENTATION_CONTEXT('2D SPACE',''
  ) );
#2664 = ORIENTED_EDGE('',*,*,#1954,.T.);
#2665 = ADVANCED_FACE('',(#2666),#1937,.F.);
#2666 = FACE_BOUND('',#2667,.F.);
#2667 = EDGE_LOOP('',(#2668,#2669,#2690,#2691));
#2668 = ORIENTED_EDGE('',*,*,#2325,.F.);
#2669 = ORIENTED_EDGE('',*,*,#2670,.T.);
#2670 = EDGE_CURVE('',#2326,#1895,#2671,.T.);
#2671 = SURFACE_CURVE('',#2672,(#2676,#2683),.PCURVE_S1.);
#2672 = LINE('',#2673,#2674);
#2673 = CARTESIAN_POINT('',(-18.5,-140.,-7.));
#2674 = VECTOR('',#2675,1.);
#2675 = DIRECTION('',(0.,1.,0.));
#2676 = PCURVE('',#1937,#2677);
#2677 = DEFINITIONAL_REPRESENTATION('',(#2678),#2682);
#2678 = LINE('',#2679,#2680);
#2679 = CARTESIAN_POINT('',(0.,0.));
#2680 = VECTOR('',#2681,1.);
#2681 = DIRECTION('',(0.,-1.));
#2682 = ( GEOMETRIC_REPRESENTATION_CONTEXT(2) 
PARAMETRIC_REPRESENTATION_CONTEXT() REPRESENTATION_CONTEXT('2D SPACE',''
  ) );
#2683 = PCURVE('',#1909,#2684);
#2684 = DEFINITIONAL_REPRESENTATION('',(#2685),#2689);
#2685 = LINE('',#2686,#2687);
#2686 = CARTESIAN_POINT('',(14.,0.));
#2687 = VECTOR('',#2688,1.);
#2688 = DIRECTION('',(0.,-1.));
#2689 = ( GEOMETRIC_REPRESENTATION_CONTEXT(2) 
PARAMETRIC_REPRESENTATION_CONTEXT() REPRESENTATION_CONTEXT('2D SPACE',''
  ) );
#2690 = ORIENTED_EDGE('',*,*,#1920,.F.);
#2691 = ORIENTED_EDGE('',*,*,#2644,.F.);
#2692 = ADVANCED_FACE('',(#2693),#1909,.F.);
#2693 = FACE_BOUND('',#2694,.F.);
#2694 = EDGE_LOOP('',(#2695,#2696,#2697,#2718));
#2695 = ORIENTED_EDGE('',*,*,#2670,.F.);
#2696 = ORIENTED_EDGE('',*,*,#2354,.T.);
#2697 = ORIENTED_EDGE('',*,*,#2698,.T.);
#2698 = EDGE_CURVE('',#2355,#1861,#2699,.T.);
#2699 = SURFACE_CURVE('',#2700,(#2704,#2711),.PCURVE_S1.);
#2700 = LINE('',#2701,#2702);
#2701 = CARTESIAN_POINT('',(-18.5,-140.,7.));
#2702 = VECTOR('',#2703,1.);
#2703 = DIRECTION('',(0.,1.,0.));
#2704 = PCURVE('',#1909,#2705);
#2705 = DEFINITIONAL_REPRESENTATION('',(#2706),#2710);
#2706 = LINE('',#2707,#2708);
#2707 = CARTESIAN_POINT('',(0.,-0.));
#2708 = VECTOR('',#2709,1.);
#2709 = DIRECTION('',(0.,-1.));
#2710 = ( GEOMETRIC_REPRESENTATION_CONTEXT(2) 
PARAMETRIC_REPRESENTATION_CONTEXT() REPRESENTATION_CONTEXT('2D SPACE',''
  ) );
#2711 = PCURVE('',#1877,#2712);
#2712 = DEFINITIONAL_REPRESENTATION('',(#2713),#2717);
#2713 = LINE('',#2714,#2715);
#2714 = CARTESIAN_POINT('',(1.570796326795,0.));
#2715 = VECTOR('',#2716,1.);
#2716 = DIRECTION('',(0.,-1.));
#2717 = ( GEOMETRIC_REPRESENTATION_CONTEXT(2) 
PARAMETRIC_REPRESENTATION_CONTEXT() REPRESENTATION_CONTEXT('2D SPACE',''
  ) );
#2718 = ORIENTED_EDGE('',*,*,#1894,.T.);
#2719 = ADVANCED_FACE('',(#2720),#1877,.F.);
#2720 = FACE_BOUND('',#2721,.F.);
#2721 = EDGE_LOOP('',(#2722,#2723,#2744,#2745));
#2722 = ORIENTED_EDGE('',*,*,#2375,.F.);
#2723 = ORIENTED_EDGE('',*,*,#2724,.T.);
#2724 = EDGE_CURVE('',#2376,#1835,#2725,.T.);
#2725 = SURFACE_CURVE('',#2726,(#2730,#2737),.PCURVE_S1.);
#2726 = LINE('',#2727,#2728);
#2727 = CARTESIAN_POINT('',(-17.,-140.,8.5));
#2728 = VECTOR('',#2729,1.);
#2729 = DIRECTION('',(0.,1.,0.));
#2730 = PCURVE('',#1877,#2731);
#2731 = DEFINITIONAL_REPRESENTATION('',(#2732),#2736);
#2732 = LINE('',#2733,#2734);
#2733 = CARTESIAN_POINT('',(0.,0.));
#2734 = VECTOR('',#2735,1.);
#2735 = DIRECTION('',(0.,-1.));
#2736 = ( GEOMETRIC_REPRESENTATION_CONTEXT(2) 
PARAMETRIC_REPRESENTATION_CONTEXT() REPRESENTATION_CONTEXT('2D SPACE',''
  ) );
#2737 = PCURVE('',#1849,#2738);
#2738 = DEFINITIONAL_REPRESENTATION('',(#2739),#2743);
#2739 = LINE('',#2740,#2741);
#2740 = CARTESIAN_POINT('',(34.,0.));
#2741 = VECTOR('',#2742,1.);
#2742 = DIRECTION('',(0.,-1.));
#2743 = ( GEOMETRIC_REPRESENTATION_CONTEXT(2) 
PARAMETRIC_REPRESENTATION_CONTEXT() REPRESENTATION_CONTEXT('2D SPACE',''
  ) );
#2744 = ORIENTED_EDGE('',*,*,#1860,.F.);
#2745 = ORIENTED_EDGE('',*,*,#2698,.F.);
#2746 = ADVANCED_FACE('',(#2747),#1849,.F.);
#2747 = FACE_BOUND('',#2748,.F.);
#2748 = EDGE_LOOP('',(#2749,#2750,#2751,#2752));
#2749 = ORIENTED_EDGE('',*,*,#2724,.F.);
#2750 = ORIENTED_EDGE('',*,*,#2404,.T.);
#2751 = ORIENTED_EDGE('',*,*,#2564,.T.);
#2752 = ORIENTED_EDGE('',*,*,#1834,.T.);
#2753 = ( GEOMETRIC_REPRESENTATION_CONTEXT(3) 
GLOBAL_UNCERTAINTY_ASSIGNED_CONTEXT((#2757)) 
GLOBAL_UNIT_ASSIGNED_CONTEXT((#2754,#2755,#2756)) REPRESENTATION_CONTEXT
('Context #1','3D Context with UNIT and UNCERTAINTY') );
#2754 = ( LENGTH_UNIT() NAMED_UNIT(*) SI_UNIT(.MILLI.,.METRE.) );
#2755 = ( NAMED_UNIT(*) PLANE_ANGLE_UNIT() SI_UNIT($,.RADIAN.) );
#2756 = ( NAMED_UNIT(*) SI_UNIT($,.STERADIAN.) SOLID_ANGLE_UNIT() );
#2757 = UNCERTAINTY_MEASURE_WITH_UNIT(LENGTH_MEASURE(2.E-07),#2754,
  'distance_accuracy_value','confusion accuracy');
#2758 = CONTEXT_DEPENDENT_SHAPE_REPRESENTATION(#2759,#2761);
#2759 = ( REPRESENTATION_RELATIONSHIP('','',#1410,#10) 
REPRESENTATION_RELATIONSHIP_WITH_TRANSFORMATION(#2760) 
SHAPE_REPRESENTATION_RELATIONSHIP() );
#2760 = ITEM_DEFINED_TRANSFORMATION('','',#11,#23);
#2761 = PRODUCT_DEFINITION_SHAPE('Placement','Placement of an item',
  #2762);
#2762 = NEXT_ASSEMBLY_USAGE_OCCURRENCE('3','\X2\0414043504420430043B044C\X0\ 2 - \X2\043B04350432043E\X0\',
  '',#5,#1405,$);
#2763 = PRODUCT_RELATED_PRODUCT_CATEGORY('part',$,(#1407));
#2764 = CONTEXT_DEPENDENT_SHAPE_REPRESENTATION(#2765,#2767);
#2765 = ( REPRESENTATION_RELATIONSHIP('','',#1410,#10) 
REPRESENTATION_RELATIONSHIP_WITH_TRANSFORMATION(#2766) 
SHAPE_REPRESENTATION_RELATIONSHIP() );
#2766 = ITEM_DEFINED_TRANSFORMATION('','',#11,#27);
#2767 = PRODUCT_DEFINITION_SHAPE('Placement','Placement of an item',
  #2768);
#2768 = NEXT_ASSEMBLY_USAGE_OCCURRENCE('4','\X2\0414043504420430043B044C\X0\ 2 - \X2\043F044004300432043E\X0\'
  ,'',#5,#1405,$);
ENDSEC;
END-ISO-10303-21;
