                                                                        S0000001
,,31HOpen CASCADE IGES processor 8.0,13HFilename.iges,                  G0000001
16HOpen CASCADE 8.0,31HOpen CASCADE IGES processor 8.0,32,308,15,308,15,G0000002
,1.,2,2HMM,1,0.01,15H20261008.064912,1.22222E-07,1800.,4Hroot,,11,0,    G0000003
15H20261008.064912,;                                                    G0000004
     402       1       0       0       0       0       0       000000000D0000001
     402       0       0       2       1                               0D0000002
     144       3       0       0       0       0       0       000020000D0000003
     144       0       0       1       0                               0D0000004
     108       4       0       0       0       0       0       000010000D0000005
     108       0       0       1       0                               0D0000006
     142       5       0       0       0       0       0       000010500D0000007
     142       0       0       1       0                               0D0000008
     102       6       0       0       0       0       0       000010000D0000009
     102       0       0       1       0                               0D0000010
     110       7       0       0       0       0       0       000010000D0000011
     110       0       0       1       0                               0D0000012
     110       8       0       0       0       0       0       000010000D0000013
     110       0       0       1       0                               0D0000014
     110       9       0       0       0       0       0       000010000D0000015
     110       0       0       1       0                               0D0000016
     110      10       0       0       0       0       0       000010000D0000017
     110       0       0       1       0                               0D0000018
     144      11       0       0       0       0       0       000020000D0000019
     144       0       0       1       0                               0D0000020
     120      12       0       0       0       0      23       000010000D0000021
     120       0       0       1       0                               0D0000022
     124      13       0       0       0       0       0       000000000D0000023
     124       0       0       1       0                               0D0000024
     110      14       0       0       0       0       0       000010000D0000025
     110       0       0       1       0                               0D0000026
     110      15       0       0       0       0       0       000010000D0000027
     110       0       0       1       0                               0D0000028
     142      16       0       0       0       0       0       000010500D0000029
     142       0       0       1       0                               0D0000030
     102      17       0       0       0       0       0       000010000D0000031
     102       0       0       1       0                               0D0000032
     110      18       0       0       0       0       0       000010000D0000033
     110       0       0       1       0                               0D0000034
     110      19       0       0       0       0       0       000010000D0000035
     110       0       0       1       0                               0D0000036
     110      20       0       0       0       0       0       000010000D0000037
     110       0       0       1       0                               0D0000038
     110      21       0       0       0       0       0       000010000D0000039
     110       0       0       1       0                               0D0000040
     102      22       0       0       0       0       0       000010000D0000041
     102       0       0       1       0                               0D0000042
     100      23       0       0       0       0      45       000010000D0000043
     100       0       0       1       0                               0D0000044
     124      24       0       0       0       0       0       000000000D0000045
     124       0       0       1       0                               0D0000046
     110      25       0       0       0       0       0       000010000D0000047
     110       0       0       1       0                               0D0000048
     100      26       0       0       0       0      51       000010000D0000049
     100       0       0       1       0                               0D0000050
     124      27       0       0       0       0       0       000000000D0000051
     124       0       0       1       0                               0D0000052
     110      28       0       0       0       0       0       000010000D0000053
     110       0       0       1       0                               0D0000054
     144      29       0       0       0       0       0       000020000D0000055
     144       0       0       1       0                               0D0000056
     108      30       0       0       0       0       0       000010000D0000057
     108       0       0       1       0                               0D0000058
     142      31       0       0       0       0       0       000010500D0000059
     142       0       0       1       0                               0D0000060
     102      32       0       0       0       0       0       000010000D0000061
     102       0       0       1       0                               0D0000062
     110      33       0       0       0       0       0       000010000D0000063
     110       0       0       1       0                               0D0000064
     100      34       0       0       0       0      67       000010000D0000065
     100       0       0       1       0                               0D0000066
     124      35       0       0       0       0       0       000000000D0000067
     124       0       0       2       0                               0D0000068
     110      37       0       0       0       0       0       000010000D0000069
     110       0       0       1       0                               0D0000070
     100      38       0       0       0       0      73       000010000D0000071
     100       0       0       1       0                               0D0000072
     124      39       0       0       0       0       0       000000000D0000073
     124       0       0       2       0                               0D0000074
     110      41       0       0       0       0       0       000010000D0000075
     110       0       0       1       0                               0D0000076
     100      42       0       0       0       0      79       000010000D0000077
     100       0       0       1       0                               0D0000078
     124      43       0       0       0       0       0       000000000D0000079
     124       0       0       2       0                               0D0000080
     110      45       0       0       0       0       0       000010000D0000081
     110       0       0       1       0                               0D0000082
     100      46       0       0       0       0      85       000010000D0000083
     100       0       0       1       0                               0D0000084
     124      47       0       0       0       0       0       000000000D0000085
     124       0       0       2       0                               0D0000086
     142      49       0       0       0       0       0       000010500D0000087
     142       0       0       1       0                               0D0000088
     102      50       0       0       0       0       0       000010000D0000089
     102       0       0       1       0                               0D0000090
     110      51       0       0       0       0       0       000010000D0000091
     110       0       0       1       0                               0D0000092
     100      52       0       0       0       0      95       000010000D0000093
     100       0       0       1       0                               0D0000094
     124      53       0       0       0       0       0       000000000D0000095
     124       0       0       1       0                               0D0000096
     110      54       0       0       0       0       0       000010000D0000097
     110       0       0       1       0                               0D0000098
     100      55       0       0       0       0     101       000010000D0000099
     100       0       0       1       0                               0D0000100
     124      56       0       0       0       0       0       000000000D0000101
     124       0       0       1       0                               0D0000102
     110      57       0       0       0       0       0       000010000D0000103
     110       0       0       1       0                               0D0000104
     100      58       0       0       0       0     107       000010000D0000105
     100       0       0       1       0                               0D0000106
     124      59       0       0       0       0       0       000000000D0000107
     124       0       0       1       0                               0D0000108
     110      60       0       0       0       0       0       000010000D0000109
     110       0       0       1       0                               0D0000110
     100      61       0       0       0       0     113       000010000D0000111
     100       0       0       1       0                               0D0000112
     124      62       0       0       0       0       0       000000000D0000113
     124       0       0       1       0                               0D0000114
     144      63       0       0       0       0       0       000020000D0000115
     144       0       0       1       0                               0D0000116
     120      64       0       0       0       0     119       000010000D0000117
     120       0       0       1       0                               0D0000118
     124      65       0       0       0       0       0       000000000D0000119
     124       0       0       1       0                               0D0000120
     110      66       0       0       0       0       0       000010000D0000121
     110       0       0       1       0                               0D0000122
     110      67       0       0       0       0       0       000010000D0000123
     110       0       0       1       0                               0D0000124
     142      68       0       0       0       0       0       000010500D0000125
     142       0       0       1       0                               0D0000126
     102      69       0       0       0       0       0       000010000D0000127
     102       0       0       1       0                               0D0000128
     110      70       0       0       0       0       0       000010000D0000129
     110       0       0       1       0                               0D0000130
     110      71       0       0       0       0       0       000010000D0000131
     110       0       0       1       0                               0D0000132
     110      72       0       0       0       0       0       000010000D0000133
     110       0       0       1       0                               0D0000134
     110      73       0       0       0       0       0       000010000D0000135
     110       0       0       1       0                               0D0000136
     102      74       0       0       0       0       0       000010000D0000137
     102       0       0       1       0                               0D0000138
     100      75       0       0       0       0     141       000010000D0000139
     100       0       0       1       0                               0D0000140
     124      76       0       0       0       0       0       000000000D0000141
     124       0       0       1       0                               0D0000142
     110      77       0       0       0       0       0       000010000D0000143
     110       0       0       1       0                               0D0000144
     100      78       0       0       0       0     147       000010000D0000145
     100       0       0       1       0                               0D0000146
     124      79       0       0       0       0       0       000000000D0000147
     124       0       0       1       0                               0D0000148
     110      80       0       0       0       0       0       000010000D0000149
     110       0       0       1       0                               0D0000150
     144      81       0       0       0       0       0       000020000D0000151
     144       0       0       1       0                               0D0000152
     108      82       0       0       0       0       0       000010000D0000153
     108       0       0       1       0                               0D0000154
     142      83       0       0       0       0       0       000010500D0000155
     142       0       0       1       0                               0D0000156
     102      84       0       0       0       0       0       000010000D0000157
     102       0       0       1       0                               0D0000158
     100      85       0       0       0       0     161       000010000D0000159
     100       0       0       1       0                               0D0000160
     124      86       0       0       0       0       0       000000000D0000161
     124       0       0       2       0                               0D0000162
     110      88       0       0       0       0       0       000010000D0000163
     110       0       0       1       0                               0D0000164
     100      89       0       0       0       0     167       000010000D0000165
     100       0       0       1       0                               0D0000166
     124      90       0       0       0       0       0       000000000D0000167
     124       0       0       2       0                               0D0000168
     110      92       0       0       0       0       0       000010000D0000169
     110       0       0       1       0                               0D0000170
     100      93       0       0       0       0     173       000010000D0000171
     100       0       0       1       0                               0D0000172
     124      94       0       0       0       0       0       000000000D0000173
     124       0       0       2       0                               0D0000174
     110      96       0       0       0       0       0       000010000D0000175
     110       0       0       1       0                               0D0000176
     100      97       0       0       0       0     179       000010000D0000177
     100       0       0       1       0                               0D0000178
     124      98       0       0       0       0       0       000000000D0000179
     124       0       0       2       0                               0D0000180
     110     100       0       0       0       0       0       000010000D0000181
     110       0       0       1       0                               0D0000182
     142     101       0       0       0       0       0       000010500D0000183
     142       0       0       1       0                               0D0000184
     102     102       0       0       0       0       0       000010000D0000185
     102       0       0       1       0                               0D0000186
     110     103       0       0       0       0       0       000010000D0000187
     110       0       0       1       0                               0D0000188
     100     104       0       0       0       0     191       000010000D0000189
     100       0       0       1       0                               0D0000190
     124     105       0       0       0       0       0       000000000D0000191
     124       0       0       1       0                               0D0000192
     110     106       0       0       0       0       0       000010000D0000193
     110       0       0       1       0                               0D0000194
     100     107       0       0       0       0     197       000010000D0000195
     100       0       0       1       0                               0D0000196
     124     108       0       0       0       0       0       000000000D0000197
     124       0       0       1       0                               0D0000198
     110     109       0       0       0       0       0       000010000D0000199
     110       0       0       1       0                               0D0000200
     100     110       0       0       0       0     203       000010000D0000201
     100       0       0       1       0                               0D0000202
     124     111       0       0       0       0       0       000000000D0000203
     124       0       0       1       0                               0D0000204
     110     112       0       0       0       0       0       000010000D0000205
     110       0       0       1       0                               0D0000206
     100     113       0       0       0       0     209       000010000D0000207
     100       0       0       1       0                               0D0000208
     124     114       0       0       0       0       0       000000000D0000209
     124       0       0       1       0                               0D0000210
     144     115       0       0       0       0       0       000020000D0000211
     144       0       0       1       0                               0D0000212
     108     116       0       0       0       0       0       000010000D0000213
     108       0       0       1       0                               0D0000214
     142     117       0       0       0       0       0       000010500D0000215
     142       0       0       1       0                               0D0000216
     102     118       0       0       0       0       0       000010000D0000217
     102       0       0       1       0                               0D0000218
     110     119       0       0       0       0       0       000010000D0000219
     110       0       0       1       0                               0D0000220
     110     120       0       0       0       0       0       000010000D0000221
     110       0       0       1       0                               0D0000222
     110     121       0       0       0       0       0       000010000D0000223
     110       0       0       1       0                               0D0000224
     110     122       0       0       0       0       0       000010000D0000225
     110       0       0       1       0                               0D0000226
     142     123       0       0       0       0       0       000010500D0000227
     142       0       0       1       0                               0D0000228
     100     124       0       0       0       0     231       000010000D0000229
     100       0       0       1       0                               0D0000230
     124     125       0       0       0       0       0       000000000D0000231
     124       0       0       1       0                               0D0000232
     142     126       0       0       0       0       0       000010500D0000233
     142       0       0       1       0                               0D0000234
     100     127       0       0       0       0     237       000010000D0000235
     100       0       0       1       0                               0D0000236
     124     128       0       0       0       0       0       000000000D0000237
     124       0       0       1       0                               0D0000238
     142     129       0       0       0       0       0       000010500D0000239
     142       0       0       1       0                               0D0000240
     100     130       0       0       0       0     243       000010000D0000241
     100       0       0       1       0                               0D0000242
     124     131       0       0       0       0       0       000000000D0000243
     124       0       0       1       0                               0D0000244
     142     132       0       0       0       0       0       000010500D0000245
     142       0       0       1       0                               0D0000246
     100     133       0       0       0       0     249       000010000D0000247
     100       0       0       1       0                               0D0000248
     124     134       0       0       0       0       0       000000000D0000249
     124       0       0       1       0                               0D0000250
     144     135       0       0       0       0       0       000020000D0000251
     144       0       0       1       0                               0D0000252
     120     136       0       0       0       0     255       000010000D0000253
     120       0       0       1       0                               0D0000254
     124     137       0       0       0       0       0       000000000D0000255
     124       0       0       1       0                               0D0000256
     110     138       0       0       0       0       0       000010000D0000257
     110       0       0       1       0                               0D0000258
     110     139       0       0       0       0       0       000010000D0000259
     110       0       0       1       0                               0D0000260
     142     140       0       0       0       0       0       000010500D0000261
     142       0       0       1       0                               0D0000262
     102     141       0       0       0       0       0       000010000D0000263
     102       0       0       1       0                               0D0000264
     110     142       0       0       0       0       0       000010000D0000265
     110       0       0       1       0                               0D0000266
     110     143       0       0       0       0       0       000010000D0000267
     110       0       0       1       0                               0D0000268
     110     144       0       0       0       0       0       000010000D0000269
     110       0       0       1       0                               0D0000270
     110     145       0       0       0       0       0       000010000D0000271
     110       0       0       1       0                               0D0000272
     102     146       0       0       0       0       0       000010000D0000273
     102       0       0       1       0                               0D0000274
     100     147       0       0       0       0     277       000010000D0000275
     100       0       0       1       0                               0D0000276
     124     148       0       0       0       0       0       000000000D0000277
     124       0       0       1       0                               0D0000278
     110     149       0       0       0       0       0       000010000D0000279
     110       0       0       1       0                               0D0000280
     100     150       0       0       0       0     283       000010000D0000281
     100       0       0       1       0                               0D0000282
     124     151       0       0       0       0       0       000000000D0000283
     124       0       0       1       0                               0D0000284
     110     152       0       0       0       0       0       000010000D0000285
     110       0       0       1       0                               0D0000286
     144     153       0       0       0       0       0       000020000D0000287
     144       0       0       1       0                               0D0000288
     108     154       0       0       0       0       0       000010000D0000289
     108       0       0       1       0                               0D0000290
     142     155       0       0       0       0       0       000010500D0000291
     142       0       0       1       0                               0D0000292
     102     156       0       0       0       0       0       000010000D0000293
     102       0       0       1       0                               0D0000294
     110     157       0       0       0       0       0       000010000D0000295
     110       0       0       1       0                               0D0000296
     110     158       0       0       0       0       0       000010000D0000297
     110       0       0       1       0                               0D0000298
     110     159       0       0       0       0       0       000010000D0000299
     110       0       0       1       0                               0D0000300
     110     160       0       0       0       0       0       000010000D0000301
     110       0       0       1       0                               0D0000302
     144     161       0       0       0       0       0       000020000D0000303
     144       0       0       1       0                               0D0000304
     120     162       0       0       0       0     307       000010000D0000305
     120       0       0       1       0                               0D0000306
     124     163       0       0       0       0       0       000000000D0000307
     124       0       0       1       0                               0D0000308
     110     164       0       0       0       0       0       000010000D0000309
     110       0       0       1       0                               0D0000310
     110     165       0       0       0       0       0       000010000D0000311
     110       0       0       1       0                               0D0000312
     142     166       0       0       0       0       0       000010500D0000313
     142       0       0       1       0                               0D0000314
     102     167       0       0       0       0       0       000010000D0000315
     102       0       0       1       0                               0D0000316
     110     168       0       0       0       0       0       000010000D0000317
     110       0       0       1       0                               0D0000318
     110     169       0       0       0       0       0       000010000D0000319
     110       0       0       1       0                               0D0000320
     110     170       0       0       0       0       0       000010000D0000321
     110       0       0       1       0                               0D0000322
     110     171       0       0       0       0       0       000010000D0000323
     110       0       0       1       0                               0D0000324
     102     172       0       0       0       0       0       000010000D0000325
     102       0       0       1       0                               0D0000326
     100     173       0       0       0       0     329       000010000D0000327
     100       0       0       1       0                               0D0000328
     124     174       0       0       0       0       0       000000000D0000329
     124       0       0       1       0                               0D0000330
     110     175       0       0       0       0       0       000010000D0000331
     110       0       0       1       0                               0D0000332
     100     176       0       0       0       0     335       000010000D0000333
     100       0       0       1       0                               0D0000334
     124     177       0       0       0       0       0       000000000D0000335
     124       0       0       1       0                               0D0000336
     110     178       0       0       0       0       0       000010000D0000337
     110       0       0       1       0                               0D0000338
     144     179       0       0       0       0       0       000020000D0000339
     144       0       0       1       0                               0D0000340
     108     180       0       0       0       0       0       000010000D0000341
     108       0       0       1       0                               0D0000342
     142     181       0       0       0       0       0       000010500D0000343
     142       0       0       1       0                               0D0000344
     102     182       0       0       0       0       0       000010000D0000345
     102       0       0       1       0                               0D0000346
     110     183       0       0       0       0       0       000010000D0000347
     110       0       0       1       0                               0D0000348
     110     184       0       0       0       0       0       000010000D0000349
     110       0       0       1       0                               0D0000350
     110     185       0       0       0       0       0       000010000D0000351
     110       0       0       1       0                               0D0000352
     110     186       0       0       0       0       0       000010000D0000353
     110       0       0       1       0                               0D0000354
     142     187       0       0       0       0       0       000010500D0000355
     142       0       0       1       0                               0D0000356
     100     188       0       0       0       0     359       000010000D0000357
     100       0       0       1       0                               0D0000358
     124     189       0       0       0       0       0       000000000D0000359
     124       0       0       1       0                               0D0000360
     142     190       0       0       0       0       0       000010500D0000361
     142       0       0       1       0                               0D0000362
     100     191       0       0       0       0     365       000010000D0000363
     100       0       0       1       0                               0D0000364
     124     192       0       0       0       0       0       000000000D0000365
     124       0       0       1       0                               0D0000366
     142     193       0       0       0       0       0       000010500D0000367
     142       0       0       1       0                               0D0000368
     100     194       0       0       0       0     371       000010000D0000369
     100       0       0       1       0                               0D0000370
     124     195       0       0       0       0       0       000000000D0000371
     124       0       0       1       0                               0D0000372
     142     196       0       0       0       0       0       000010500D0000373
     142       0       0       1       0                               0D0000374
     100     197       0       0       0       0     377       000010000D0000375
     100       0       0       1       0                               0D0000376
     124     198       0       0       0       0       0       000000000D0000377
     124       0       0       1       0                               0D0000378
     144     199       0       0       0       0       0       000020000D0000379
     144       0       0       1       0                               0D0000380
     108     200       0       0       0       0       0       000010000D0000381
     108       0       0       1       0                               0D0000382
     142     201       0       0       0       0       0       000010500D0000383
     142       0       0       1       0                               0D0000384
     102     202       0       0       0       0       0       000010000D0000385
     102       0       0       1       0                               0D0000386
     110     203       0       0       0       0       0       000010000D0000387
     110       0       0       1       0                               0D0000388
     110     204       0       0       0       0       0       000010000D0000389
     110       0       0       1       0                               0D0000390
     110     205       0       0       0       0       0       000010000D0000391
     110       0       0       1       0                               0D0000392
     110     206       0       0       0       0       0       000010000D0000393
     110       0       0       1       0                               0D0000394
     144     207       0       0       0       0       0       000020000D0000395
     144       0       0       1       0                               0D0000396
     120     208       0       0       0       0     399       000010000D0000397
     120       0       0       1       0                               0D0000398
     124     209       0       0       0       0       0       000000000D0000399
     124       0       0       2       1                               0D0000400
     110     211       0       0       0       0       0       000010000D0000401
     110       0       0       1       0                               0D0000402
     110     212       0       0       0       0       0       000010000D0000403
     110       0       0       1       0                               0D0000404
     142     213       0       0       0       0       0       000010500D0000405
     142       0       0       1       0                               0D0000406
     102     214       0       0       0       0       0       000010000D0000407
     102       0       0       1       0                               0D0000408
     110     215       0       0       0       0       0       000010000D0000409
     110       0       0       1       0                               0D0000410
     110     216       0       0       0       0       0       000010000D0000411
     110       0       0       1       0                               0D0000412
     110     217       0       0       0       0       0       000010000D0000413
     110       0       0       1       0                               0D0000414
     110     218       0       0       0       0       0       000010000D0000415
     110       0       0       2       0                               0D0000416
     102     220       0       0       0       0       0       000010000D0000417
     102       0       0       1       0                               0D0000418
     110     221       0       0       0       0       0       000010000D0000419
     110       0       0       1       0                               0D0000420
     100     222       0       0       0       0     423       000010000D0000421
     100       0       0       1       0                               0D0000422
     124     223       0       0       0       0       0       000000000D0000423
     124       0       0       2       0                               0D0000424
     110     225       0       0       0       0       0       000010000D0000425
     110       0       0       1       0                               0D0000426
     100     226       0       0       0       0     429       000010000D0000427
     100       0       0       1       0                               0D0000428
     124     227       0       0       0       0       0       000000000D0000429
     124       0       0       2       0                               0D0000430
     144     229       0       0       0       0       0       000020000D0000431
     144       0       0       1       0                               0D0000432
     108     230       0       0       0       0       0       000010000D0000433
     108       0       0       1       0                               0D0000434
     142     231       0       0       0       0       0       000010500D0000435
     142       0       0       1       0                               0D0000436
     102     232       0       0       0       0       0       000010000D0000437
     102       0       0       1       0                               0D0000438
     110     233       0       0       0       0       0       000010000D0000439
     110       0       0       1       0                               0D0000440
     110     234       0       0       0       0       0       000010000D0000441
     110       0       0       1       0                               0D0000442
     110     235       0       0       0       0       0       000010000D0000443
     110       0       0       1       0                               0D0000444
     110     236       0       0       0       0       0       000010000D0000445
     110       0       0       1       0                               0D0000446
     142     237       0       0       0       0       0       000010500D0000447
     142       0       0       1       0                               0D0000448
     100     238       0       0       0       0     451       000010000D0000449
     100       0       0       1       0                               0D0000450
     124     239       0       0       0       0       0       000000000D0000451
     124       0       0       1       0                               0D0000452
     142     240       0       0       0       0       0       000010500D0000453
     142       0       0       1       0                               0D0000454
     100     241       0       0       0       0     457       000010000D0000455
     100       0       0       1       0                               0D0000456
     124     242       0       0       0       0       0       000000000D0000457
     124       0       0       1       0                               0D0000458
     142     243       0       0       0       0       0       000010500D0000459
     142       0       0       1       0                               0D0000460
     100     244       0       0       0       0     463       000010000D0000461
     100       0       0       1       0                               0D0000462
     124     245       0       0       0       0       0       000000000D0000463
     124       0       0       1       0                               0D0000464
     142     246       0       0       0       0       0       000010500D0000465
     142       0       0       1       0                               0D0000466
     100     247       0       0       0       0     469       000010000D0000467
     100       0       0       1       0                               0D0000468
     124     248       0       0       0       0       0       000000000D0000469
     124       0       0       1       0                               0D0000470
     144     249       0       0       0       0       0       000020000D0000471
     144       0       0       1       0                               0D0000472
     120     250       0       0       0       0     475       000010000D0000473
     120       0       0       1       0                               0D0000474
     124     251       0       0       0       0       0       000000000D0000475
     124       0       0       2       1                               0D0000476
     110     253       0       0       0       0       0       000010000D0000477
     110       0       0       1       0                               0D0000478
     110     254       0       0       0       0       0       000010000D0000479
     110       0       0       1       0                               0D0000480
     142     255       0       0       0       0       0       000010500D0000481
     142       0       0       1       0                               0D0000482
     102     256       0       0       0       0       0       000010000D0000483
     102       0       0       1       0                               0D0000484
     110     257       0       0       0       0       0       000010000D0000485
     110       0       0       1       0                               0D0000486
     110     258       0       0       0       0       0       000010000D0000487
     110       0       0       1       0                               0D0000488
     110     259       0       0       0       0       0       000010000D0000489
     110       0       0       1       0                               0D0000490
     110     260       0       0       0       0       0       000010000D0000491
     110       0       0       2       0                               0D0000492
     102     262       0       0       0       0       0       000010000D0000493
     102       0       0       1       0                               0D0000494
     110     263       0       0       0       0       0       000010000D0000495
     110       0       0       1       0                               0D0000496
     100     264       0       0       0       0     499       000010000D0000497
     100       0       0       1       0                               0D0000498
     124     265       0       0       0       0       0       000000000D0000499
     124       0       0       2       0                               0D0000500
     110     267       0       0       0       0       0       000010000D0000501
     110       0       0       1       0                               0D0000502
     100     268       0       0       0       0     505       000010000D0000503
     100       0       0       1       0                               0D0000504
     124     269       0       0       0       0       0       000000000D0000505
     124       0       0       2       0                               0D0000506
     144     271       0       0       0       0       0       000020000D0000507
     144       0       0       1       0                               0D0000508
     108     272       0       0       0       0       0       000010000D0000509
     108       0       0       1       0                               0D0000510
     142     273       0       0       0       0       0       000010500D0000511
     142       0       0       1       0                               0D0000512
     102     274       0       0       0       0       0       000010000D0000513
     102       0       0       1       0                               0D0000514
     110     275       0       0       0       0       0       000010000D0000515
     110       0       0       1       0                               0D0000516
     110     276       0       0       0       0       0       000010000D0000517
     110       0       0       1       0                               0D0000518
     110     277       0       0       0       0       0       000010000D0000519
     110       0       0       1       0                               0D0000520
     110     278       0       0       0       0       0       000010000D0000521
     110       0       0       1       0                               0D0000522
     144     279       0       0       0       0       0       000020000D0000523
     144       0       0       1       0                               0D0000524
     120     280       0       0       0       0     527       000010000D0000525
     120       0       0       1       0                               0D0000526
     124     281       0       0       0       0       0       000000000D0000527
     124       0       0       2       1                               0D0000528
     110     283       0       0       0       0       0       000010000D0000529
     110       0       0       1       0                               0D0000530
     110     284       0       0       0       0       0       000010000D0000531
     110       0       0       1       0                               0D0000532
     142     285       0       0       0       0       0       000010500D0000533
     142       0       0       1       0                               0D0000534
     102     286       0       0       0       0       0       000010000D0000535
     102       0       0       1       0                               0D0000536
     110     287       0       0       0       0       0       000010000D0000537
     110       0       0       1       0                               0D0000538
     110     288       0       0       0       0       0       000010000D0000539
     110       0       0       1       0                               0D0000540
     110     289       0       0       0       0       0       000010000D0000541
     110       0       0       1       0                               0D0000542
     110     290       0       0       0       0       0       000010000D0000543
     110       0       0       2       0                               0D0000544
     102     292       0       0       0       0       0       000010000D0000545
     102       0       0       1       0                               0D0000546
     110     293       0       0       0       0       0       000010000D0000547
     110       0       0       1       0                               0D0000548
     100     294       0       0       0       0     551       000010000D0000549
     100       0       0       1       0                               0D0000550
     124     295       0       0       0       0       0       000000000D0000551
     124       0       0       2       0                               0D0000552
     110     297       0       0       0       0       0       000010000D0000553
     110       0       0       1       0                               0D0000554
     100     298       0       0       0       0     557       000010000D0000555
     100       0       0       1       0                               0D0000556
     124     299       0       0       0       0       0       000000000D0000557
     124       0       0       2       0                               0D0000558
     144     301       0       0       0       0       0       000020000D0000559
     144       0       0       1       0                               0D0000560
     108     302       0       0       0       0       0       000010000D0000561
     108       0       0       1       0                               0D0000562
     142     303       0       0       0       0       0       000010500D0000563
     142       0       0       1       0                               0D0000564
     102     304       0       0       0       0       0       000010000D0000565
     102       0       0       1       0                               0D0000566
     110     305       0       0       0       0       0       000010000D0000567
     110       0       0       1       0                               0D0000568
     110     306       0       0       0       0       0       000010000D0000569
     110       0       0       1       0                               0D0000570
     110     307       0       0       0       0       0       000010000D0000571
     110       0       0       1       0                               0D0000572
     110     308       0       0       0       0       0       000010000D0000573
     110       0       0       1       0                               0D0000574
     142     309       0       0       0       0       0       000010500D0000575
     142       0       0       1       0                               0D0000576
     100     310       0       0       0       0     579       000010000D0000577
     100       0       0       1       0                               0D0000578
     124     311       0       0       0       0       0       000000000D0000579
     124       0       0       1       0                               0D0000580
     142     312       0       0       0       0       0       000010500D0000581
     142       0       0       1       0                               0D0000582
     100     313       0       0       0       0     585       000010000D0000583
     100       0       0       1       0                               0D0000584
     124     314       0       0       0       0       0       000000000D0000585
     124       0       0       1       0                               0D0000586
     142     315       0       0       0       0       0       000010500D0000587
     142       0       0       1       0                               0D0000588
     100     316       0       0       0       0     591       000010000D0000589
     100       0       0       1       0                               0D0000590
     124     317       0       0       0       0       0       000000000D0000591
     124       0       0       1       0                               0D0000592
     142     318       0       0       0       0       0       000010500D0000593
     142       0       0       1       0                               0D0000594
     100     319       0       0       0       0     597       000010000D0000595
     100       0       0       1       0                               0D0000596
     124     320       0       0       0       0       0       000000000D0000597
     124       0       0       1       0                               0D0000598
     144     321       0       0       0       0       0       000020000D0000599
     144       0       0       1       0                               0D0000600
     120     322       0       0       0       0     603       000010000D0000601
     120       0       0       1       0                               0D0000602
     124     323       0       0       0       0       0       000000000D0000603
     124       0       0       2       1                               0D0000604
     110     325       0       0       0       0       0       000010000D0000605
     110       0       0       1       0                               0D0000606
     110     326       0       0       0       0       0       000010000D0000607
     110       0       0       1       0                               0D0000608
     142     327       0       0       0       0       0       000010500D0000609
     142       0       0       1       0                               0D0000610
     102     328       0       0       0       0       0       000010000D0000611
     102       0       0       1       0                               0D0000612
     110     329       0       0       0       0       0       000010000D0000613
     110       0       0       1       0                               0D0000614
     110     330       0       0       0       0       0       000010000D0000615
     110       0       0       1       0                               0D0000616
     110     331       0       0       0       0       0       000010000D0000617
     110       0       0       1       0                               0D0000618
     110     332       0       0       0       0       0       000010000D0000619
     110       0       0       2       0                               0D0000620
     102     334       0       0       0       0       0       000010000D0000621
     102       0       0       1       0                               0D0000622
     110     335       0       0       0       0       0       000010000D0000623
     110       0       0       1       0                               0D0000624
     100     336       0       0       0       0     627       000010000D0000625
     100       0       0       1       0                               0D0000626
     124     337       0       0       0       0       0       000000000D0000627
     124       0       0       2       0                               0D0000628
     110     339       0       0       0       0       0       000010000D0000629
     110       0       0       1       0                               0D0000630
     100     340       0       0       0       0     633       000010000D0000631
     100       0       0       1       0                               0D0000632
     124     341       0       0       0       0       0       000000000D0000633
     124       0       0       2       0                               0D0000634
     144     343       0       0       0       0       0       000020000D0000635
     144       0       0       1       0                               0D0000636
     120     344       0       0       0       0     639       000010000D0000637
     120       0       0       1       0                               0D0000638
     124     345       0       0       0       0       0       000000000D0000639
     124       0       0       1       1                               0D0000640
     110     346       0       0       0       0       0       000010000D0000641
     110       0       0       1       0                               0D0000642
     110     347       0       0       0       0       0       000010000D0000643
     110       0       0       1       0                               0D0000644
     142     348       0       0       0       0       0       000010500D0000645
     142       0       0       1       0                               0D0000646
     102     349       0       0       0       0       0       000010000D0000647
     102       0       0       1       0                               0D0000648
     110     350       0       0       0       0       0       000010000D0000649
     110       0       0       1       0                               0D0000650
     110     351       0       0       0       0       0       000010000D0000651
     110       0       0       1       0                               0D0000652
     110     352       0       0       0       0       0       000010000D0000653
     110       0       0       1       0                               0D0000654
     110     353       0       0       0       0       0       000010000D0000655
     110       0       0       2       0                               0D0000656
     102     355       0       0       0       0       0       000010000D0000657
     102       0       0       1       0                               0D0000658
     110     356       0       0       0       0       0       000010000D0000659
     110       0       0       1       0                               0D0000660
     100     357       0       0       0       0     663       000010000D0000661
     100       0       0       1       0                               0D0000662
     124     358       0       0       0       0       0       000000000D0000663
     124       0       0       1       0                               0D0000664
     110     359       0       0       0       0       0       000010000D0000665
     110       0       0       1       0                               0D0000666
     100     360       0       0       0       0     669       000010000D0000667
     100       0       0       1       0                               0D0000668
     124     361       0       0       0       0       0       000000000D0000669
     124       0       0       1       0                               0D0000670
     144     362       0       0       0       0       0       000020000D0000671
     144       0       0       1       0                               0D0000672
     120     363       0       0       0       0     675       000010000D0000673
     120       0       0       1       0                               0D0000674
     124     364       0       0       0       0       0       000000000D0000675
     124       0       0       1       1                               0D0000676
     110     365       0       0       0       0       0       000010000D0000677
     110       0       0       1       0                               0D0000678
     110     366       0       0       0       0       0       000010000D0000679
     110       0       0       1       0                               0D0000680
     142     367       0       0       0       0       0       000010500D0000681
     142       0       0       1       0                               0D0000682
     102     368       0       0       0       0       0       000010000D0000683
     102       0       0       1       0                               0D0000684
     110     369       0       0       0       0       0       000010000D0000685
     110       0       0       1       0                               0D0000686
     110     370       0       0       0       0       0       000010000D0000687
     110       0       0       1       0                               0D0000688
     110     371       0       0       0       0       0       000010000D0000689
     110       0       0       1       0                               0D0000690
     110     372       0       0       0       0       0       000010000D0000691
     110       0       0       2       0                               0D0000692
     102     374       0       0       0       0       0       000010000D0000693
     102       0       0       1       0                               0D0000694
     110     375       0       0       0       0       0       000010000D0000695
     110       0       0       1       0                               0D0000696
     100     376       0       0       0       0     699       000010000D0000697
     100       0       0       1       0                               0D0000698
     124     377       0       0       0       0       0       000000000D0000699
     124       0       0       1       0                               0D0000700
     110     378       0       0       0       0       0       000010000D0000701
     110       0       0       1       0                               0D0000702
     100     379       0       0       0       0     705       000010000D0000703
     100       0       0       1       0                               0D0000704
     124     380       0       0       0       0       0       000000000D0000705
     124       0       0       1       0                               0D0000706
     144     381       0       0       0       0       0       000020000D0000707
     144       0       0       1       0                               0D0000708
     120     382       0       0       0       0     711       000010000D0000709
     120       0       0       1       0                               0D0000710
     124     383       0       0       0       0       0       000000000D0000711
     124       0       0       1       1                               0D0000712
     110     384       0       0       0       0       0       000010000D0000713
     110       0       0       1       0                               0D0000714
     110     385       0       0       0       0       0       000010000D0000715
     110       0       0       1       0                               0D0000716
     142     386       0       0       0       0       0       000010500D0000717
     142       0       0       1       0                               0D0000718
     102     387       0       0       0       0       0       000010000D0000719
     102       0       0       1       0                               0D0000720
     110     388       0       0       0       0       0       000010000D0000721
     110       0       0       1       0                               0D0000722
     110     389       0       0       0       0       0       000010000D0000723
     110       0       0       1       0                               0D0000724
     110     390       0       0       0       0       0       000010000D0000725
     110       0       0       1       0                               0D0000726
     110     391       0       0       0       0       0       000010000D0000727
     110       0       0       2       0                               0D0000728
     102     393       0       0       0       0       0       000010000D0000729
     102       0       0       1       0                               0D0000730
     110     394       0       0       0       0       0       000010000D0000731
     110       0       0       1       0                               0D0000732
     100     395       0       0       0       0     735       000010000D0000733
     100       0       0       1       0                               0D0000734
     124     396       0       0       0       0       0       000000000D0000735
     124       0       0       1       0                               0D0000736
     110     397       0       0       0       0       0       000010000D0000737
     110       0       0       1       0                               0D0000738
     100     398       0       0       0       0     741       000010000D0000739
     100       0       0       1       0                               0D0000740
     124     399       0       0       0       0       0       000000000D0000741
     124       0       0       1       0                               0D0000742
     144     400       0       0       0       0       0       000020000D0000743
     144       0       0       1       0                               0D0000744
     120     401       0       0       0       0     747       000010000D0000745
     120       0       0       1       0                               0D0000746
     124     402       0       0       0       0       0       000000000D0000747
     124       0       0       1       1                               0D0000748
     110     403       0       0       0       0       0       000010000D0000749
     110       0       0       1       0                               0D0000750
     110     404       0       0       0       0       0       000010000D0000751
     110       0       0       1       0                               0D0000752
     142     405       0       0       0       0       0       000010500D0000753
     142       0       0       1       0                               0D0000754
     102     406       0       0       0       0       0       000010000D0000755
     102       0       0       1       0                               0D0000756
     110     407       0       0       0       0       0       000010000D0000757
     110       0       0       1       0                               0D0000758
     110     408       0       0       0       0       0       000010000D0000759
     110       0       0       1       0                               0D0000760
     110     409       0       0       0       0       0       000010000D0000761
     110       0       0       1       0                               0D0000762
     110     410       0       0       0       0       0       000010000D0000763
     110       0       0       2       0                               0D0000764
     102     412       0       0       0       0       0       000010000D0000765
     102       0       0       1       0                               0D0000766
     110     413       0       0       0       0       0       000010000D0000767
     110       0       0       1       0                               0D0000768
     100     414       0       0       0       0     771       000010000D0000769
     100       0       0       1       0                               0D0000770
     124     415       0       0       0       0       0       000000000D0000771
     124       0       0       1       0                               0D0000772
     110     416       0       0       0       0       0       000010000D0000773
     110       0       0       1       0                               0D0000774
     100     417       0       0       0       0     777       000010000D0000775
     100       0       0       1       0                               0D0000776
     124     418       0       0       0       0       0       000000000D0000777
     124       0       0       1       0                               0D0000778
     144     419       0       0       0       0       0       000020000D0000779
     144       0       0       1       0                               0D0000780
     120     420       0       0       0       0     783       000010000D0000781
     120       0       0       1       0                               0D0000782
     124     421       0       0       0       0       0       000000000D0000783
     124       0       0       1       1                               0D0000784
     110     422       0       0       0       0       0       000010000D0000785
     110       0       0       1       0                               0D0000786
     110     423       0       0       0       0       0       000010000D0000787
     110       0       0       1       0                               0D0000788
     142     424       0       0       0       0       0       000010500D0000789
     142       0       0       1       0                               0D0000790
     102     425       0       0       0       0       0       000010000D0000791
     102       0       0       1       0                               0D0000792
     110     426       0       0       0       0       0       000010000D0000793
     110       0       0       1       0                               0D0000794
     110     427       0       0       0       0       0       000010000D0000795
     110       0       0       1       0                               0D0000796
     110     428       0       0       0       0       0       000010000D0000797
     110       0       0       1       0                               0D0000798
     110     429       0       0       0       0       0       000010000D0000799
     110       0       0       2       0                               0D0000800
     102     431       0       0       0       0       0       000010000D0000801
     102       0       0       1       0                               0D0000802
     110     432       0       0       0       0       0       000010000D0000803
     110       0       0       1       0                               0D0000804
     100     433       0       0       0       0     807       000010000D0000805
     100       0       0       1       0                               0D0000806
     124     434       0       0       0       0       0       000000000D0000807
     124       0       0       1       0                               0D0000808
     110     435       0       0       0       0       0       000010000D0000809
     110       0       0       1       0                               0D0000810
     100     436       0       0       0       0     813       000010000D0000811
     100       0       0       1       0                               0D0000812
     124     437       0       0       0       0       0       000000000D0000813
     124       0       0       1       0                               0D0000814
     144     438       0       0       0       0       0       000020000D0000815
     144       0       0       1       0                               0D0000816
     120     439       0       0       0       0     819       000010000D0000817
     120       0       0       1       0                               0D0000818
     124     440       0       0       0       0       0       000000000D0000819
     124       0       0       1       1                               0D0000820
     110     441       0       0       0       0       0       000010000D0000821
     110       0       0       1       0                               0D0000822
     110     442       0       0       0       0       0       000010000D0000823
     110       0       0       1       0                               0D0000824
     142     443       0       0       0       0       0       000010500D0000825
     142       0       0       1       0                               0D0000826
     102     444       0       0       0       0       0       000010000D0000827
     102       0       0       1       0                               0D0000828
     110     445       0       0       0       0       0       000010000D0000829
     110       0       0       1       0                               0D0000830
     110     446       0       0       0       0       0       000010000D0000831
     110       0       0       1       0                               0D0000832
     110     447       0       0       0       0       0       000010000D0000833
     110       0       0       1       0                               0D0000834
     110     448       0       0       0       0       0       000010000D0000835
     110       0       0       2       0                               0D0000836
     102     450       0       0       0       0       0       000010000D0000837
     102       0       0       1       0                               0D0000838
     110     451       0       0       0       0       0       000010000D0000839
     110       0       0       1       0                               0D0000840
     100     452       0       0       0       0     843       000010000D0000841
     100       0       0       1       0                               0D0000842
     124     453       0       0       0       0       0       000000000D0000843
     124       0       0       1       0                               0D0000844
     110     454       0       0       0       0       0       000010000D0000845
     110       0       0       1       0                               0D0000846
     100     455       0       0       0       0     849       000010000D0000847
     100       0       0       1       0                               0D0000848
     124     456       0       0       0       0       0       000000000D0000849
     124       0       0       1       0                               0D0000850
     144     457       0       0       0       0       0       000020000D0000851
     144       0       0       1       0                               0D0000852
     120     458       0       0       0       0     855       000010000D0000853
     120       0       0       1       0                               0D0000854
     124     459       0       0       0       0       0       000000000D0000855
     124       0       0       1       1                               0D0000856
     110     460       0       0       0       0       0       000010000D0000857
     110       0       0       1       0                               0D0000858
     110     461       0       0       0       0       0       000010000D0000859
     110       0       0       1       0                               0D0000860
     142     462       0       0       0       0       0       000010500D0000861
     142       0       0       1       0                               0D0000862
     102     463       0       0       0       0       0       000010000D0000863
     102       0       0       1       0                               0D0000864
     110     464       0       0       0       0       0       000010000D0000865
     110       0       0       1       0                               0D0000866
     110     465       0       0       0       0       0       000010000D0000867
     110       0       0       1       0                               0D0000868
     110     466       0       0       0       0       0       000010000D0000869
     110       0       0       1       0                               0D0000870
     110     467       0       0       0       0       0       000010000D0000871
     110       0       0       2       0                               0D0000872
     102     469       0       0       0       0       0       000010000D0000873
     102       0       0       1       0                               0D0000874
     110     470       0       0       0       0       0       000010000D0000875
     110       0       0       1       0                               0D0000876
     100     471       0       0       0       0     879       000010000D0000877
     100       0       0       1       0                               0D0000878
     124     472       0       0       0       0       0       000000000D0000879
     124       0       0       1       0                               0D0000880
     110     473       0       0       0       0       0       000010000D0000881
     110       0       0       1       0                               0D0000882
     100     474       0       0       0       0     885       000010000D0000883
     100       0       0       1       0                               0D0000884
     124     475       0       0       0       0       0       000000000D0000885
     124       0       0       1       0                               0D0000886
     144     476       0       0       0       0       0       000020000D0000887
     144       0       0       1       0                               0D0000888
     120     477       0       0       0       0     891       000010000D0000889
     120       0       0       1       0                               0D0000890
     124     478       0       0       0       0       0       000000000D0000891
     124       0       0       1       1                               0D0000892
     110     479       0       0       0       0       0       000010000D0000893
     110       0       0       1       0                               0D0000894
     110     480       0       0       0       0       0       000010000D0000895
     110       0       0       1       0                               0D0000896
     142     481       0       0       0       0       0       000010500D0000897
     142       0       0       1       0                               0D0000898
     102     482       0       0       0       0       0       000010000D0000899
     102       0       0       1       0                               0D0000900
     110     483       0       0       0       0       0       000010000D0000901
     110       0       0       1       0                               0D0000902
     110     484       0       0       0       0       0       000010000D0000903
     110       0       0       1       0                               0D0000904
     110     485       0       0       0       0       0       000010000D0000905
     110       0       0       1       0                               0D0000906
     110     486       0       0       0       0       0       000010000D0000907
     110       0       0       2       0                               0D0000908
     102     488       0       0       0       0       0       000010000D0000909
     102       0       0       1       0                               0D0000910
     110     489       0       0       0       0       0       000010000D0000911
     110       0       0       1       0                               0D0000912
     100     490       0       0       0       0     915       000010000D0000913
     100       0       0       1       0                               0D0000914
     124     491       0       0       0       0       0       000000000D0000915
     124       0       0       1       0                               0D0000916
     110     492       0       0       0       0       0       000010000D0000917
     110       0       0       1       0                               0D0000918
     100     493       0       0       0       0     921       000010000D0000919
     100       0       0       1       0                               0D0000920
     124     494       0       0       0       0       0       000000000D0000921
     124       0       0       1       0                               0D0000922
402,26,3,19,55,115,151,211,251,287,303,339,379,395,431,471,507,  0000001P0000001
523,559,599,635,671,707,743,779,815,851,887;                     0000001P0000002
144,5,1,0,7;                                                     0000003P0000003
108,1.,0.,0.,20.,0,20.,-140.,-17.,0.;                            0000005P0000004
142,0,5,0,9,2;                                                   0000007P0000005
102,4,11,13,15,17;                                               0000009P0000006
110,20.,1.8E+03,17.,20.,0.,17.;                                  0000011P0000007
110,20.,0.,17.,20.,0.,-17.;                                      0000013P0000008
110,20.,0.,-17.,20.,1.8E+03,-17.;                                0000015P0000009
110,20.,1.8E+03,-17.,20.,1.8E+03,17.;                            0000017P0000010
144,21,1,0,29;                                                   0000019P0000011
120,25,27,4.71238898,6.283185307;                                0000021P0000012
124,1.,0.,0.,17.,0.,0.,-1.,-140.,0.,1.,0.,17.;                   0000023P0000013
110,0.,0.,1.,0.,0.,0.;                                           0000025P0000014
110,3.,0.,-1.94E+03,3.,0.,-140.;                                 0000027P0000015
142,0,21,31,41,3;                                                0000029P0000016
102,4,33,35,37,39;                                               0000031P0000017
110,1.,4.71238898,0.,1.,6.283185307,0.;                          0000033P0000018
110,1.,6.283185307,0.,-2.220446049E-16,6.283185307,0.;           0000035P0000019
110,0.,6.283185307,0.,-1.937704721E-19,4.71238898,0.;            0000037P0000020
110,-2.220446049E-16,4.71238898,0.,1.,4.71238898,0.;             0000039P0000021
102,4,43,47,49,53;                                               0000041P0000022
100,0.,0.,0.,0.,-3.,3.,0.;                                       0000043P0000023
124,1.,0.,0.,17.,0.,0.,1.,0.,0.,-1.,0.,17.;                      0000045P0000024
110,20.,0.,17.,20.,1.8E+03,17.;                                  0000047P0000025
100,0.,0.,0.,3.,0.,0.,3.;                                        0000049P0000026
124,1.,0.,0.,17.,0.,0.,-1.,1.8E+03,0.,1.,0.,17.;                 0000051P0000027
110,17.,1.8E+03,20.,17.,0.,20.;                                  0000053P0000028
144,57,1,1,59,87;                                                0000055P0000029
108,0.,1.,0.,1.8E+03,0,-9.98E+03,1.8E+03,-1.E+04,0.;             0000057P0000030
142,0,57,0,61,2;                                                 0000059P0000031
102,8,63,65,69,71,75,77,81,83;                                   0000061P0000032
110,18.5,1.8E+03,-17.,18.5,1.8E+03,17.;                          0000063P0000033
100,0.,0.,0.,1.5,0.,-1.421085472E-14,1.5;                        0000065P0000034
124,1.,4.736951572E-15,0.,17.,0.,0.,-1.,1.8E+03,                 0000067P0000035
-4.736951572E-15,1.,0.,17.;                                      0000067P0000036
110,17.,1.8E+03,18.5,-17.,1.8E+03,18.5;                          0000069P0000037
100,0.,0.,0.,1.5,0.,-1.421085472E-14,1.5;                        0000071P0000038
124,4.736951572E-15,-1.,0.,-17.,0.,0.,-1.,1.8E+03,1.,            0000073P0000039
4.736951572E-15,0.,17.;                                          0000073P0000040
110,-18.5,1.8E+03,17.,-18.5,1.8E+03,-17.;                        0000075P0000041
100,0.,0.,0.,1.5,0.,-1.421085472E-14,1.5;                        0000077P0000042
124,-1.,-4.736951572E-15,0.,-17.,0.,-0.,-1.,1.8E+03,             0000079P0000043
4.736951572E-15,-1.,0.,-17.;                                     0000079P0000044
110,-17.,1.8E+03,-18.5,17.,1.8E+03,-18.5;                        0000081P0000045
100,0.,0.,0.,1.5,0.,-1.421085472E-14,1.5;                        0000083P0000046
124,-4.736951572E-15,1.,0.,17.,-0.,0.,-1.,1.8E+03,-1.,           0000085P0000047
-4.736951572E-15,0.,-17.;                                        0000085P0000048
142,0,57,0,89,2;                                                 0000087P0000049
102,8,91,93,97,99,103,105,109,111;                               0000089P0000050
110,20.,1.8E+03,17.,20.,1.8E+03,-17.;                            0000091P0000051
100,0.,0.,0.,0.,-3.,3.,0.;                                       0000093P0000052
124,0.,-1.,0.,17.,0.,-0.,1.,1.8E+03,-1.,-0.,0.,-17.;             0000095P0000053
110,17.,1.8E+03,-20.,-17.,1.8E+03,-20.;                          0000097P0000054
100,0.,0.,0.,0.,-3.,3.,0.;                                       0000099P0000055
124,-1.,0.,0.,-17.,0.,0.,1.,1.8E+03,0.,1.,0.,-17.;               0000101P0000056
110,-20.,1.8E+03,-17.,-20.,1.8E+03,17.;                          0000103P0000057
100,0.,0.,0.,0.,-3.,3.,0.;                                       0000105P0000058
124,0.,1.,0.,-17.,0.,0.,1.,1.8E+03,1.,0.,0.,17.;                 0000107P0000059
110,-17.,1.8E+03,20.,17.,1.8E+03,20.;                            0000109P0000060
100,0.,0.,0.,0.,-3.,3.,0.;                                       0000111P0000061
124,1.,0.,0.,17.,0.,0.,1.,1.8E+03,0.,-1.,0.,17.;                 0000113P0000062
144,117,1,0,125;                                                 0000115P0000063
120,121,123,4.71238898,6.283185307;                              0000117P0000064
124,0.,1.,0.,17.,0.,0.,-1.,-140.,-1.,0.,0.,-17.;                 0000119P0000065
110,0.,0.,1.,0.,0.,0.;                                           0000121P0000066
110,3.,0.,-1.94E+03,3.,0.,-140.;                                 0000123P0000067
142,0,117,127,137,3;                                             0000125P0000068
102,4,129,131,133,135;                                           0000127P0000069
110,1.,4.71238898,0.,1.,6.283185307,0.;                          0000129P0000070
110,1.,6.283185307,0.,-2.220446049E-16,6.283185307,0.;           0000131P0000071
110,0.,6.283185307,0.,-1.937704721E-19,4.71238898,0.;            0000133P0000072
110,-2.220446049E-16,4.71238898,0.,1.,4.71238898,0.;             0000135P0000073
102,4,139,143,145,149;                                           0000137P0000074
100,0.,0.,0.,0.,-3.,3.,0.;                                       0000139P0000075
124,0.,-1.,0.,17.,0.,-0.,1.,0.,-1.,-0.,0.,-17.;                  0000141P0000076
110,17.,0.,-20.,17.,1.8E+03,-20.;                                0000143P0000077
100,0.,0.,0.,3.,0.,0.,3.;                                        0000145P0000078
124,0.,1.,0.,17.,0.,0.,-1.,1.8E+03,-1.,0.,0.,-17.;               0000147P0000079
110,20.,1.8E+03,-17.,20.,0.,-17.;                                0000149P0000080
144,153,1,1,155,183;                                             0000151P0000081
108,0.,-1.,0.,0.,0,-9.98E+03,0.,1.E+04,0.;                       0000153P0000082
142,0,153,0,157,2;                                               0000155P0000083
102,8,159,163,165,169,171,175,177,181;                           0000157P0000084
100,0.,0.,0.,-1.421085472E-14,-1.5,1.5,0.;                       0000159P0000085
124,1.,-4.736951572E-15,0.,17.,0.,-0.,1.,0.,-4.736951572E-15,    0000161P0000086
-1.,0.,17.;                                                      0000161P0000087
110,18.5,0.,17.,18.5,0.,-17.;                                    0000163P0000088
100,0.,0.,0.,-1.421085472E-14,-1.5,1.5,0.;                       0000165P0000089
124,-4.736951572E-15,-1.,0.,17.,-0.,0.,1.,0.,-1.,                0000167P0000090
4.736951572E-15,0.,-17.;                                         0000167P0000091
110,17.,0.,-18.5,-17.,0.,-18.5;                                  0000169P0000092
100,0.,0.,0.,-1.421085472E-14,-1.5,1.5,0.;                       0000171P0000093
124,-1.,4.736951572E-15,0.,-17.,0.,0.,1.,0.,4.736951572E-15,1.,  0000173P0000094
0.,-17.;                                                         0000173P0000095
110,-18.5,0.,-17.,-18.5,0.,17.;                                  0000175P0000096
100,0.,0.,0.,-1.421085472E-14,-1.5,1.5,0.;                       0000177P0000097
124,4.736951572E-15,1.,0.,-17.,0.,0.,1.,0.,1.,-4.736951572E-15,  0000179P0000098
0.,17.;                                                          0000179P0000099
110,-17.,0.,18.5,17.,0.,18.5;                                    0000181P0000100
142,0,153,0,185,2;                                               0000183P0000101
102,8,187,189,193,195,199,201,205,207;                           0000185P0000102
110,20.,0.,-17.,20.,0.,17.;                                      0000187P0000103
100,0.,0.,0.,3.,0.,0.,3.;                                        0000189P0000104
124,1.,0.,0.,17.,0.,0.,-1.,0.,0.,1.,0.,17.;                      0000191P0000105
110,17.,0.,20.,-17.,0.,20.;                                      0000193P0000106
100,0.,0.,0.,3.,0.,0.,3.;                                        0000195P0000107
124,0.,-1.,0.,-17.,0.,0.,-1.,0.,1.,0.,0.,17.;                    0000197P0000108
110,-20.,0.,17.,-20.,0.,-17.;                                    0000199P0000109
100,0.,0.,0.,3.,0.,0.,3.;                                        0000201P0000110
124,-1.,-0.,0.,-17.,0.,-0.,-1.,0.,0.,-1.,0.,-17.;                0000203P0000111
110,-17.,0.,-20.,17.,0.,-20.;                                    0000205P0000112
100,0.,0.,0.,3.,0.,0.,3.;                                        0000207P0000113
124,0.,1.,0.,17.,0.,0.,-1.,0.,-1.,0.,0.,-17.;                    0000209P0000114
144,213,1,4,215,227,233,239,245;                                 0000211P0000115
108,0.,-0.,1.,20.,0,17.,-140.,20.,0.;                            0000213P0000116
142,0,213,0,217,2;                                               0000215P0000117
102,4,219,221,223,225;                                           0000217P0000118
110,-17.,1.8E+03,20.,-17.,0.,20.;                                0000219P0000119
110,-17.,0.,20.,17.,0.,20.;                                      0000221P0000120
110,17.,0.,20.,17.,1.8E+03,20.;                                  0000223P0000121
110,17.,1.8E+03,20.,-17.,1.8E+03,20.;                            0000225P0000122
142,0,213,0,229,2;                                               0000227P0000123
100,0.,0.,0.,4.5,0.,4.5,0.;                                      0000229P0000124
124,1.,0.,-0.,0.,0.,-1.,-0.,1.78E+03,0.,0.,-1.,20.;              0000231P0000125
142,0,213,0,235,2;                                               0000233P0000126
100,0.,0.,0.,4.5,0.,4.5,0.;                                      0000235P0000127
124,1.,0.,-0.,0.,0.,-1.,-0.,1.73E+03,0.,0.,-1.,20.;              0000237P0000128
142,0,213,0,241,2;                                               0000239P0000129
100,0.,0.,0.,4.5,0.,4.5,0.;                                      0000241P0000130
124,1.,0.,-0.,0.,0.,-1.,-0.,150.,0.,0.,-1.,20.;                  0000243P0000131
142,0,213,0,247,2;                                               0000245P0000132
100,0.,0.,0.,4.5,0.,4.5,0.;                                      0000247P0000133
124,1.,0.,-0.,0.,0.,-1.,-0.,50.,0.,0.,-1.,20.;                   0000249P0000134
144,253,1,0,261;                                                 0000251P0000135
120,257,259,4.71238898,6.283185307;                              0000253P0000136
124,0.,-1.,0.,-17.,0.,0.,-1.,-140.,1.,0.,0.,17.;                 0000255P0000137
110,0.,0.,1.,0.,0.,0.;                                           0000257P0000138
110,3.,0.,-1.94E+03,3.,0.,-140.;                                 0000259P0000139
142,0,253,263,273,3;                                             0000261P0000140
102,4,265,267,269,271;                                           0000263P0000141
110,1.,4.71238898,0.,1.,6.283185307,0.;                          0000265P0000142
110,1.,6.283185307,0.,-2.220446049E-16,6.283185307,0.;           0000267P0000143
110,0.,6.283185307,0.,-1.937704721E-19,4.71238898,0.;            0000269P0000144
110,-2.220446049E-16,4.71238898,0.,1.,4.71238898,0.;             0000271P0000145
102,4,275,279,281,285;                                           0000273P0000146
100,0.,0.,0.,0.,-3.,3.,0.;                                       0000275P0000147
124,0.,1.,0.,-17.,0.,0.,1.,0.,1.,0.,0.,17.;                      0000277P0000148
110,-17.,0.,20.,-17.,1.8E+03,20.;                                0000279P0000149
100,0.,0.,0.,3.,0.,0.,3.;                                        0000281P0000150
124,0.,-1.,0.,-17.,0.,0.,-1.,1.8E+03,1.,0.,0.,17.;               0000283P0000151
110,-20.,1.8E+03,17.,-20.,0.,17.;                                0000285P0000152
144,289,1,0,291;                                                 0000287P0000153
108,-1.,0.,0.,20.,0,-20.,-140.,17.,0.;                           0000289P0000154
142,0,289,0,293,2;                                               0000291P0000155
102,4,295,297,299,301;                                           0000293P0000156
110,-20.,1.8E+03,-17.,-20.,0.,-17.;                              0000295P0000157
110,-20.,0.,-17.,-20.,0.,17.;                                    0000297P0000158
110,-20.,0.,17.,-20.,1.8E+03,17.;                                0000299P0000159
110,-20.,1.8E+03,17.,-20.,1.8E+03,-17.;                          0000301P0000160
144,305,1,0,313;                                                 0000303P0000161
120,309,311,4.71238898,6.283185307;                              0000305P0000162
124,-1.,-0.,0.,-17.,0.,-0.,-1.,-140.,0.,-1.,0.,-17.;             0000307P0000163
110,0.,0.,1.,0.,0.,0.;                                           0000309P0000164
110,3.,0.,-1.94E+03,3.,0.,-140.;                                 0000311P0000165
142,0,305,315,325,3;                                             0000313P0000166
102,4,317,319,321,323;                                           0000315P0000167
110,1.,4.71238898,0.,1.,6.283185307,0.;                          0000317P0000168
110,1.,6.283185307,0.,-2.220446049E-16,6.283185307,0.;           0000319P0000169
110,0.,6.283185307,0.,-1.937704721E-19,4.71238898,0.;            0000321P0000170
110,-2.220446049E-16,4.71238898,0.,1.,4.71238898,0.;             0000323P0000171
102,4,327,331,333,337;                                           0000325P0000172
100,0.,0.,0.,0.,-3.,3.,0.;                                       0000327P0000173
124,-1.,0.,0.,-17.,0.,0.,1.,0.,0.,1.,0.,-17.;                    0000329P0000174
110,-20.,0.,-17.,-20.,1.8E+03,-17.;                              0000331P0000175
100,0.,0.,0.,3.,0.,0.,3.;                                        0000333P0000176
124,-1.,-0.,0.,-17.,0.,-0.,-1.,1.8E+03,0.,-1.,0.,-17.;           0000335P0000177
110,-17.,1.8E+03,-20.,-17.,0.,-20.;                              0000337P0000178
144,341,1,4,343,355,361,367,373;                                 0000339P0000179
108,0.,0.,-1.,20.,0,-17.,-140.,-20.,0.;                          0000341P0000180
142,0,341,0,345,2;                                               0000343P0000181
102,4,347,349,351,353;                                           0000345P0000182
110,17.,1.8E+03,-20.,17.,0.,-20.;                                0000347P0000183
110,17.,0.,-20.,-17.,0.,-20.;                                    0000349P0000184
110,-17.,0.,-20.,-17.,1.8E+03,-20.;                              0000351P0000185
110,-17.,1.8E+03,-20.,17.,1.8E+03,-20.;                          0000353P0000186
142,0,341,0,357,2;                                               0000355P0000187
100,0.,0.,0.,4.5,0.,4.5,0.;                                      0000357P0000188
124,1.,0.,0.,0.,0.,1.,0.,1.78E+03,0.,0.,1.,-20.;                 0000359P0000189
142,0,341,0,363,2;                                               0000361P0000190
100,0.,0.,0.,4.5,0.,4.5,0.;                                      0000363P0000191
124,1.,0.,0.,0.,0.,1.,0.,1.73E+03,0.,0.,1.,-20.;                 0000365P0000192
142,0,341,0,369,2;                                               0000367P0000193
100,0.,0.,0.,4.5,0.,4.5,0.;                                      0000369P0000194
124,1.,0.,0.,0.,0.,1.,0.,150.,0.,0.,1.,-20.;                     0000371P0000195
142,0,341,0,375,2;                                               0000373P0000196
100,0.,0.,0.,4.5,0.,4.5,0.;                                      0000375P0000197
124,1.,0.,0.,0.,0.,1.,0.,50.,0.,0.,1.,-20.;                      0000377P0000198
144,381,1,0,383;                                                 0000379P0000199
108,-1.,-0.,-0.,-18.5,0,18.5,-140.,-17.,0.;                      0000381P0000200
142,0,381,0,385,2;                                               0000383P0000201
102,4,387,389,391,393;                                           0000385P0000202
110,18.5,0.,-17.,18.5,0.,17.;                                    0000387P0000203
110,18.5,0.,17.,18.5,1.8E+03,17.;                                0000389P0000204
110,18.5,1.8E+03,17.,18.5,1.8E+03,-17.;                          0000391P0000205
110,18.5,1.8E+03,-17.,18.5,0.,-17.;                              0000393P0000206
144,397,1,0,405;                                                 0000395P0000207
120,401,403,0.,1.570796327;                                      0000397P0000208
124,-4.736951572E-15,-1.,0.,17.,-0.,0.,-1.,-140.,-1.,            0000399P0000209
4.736951572E-15,0.,-17.;                                         0000399P0000210
110,0.,0.,1.,0.,0.,0.;                                           0000401P0000211
110,1.5,0.,-1.94E+03,1.5,0.,-140.;                               0000403P0000212
142,0,397,407,417,3;                                             0000405P0000213
102,4,409,411,413,415;                                           0000407P0000214
110,-2.220446049E-16,1.776356839E-15,0.,1.,4.014566457E-13,0.;   0000409P0000215
110,1.,4.014566457E-13,0.,1.,1.570796327,0.;                     0000411P0000216
110,1.,1.570796327,0.,-2.220446049E-16,1.570796327,0.;           0000413P0000217
110,-5.813114163E-19,1.570796327,0.,-7.750818884E-19,            0000415P0000218
1.776356839E-15,0.;                                              0000415P0000219
102,4,419,421,425,427;                                           0000417P0000220
110,17.,1.8E+03,-18.5,17.,0.,-18.5;                              0000419P0000221
100,0.,0.,0.,1.5,0.,-1.421085472E-14,1.5;                        0000421P0000222
124,-4.736951572E-15,1.,0.,17.,-0.,0.,-1.,0.,-1.,                0000423P0000223
-4.736951572E-15,0.,-17.;                                        0000423P0000224
110,18.5,0.,-17.,18.5,1.8E+03,-17.;                              0000425P0000225
100,0.,0.,0.,-1.421085472E-14,-1.5,1.5,0.;                       0000427P0000226
124,-4.736951572E-15,-1.,0.,17.,-0.,0.,1.,1.8E+03,-1.,           0000429P0000227
4.736951572E-15,0.,-17.;                                         0000429P0000228
144,433,1,4,435,447,453,459,465;                                 0000431P0000229
108,-0.,-0.,1.,-18.5,0,-17.,-140.,-18.5,0.;                      0000433P0000230
142,0,433,0,437,2;                                               0000435P0000231
102,4,439,441,443,445;                                           0000437P0000232
110,-17.,1.8E+03,-18.5,-17.,0.,-18.5;                            0000439P0000233
110,-17.,0.,-18.5,17.,0.,-18.5;                                  0000441P0000234
110,17.,0.,-18.5,17.,1.8E+03,-18.5;                              0000443P0000235
110,17.,1.8E+03,-18.5,-17.,1.8E+03,-18.5;                        0000445P0000236
142,0,433,0,449,2;                                               0000447P0000237
100,0.,0.,0.,4.5,0.,4.5,0.;                                      0000449P0000238
124,1.,0.,-0.,0.,0.,-1.,-0.,1.78E+03,0.,0.,-1.,-18.5;            0000451P0000239
142,0,433,0,455,2;                                               0000453P0000240
100,0.,0.,0.,4.5,0.,4.5,0.;                                      0000455P0000241
124,1.,0.,-0.,0.,0.,-1.,-0.,1.73E+03,0.,0.,-1.,-18.5;            0000457P0000242
142,0,433,0,461,2;                                               0000459P0000243
100,0.,0.,0.,4.5,0.,4.5,0.;                                      0000461P0000244
124,1.,0.,-0.,0.,0.,-1.,-0.,150.,0.,0.,-1.,-18.5;                0000463P0000245
142,0,433,0,467,2;                                               0000465P0000246
100,0.,0.,0.,4.5,0.,4.5,0.;                                      0000467P0000247
124,1.,0.,-0.,0.,0.,-1.,-0.,50.,0.,0.,-1.,-18.5;                 0000469P0000248
144,473,1,0,481;                                                 0000471P0000249
120,477,479,0.,1.570796327;                                      0000473P0000250
124,-1.,4.736951572E-15,0.,-17.,0.,0.,-1.,-140.,4.736951572E-15, 0000475P0000251
1.,0.,-17.;                                                      0000475P0000252
110,0.,0.,1.,0.,0.,0.;                                           0000477P0000253
110,1.5,0.,-1.94E+03,1.5,0.,-140.;                               0000479P0000254
142,0,473,483,493,3;                                             0000481P0000255
102,4,485,487,489,491;                                           0000483P0000256
110,-2.220446049E-16,1.776356839E-15,0.,1.,4.014566457E-13,0.;   0000485P0000257
110,1.,4.014566457E-13,0.,1.,1.570796327,0.;                     0000487P0000258
110,1.,1.570796327,0.,-2.220446049E-16,1.570796327,0.;           0000489P0000259
110,-5.813114163E-19,1.570796327,0.,-7.750818884E-19,            0000491P0000260
1.776356839E-15,0.;                                              0000491P0000261
102,4,495,497,501,503;                                           0000493P0000262
110,-18.5,1.8E+03,-17.,-18.5,0.,-17.;                            0000495P0000263
100,0.,0.,0.,1.5,0.,-1.421085472E-14,1.5;                        0000497P0000264
124,-1.,-4.736951572E-15,0.,-17.,0.,-0.,-1.,0.,4.736951572E-15,  0000499P0000265
-1.,0.,-17.;                                                     0000499P0000266
110,-17.,0.,-18.5,-17.,1.8E+03,-18.5;                            0000501P0000267
100,0.,0.,0.,-1.421085472E-14,-1.5,1.5,0.;                       0000503P0000268
124,-1.,4.736951572E-15,0.,-17.,0.,0.,1.,1.8E+03,                0000505P0000269
4.736951572E-15,1.,0.,-17.;                                      0000505P0000270
144,509,1,0,511;                                                 0000507P0000271
108,1.,-0.,-0.,-18.5,0,-18.5,-140.,17.,0.;                       0000509P0000272
142,0,509,0,513,2;                                               0000511P0000273
102,4,515,517,519,521;                                           0000513P0000274
110,-18.5,0.,17.,-18.5,0.,-17.;                                  0000515P0000275
110,-18.5,0.,-17.,-18.5,1.8E+03,-17.;                            0000517P0000276
110,-18.5,1.8E+03,-17.,-18.5,1.8E+03,17.;                        0000519P0000277
110,-18.5,1.8E+03,17.,-18.5,0.,17.;                              0000521P0000278
144,525,1,0,533;                                                 0000523P0000279
120,529,531,0.,1.570796327;                                      0000525P0000280
124,4.736951572E-15,1.,0.,-17.,0.,0.,-1.,-140.,1.,               0000527P0000281
-4.736951572E-15,0.,17.;                                         0000527P0000282
110,0.,0.,1.,0.,0.,0.;                                           0000529P0000283
110,1.5,0.,-1.94E+03,1.5,0.,-140.;                               0000531P0000284
142,0,525,535,545,3;                                             0000533P0000285
102,4,537,539,541,543;                                           0000535P0000286
110,-2.220446049E-16,1.776356839E-15,0.,1.,4.014566457E-13,0.;   0000537P0000287
110,1.,4.014566457E-13,0.,1.,1.570796327,0.;                     0000539P0000288
110,1.,1.570796327,0.,-2.220446049E-16,1.570796327,0.;           0000541P0000289
110,-5.813114163E-19,1.570796327,0.,-7.750818884E-19,            0000543P0000290
1.776356839E-15,0.;                                              0000543P0000291
102,4,547,549,553,555;                                           0000545P0000292
110,-17.,1.8E+03,18.5,-17.,0.,18.5;                              0000547P0000293
100,0.,0.,0.,1.5,0.,-1.421085472E-14,1.5;                        0000549P0000294
124,4.736951572E-15,-1.,0.,-17.,0.,0.,-1.,0.,1.,4.736951572E-15, 0000551P0000295
0.,17.;                                                          0000551P0000296
110,-18.5,0.,17.,-18.5,1.8E+03,17.;                              0000553P0000297
100,0.,0.,0.,-1.421085472E-14,-1.5,1.5,0.;                       0000555P0000298
124,4.736951572E-15,1.,0.,-17.,0.,0.,1.,1.8E+03,1.,              0000557P0000299
-4.736951572E-15,0.,17.;                                         0000557P0000300
144,561,1,4,563,575,581,587,593;                                 0000559P0000301
108,-0.,0.,-1.,-18.5,0,17.,-140.,18.5,0.;                        0000561P0000302
142,0,561,0,565,2;                                               0000563P0000303
102,4,567,569,571,573;                                           0000565P0000304
110,17.,1.8E+03,18.5,17.,0.,18.5;                                0000567P0000305
110,17.,0.,18.5,-17.,0.,18.5;                                    0000569P0000306
110,-17.,0.,18.5,-17.,1.8E+03,18.5;                              0000571P0000307
110,-17.,1.8E+03,18.5,17.,1.8E+03,18.5;                          0000573P0000308
142,0,561,0,577,2;                                               0000575P0000309
100,0.,0.,0.,4.5,0.,4.5,0.;                                      0000577P0000310
124,1.,0.,0.,0.,0.,1.,0.,1.78E+03,0.,0.,1.,18.5;                 0000579P0000311
142,0,561,0,583,2;                                               0000581P0000312
100,0.,0.,0.,4.5,0.,4.5,0.;                                      0000583P0000313
124,1.,0.,0.,0.,0.,1.,0.,1.73E+03,0.,0.,1.,18.5;                 0000585P0000314
142,0,561,0,589,2;                                               0000587P0000315
100,0.,0.,0.,4.5,0.,4.5,0.;                                      0000589P0000316
124,1.,0.,0.,0.,0.,1.,0.,150.,0.,0.,1.,18.5;                     0000591P0000317
142,0,561,0,595,2;                                               0000593P0000318
100,0.,0.,0.,4.5,0.,4.5,0.;                                      0000595P0000319
124,1.,0.,0.,0.,0.,1.,0.,50.,0.,0.,1.,18.5;                      0000597P0000320
144,601,1,0,609;                                                 0000599P0000321
120,605,607,0.,1.570796327;                                      0000601P0000322
124,1.,-4.736951572E-15,0.,17.,0.,-0.,-1.,-140.,                 0000603P0000323
-4.736951572E-15,-1.,0.,17.;                                     0000603P0000324
110,0.,0.,1.,0.,0.,0.;                                           0000605P0000325
110,1.5,0.,-1.94E+03,1.5,0.,-140.;                               0000607P0000326
142,0,601,611,621,3;                                             0000609P0000327
102,4,613,615,617,619;                                           0000611P0000328
110,-2.220446049E-16,1.776356839E-15,0.,1.,4.014566457E-13,0.;   0000613P0000329
110,1.,4.014566457E-13,0.,1.,1.570796327,0.;                     0000615P0000330
110,1.,1.570796327,0.,-2.220446049E-16,1.570796327,0.;           0000617P0000331
110,-5.813114163E-19,1.570796327,0.,-7.750818884E-19,            0000619P0000332
1.776356839E-15,0.;                                              0000619P0000333
102,4,623,625,629,631;                                           0000621P0000334
110,18.5,1.8E+03,17.,18.5,0.,17.;                                0000623P0000335
100,0.,0.,0.,1.5,0.,-1.421085472E-14,1.5;                        0000625P0000336
124,1.,4.736951572E-15,0.,17.,0.,0.,-1.,0.,-4.736951572E-15,1.,  0000627P0000337
0.,17.;                                                          0000627P0000338
110,17.,0.,18.5,17.,1.8E+03,18.5;                                0000629P0000339
100,0.,0.,0.,-1.421085472E-14,-1.5,1.5,0.;                       0000631P0000340
124,1.,-4.736951572E-15,0.,17.,0.,-0.,1.,1.8E+03,                0000633P0000341
-4.736951572E-15,-1.,0.,17.;                                     0000633P0000342
144,637,1,0,645;                                                 0000635P0000343
120,641,643,0.,6.283185307;                                      0000637P0000344
124,1.,0.,0.,0.,0.,-1.,0.,1.78E+03,0.,0.,1.,-30.;                0000639P0000345
110,0.,0.,1.,0.,0.,0.;                                           0000641P0000346
110,4.5,0.,48.5,4.5,0.,50.;                                      0000643P0000347
142,0,637,647,657,3;                                             0000645P0000348
102,4,649,651,653,655;                                           0000647P0000349
110,9.473903143E-15,1.887379142E-15,0.,1.,2.220446049E-15,0.;    0000649P0000350
110,1.,1.776356839E-15,0.,1.,6.283185307,0.;                     0000651P0000351
110,1.,6.283185307,0.,9.473903143E-15,6.283185307,0.;            0000653P0000352
110,1.972152263E-31,6.283185307,0.,-9.300982661E-16,             0000655P0000353
1.776356839E-15,0.;                                              0000655P0000354
102,4,659,661,665,667;                                           0000657P0000355
110,4.5,1.78E+03,18.5,4.5,1.78E+03,20.;                          0000659P0000356
100,0.,0.,0.,4.5,0.,4.5,0.;                                      0000661P0000357
124,1.,0.,0.,0.,0.,1.,0.,1.78E+03,0.,0.,1.,20.;                  0000663P0000358
110,4.5,1.78E+03,20.,4.5,1.78E+03,18.5;                          0000665P0000359
100,0.,0.,0.,4.5,0.,4.5,0.;                                      0000667P0000360
124,1.,0.,-0.,0.,0.,-1.,-0.,1.78E+03,0.,0.,-1.,18.5;             0000669P0000361
144,673,1,0,681;                                                 0000671P0000362
120,677,679,0.,6.283185307;                                      0000673P0000363
124,1.,0.,0.,0.,0.,-1.,0.,1.73E+03,0.,0.,1.,-30.;                0000675P0000364
110,0.,0.,1.,0.,0.,0.;                                           0000677P0000365
110,4.5,0.,48.5,4.5,0.,50.;                                      0000679P0000366
142,0,673,683,693,3;                                             0000681P0000367
102,4,685,687,689,691;                                           0000683P0000368
110,9.473903143E-15,1.887379142E-15,0.,1.,2.220446049E-15,0.;    0000685P0000369
110,1.,1.776356839E-15,0.,1.,6.283185307,0.;                     0000687P0000370
110,1.,6.283185307,0.,9.473903143E-15,6.283185307,0.;            0000689P0000371
110,1.972152263E-31,6.283185307,0.,-9.300982661E-16,             0000691P0000372
1.776356839E-15,0.;                                              0000691P0000373
102,4,695,697,701,703;                                           0000693P0000374
110,4.5,1.73E+03,18.5,4.5,1.73E+03,20.;                          0000695P0000375
100,0.,0.,0.,4.5,0.,4.5,0.;                                      0000697P0000376
124,1.,0.,0.,0.,0.,1.,0.,1.73E+03,0.,0.,1.,20.;                  0000699P0000377
110,4.5,1.73E+03,20.,4.5,1.73E+03,18.5;                          0000701P0000378
100,0.,0.,0.,4.5,0.,4.5,0.;                                      0000703P0000379
124,1.,0.,-0.,0.,0.,-1.,-0.,1.73E+03,0.,0.,-1.,18.5;             0000705P0000380
144,709,1,0,717;                                                 0000707P0000381
120,713,715,0.,6.283185307;                                      0000709P0000382
124,1.,0.,0.,0.,0.,-1.,0.,150.,0.,0.,1.,-30.;                    0000711P0000383
110,0.,0.,1.,0.,0.,0.;                                           0000713P0000384
110,4.5,0.,48.5,4.5,0.,50.;                                      0000715P0000385
142,0,709,719,729,3;                                             0000717P0000386
102,4,721,723,725,727;                                           0000719P0000387
110,9.473903143E-15,1.887379142E-15,0.,1.,2.220446049E-15,0.;    0000721P0000388
110,1.,1.776356839E-15,0.,1.,6.283185307,0.;                     0000723P0000389
110,1.,6.283185307,0.,9.473903143E-15,6.283185307,0.;            0000725P0000390
110,1.972152263E-31,6.283185307,0.,-9.300982661E-16,             0000727P0000391
1.776356839E-15,0.;                                              0000727P0000392
102,4,731,733,737,739;                                           0000729P0000393
110,4.5,150.,18.5,4.5,150.,20.;                                  0000731P0000394
100,0.,0.,0.,4.5,0.,4.5,0.;                                      0000733P0000395
124,1.,0.,0.,0.,0.,1.,0.,150.,0.,0.,1.,20.;                      0000735P0000396
110,4.5,150.,20.,4.5,150.,18.5;                                  0000737P0000397
100,0.,0.,0.,4.5,0.,4.5,0.;                                      0000739P0000398
124,1.,0.,-0.,0.,0.,-1.,-0.,150.,0.,0.,-1.,18.5;                 0000741P0000399
144,745,1,0,753;                                                 0000743P0000400
120,749,751,0.,6.283185307;                                      0000745P0000401
124,1.,0.,0.,0.,0.,-1.,0.,50.,0.,0.,1.,-30.;                     0000747P0000402
110,0.,0.,1.,0.,0.,0.;                                           0000749P0000403
110,4.5,0.,48.5,4.5,0.,50.;                                      0000751P0000404
142,0,745,755,765,3;                                             0000753P0000405
102,4,757,759,761,763;                                           0000755P0000406
110,9.473903143E-15,1.887379142E-15,0.,1.,2.220446049E-15,0.;    0000757P0000407
110,1.,1.776356839E-15,0.,1.,6.283185307,0.;                     0000759P0000408
110,1.,6.283185307,0.,9.473903143E-15,6.283185307,0.;            0000761P0000409
110,1.972152263E-31,6.283185307,0.,-9.300982661E-16,             0000763P0000410
1.776356839E-15,0.;                                              0000763P0000411
102,4,767,769,773,775;                                           0000765P0000412
110,4.5,50.,18.5,4.5,50.,20.;                                    0000767P0000413
100,0.,0.,0.,4.5,0.,4.5,0.;                                      0000769P0000414
124,1.,0.,0.,0.,0.,1.,0.,50.,0.,0.,1.,20.;                       0000771P0000415
110,4.5,50.,20.,4.5,50.,18.5;                                    0000773P0000416
100,0.,0.,0.,4.5,0.,4.5,0.;                                      0000775P0000417
124,1.,0.,-0.,0.,0.,-1.,-0.,50.,0.,0.,-1.,18.5;                  0000777P0000418
144,781,1,0,789;                                                 0000779P0000419
120,785,787,0.,6.283185307;                                      0000781P0000420
124,1.,0.,0.,0.,0.,-1.,0.,1.78E+03,0.,0.,1.,-30.;                0000783P0000421
110,0.,0.,1.,0.,0.,0.;                                           0000785P0000422
110,4.5,0.,10.,4.5,0.,11.5;                                      0000787P0000423
142,0,781,791,801,3;                                             0000789P0000424
102,4,793,795,797,799;                                           0000791P0000425
110,0.,2.220446049E-15,0.,1.,2.553512957E-15,0.;                 0000793P0000426
110,1.,1.776356839E-15,0.,1.,6.283185307,0.;                     0000795P0000427
110,1.,6.283185307,0.,1.184237893E-15,6.283185307,0.;            0000797P0000428
110,1.972152263E-31,6.283185307,0.,-9.300982661E-16,             0000799P0000429
1.776356839E-15,0.;                                              0000799P0000430
102,4,803,805,809,811;                                           0000801P0000431
110,4.5,1.78E+03,-20.,4.5,1.78E+03,-18.5;                        0000803P0000432
100,0.,0.,0.,4.5,0.,4.5,0.;                                      0000805P0000433
124,1.,0.,0.,0.,0.,1.,0.,1.78E+03,0.,0.,1.,-18.5;                0000807P0000434
110,4.5,1.78E+03,-18.5,4.5,1.78E+03,-20.;                        0000809P0000435
100,0.,0.,0.,4.5,0.,4.5,0.;                                      0000811P0000436
124,1.,0.,-0.,0.,0.,-1.,-0.,1.78E+03,0.,0.,-1.,-20.;             0000813P0000437
144,817,1,0,825;                                                 0000815P0000438
120,821,823,0.,6.283185307;                                      0000817P0000439
124,1.,0.,0.,0.,0.,-1.,0.,1.73E+03,0.,0.,1.,-30.;                0000819P0000440
110,0.,0.,1.,0.,0.,0.;                                           0000821P0000441
110,4.5,0.,10.,4.5,0.,11.5;                                      0000823P0000442
142,0,817,827,837,3;                                             0000825P0000443
102,4,829,831,833,835;                                           0000827P0000444
110,0.,2.220446049E-15,0.,1.,2.553512957E-15,0.;                 0000829P0000445
110,1.,1.776356839E-15,0.,1.,6.283185307,0.;                     0000831P0000446
110,1.,6.283185307,0.,1.184237893E-15,6.283185307,0.;            0000833P0000447
110,1.972152263E-31,6.283185307,0.,-9.300982661E-16,             0000835P0000448
1.776356839E-15,0.;                                              0000835P0000449
102,4,839,841,845,847;                                           0000837P0000450
110,4.5,1.73E+03,-20.,4.5,1.73E+03,-18.5;                        0000839P0000451
100,0.,0.,0.,4.5,0.,4.5,0.;                                      0000841P0000452
124,1.,0.,0.,0.,0.,1.,0.,1.73E+03,0.,0.,1.,-18.5;                0000843P0000453
110,4.5,1.73E+03,-18.5,4.5,1.73E+03,-20.;                        0000845P0000454
100,0.,0.,0.,4.5,0.,4.5,0.;                                      0000847P0000455
124,1.,0.,-0.,0.,0.,-1.,-0.,1.73E+03,0.,0.,-1.,-20.;             0000849P0000456
144,853,1,0,861;                                                 0000851P0000457
120,857,859,0.,6.283185307;                                      0000853P0000458
124,1.,0.,0.,0.,0.,-1.,0.,150.,0.,0.,1.,-30.;                    0000855P0000459
110,0.,0.,1.,0.,0.,0.;                                           0000857P0000460
110,4.5,0.,10.,4.5,0.,11.5;                                      0000859P0000461
142,0,853,863,873,3;                                             0000861P0000462
102,4,865,867,869,871;                                           0000863P0000463
110,0.,2.220446049E-15,0.,1.,2.553512957E-15,0.;                 0000865P0000464
110,1.,1.776356839E-15,0.,1.,6.283185307,0.;                     0000867P0000465
110,1.,6.283185307,0.,1.184237893E-15,6.283185307,0.;            0000869P0000466
110,1.972152263E-31,6.283185307,0.,-9.300982661E-16,             0000871P0000467
1.776356839E-15,0.;                                              0000871P0000468
102,4,875,877,881,883;                                           0000873P0000469
110,4.5,150.,-20.,4.5,150.,-18.5;                                0000875P0000470
100,0.,0.,0.,4.5,0.,4.5,0.;                                      0000877P0000471
124,1.,0.,0.,0.,0.,1.,0.,150.,0.,0.,1.,-18.5;                    0000879P0000472
110,4.5,150.,-18.5,4.5,150.,-20.;                                0000881P0000473
100,0.,0.,0.,4.5,0.,4.5,0.;                                      0000883P0000474
124,1.,0.,-0.,0.,0.,-1.,-0.,150.,0.,0.,-1.,-20.;                 0000885P0000475
144,889,1,0,897;                                                 0000887P0000476
120,893,895,0.,6.283185307;                                      0000889P0000477
124,1.,0.,0.,0.,0.,-1.,0.,50.,0.,0.,1.,-30.;                     0000891P0000478
110,0.,0.,1.,0.,0.,0.;                                           0000893P0000479
110,4.5,0.,10.,4.5,0.,11.5;                                      0000895P0000480
142,0,889,899,909,3;                                             0000897P0000481
102,4,901,903,905,907;                                           0000899P0000482
110,0.,2.220446049E-15,0.,1.,2.553512957E-15,0.;                 0000901P0000483
110,1.,1.776356839E-15,0.,1.,6.283185307,0.;                     0000903P0000484
110,1.,6.283185307,0.,1.184237893E-15,6.283185307,0.;            0000905P0000485
110,1.972152263E-31,6.283185307,0.,-9.300982661E-16,             0000907P0000486
1.776356839E-15,0.;                                              0000907P0000487
102,4,911,913,917,919;                                           0000909P0000488
110,4.5,50.,-20.,4.5,50.,-18.5;                                  0000911P0000489
100,0.,0.,0.,4.5,0.,4.5,0.;                                      0000913P0000490
124,1.,0.,0.,0.,0.,1.,0.,50.,0.,0.,1.,-18.5;                     0000915P0000491
110,4.5,50.,-18.5,4.5,50.,-20.;                                  0000917P0000492
100,0.,0.,0.,4.5,0.,4.5,0.;                                      0000919P0000493
124,1.,0.,-0.,0.,0.,-1.,-0.,50.,0.,0.,-1.,-20.;                  0000921P0000494
S      1G      4D    922P    494                                        T0000001
