                                                                        S0000001
,,31HOpen CASCADE IGES processor 8.0,13HFilename.iges,                  G0000001
16HOpen CASCADE 8.0,31HOpen CASCADE IGES processor 8.0,32,308,15,308,15,G0000002
,1.,2,2HMM,1,0.01,15H20261008.060937,1.33333E-07,300.,4Hroot,,11,0,     G0000003
15H20261008.060937,;                                                    G0000004
     402       1       0       0       0       0       0       000000000D0000001
     402       0       0       2       1                               0D0000002
     144       3       0       0       0       0       0       000020000D0000003
     144       0       0       1       0                               0D0000004
     108       4       0       0       0       0       0       000010000D0000005
     108       0       0       1       0                               0D0000006
     142       5       0       0       0       0       0       000010500D0000007
     142       0       0       1       0                               0D0000008
     102       6       0       0       0       0       0       000010000D0000009
     102       0       0       1       0                               0D0000010
     110       7       0       0       0       0       0       000010000D0000011
     110       0       0       1       0                               0D0000012
     110       8       0       0       0       0       0       000010000D0000013
     110       0       0       1       0                               0D0000014
     110       9       0       0       0       0       0       000010000D0000015
     110       0       0       1       0                               0D0000016
     110      10       0       0       0       0       0       000010000D0000017
     110       0       0       1       0                               0D0000018
     142      11       0       0       0       0       0       000010500D0000019
     142       0       0       1       0                               0D0000020
     102      12       0       0       0       0       0       000010000D0000021
     102       0       0       1       0                               0D0000022
     110      13       0       0       0       0       0       000010000D0000023
     110       0       0       1       0                               0D0000024
     110      14       0       0       0       0       0       000010000D0000025
     110       0       0       1       0                               0D0000026
     110      15       0       0       0       0       0       000010000D0000027
     110       0       0       1       0                               0D0000028
     110      16       0       0       0       0       0       000010000D0000029
     110       0       0       1       0                               0D0000030
     142      17       0       0       0       0       0       000010500D0000031
     142       0       0       1       0                               0D0000032
     102      18       0       0       0       0       0       000010000D0000033
     102       0       0       1       0                               0D0000034
     110      19       0       0       0       0       0       000010000D0000035
     110       0       0       1       0                               0D0000036
     110      20       0       0       0       0       0       000010000D0000037
     110       0       0       1       0                               0D0000038
     110      21       0       0       0       0       0       000010000D0000039
     110       0       0       1       0                               0D0000040
     110      22       0       0       0       0       0       000010000D0000041
     110       0       0       1       0                               0D0000042
     144      23       0       0       0       0       0       000020000D0000043
     144       0       0       1       0                               0D0000044
     120      24       0       0       0       0      47       000010000D0000045
     120       0       0       1       0                               0D0000046
     124      25       0       0       0       0       0       000000000D0000047
     124       0       0       1       0                               0D0000048
     110      26       0       0       0       0       0       000010000D0000049
     110       0       0       1       0                               0D0000050
     110      27       0       0       0       0       0       000010000D0000051
     110       0       0       1       0                               0D0000052
     142      28       0       0       0       0       0       000010500D0000053
     142       0       0       1       0                               0D0000054
     102      29       0       0       0       0       0       000010000D0000055
     102       0       0       1       0                               0D0000056
     126      30       0       0       0       0       0       000010000D0000057
     126       0       0       7       0                               0D0000058
     110      37       0       0       0       0       0       000010000D0000059
     110       0       0       1       0                               0D0000060
     126      38       0       0       0       0       0       000010000D0000061
     126       0       0       9       0                               0D0000062
     110      47       0       0       0       0       0       000010000D0000063
     110       0       0       1       0                               0D0000064
     102      48       0       0       0       0       0       000010000D0000065
     102       0       0       1       0                               0D0000066
     104      49       0       0       0       0      69       000010000D0000067
     104       0       0       2       1                               0D0000068
     124      51       0       0       0       0       0       000000000D0000069
     124       0       0       2       0                               0D0000070
     110      53       0       0       0       0       0       000010000D0000071
     110       0       0       1       0                               0D0000072
     104      54       0       0       0       0      75       000010000D0000073
     104       0       0       2       1                               0D0000074
     124      56       0       0       0       0       0       000000000D0000075
     124       0       0       2       0                               0D0000076
     110      58       0       0       0       0       0       000010000D0000077
     110       0       0       1       0                               0D0000078
     144      59       0       0       0       0       0       000020000D0000079
     144       0       0       1       0                               0D0000080
     108      60       0       0       0       0       0       000010000D0000081
     108       0       0       2       0                               0D0000082
     142      62       0       0       0       0       0       000010500D0000083
     142       0       0       1       0                               0D0000084
     102      63       0       0       0       0       0       000010000D0000085
     102       0       0       1       0                               0D0000086
     104      64       0       0       0       0      89       000010000D0000087
     104       0       0       2       1                               0D0000088
     124      66       0       0       0       0       0       000000000D0000089
     124       0       0       2       0                               0D0000090
     110      68       0       0       0       0       0       000010000D0000091
     110       0       0       1       0                               0D0000092
     104      69       0       0       0       0      95       000010000D0000093
     104       0       0       2       1                               0D0000094
     124      71       0       0       0       0       0       000000000D0000095
     124       0       0       2       0                               0D0000096
     110      73       0       0       0       0       0       000010000D0000097
     110       0       0       1       0                               0D0000098
     104      74       0       0       0       0     101       000010000D0000099
     104       0       0       2       1                               0D0000100
     124      76       0       0       0       0       0       000000000D0000101
     124       0       0       2       0                               0D0000102
     110      78       0       0       0       0       0       000010000D0000103
     110       0       0       1       0                               0D0000104
     104      79       0       0       0       0     107       000010000D0000105
     104       0       0       2       1                               0D0000106
     124      81       0       0       0       0       0       000000000D0000107
     124       0       0       2       0                               0D0000108
     110      83       0       0       0       0       0       000010000D0000109
     110       0       0       1       0                               0D0000110
     142      84       0       0       0       0       0       000010500D0000111
     142       0       0       1       0                               0D0000112
     102      85       0       0       0       0       0       000010000D0000113
     102       0       0       1       0                               0D0000114
     110      86       0       0       0       0       0       000010000D0000115
     110       0       0       1       0                               0D0000116
     104      87       0       0       0       0     119       000010000D0000117
     104       0       0       2       1                               0D0000118
     124      89       0       0       0       0       0       000000000D0000119
     124       0       0       2       0                               0D0000120
     110      91       0       0       0       0       0       000010000D0000121
     110       0       0       1       0                               0D0000122
     104      92       0       0       0       0     125       000010000D0000123
     104       0       0       2       1                               0D0000124
     124      94       0       0       0       0       0       000000000D0000125
     124       0       0       2       0                               0D0000126
     110      96       0       0       0       0       0       000010000D0000127
     110       0       0       1       0                               0D0000128
     104      97       0       0       0       0     131       000010000D0000129
     104       0       0       2       1                               0D0000130
     124      99       0       0       0       0       0       000000000D0000131
     124       0       0       2       0                               0D0000132
     110     101       0       0       0       0       0       000010000D0000133
     110       0       0       1       0                               0D0000134
     104     102       0       0       0       0     137       000010000D0000135
     104       0       0       2       1                               0D0000136
     124     104       0       0       0       0       0       000000000D0000137
     124       0       0       2       0                               0D0000138
     144     106       0       0       0       0       0       000020000D0000139
     144       0       0       1       0                               0D0000140
     108     107       0       0       0       0       0       000010000D0000141
     108       0       0       2       0                               0D0000142
     142     109       0       0       0       0       0       000010500D0000143
     142       0       0       1       0                               0D0000144
     102     110       0       0       0       0       0       000010000D0000145
     102       0       0       1       0                               0D0000146
     104     111       0       0       0       0     149       000010000D0000147
     104       0       0       2       1                               0D0000148
     124     113       0       0       0       0       0       000000000D0000149
     124       0       0       2       0                               0D0000150
     110     115       0       0       0       0       0       000010000D0000151
     110       0       0       1       0                               0D0000152
     104     116       0       0       0       0     155       000010000D0000153
     104       0       0       2       1                               0D0000154
     124     118       0       0       0       0       0       000000000D0000155
     124       0       0       2       0                               0D0000156
     110     120       0       0       0       0       0       000010000D0000157
     110       0       0       1       0                               0D0000158
     104     121       0       0       0       0     161       000010000D0000159
     104       0       0       2       1                               0D0000160
     124     123       0       0       0       0       0       000000000D0000161
     124       0       0       2       0                               0D0000162
     110     125       0       0       0       0       0       000010000D0000163
     110       0       0       1       0                               0D0000164
     104     126       0       0       0       0     167       000010000D0000165
     104       0       0       2       1                               0D0000166
     124     128       0       0       0       0       0       000000000D0000167
     124       0       0       2       0                               0D0000168
     110     130       0       0       0       0       0       000010000D0000169
     110       0       0       1       0                               0D0000170
     142     131       0       0       0       0       0       000010500D0000171
     142       0       0       1       0                               0D0000172
     102     132       0       0       0       0       0       000010000D0000173
     102       0       0       1       0                               0D0000174
     110     133       0       0       0       0       0       000010000D0000175
     110       0       0       1       0                               0D0000176
     104     134       0       0       0       0     179       000010000D0000177
     104       0       0       2       1                               0D0000178
     124     136       0       0       0       0       0       000000000D0000179
     124       0       0       2       0                               0D0000180
     110     138       0       0       0       0       0       000010000D0000181
     110       0       0       1       0                               0D0000182
     104     139       0       0       0       0     185       000010000D0000183
     104       0       0       2       1                               0D0000184
     124     141       0       0       0       0       0       000000000D0000185
     124       0       0       2       0                               0D0000186
     110     143       0       0       0       0       0       000010000D0000187
     110       0       0       1       0                               0D0000188
     104     144       0       0       0       0     191       000010000D0000189
     104       0       0       2       1                               0D0000190
     124     146       0       0       0       0       0       000000000D0000191
     124       0       0       2       0                               0D0000192
     110     148       0       0       0       0       0       000010000D0000193
     110       0       0       1       0                               0D0000194
     104     149       0       0       0       0     197       000010000D0000195
     104       0       0       2       1                               0D0000196
     124     151       0       0       0       0       0       000000000D0000197
     124       0       0       2       0                               0D0000198
     144     153       0       0       0       0       0       000020000D0000199
     144       0       0       1       0                               0D0000200
     120     154       0       0       0       0     203       000010000D0000201
     120       0       0       1       0                               0D0000202
     124     155       0       0       0       0       0       000000000D0000203
     124       0       0       2       0                               0D0000204
     110     157       0       0       0       0       0       000010000D0000205
     110       0       0       1       0                               0D0000206
     110     158       0       0       0       0       0       000010000D0000207
     110       0       0       1       0                               0D0000208
     142     159       0       0       0       0       0       000010500D0000209
     142       0       0       1       0                               0D0000210
     102     160       0       0       0       0       0       000010000D0000211
     102       0       0       1       0                               0D0000212
     126     161       0       0       0       0       0       000010000D0000213
     126       0       0       8       0                               0D0000214
     110     169       0       0       0       0       0       000010000D0000215
     110       0       0       1       0                               0D0000216
     126     170       0       0       0       0       0       000010000D0000217
     126       0       0       9       0                               0D0000218
     110     179       0       0       0       0       0       000010000D0000219
     110       0       0       1       0                               0D0000220
     102     180       0       0       0       0       0       000010000D0000221
     102       0       0       1       0                               0D0000222
     104     181       0       0       0       0     225       000010000D0000223
     104       0       0       2       1                               0D0000224
     124     183       0       0       0       0       0       000000000D0000225
     124       0       0       2       0                               0D0000226
     110     185       0       0       0       0       0       000010000D0000227
     110       0       0       1       0                               0D0000228
     104     186       0       0       0       0     231       000010000D0000229
     104       0       0       2       1                               0D0000230
     124     188       0       0       0       0       0       000000000D0000231
     124       0       0       2       0                               0D0000232
     110     190       0       0       0       0       0       000010000D0000233
     110       0       0       1       0                               0D0000234
     144     191       0       0       0       0       0       000020000D0000235
     144       0       0       1       0                               0D0000236
     108     192       0       0       0       0       0       000010000D0000237
     108       0       0       1       0                               0D0000238
     142     193       0       0       0       0       0       000010500D0000239
     142       0       0       1       0                               0D0000240
     102     194       0       0       0       0       0       000010000D0000241
     102       0       0       1       0                               0D0000242
     110     195       0       0       0       0       0       000010000D0000243
     110       0       0       1       0                               0D0000244
     110     196       0       0       0       0       0       000010000D0000245
     110       0       0       1       0                               0D0000246
     110     197       0       0       0       0       0       000010000D0000247
     110       0       0       1       0                               0D0000248
     110     198       0       0       0       0       0       000010000D0000249
     110       0       0       1       0                               0D0000250
     144     199       0       0       0       0       0       000020000D0000251
     144       0       0       1       0                               0D0000252
     108     200       0       0       0       0       0       000010000D0000253
     108       0       0       1       0                               0D0000254
     142     201       0       0       0       0       0       000010500D0000255
     142       0       0       1       0                               0D0000256
     102     202       0       0       0       0       0       000010000D0000257
     102       0       0       1       0                               0D0000258
     110     203       0       0       0       0       0       000010000D0000259
     110       0       0       1       0                               0D0000260
     110     204       0       0       0       0       0       000010000D0000261
     110       0       0       1       0                               0D0000262
     110     205       0       0       0       0       0       000010000D0000263
     110       0       0       1       0                               0D0000264
     110     206       0       0       0       0       0       000010000D0000265
     110       0       0       1       0                               0D0000266
     144     207       0       0       0       0       0       000020000D0000267
     144       0       0       1       0                               0D0000268
     108     208       0       0       0       0       0       000010000D0000269
     108       0       0       1       0                               0D0000270
     142     209       0       0       0       0       0       000010500D0000271
     142       0       0       1       0                               0D0000272
     102     210       0       0       0       0       0       000010000D0000273
     102       0       0       1       0                               0D0000274
     110     211       0       0       0       0       0       000010000D0000275
     110       0       0       1       0                               0D0000276
     110     212       0       0       0       0       0       000010000D0000277
     110       0       0       1       0                               0D0000278
     110     213       0       0       0       0       0       000010000D0000279
     110       0       0       1       0                               0D0000280
     110     214       0       0       0       0       0       000010000D0000281
     110       0       0       1       0                               0D0000282
     144     215       0       0       0       0       0       000020000D0000283
     144       0       0       1       0                               0D0000284
     108     216       0       0       0       0       0       000010000D0000285
     108       0       0       1       0                               0D0000286
     142     217       0       0       0       0       0       000010500D0000287
     142       0       0       1       0                               0D0000288
     102     218       0       0       0       0       0       000010000D0000289
     102       0       0       1       0                               0D0000290
     110     219       0       0       0       0       0       000010000D0000291
     110       0       0       1       0                               0D0000292
     110     220       0       0       0       0       0       000010000D0000293
     110       0       0       1       0                               0D0000294
     110     221       0       0       0       0       0       000010000D0000295
     110       0       0       1       0                               0D0000296
     110     222       0       0       0       0       0       000010000D0000297
     110       0       0       1       0                               0D0000298
     144     223       0       0       0       0       0       000020000D0000299
     144       0       0       1       0                               0D0000300
     108     224       0       0       0       0       0       000010000D0000301
     108       0       0       1       0                               0D0000302
     142     225       0       0       0       0       0       000010500D0000303
     142       0       0       1       0                               0D0000304
     102     226       0       0       0       0       0       000010000D0000305
     102       0       0       1       0                               0D0000306
     110     227       0       0       0       0       0       000010000D0000307
     110       0       0       1       0                               0D0000308
     110     228       0       0       0       0       0       000010000D0000309
     110       0       0       1       0                               0D0000310
     110     229       0       0       0       0       0       000010000D0000311
     110       0       0       1       0                               0D0000312
     110     230       0       0       0       0       0       000010000D0000313
     110       0       0       1       0                               0D0000314
     144     231       0       0       0       0       0       000020000D0000315
     144       0       0       1       0                               0D0000316
     108     232       0       0       0       0       0       000010000D0000317
     108       0       0       1       0                               0D0000318
     142     233       0       0       0       0       0       000010500D0000319
     142       0       0       1       0                               0D0000320
     102     234       0       0       0       0       0       000010000D0000321
     102       0       0       1       0                               0D0000322
     110     235       0       0       0       0       0       000010000D0000323
     110       0       0       1       0                               0D0000324
     110     236       0       0       0       0       0       000010000D0000325
     110       0       0       1       0                               0D0000326
     110     237       0       0       0       0       0       000010000D0000327
     110       0       0       1       0                               0D0000328
     110     238       0       0       0       0       0       000010000D0000329
     110       0       0       1       0                               0D0000330
     144     239       0       0       0       0       0       000020000D0000331
     144       0       0       1       0                               0D0000332
     108     240       0       0       0       0       0       000010000D0000333
     108       0       0       1       0                               0D0000334
     142     241       0       0       0       0       0       000010500D0000335
     142       0       0       1       0                               0D0000336
     102     242       0       0       0       0       0       000010000D0000337
     102       0       0       1       0                               0D0000338
     110     243       0       0       0       0       0       000010000D0000339
     110       0       0       1       0                               0D0000340
     110     244       0       0       0       0       0       000010000D0000341
     110       0       0       1       0                               0D0000342
     110     245       0       0       0       0       0       000010000D0000343
     110       0       0       1       0                               0D0000344
     110     246       0       0       0       0       0       000010000D0000345
     110       0       0       1       0                               0D0000346
     144     247       0       0       0       0       0       000020000D0000347
     144       0       0       1       0                               0D0000348
     108     248       0       0       0       0       0       000010000D0000349
     108       0       0       1       0                               0D0000350
     142     249       0       0       0       0       0       000010500D0000351
     142       0       0       1       0                               0D0000352
     102     250       0       0       0       0       0       000010000D0000353
     102       0       0       1       0                               0D0000354
     110     251       0       0       0       0       0       000010000D0000355
     110       0       0       1       0                               0D0000356
     110     252       0       0       0       0       0       000010000D0000357
     110       0       0       1       0                               0D0000358
     110     253       0       0       0       0       0       000010000D0000359
     110       0       0       1       0                               0D0000360
     110     254       0       0       0       0       0       000010000D0000361
     110       0       0       1       0                               0D0000362
     144     255       0       0       0       0       0       000020000D0000363
     144       0       0       1       0                               0D0000364
     108     256       0       0       0       0       0       000010000D0000365
     108       0       0       1       0                               0D0000366
     142     257       0       0       0       0       0       000010500D0000367
     142       0       0       1       0                               0D0000368
     102     258       0       0       0       0       0       000010000D0000369
     102       0       0       1       0                               0D0000370
     110     259       0       0       0       0       0       000010000D0000371
     110       0       0       1       0                               0D0000372
     110     260       0       0       0       0       0       000010000D0000373
     110       0       0       1       0                               0D0000374
     110     261       0       0       0       0       0       000010000D0000375
     110       0       0       1       0                               0D0000376
     110     262       0       0       0       0       0       000010000D0000377
     110       0       0       1       0                               0D0000378
     144     263       0       0       0       0       0       000020000D0000379
     144       0       0       1       0                               0D0000380
     108     264       0       0       0       0       0       000010000D0000381
     108       0       0       1       0                               0D0000382
     142     265       0       0       0       0       0       000010500D0000383
     142       0       0       1       0                               0D0000384
     102     266       0       0       0       0       0       000010000D0000385
     102       0       0       1       0                               0D0000386
     110     267       0       0       0       0       0       000010000D0000387
     110       0       0       1       0                               0D0000388
     110     268       0       0       0       0       0       000010000D0000389
     110       0       0       1       0                               0D0000390
     110     269       0       0       0       0       0       000010000D0000391
     110       0       0       1       0                               0D0000392
     110     270       0       0       0       0       0       000010000D0000393
     110       0       0       1       0                               0D0000394
     144     271       0       0       0       0       0       000020000D0000395
     144       0       0       1       0                               0D0000396
     120     272       0       0       0       0     399       000010000D0000397
     120       0       0       1       0                               0D0000398
     124     273       0       0       0       0       0       000000000D0000399
     124       0       0       1       0                               0D0000400
     110     274       0       0       0       0       0       000010000D0000401
     110       0       0       1       0                               0D0000402
     110     275       0       0       0       0       0       000010000D0000403
     110       0       0       1       0                               0D0000404
     142     276       0       0       0       0       0       000010500D0000405
     142       0       0       1       0                               0D0000406
     102     277       0       0       0       0       0       000010000D0000407
     102       0       0       1       0                               0D0000408
     126     278       0       0       0       0       0       000010000D0000409
     126       0       0       8       0                               0D0000410
     110     286       0       0       0       0       0       000010000D0000411
     110       0       0       1       0                               0D0000412
     126     287       0       0       0       0       0       000010000D0000413
     126       0       0       9       0                               0D0000414
     110     296       0       0       0       0       0       000010000D0000415
     110       0       0       1       0                               0D0000416
     102     297       0       0       0       0       0       000010000D0000417
     102       0       0       1       0                               0D0000418
     104     298       0       0       0       0     421       000010000D0000419
     104       0       0       2       1                               0D0000420
     124     300       0       0       0       0       0       000000000D0000421
     124       0       0       2       0                               0D0000422
     110     302       0       0       0       0       0       000010000D0000423
     110       0       0       1       0                               0D0000424
     104     303       0       0       0       0     427       000010000D0000425
     104       0       0       2       1                               0D0000426
     124     305       0       0       0       0       0       000000000D0000427
     124       0       0       2       0                               0D0000428
     110     307       0       0       0       0       0       000010000D0000429
     110       0       0       1       0                               0D0000430
     144     308       0       0       0       0       0       000020000D0000431
     144       0       0       1       0                               0D0000432
     108     309       0       0       0       0       0       000010000D0000433
     108       0       0       1       0                               0D0000434
     142     310       0       0       0       0       0       000010500D0000435
     142       0       0       1       0                               0D0000436
     102     311       0       0       0       0       0       000010000D0000437
     102       0       0       1       0                               0D0000438
     110     312       0       0       0       0       0       000010000D0000439
     110       0       0       1       0                               0D0000440
     110     313       0       0       0       0       0       000010000D0000441
     110       0       0       1       0                               0D0000442
     110     314       0       0       0       0       0       000010000D0000443
     110       0       0       1       0                               0D0000444
     110     315       0       0       0       0       0       000010000D0000445
     110       0       0       1       0                               0D0000446
     142     316       0       0       0       0       0       000010500D0000447
     142       0       0       1       0                               0D0000448
     100     317       0       0       0       0     451       000010000D0000449
     100       0       0       1       0                               0D0000450
     124     318       0       0       0       0       0       000000000D0000451
     124       0       0       1       0                               0D0000452
     142     319       0       0       0       0       0       000010500D0000453
     142       0       0       1       0                               0D0000454
     100     320       0       0       0       0     457       000010000D0000455
     100       0       0       1       0                               0D0000456
     124     321       0       0       0       0       0       000000000D0000457
     124       0       0       1       0                               0D0000458
     144     322       0       0       0       0       0       000020000D0000459
     144       0       0       1       0                               0D0000460
     120     323       0       0       0       0     463       000010000D0000461
     120       0       0       1       0                               0D0000462
     124     324       0       0       0       0       0       000000000D0000463
     124       0       0       2       0                               0D0000464
     110     326       0       0       0       0       0       000010000D0000465
     110       0       0       1       0                               0D0000466
     110     327       0       0       0       0       0       000010000D0000467
     110       0       0       1       0                               0D0000468
     142     328       0       0       0       0       0       000010500D0000469
     142       0       0       1       0                               0D0000470
     102     329       0       0       0       0       0       000010000D0000471
     102       0       0       1       0                               0D0000472
     126     330       0       0       0       0       0       000010000D0000473
     126       0       0       8       0                               0D0000474
     110     338       0       0       0       0       0       000010000D0000475
     110       0       0       1       0                               0D0000476
     126     339       0       0       0       0       0       000010000D0000477
     126       0       0       7       0                               0D0000478
     110     346       0       0       0       0       0       000010000D0000479
     110       0       0       1       0                               0D0000480
     102     347       0       0       0       0       0       000010000D0000481
     102       0       0       1       0                               0D0000482
     104     348       0       0       0       0     485       000010000D0000483
     104       0       0       2       1                               0D0000484
     124     350       0       0       0       0       0       000000000D0000485
     124       0       0       2       0                               0D0000486
     110     352       0       0       0       0       0       000010000D0000487
     110       0       0       1       0                               0D0000488
     104     353       0       0       0       0     491       000010000D0000489
     104       0       0       2       1                               0D0000490
     124     355       0       0       0       0       0       000000000D0000491
     124       0       0       2       0                               0D0000492
     110     357       0       0       0       0       0       000010000D0000493
     110       0       0       1       0                               0D0000494
     144     358       0       0       0       0       0       000020000D0000495
     144       0       0       1       0                               0D0000496
     120     359       0       0       0       0     499       000010000D0000497
     120       0       0       1       0                               0D0000498
     124     360       0       0       0       0       0       000000000D0000499
     124       0       0       1       1                               0D0000500
     110     361       0       0       0       0       0       000010000D0000501
     110       0       0       1       0                               0D0000502
     110     362       0       0       0       0       0       000010000D0000503
     110       0       0       1       0                               0D0000504
     142     363       0       0       0       0       0       000010500D0000505
     142       0       0       1       0                               0D0000506
     102     364       0       0       0       0       0       000010000D0000507
     102       0       0       1       0                               0D0000508
     110     365       0       0       0       0       0       000010000D0000509
     110       0       0       1       0                               0D0000510
     126     366       0       0       0       0       0       000010000D0000511
     126       0       0       7       0                               0D0000512
     110     373       0       0       0       0       0       000010000D0000513
     110       0       0       1       0                               0D0000514
     126     374       0       0       0       0       0       000010000D0000515
     126       0       0       9       0                               0D0000516
     102     383       0       0       0       0       0       000010000D0000517
     102       0       0       1       0                               0D0000518
     110     384       0       0       0       0       0       000010000D0000519
     110       0       0       1       0                               0D0000520
     104     385       0       0       0       0     523       000010000D0000521
     104       0       0       2       1                               0D0000522
     124     387       0       0       0       0       0       000000000D0000523
     124       0       0       2       0                               0D0000524
     110     389       0       0       0       0       0       000010000D0000525
     110       0       0       1       0                               0D0000526
     104     390       0       0       0       0     529       000010000D0000527
     104       0       0       2       1                               0D0000528
     124     392       0       0       0       0       0       000000000D0000529
     124       0       0       2       0                               0D0000530
     144     394       0       0       0       0       0       000020000D0000531
     144       0       0       1       0                               0D0000532
     108     395       0       0       0       0       0       000010000D0000533
     108       0       0       1       0                               0D0000534
     142     396       0       0       0       0       0       000010500D0000535
     142       0       0       1       0                               0D0000536
     102     397       0       0       0       0       0       000010000D0000537
     102       0       0       1       0                               0D0000538
     110     398       0       0       0       0       0       000010000D0000539
     110       0       0       1       0                               0D0000540
     110     399       0       0       0       0       0       000010000D0000541
     110       0       0       1       0                               0D0000542
     110     400       0       0       0       0       0       000010000D0000543
     110       0       0       1       0                               0D0000544
     110     401       0       0       0       0       0       000010000D0000545
     110       0       0       1       0                               0D0000546
     144     402       0       0       0       0       0       000020000D0000547
     144       0       0       1       0                               0D0000548
     120     403       0       0       0       0     551       000010000D0000549
     120       0       0       1       0                               0D0000550
     124     404       0       0       0       0       0       000000000D0000551
     124       0       0       2       1                               0D0000552
     110     406       0       0       0       0       0       000010000D0000553
     110       0       0       1       0                               0D0000554
     110     407       0       0       0       0       0       000010000D0000555
     110       0       0       1       0                               0D0000556
     142     408       0       0       0       0       0       000010500D0000557
     142       0       0       1       0                               0D0000558
     102     409       0       0       0       0       0       000010000D0000559
     102       0       0       1       0                               0D0000560
     110     410       0       0       0       0       0       000010000D0000561
     110       0       0       1       0                               0D0000562
     126     411       0       0       0       0       0       000010000D0000563
     126       0       0       9       0                               0D0000564
     110     420       0       0       0       0       0       000010000D0000565
     110       0       0       1       0                               0D0000566
     126     421       0       0       0       0       0       000010000D0000567
     126       0       0      10       0                               0D0000568
     102     431       0       0       0       0       0       000010000D0000569
     102       0       0       1       0                               0D0000570
     110     432       0       0       0       0       0       000010000D0000571
     110       0       0       1       0                               0D0000572
     104     433       0       0       0       0     575       000010000D0000573
     104       0       0       2       1                               0D0000574
     124     435       0       0       0       0       0       000000000D0000575
     124       0       0       2       0                               0D0000576
     110     437       0       0       0       0       0       000010000D0000577
     110       0       0       1       0                               0D0000578
     104     438       0       0       0       0     581       000010000D0000579
     104       0       0       2       1                               0D0000580
     124     440       0       0       0       0       0       000000000D0000581
     124       0       0       2       0                               0D0000582
     144     442       0       0       0       0       0       000020000D0000583
     144       0       0       1       0                               0D0000584
     108     443       0       0       0       0       0       000010000D0000585
     108       0       0       1       0                               0D0000586
     142     444       0       0       0       0       0       000010500D0000587
     142       0       0       1       0                               0D0000588
     102     445       0       0       0       0       0       000010000D0000589
     102       0       0       1       0                               0D0000590
     110     446       0       0       0       0       0       000010000D0000591
     110       0       0       1       0                               0D0000592
     110     447       0       0       0       0       0       000010000D0000593
     110       0       0       1       0                               0D0000594
     110     448       0       0       0       0       0       000010000D0000595
     110       0       0       1       0                               0D0000596
     110     449       0       0       0       0       0       000010000D0000597
     110       0       0       1       0                               0D0000598
     142     450       0       0       0       0       0       000010500D0000599
     142       0       0       1       0                               0D0000600
     100     451       0       0       0       0     603       000010000D0000601
     100       0       0       1       0                               0D0000602
     124     452       0       0       0       0       0       000000000D0000603
     124       0       0       1       0                               0D0000604
     142     453       0       0       0       0       0       000010500D0000605
     142       0       0       1       0                               0D0000606
     100     454       0       0       0       0     609       000010000D0000607
     100       0       0       1       0                               0D0000608
     124     455       0       0       0       0       0       000000000D0000609
     124       0       0       1       0                               0D0000610
     144     456       0       0       0       0       0       000020000D0000611
     144       0       0       1       0                               0D0000612
     120     457       0       0       0       0     615       000010000D0000613
     120       0       0       1       0                               0D0000614
     124     458       0       0       0       0       0       000000000D0000615
     124       0       0       1       1                               0D0000616
     110     459       0       0       0       0       0       000010000D0000617
     110       0       0       1       0                               0D0000618
     110     460       0       0       0       0       0       000010000D0000619
     110       0       0       1       0                               0D0000620
     142     461       0       0       0       0       0       000010500D0000621
     142       0       0       1       0                               0D0000622
     102     462       0       0       0       0       0       000010000D0000623
     102       0       0       1       0                               0D0000624
     110     463       0       0       0       0       0       000010000D0000625
     110       0       0       2       0                               0D0000626
     126     465       0       0       0       0       0       000010000D0000627
     126       0       0       9       0                               0D0000628
     110     474       0       0       0       0       0       000010000D0000629
     110       0       0       1       0                               0D0000630
     126     475       0       0       0       0       0       000010000D0000631
     126       0       0       9       0                               0D0000632
     102     484       0       0       0       0       0       000010000D0000633
     102       0       0       1       0                               0D0000634
     110     485       0       0       0       0       0       000010000D0000635
     110       0       0       1       0                               0D0000636
     104     486       0       0       0       0     639       000010000D0000637
     104       0       0       2       1                               0D0000638
     124     488       0       0       0       0       0       000000000D0000639
     124       0       0       2       0                               0D0000640
     110     490       0       0       0       0       0       000010000D0000641
     110       0       0       1       0                               0D0000642
     104     491       0       0       0       0     645       000010000D0000643
     104       0       0       2       1                               0D0000644
     124     493       0       0       0       0       0       000000000D0000645
     124       0       0       2       0                               0D0000646
     144     495       0       0       0       0       0       000020000D0000647
     144       0       0       1       0                               0D0000648
     108     496       0       0       0       0       0       000010000D0000649
     108       0       0       1       0                               0D0000650
     142     497       0       0       0       0       0       000010500D0000651
     142       0       0       1       0                               0D0000652
     102     498       0       0       0       0       0       000010000D0000653
     102       0       0       1       0                               0D0000654
     110     499       0       0       0       0       0       000010000D0000655
     110       0       0       1       0                               0D0000656
     110     500       0       0       0       0       0       000010000D0000657
     110       0       0       1       0                               0D0000658
     110     501       0       0       0       0       0       000010000D0000659
     110       0       0       1       0                               0D0000660
     110     502       0       0       0       0       0       000010000D0000661
     110       0       0       1       0                               0D0000662
     144     503       0       0       0       0       0       000020000D0000663
     144       0       0       1       0                               0D0000664
     120     504       0       0       0       0     667       000010000D0000665
     120       0       0       1       0                               0D0000666
     124     505       0       0       0       0       0       000000000D0000667
     124       0       0       2       1                               0D0000668
     110     507       0       0       0       0       0       000010000D0000669
     110       0       0       1       0                               0D0000670
     110     508       0       0       0       0       0       000010000D0000671
     110       0       0       1       0                               0D0000672
     142     509       0       0       0       0       0       000010500D0000673
     142       0       0       1       0                               0D0000674
     102     510       0       0       0       0       0       000010000D0000675
     102       0       0       1       0                               0D0000676
     110     511       0       0       0       0       0       000010000D0000677
     110       0       0       2       0                               0D0000678
     126     513       0       0       0       0       0       000010000D0000679
     126       0       0       8       0                               0D0000680
     110     521       0       0       0       0       0       000010000D0000681
     110       0       0       1       0                               0D0000682
     126     522       0       0       0       0       0       000010000D0000683
     126       0       0       9       0                               0D0000684
     102     531       0       0       0       0       0       000010000D0000685
     102       0       0       1       0                               0D0000686
     110     532       0       0       0       0       0       000010000D0000687
     110       0       0       1       0                               0D0000688
     104     533       0       0       0       0     691       000010000D0000689
     104       0       0       2       1                               0D0000690
     124     535       0       0       0       0       0       000000000D0000691
     124       0       0       2       0                               0D0000692
     110     537       0       0       0       0       0       000010000D0000693
     110       0       0       1       0                               0D0000694
     104     538       0       0       0       0     697       000010000D0000695
     104       0       0       2       1                               0D0000696
     124     540       0       0       0       0       0       000000000D0000697
     124       0       0       2       0                               0D0000698
     144     542       0       0       0       0       0       000020000D0000699
     144       0       0       1       0                               0D0000700
     108     543       0       0       0       0       0       000010000D0000701
     108       0       0       1       0                               0D0000702
     142     544       0       0       0       0       0       000010500D0000703
     142       0       0       1       0                               0D0000704
     102     545       0       0       0       0       0       000010000D0000705
     102       0       0       1       0                               0D0000706
     110     546       0       0       0       0       0       000010000D0000707
     110       0       0       1       0                               0D0000708
     110     547       0       0       0       0       0       000010000D0000709
     110       0       0       1       0                               0D0000710
     110     548       0       0       0       0       0       000010000D0000711
     110       0       0       1       0                               0D0000712
     110     549       0       0       0       0       0       000010000D0000713
     110       0       0       1       0                               0D0000714
     142     550       0       0       0       0       0       000010500D0000715
     142       0       0       1       0                               0D0000716
     102     551       0       0       0       0       0       000010000D0000717
     102       0       0       1       0                               0D0000718
     110     552       0       0       0       0       0       000010000D0000719
     110       0       0       1       0                               0D0000720
     110     553       0       0       0       0       0       000010000D0000721
     110       0       0       1       0                               0D0000722
     110     554       0       0       0       0       0       000010000D0000723
     110       0       0       1       0                               0D0000724
     110     555       0       0       0       0       0       000010000D0000725
     110       0       0       1       0                               0D0000726
     142     556       0       0       0       0       0       000010500D0000727
     142       0       0       1       0                               0D0000728
     102     557       0       0       0       0       0       000010000D0000729
     102       0       0       1       0                               0D0000730
     110     558       0       0       0       0       0       000010000D0000731
     110       0       0       1       0                               0D0000732
     110     559       0       0       0       0       0       000010000D0000733
     110       0       0       1       0                               0D0000734
     110     560       0       0       0       0       0       000010000D0000735
     110       0       0       1       0                               0D0000736
     110     561       0       0       0       0       0       000010000D0000737
     110       0       0       1       0                               0D0000738
     144     562       0       0       0       0       0       000020000D0000739
     144       0       0       1       0                               0D0000740
     120     563       0       0       0       0     743       000010000D0000741
     120       0       0       1       0                               0D0000742
     124     564       0       0       0       0       0       000000000D0000743
     124       0       0       1       1                               0D0000744
     110     565       0       0       0       0       0       000010000D0000745
     110       0       0       1       0                               0D0000746
     110     566       0       0       0       0       0       000010000D0000747
     110       0       0       1       0                               0D0000748
     142     567       0       0       0       0       0       000010500D0000749
     142       0       0       1       0                               0D0000750
     102     568       0       0       0       0       0       000010000D0000751
     102       0       0       1       0                               0D0000752
     110     569       0       0       0       0       0       000010000D0000753
     110       0       0       1       0                               0D0000754
     110     570       0       0       0       0       0       000010000D0000755
     110       0       0       1       0                               0D0000756
     110     571       0       0       0       0       0       000010000D0000757
     110       0       0       1       0                               0D0000758
     110     572       0       0       0       0       0       000010000D0000759
     110       0       0       2       0                               0D0000760
     102     574       0       0       0       0       0       000010000D0000761
     102       0       0       1       0                               0D0000762
     110     575       0       0       0       0       0       000010000D0000763
     110       0       0       1       0                               0D0000764
     100     576       0       0       0       0     767       000010000D0000765
     100       0       0       1       0                               0D0000766
     124     577       0       0       0       0       0       000000000D0000767
     124       0       0       1       0                               0D0000768
     110     578       0       0       0       0       0       000010000D0000769
     110       0       0       1       0                               0D0000770
     100     579       0       0       0       0     773       000010000D0000771
     100       0       0       1       0                               0D0000772
     124     580       0       0       0       0       0       000000000D0000773
     124       0       0       1       0                               0D0000774
     144     581       0       0       0       0       0       000020000D0000775
     144       0       0       1       0                               0D0000776
     120     582       0       0       0       0     779       000010000D0000777
     120       0       0       1       0                               0D0000778
     124     583       0       0       0       0       0       000000000D0000779
     124       0       0       1       1                               0D0000780
     110     584       0       0       0       0       0       000010000D0000781
     110       0       0       1       0                               0D0000782
     110     585       0       0       0       0       0       000010000D0000783
     110       0       0       1       0                               0D0000784
     142     586       0       0       0       0       0       000010500D0000785
     142       0       0       1       0                               0D0000786
     102     587       0       0       0       0       0       000010000D0000787
     102       0       0       1       0                               0D0000788
     110     588       0       0       0       0       0       000010000D0000789
     110       0       0       1       0                               0D0000790
     110     589       0       0       0       0       0       000010000D0000791
     110       0       0       1       0                               0D0000792
     110     590       0       0       0       0       0       000010000D0000793
     110       0       0       1       0                               0D0000794
     110     591       0       0       0       0       0       000010000D0000795
     110       0       0       2       0                               0D0000796
     102     593       0       0       0       0       0       000010000D0000797
     102       0       0       1       0                               0D0000798
     110     594       0       0       0       0       0       000010000D0000799
     110       0       0       1       0                               0D0000800
     100     595       0       0       0       0     803       000010000D0000801
     100       0       0       1       0                               0D0000802
     124     596       0       0       0       0       0       000000000D0000803
     124       0       0       1       0                               0D0000804
     110     597       0       0       0       0       0       000010000D0000805
     110       0       0       1       0                               0D0000806
     100     598       0       0       0       0     809       000010000D0000807
     100       0       0       1       0                               0D0000808
     124     599       0       0       0       0       0       000000000D0000809
     124       0       0       1       0                               0D0000810
402,28,3,43,79,139,199,235,251,267,283,299,315,331,347,363,379,  0000001P0000001
395,431,459,495,531,547,583,611,647,663,699,739,775;             0000001P0000002
144,5,1,2,7,19,31;                                               0000003P0000003
108,1.,0.,0.,10.,0,10.,-100.,-17.,0.;                            0000005P0000004
142,0,5,0,9,2;                                                   0000007P0000005
102,4,11,13,15,17;                                               0000009P0000006
110,10.,300.,17.,10.,-8.526512829E-14,17.;                       0000011P0000007
110,10.,1.98951966E-13,17.,10.,1.98951966E-13,-17.;              0000013P0000008
110,10.,-8.526512829E-14,-17.,10.,300.,-17.;                     0000015P0000009
110,10.,300.,-17.,10.,300.,17.;                                  0000017P0000010
142,0,5,0,21,2;                                                  0000019P0000011
102,4,23,25,27,29;                                               0000021P0000012
110,10.,264.5,-3.5,10.,257.5,-3.5;                               0000023P0000013
110,10.,257.5,-3.5,10.,257.5,3.5;                                0000025P0000014
110,10.,257.5,3.5,10.,264.5,3.5;                                 0000027P0000015
110,10.,264.5,3.5,10.,264.5,-3.5;                                0000029P0000016
142,0,5,0,33,2;                                                  0000031P0000017
102,4,35,37,39,41;                                               0000033P0000018
110,10.,42.5,-3.5,10.,35.5,-3.5;                                 0000035P0000019
110,10.,35.5,-3.5,10.,35.5,3.5;                                  0000037P0000020
110,10.,35.5,3.5,10.,42.5,3.5;                                   0000039P0000021
110,10.,42.5,3.5,10.,42.5,-3.5;                                  0000041P0000022
144,45,1,0,53;                                                   0000043P0000023
120,49,51,4.71238898,6.283185307;                                0000045P0000024
124,1.,0.,0.,7.,0.,0.,-1.,-100.,0.,1.,0.,17.;                    0000047P0000025
110,0.,0.,1.,0.,0.,0.;                                           0000049P0000026
110,3.,0.,-400.,3.,0.,-100.;                                     0000051P0000027
142,0,45,55,65,3;                                                0000053P0000028
102,4,57,59,61,63;                                               0000055P0000029
126,7,7,1,0,1,0,0.,0.,0.,0.,0.,0.,0.,0.,1.570796327,1.570796327, 0000057P0000030
1.570796327,1.570796327,1.570796327,1.570796327,1.570796327,     0000057P0000031
1.570796327,1.,1.,1.,1.,1.,1.,1.,1.,0.9955,4.71238898,0.,        0000057P0000032
0.996509798,4.936788456,0.,0.997519591,5.161187931,0.,           0000057P0000033
0.998446361,5.385587406,0.,0.999206931,5.609986881,0.,           0000057P0000034
0.999735631,5.834386357,0.,1.,6.058785832,0.,1.,6.283185307,0.,  0000057P0000035
0.,1.570796327,0.,0.,1.;                                         0000057P0000036
110,1.,6.283185307,0.,-3.330669074E-16,6.283185307,0.;           0000059P0000037
126,7,7,1,0,1,0,1.570796327,1.570796327,1.570796327,1.570796327, 0000061P0000038
1.570796327,1.570796327,1.570796327,1.570796327,3.141592654,     0000061P0000039
3.141592654,3.141592654,3.141592654,3.141592654,3.141592654,     0000061P0000040
3.141592654,3.141592654,1.,1.,1.,1.,1.,1.,1.,1.,2.842170943E-15, 0000061P0000041
6.283185307,0.,2.842004854E-15,6.058785832,0.,2.643690268E-04,   0000061P0000042
5.834386357,0.,7.930687293E-04,5.609986881,0.,1.553639284E-03,   0000061P0000043
5.385587406,0.,2.480408823E-03,5.161187931,0.,3.490202361E-03,   0000061P0000044
4.936788456,0.,4.5E-03,4.71238898,0.,1.570796327,3.141592654,0., 0000061P0000045
0.,1.;                                                           0000061P0000046
110,4.5E-03,4.71238898,0.,0.9955,4.71238898,0.;                  0000063P0000047
102,4,67,71,73,77;                                               0000065P0000048
104,9.24000924E-02,0.,0.111111111,0.,-0.,-1.,0.,0.,-3.,          0000067P0000049
3.28975683,0.;                                                   0000067P0000050
124,0.911921505,0.,0.410364677,7.,-0.410364677,0.,0.911921505,   0000069P0000051
1.35,0.,-1.,0.,17.;                                              0000069P0000052
110,10.,-8.526512829E-14,17.,10.,300.,17.;                       0000071P0000053
104,9.24000924E-02,0.,0.111111111,0.,-0.,-1.,0.,-3.28975683,0.,  0000073P0000054
0.,-3.;                                                          0000073P0000055
124,-0.911921505,0.,0.410364677,7.,-0.410364677,0.,-0.911921505, 0000075P0000056
298.65,0.,-1.,0.,17.;                                            0000075P0000057
110,7.,298.65,20.,7.,1.35,20.;                                   0000077P0000058
144,81,1,1,83,111;                                               0000079P0000059
108,-0.410364677,-0.911921505,0.,-4.103646773,0,                 0000081P0000060
-9.109215052E+03,4.103646773E+03,1.E+04,0.;                      0000081P0000061
142,0,81,0,85,2;                                                 0000083P0000062
102,8,87,91,93,97,99,103,105,109;                                0000085P0000063
104,0.36960037,0.,0.444444444,0.,-0.,-1.,0.,-1.776356839E-15,    0000087P0000064
-1.5,1.644878415,0.;                                             0000087P0000065
124,0.911921505,0.,0.410364677,7.,-0.410364677,0.,0.911921505,   0000089P0000066
1.35,0.,-1.,0.,17.;                                              0000089P0000067
110,8.5,0.675,17.,8.5,0.675,-17.;                                0000091P0000068
104,0.36960037,0.,0.444444444,0.,-0.,-1.,0.,1.644878415,0.,      0000093P0000069
-8.881784197E-16,1.5;                                            0000093P0000070
124,0.911921505,0.,0.410364677,7.,-0.410364677,0.,0.911921505,   0000095P0000071
1.35,0.,-1.,0.,-17.;                                             0000095P0000072
110,7.,1.35,-18.5,-7.,7.65,-18.5;                                0000097P0000073
104,0.36960037,0.,0.444444444,0.,-0.,-1.,0.,1.776356839E-15,1.5, 0000099P0000074
-1.644878415,0.;                                                 0000099P0000075
124,0.911921505,0.,0.410364677,-7.,-0.410364677,0.,0.911921505,  0000101P0000076
7.65,0.,-1.,0.,-17.;                                             0000101P0000077
110,-8.5,8.325,-17.,-8.5,8.325,17.;                              0000103P0000078
104,0.36960037,0.,0.444444444,0.,-0.,-1.,0.,-1.644878415,0.,     0000105P0000079
1.776356839E-15,-1.5;                                            0000105P0000080
124,0.911921505,0.,0.410364677,-7.,-0.410364677,0.,0.911921505,  0000107P0000081
7.65,0.,-1.,0.,17.;                                              0000107P0000082
110,-7.,7.65,18.5,7.,1.35,18.5;                                  0000109P0000083
142,0,81,0,113,2;                                                0000111P0000084
102,8,115,117,121,123,127,129,133,135;                           0000113P0000085
110,10.,1.98951966E-13,-17.,10.,1.98951966E-13,17.;              0000115P0000086
104,9.24000924E-02,0.,0.111111111,0.,-0.,-1.,0.,3.28975683,0.,   0000117P0000087
2.664535259E-15,3.;                                              0000117P0000088
124,0.911921505,0.,-0.410364677,7.,-0.410364677,0.,-0.911921505, 0000119P0000089
1.35,0.,1.,0.,17.;                                               0000119P0000090
110,7.,1.35,20.,-7.,7.65,20.;                                    0000121P0000091
104,9.24000924E-02,0.,0.111111111,0.,-0.,-1.,0.,                 0000123P0000092
-1.776356839E-15,3.,-3.28975683,0.;                              0000123P0000093
124,0.911921505,0.,-0.410364677,-7.,-0.410364677,0.,             0000125P0000094
-0.911921505,7.65,0.,1.,0.,17.;                                  0000125P0000095
110,-10.,9.,17.,-10.,9.,-17.;                                    0000127P0000096
104,9.24000924E-02,0.,0.111111111,0.,-0.,-1.,0.,-3.28975683,0.,  0000129P0000097
0.,-3.;                                                          0000129P0000098
124,0.911921505,0.,-0.410364677,-7.,-0.410364677,0.,             0000131P0000099
-0.911921505,7.65,0.,1.,0.,-17.;                                 0000131P0000100
110,-7.,7.65,-20.,7.,1.35,-20.;                                  0000133P0000101
104,9.24000924E-02,0.,0.111111111,0.,-0.,-1.,0.,0.,-3.,          0000135P0000102
3.28975683,0.;                                                   0000135P0000103
124,0.911921505,0.,-0.410364677,7.,-0.410364677,0.,-0.911921505, 0000137P0000104
1.35,0.,1.,0.,-17.;                                              0000137P0000105
144,141,1,1,143,171;                                             0000139P0000106
108,-0.410364677,0.911921505,0.,269.472804779,0,                 0000141P0000107
-9.109215052E+03,-3.803646773E+03,-1.E+04,0.;                    0000141P0000108
142,0,141,0,145,2;                                               0000143P0000109
102,8,147,151,153,157,159,163,165,169;                           0000145P0000110
104,0.36960037,0.,0.444444444,0.,-0.,-1.,0.,-1.644878415,0.,0.,  0000147P0000111
-1.5;                                                            0000147P0000112
124,-0.911921505,0.,0.410364677,7.,-0.410364677,0.,-0.911921505, 0000149P0000113
298.65,0.,-1.,0.,17.;                                            0000149P0000114
110,7.,298.65,18.5,-7.,292.35,18.5;                              0000151P0000115
104,0.36960037,0.,0.444444444,0.,-0.,-1.,0.,0.,-1.5,1.644878415, 0000153P0000116
3.552713679E-15;                                                 0000153P0000117
124,-0.911921505,0.,0.410364677,-7.,-0.410364677,0.,             0000155P0000118
-0.911921505,292.35,0.,-1.,0.,17.;                               0000155P0000119
110,-8.5,291.675,17.,-8.5,291.675,-17.;                          0000157P0000120
104,0.36960037,0.,0.444444444,0.,-0.,-1.,0.,1.644878415,0.,0.,   0000159P0000121
1.5;                                                             0000159P0000122
124,-0.911921505,0.,0.410364677,-7.,-0.410364677,0.,             0000161P0000123
-0.911921505,292.35,0.,-1.,0.,-17.;                              0000161P0000124
110,-7.,292.35,-18.5,7.,298.65,-18.5;                            0000163P0000125
104,0.36960037,0.,0.444444444,0.,-0.,-1.,0.,0.,1.5,-1.644878415, 0000165P0000126
-3.552713679E-15;                                                0000165P0000127
124,-0.911921505,0.,0.410364677,7.,-0.410364677,0.,-0.911921505, 0000167P0000128
298.65,0.,-1.,0.,-17.;                                           0000167P0000129
110,8.5,299.325,-17.,8.5,299.325,17.;                            0000169P0000130
142,0,141,0,173,2;                                               0000171P0000131
102,8,175,177,181,183,187,189,193,195;                           0000173P0000132
110,10.,300.,17.,10.,300.,-17.;                                  0000175P0000133
104,9.24000924E-02,0.,0.111111111,0.,-0.,-1.,0.,-3.28975683,0.,  0000177P0000134
0.,-3.;                                                          0000177P0000135
124,-0.911921505,0.,-0.410364677,7.,-0.410364677,0.,0.911921505, 0000179P0000136
298.65,0.,1.,0.,-17.;                                            0000179P0000137
110,7.,298.65,-20.,-7.,292.35,-20.;                              0000181P0000138
104,9.24000924E-02,0.,0.111111111,0.,-0.,-1.,0.,0.,-3.,          0000183P0000139
3.28975683,0.;                                                   0000183P0000140
124,-0.911921505,0.,-0.410364677,-7.,-0.410364677,0.,            0000185P0000141
0.911921505,292.35,0.,1.,0.,-17.;                                0000185P0000142
110,-10.,291.,-17.,-10.,291.,17.;                                0000187P0000143
104,9.24000924E-02,0.,0.111111111,0.,-0.,-1.,0.,3.28975683,0.,   0000189P0000144
1.421085472E-14,3.;                                              0000189P0000145
124,-0.911921505,0.,-0.410364677,-7.,-0.410364677,0.,            0000191P0000146
0.911921505,292.35,0.,1.,0.,17.;                                 0000191P0000147
110,-7.,292.35,20.,7.,298.65,20.;                                0000193P0000148
104,9.24000924E-02,0.,0.111111111,0.,-0.,-1.,0.,0.,3.,           0000195P0000149
-3.28975683,0.;                                                  0000195P0000150
124,-0.911921505,0.,-0.410364677,7.,-0.410364677,0.,0.911921505, 0000197P0000151
298.65,0.,1.,0.,17.;                                             0000197P0000152
144,201,1,0,209;                                                 0000199P0000153
120,205,207,4.71238898,6.283185307;                              0000201P0000154
124,5.921189465E-16,1.,0.,7.,0.,0.,-1.,-100.,-1.,                0000203P0000155
5.921189465E-16,0.,-17.;                                         0000203P0000156
110,0.,0.,1.,0.,0.,0.;                                           0000205P0000157
110,3.,0.,-400.,3.,0.,-100.;                                     0000207P0000158
142,0,201,211,221,3;                                             0000209P0000159
102,4,213,215,217,219;                                           0000211P0000160
126,7,7,1,0,1,0,4.71238898,4.71238898,4.71238898,4.71238898,     0000213P0000161
4.71238898,4.71238898,4.71238898,4.71238898,6.283185307,         0000213P0000162
6.283185307,6.283185307,6.283185307,6.283185307,6.283185307,     0000213P0000163
6.283185307,6.283185307,1.,1.,1.,1.,1.,1.,1.,1.,1.,4.71238898,   0000213P0000164
0.,1.,4.936788456,0.,0.999735631,5.161187931,0.,0.999206931,     0000213P0000165
5.385587406,0.,0.998446361,5.609986881,0.,0.997519591,           0000213P0000166
5.834386357,0.,0.996509798,6.058785832,0.,0.9955,6.283185307,0., 0000213P0000167
4.71238898,6.283185307,0.,0.,1.;                                 0000213P0000168
110,0.9955,6.283185307,0.,4.5E-03,6.283185307,0.;                0000215P0000169
126,7,7,1,0,1,0,3.141592654,3.141592654,3.141592654,3.141592654, 0000217P0000170
3.141592654,3.141592654,3.141592654,3.141592654,4.71238898,      0000217P0000171
4.71238898,4.71238898,4.71238898,4.71238898,4.71238898,          0000217P0000172
4.71238898,4.71238898,1.,1.,1.,1.,1.,1.,1.,1.,4.5E-03,           0000217P0000173
6.283185307,0.,3.490202361E-03,6.058785832,0.,2.480408823E-03,   0000217P0000174
5.834386357,0.,1.553639284E-03,5.609986881,0.,7.930687293E-04,   0000217P0000175
5.385587406,0.,2.643690267E-04,5.161187931,0.,2.841174409E-15,   0000217P0000176
4.936788456,0.,2.84100832E-15,4.71238898,0.,3.141592654,         0000217P0000177
4.71238898,0.,0.,1.;                                             0000217P0000178
110,-3.330669074E-16,4.71238898,0.,1.,4.71238898,0.;             0000219P0000179
102,4,223,227,229,233;                                           0000221P0000180
104,9.24000924E-02,0.,0.111111111,0.,-0.,-1.,0.,3.28975683,0.,   0000223P0000181
0.,3.;                                                           0000223P0000182
124,0.911921505,0.,0.410364677,7.,-0.410364677,0.,0.911921505,   0000225P0000183
1.35,0.,-1.,0.,-17.;                                             0000225P0000184
110,7.,1.35,-20.,7.,298.65,-20.;                                 0000227P0000185
104,9.24000924E-02,0.,0.111111111,0.,-0.,-1.,0.,0.,3.,           0000229P0000186
-3.28975683,0.;                                                  0000229P0000187
124,-0.911921505,0.,0.410364677,7.,-0.410364677,0.,-0.911921505, 0000231P0000188
298.65,0.,-1.,0.,-17.;                                           0000231P0000189
110,10.,300.,-17.,10.,-8.526512829E-14,-17.;                     0000233P0000190
144,237,1,0,239;                                                 0000235P0000191
108,0.,0.,1.,-3.5,0,5.,257.5,-3.5,0.;                            0000237P0000192
142,0,237,0,241,2;                                               0000239P0000193
102,4,243,245,247,249;                                           0000241P0000194
110,10.,264.5,-3.5,8.5,264.5,-3.5;                               0000243P0000195
110,8.5,264.5,-3.5,8.5,257.5,-3.5;                               0000245P0000196
110,8.5,257.5,-3.5,10.,257.5,-3.5;                               0000247P0000197
110,10.,257.5,-3.5,10.,264.5,-3.5;                               0000249P0000198
144,253,1,0,255;                                                 0000251P0000199
108,0.,-1.,-0.,-264.5,0,5.,264.5,-3.5,0.;                        0000253P0000200
142,0,253,0,257,2;                                               0000255P0000201
102,4,259,261,263,265;                                           0000257P0000202
110,8.5,264.5,3.5,8.5,264.5,-3.5;                                0000259P0000203
110,8.5,264.5,-3.5,10.,264.5,-3.5;                               0000261P0000204
110,10.,264.5,-3.5,10.,264.5,3.5;                                0000263P0000205
110,10.,264.5,3.5,8.5,264.5,3.5;                                 0000265P0000206
144,269,1,0,271;                                                 0000267P0000207
108,-0.,-0.,-1.,-3.5,0,5.,257.5,3.5,0.;                          0000269P0000208
142,0,269,0,273,2;                                               0000271P0000209
102,4,275,277,279,281;                                           0000273P0000210
110,8.5,257.5,3.5,8.5,264.5,3.5;                                 0000275P0000211
110,8.5,264.5,3.5,10.,264.5,3.5;                                 0000277P0000212
110,10.,264.5,3.5,10.,257.5,3.5;                                 0000279P0000213
110,10.,257.5,3.5,8.5,257.5,3.5;                                 0000281P0000214
144,285,1,0,287;                                                 0000283P0000215
108,-0.,1.,0.,257.5,0,5.,257.5,-3.5,0.;                          0000285P0000216
142,0,285,0,289,2;                                               0000287P0000217
102,4,291,293,295,297;                                           0000289P0000218
110,10.,257.5,-3.5,8.5,257.5,-3.5;                               0000291P0000219
110,8.5,257.5,-3.5,8.5,257.5,3.5;                                0000293P0000220
110,8.5,257.5,3.5,10.,257.5,3.5;                                 0000295P0000221
110,10.,257.5,3.5,10.,257.5,-3.5;                                0000297P0000222
144,301,1,0,303;                                                 0000299P0000223
108,0.,0.,1.,-3.5,0,5.,35.5,-3.5,0.;                             0000301P0000224
142,0,301,0,305,2;                                               0000303P0000225
102,4,307,309,311,313;                                           0000305P0000226
110,10.,42.5,-3.5,8.5,42.5,-3.5;                                 0000307P0000227
110,8.5,42.5,-3.5,8.5,35.5,-3.5;                                 0000309P0000228
110,8.5,35.5,-3.5,10.,35.5,-3.5;                                 0000311P0000229
110,10.,35.5,-3.5,10.,42.5,-3.5;                                 0000313P0000230
144,317,1,0,319;                                                 0000315P0000231
108,0.,-1.,-0.,-42.5,0,5.,42.5,-3.5,0.;                          0000317P0000232
142,0,317,0,321,2;                                               0000319P0000233
102,4,323,325,327,329;                                           0000321P0000234
110,8.5,42.5,3.5,8.5,42.5,-3.5;                                  0000323P0000235
110,8.5,42.5,-3.5,10.,42.5,-3.5;                                 0000325P0000236
110,10.,42.5,-3.5,10.,42.5,3.5;                                  0000327P0000237
110,10.,42.5,3.5,8.5,42.5,3.5;                                   0000329P0000238
144,333,1,0,335;                                                 0000331P0000239
108,-0.,1.,0.,35.5,0,5.,35.5,-3.5,0.;                            0000333P0000240
142,0,333,0,337,2;                                               0000335P0000241
102,4,339,341,343,345;                                           0000337P0000242
110,10.,35.5,-3.5,8.5,35.5,-3.5;                                 0000339P0000243
110,8.5,35.5,-3.5,8.5,35.5,3.5;                                  0000341P0000244
110,8.5,35.5,3.5,10.,35.5,3.5;                                   0000343P0000245
110,10.,35.5,3.5,10.,35.5,-3.5;                                  0000345P0000246
144,349,1,0,351;                                                 0000347P0000247
108,-0.,-0.,-1.,-3.5,0,5.,35.5,3.5,0.;                           0000349P0000248
142,0,349,0,353,2;                                               0000351P0000249
102,4,355,357,359,361;                                           0000353P0000250
110,8.5,35.5,3.5,8.5,42.5,3.5;                                   0000355P0000251
110,8.5,42.5,3.5,10.,42.5,3.5;                                   0000357P0000252
110,10.,42.5,3.5,10.,35.5,3.5;                                   0000359P0000253
110,10.,35.5,3.5,8.5,35.5,3.5;                                   0000361P0000254
144,365,1,0,367;                                                 0000363P0000255
108,0.,-0.,1.,20.,0,7.,-100.,20.,0.;                             0000365P0000256
142,0,365,0,369,2;                                               0000367P0000257
102,4,371,373,375,377;                                           0000369P0000258
110,-7.,292.35,20.,-7.,7.65,20.;                                 0000371P0000259
110,-7.,7.65,20.,7.,1.35,20.;                                    0000373P0000260
110,7.,1.35,20.,7.,298.65,20.;                                   0000375P0000261
110,7.,298.65,20.,-7.,292.35,20.;                                0000377P0000262
144,381,1,0,383;                                                 0000379P0000263
108,0.,0.,-1.,20.,0,-7.,-100.,-20.,0.;                           0000381P0000264
142,0,381,0,385,2;                                               0000383P0000265
102,4,387,389,391,393;                                           0000385P0000266
110,7.,298.65,-20.,7.,1.35,-20.;                                 0000387P0000267
110,7.,1.35,-20.,-7.,7.65,-20.;                                  0000389P0000268
110,-7.,7.65,-20.,-7.,292.35,-20.;                               0000391P0000269
110,-7.,292.35,-20.,7.,298.65,-20.;                              0000393P0000270
144,397,1,0,405;                                                 0000395P0000271
120,401,403,4.71238898,6.283185307;                              0000397P0000272
124,-1.,-0.,0.,-7.,0.,-0.,-1.,-100.,0.,-1.,0.,-17.;              0000399P0000273
110,0.,0.,1.,0.,0.,0.;                                           0000401P0000274
110,3.,0.,-392.35,3.,0.,-107.65;                                 0000403P0000275
142,0,397,407,417,3;                                             0000405P0000276
102,4,409,411,413,415;                                           0000407P0000277
126,7,7,1,0,1,0,3.141592654,3.141592654,3.141592654,3.141592654, 0000409P0000278
3.141592654,3.141592654,3.141592654,3.141592654,4.71238898,      0000409P0000279
4.71238898,4.71238898,4.71238898,4.71238898,4.71238898,          0000409P0000280
4.71238898,4.71238898,1.,1.,1.,1.,1.,1.,1.,1.,1.,4.71238898,0.,  0000409P0000281
0.998935935,4.936788456,0.,0.997871874,5.161187931,0.,0.9968953, 0000409P0000282
5.385587406,0.,0.996093855,5.609986881,0.,0.995536743,           0000409P0000283
5.834386357,0.,0.995258166,6.058785832,0.,0.995258166,           0000409P0000284
6.283185307,0.,3.141592654,4.71238898,-0.,-0.,1.;                0000409P0000285
110,0.995258166,6.283185307,0.,4.741833509E-03,6.283185307,0.;   0000411P0000286
126,7,7,1,0,1,0,4.71238898,4.71238898,4.71238898,4.71238898,     0000413P0000287
4.71238898,4.71238898,4.71238898,4.71238898,6.283185307,         0000413P0000288
6.283185307,6.283185307,6.283185307,6.283185307,6.283185307,     0000413P0000289
6.283185307,6.283185307,1.,1.,1.,1.,1.,1.,1.,1.,4.741833509E-03, 0000413P0000290
6.283185307,0.,4.741833509E-03,6.058785832,0.,4.463257085E-03,   0000413P0000291
5.834386357,0.,3.906144648E-03,5.609986881,0.,3.104700438E-03,   0000413P0000292
5.385587406,0.,2.128125582E-03,5.161187931,0.,1.064064951E-03,   0000413P0000293
4.936788456,0.,-1.22510309E-18,4.71238898,0.,4.71238898,         0000413P0000294
6.283185307,-0.,-0.,1.;                                          0000413P0000295
110,-4.440892099E-16,4.71238898,0.,1.,4.71238898,0.;             0000415P0000296
102,4,419,423,425,429;                                           0000417P0000297
104,9.24000924E-02,0.,0.111111111,0.,-0.,-1.,0.,0.,3.,           0000419P0000298
-3.28975683,0.;                                                  0000419P0000299
124,0.911921505,0.,0.410364677,-7.,-0.410364677,0.,0.911921505,  0000421P0000300
7.65,0.,-1.,0.,-17.;                                             0000421P0000301
110,-10.,9.,-17.,-10.,291.,-17.;                                 0000423P0000302
104,9.24000924E-02,0.,0.111111111,0.,-0.,-1.,0.,3.28975683,0.,   0000425P0000303
0.,3.;                                                           0000425P0000304
124,-0.911921505,0.,0.410364677,-7.,-0.410364677,0.,             0000427P0000305
-0.911921505,292.35,0.,-1.,0.,-17.;                              0000427P0000306
110,-7.,292.35,-20.,-7.,7.65,-20.;                               0000429P0000307
144,433,1,2,435,447,453;                                         0000431P0000308
108,-1.,0.,0.,10.,0,-10.,-100.,17.,0.;                           0000433P0000309
142,0,433,0,437,2;                                               0000435P0000310
102,4,439,441,443,445;                                           0000437P0000311
110,-10.,291.,-17.,-10.,9.,-17.;                                 0000439P0000312
110,-10.,9.,-17.,-10.,9.,17.;                                    0000441P0000313
110,-10.,9.,17.,-10.,291.,17.;                                   0000443P0000314
110,-10.,291.,17.,-10.,291.,-17.;                                0000445P0000315
142,0,433,0,449,2;                                               0000447P0000316
100,0.,0.,0.,3.5,0.,3.5,0.;                                      0000449P0000317
124,0.,0.,1.,-10.,0.,-1.,0.,261.,1.,0.,0.,0.;                    0000451P0000318
142,0,433,0,455,2;                                               0000453P0000319
100,0.,0.,0.,3.5,0.,3.5,0.;                                      0000455P0000320
124,0.,0.,1.,-10.,0.,-1.,0.,39.,1.,0.,0.,0.;                     0000457P0000321
144,461,1,0,469;                                                 0000459P0000322
120,465,467,4.71238898,6.283185307;                              0000461P0000323
124,-5.921189465E-16,-1.,0.,-7.,0.,-0.,-1.,-100.,1.,             0000463P0000324
-5.921189465E-16,0.,17.;                                         0000463P0000325
110,0.,0.,1.,0.,0.,0.;                                           0000465P0000326
110,3.,0.,-392.35,3.,0.,-107.65;                                 0000467P0000327
142,0,461,471,481,3;                                             0000469P0000328
102,4,473,475,477,479;                                           0000471P0000329
126,7,7,1,0,1,0,1.570796327,1.570796327,1.570796327,1.570796327, 0000473P0000330
1.570796327,1.570796327,1.570796327,1.570796327,3.141592654,     0000473P0000331
3.141592654,3.141592654,3.141592654,3.141592654,3.141592654,     0000473P0000332
3.141592654,3.141592654,1.,1.,1.,1.,1.,1.,1.,1.,0.995258166,     0000473P0000333
4.71238898,0.,0.995258166,4.936788456,0.,0.995536743,            0000473P0000334
5.161187931,0.,0.996093855,5.385587406,0.,0.9968953,5.609986881, 0000473P0000335
0.,0.997871874,5.834386357,0.,0.998935935,6.058785832,0.,1.,     0000473P0000336
6.283185307,0.,1.570796327,3.141592654,-0.,-0.,1.;               0000473P0000337
110,1.,6.283185307,0.,-4.440892099E-16,6.283185307,0.;           0000475P0000338
126,7,7,1,0,1,0,0.,0.,0.,0.,0.,0.,0.,0.,1.570796327,1.570796327, 0000477P0000339
1.570796327,1.570796327,1.570796327,1.570796327,1.570796327,     0000477P0000340
1.570796327,1.,1.,1.,1.,1.,1.,1.,1.,0.,6.283185307,0.,           0000477P0000341
1.064064951E-03,6.058785832,0.,2.128125582E-03,5.834386357,0.,   0000477P0000342
3.104700438E-03,5.609986881,0.,3.906144648E-03,5.385587406,0.,   0000477P0000343
4.463257085E-03,5.161187931,0.,4.741833509E-03,4.936788456,0.,   0000477P0000344
4.741833509E-03,4.71238898,0.,0.,1.570796327,-0.,-0.,1.;         0000477P0000345
110,4.741833509E-03,4.71238898,0.,0.995258166,4.71238898,0.;     0000479P0000346
102,4,483,487,489,493;                                           0000481P0000347
104,9.24000924E-02,0.,0.111111111,0.,-0.,-1.,0.,-3.28975683,0.,  0000483P0000348
0.,-3.;                                                          0000483P0000349
124,0.911921505,0.,0.410364677,-7.,-0.410364677,0.,0.911921505,  0000485P0000350
7.65,0.,-1.,0.,17.;                                              0000485P0000351
110,-7.,7.65,20.,-7.,292.35,20.;                                 0000487P0000352
104,9.24000924E-02,0.,0.111111111,0.,-0.,-1.,0.,0.,-3.,          0000489P0000353
3.28975683,0.;                                                   0000489P0000354
124,-0.911921505,0.,0.410364677,-7.,-0.410364677,0.,             0000491P0000355
-0.911921505,292.35,0.,-1.,0.,17.;                               0000491P0000356
110,-10.,291.,17.,-10.,9.,17.;                                   0000493P0000357
144,497,1,0,505;                                                 0000495P0000358
120,501,503,0.,1.570796327;                                      0000497P0000359
124,1.,0.,0.,7.,0.,0.,-1.,-100.,0.,-1.,0.,17.;                   0000499P0000360
110,0.,0.,1.,0.,0.,0.;                                           0000501P0000361
110,1.5,0.,-399.325,1.5,0.,-100.675;                             0000503P0000362
142,0,497,507,517,3;                                             0000505P0000363
102,4,509,511,513,515;                                           0000507P0000364
110,-3.330669074E-16,1.926236948E-15,0.,1.,6.823985821E-14,0.;   0000509P0000365
126,7,7,1,0,1,0,0.,0.,0.,0.,0.,0.,0.,0.,1.570796327,1.570796327, 0000511P0000366
1.570796327,1.570796327,1.570796327,1.570796327,1.570796327,     0000511P0000367
1.570796327,1.,1.,1.,1.,1.,1.,1.,1.,1.,6.838973832E-14,0.,1.,    0000511P0000368
0.224399475,0.,0.999867218,0.448798951,0.,0.999601673,           0000511P0000369
0.673198426,0.,0.999219669,0.897597901,0.,0.998754189,           0000511P0000370
1.121997376,0.,0.99824701,1.346396852,0.,0.997739829,            0000511P0000371
1.570796327,0.,0.,1.570796327,0.,0.,1.;                          0000511P0000372
110,0.997739829,1.570796327,0.,2.260170768E-03,1.570796327,0.;   0000513P0000373
126,7,7,1,0,1,0,1.570796327,1.570796327,1.570796327,1.570796327, 0000515P0000374
1.570796327,1.570796327,1.570796327,1.570796327,3.141592654,     0000515P0000375
3.141592654,3.141592654,3.141592654,3.141592654,3.141592654,     0000515P0000376
3.141592654,3.141592654,1.,1.,1.,1.,1.,1.,1.,1.,2.260170768E-03, 0000515P0000377
1.570796327,0.,1.752989634E-03,1.346396852,0.,1.245810559E-03,   0000515P0000378
1.121997376,0.,7.803311321E-04,0.897597901,0.,3.983268353E-04,   0000515P0000379
0.673198426,0.,1.327820324E-04,0.448798951,0.,2.279510148E-15,   0000515P0000380
0.224399475,0.,2.279343308E-15,1.776356839E-15,0.,1.570796327,   0000515P0000381
3.141592654,0.,0.,1.;                                            0000515P0000382
102,4,519,521,525,527;                                           0000517P0000383
110,8.5,299.325,17.,8.5,0.675,17.;                               0000519P0000384
104,0.36960037,0.,0.444444444,0.,-0.,-1.,0.,1.644878415,0.,      0000521P0000385
-1.776356839E-15,1.5;                                            0000521P0000386
124,0.911921505,0.,-0.410364677,7.,-0.410364677,0.,-0.911921505, 0000523P0000387
1.35,0.,1.,0.,17.;                                               0000523P0000388
110,7.,1.35,18.5,7.,298.65,18.5;                                 0000525P0000389
104,0.36960037,0.,0.444444444,0.,-0.,-1.,0.,0.,1.5,-1.644878415, 0000527P0000390
0.;                                                              0000527P0000391
124,-0.911921505,0.,-0.410364677,7.,-0.410364677,0.,0.911921505, 0000529P0000392
298.65,0.,1.,0.,17.;                                             0000529P0000393
144,533,1,0,535;                                                 0000531P0000394
108,-0.,0.,-1.,-18.5,0,7.,-100.,18.5,0.;                         0000533P0000395
142,0,533,0,537,2;                                               0000535P0000396
102,4,539,541,543,545;                                           0000537P0000397
110,7.,1.35,18.5,-7.,7.65,18.5;                                  0000539P0000398
110,-7.,7.65,18.5,-7.,292.35,18.5;                               0000541P0000399
110,-7.,292.35,18.5,7.,298.65,18.5;                              0000543P0000400
110,7.,298.65,18.5,7.,1.35,18.5;                                 0000545P0000401
144,549,1,0,557;                                                 0000547P0000402
120,553,555,0.,1.570796327;                                      0000549P0000403
124,1.184237893E-15,1.,0.,-7.,0.,0.,-1.,-100.,1.,                0000551P0000404
-1.184237893E-15,0.,17.;                                         0000551P0000405
110,0.,0.,1.,0.,0.,0.;                                           0000553P0000406
110,1.5,0.,-392.35,1.5,0.,-107.65;                               0000555P0000407
142,0,549,559,569,3;                                             0000557P0000408
102,4,561,563,565,567;                                           0000559P0000409
110,-4.440892099E-16,1.698641228E-15,0.,1.,6.491474025E-14,0.;   0000561P0000410
126,7,7,1,0,1,0,1.570796327,1.570796327,1.570796327,1.570796327, 0000563P0000411
1.570796327,1.570796327,1.570796327,1.570796327,3.141592654,     0000563P0000412
3.141592654,3.141592654,3.141592654,3.141592654,3.141592654,     0000563P0000413
3.141592654,3.141592654,1.,1.,1.,1.,1.,1.,1.,1.,1.,              0000563P0000414
6.483702464E-14,0.,0.999467968,0.224399475,0.,0.998935937,       0000563P0000415
0.448798951,0.,0.99844765,0.673198426,0.,0.998046928,            0000563P0000416
0.897597901,0.,0.997768371,1.121997376,0.,0.997629083,           0000563P0000417
1.346396852,0.,0.997629083,1.570796327,0.,1.570796327,           0000563P0000418
3.141592654,-0.,-0.,1.;                                          0000563P0000419
110,0.997629083,1.570796327,0.,2.370916754E-03,1.570796327,0.;   0000565P0000420
126,7,7,1,0,1,0,-2.664535259E-15,-2.664535259E-15,               0000567P0000421
-2.664535259E-15,-2.664535259E-15,-2.664535259E-15,              0000567P0000422
-2.664535259E-15,-2.664535259E-15,-2.664535259E-15,1.570796327,  0000567P0000423
1.570796327,1.570796327,1.570796327,1.570796327,1.570796327,     0000567P0000424
1.570796327,1.570796327,1.,1.,1.,1.,1.,1.,1.,1.,2.370916754E-03, 0000567P0000425
1.570796327,0.,2.370916754E-03,1.346396852,0.,2.231628542E-03,   0000567P0000426
1.121997376,0.,1.953072324E-03,0.897597901,0.,1.552350218E-03,   0000567P0000427
0.673198426,0.,1.064062791E-03,0.448798951,0.,5.320324756E-04,   0000567P0000428
0.224399475,0.,-4.900412361E-18,2.664535259E-15,0.,              0000567P0000429
-2.664535259E-15,1.570796327,-0.,-0.,1.;                         0000567P0000430
102,4,571,573,577,579;                                           0000569P0000431
110,-7.,292.35,18.5,-7.,7.65,18.5;                               0000571P0000432
104,0.36960037,0.,0.444444444,0.,-0.,-1.,0.,1.776356839E-15,1.5, 0000573P0000433
-1.644878415,0.;                                                 0000573P0000434
124,0.911921505,0.,-0.410364677,-7.,-0.410364677,0.,             0000575P0000435
-0.911921505,7.65,0.,1.,0.,17.;                                  0000575P0000436
110,-8.5,8.325,17.,-8.5,291.675,17.;                             0000577P0000437
104,0.36960037,0.,0.444444444,0.,-0.,-1.,0.,1.644878415,         0000579P0000438
-3.552713679E-15,0.,1.5;                                         0000579P0000439
124,-0.911921505,0.,-0.410364677,-7.,-0.410364677,0.,            0000581P0000440
0.911921505,292.35,0.,1.,0.,17.;                                 0000581P0000441
144,585,1,2,587,599,605;                                         0000583P0000442
108,1.,-0.,-0.,-8.5,0,-8.5,-100.,17.,0.;                         0000585P0000443
142,0,585,0,589,2;                                               0000587P0000444
102,4,591,593,595,597;                                           0000589P0000445
110,-8.5,291.675,17.,-8.5,8.325,17.;                             0000591P0000446
110,-8.5,8.325,17.,-8.5,8.325,-17.;                              0000593P0000447
110,-8.5,8.325,-17.,-8.5,291.675,-17.;                           0000595P0000448
110,-8.5,291.675,-17.,-8.5,291.675,17.;                          0000597P0000449
142,0,585,0,601,2;                                               0000599P0000450
100,0.,0.,0.,3.5,0.,3.5,0.;                                      0000601P0000451
124,0.,0.,-1.,-8.5,0.,1.,-0.,261.,1.,0.,-0.,0.;                  0000603P0000452
142,0,585,0,607,2;                                               0000605P0000453
100,0.,0.,0.,3.5,0.,3.5,0.;                                      0000607P0000454
124,0.,0.,-1.,-8.5,0.,1.,-0.,39.,1.,0.,-0.,0.;                   0000609P0000455
144,613,1,0,621;                                                 0000611P0000456
120,617,619,0.,1.570796327;                                      0000613P0000457
124,-1.,0.,0.,-7.,0.,0.,-1.,-100.,0.,1.,0.,-17.;                 0000615P0000458
110,0.,0.,1.,0.,0.,0.;                                           0000617P0000459
110,1.5,0.,-392.35,1.5,0.,-107.65;                               0000619P0000460
142,0,613,623,633,3;                                             0000621P0000461
102,4,625,627,629,631;                                           0000623P0000462
110,2.370916754E-03,1.848521336E-15,0.,0.997629083,              0000625P0000463
6.476486014E-14,0.;                                              0000625P0000464
126,7,7,1,0,1,0,3.141592654,3.141592654,3.141592654,3.141592654, 0000627P0000465
3.141592654,3.141592654,3.141592654,3.141592654,4.71238898,      0000627P0000466
4.71238898,4.71238898,4.71238898,4.71238898,4.71238898,          0000627P0000467
4.71238898,4.71238898,1.,1.,1.,1.,1.,1.,1.,1.,0.997629083,       0000627P0000468
6.483702464E-14,0.,0.997629083,0.224399475,0.,0.997768371,       0000627P0000469
0.448798951,0.,0.998046928,0.673198426,0.,0.99844765,            0000627P0000470
0.897597901,0.,0.998935937,1.121997376,0.,0.999467968,           0000627P0000471
1.346396852,0.,1.,1.570796327,0.,3.141592654,4.71238898,-0.,-0., 0000627P0000472
1.;                                                              0000627P0000473
110,1.,1.570796327,0.,-4.440892099E-16,1.570796327,0.;           0000629P0000474
126,7,7,1,0,1,0,4.71238898,4.71238898,4.71238898,4.71238898,     0000631P0000475
4.71238898,4.71238898,4.71238898,4.71238898,6.283185307,         0000631P0000476
6.283185307,6.283185307,6.283185307,6.283185307,6.283185307,     0000631P0000477
6.283185307,6.283185307,1.,1.,1.,1.,1.,1.,1.,1.,                 0000631P0000478
-3.675309271E-18,1.570796327,0.,5.320324756E-04,1.346396852,0.,  0000631P0000479
1.064062791E-03,1.121997376,0.,1.552350218E-03,0.897597901,0.,   0000631P0000480
1.953072325E-03,0.673198426,0.,2.231628542E-03,0.448798951,0.,   0000631P0000481
2.370916754E-03,0.224399475,0.,2.370916754E-03,1.776356839E-15,  0000631P0000482
0.,4.71238898,6.283185307,-0.,-0.,1.;                            0000631P0000483
102,4,635,637,641,643;                                           0000633P0000484
110,-8.5,291.675,-17.,-8.5,8.325,-17.;                           0000635P0000485
104,0.36960037,0.,0.444444444,0.,-0.,-1.,0.,-1.644878415,0.,     0000637P0000486
1.776356839E-15,-1.5;                                            0000637P0000487
124,0.911921505,0.,-0.410364677,-7.,-0.410364677,0.,             0000639P0000488
-0.911921505,7.65,0.,1.,0.,-17.;                                 0000639P0000489
110,-7.,7.65,-18.5,-7.,292.35,-18.5;                             0000641P0000490
104,0.36960037,0.,0.444444444,0.,-0.,-1.,0.,0.,-1.5,1.644878415, 0000643P0000491
0.;                                                              0000643P0000492
124,-0.911921505,0.,-0.410364677,-7.,-0.410364677,0.,            0000645P0000493
0.911921505,292.35,0.,1.,0.,-17.;                                0000645P0000494
144,649,1,0,651;                                                 0000647P0000495
108,-0.,-0.,1.,-18.5,0,-7.,-100.,-18.5,0.;                       0000649P0000496
142,0,649,0,653,2;                                               0000651P0000497
102,4,655,657,659,661;                                           0000653P0000498
110,-7.,7.65,-18.5,7.,1.35,-18.5;                                0000655P0000499
110,7.,1.35,-18.5,7.,298.65,-18.5;                               0000657P0000500
110,7.,298.65,-18.5,-7.,292.35,-18.5;                            0000659P0000501
110,-7.,292.35,-18.5,-7.,7.65,-18.5;                             0000661P0000502
144,665,1,0,673;                                                 0000663P0000503
120,669,671,0.,1.570796327;                                      0000665P0000504
124,-1.184237893E-15,-1.,0.,7.,-0.,0.,-1.,-100.,-1.,             0000667P0000505
1.184237893E-15,0.,-17.;                                         0000667P0000506
110,0.,0.,1.,0.,0.,0.;                                           0000669P0000507
110,1.5,0.,-399.325,1.5,0.,-100.675;                             0000671P0000508
142,0,665,675,685,3;                                             0000673P0000509
102,4,677,679,681,683;                                           0000675P0000510
110,2.260170768E-03,2.076117056E-15,0.,0.997739829,              0000677P0000511
6.80899781E-14,0.;                                               0000677P0000512
126,7,7,1,0,1,0,4.71238898,4.71238898,4.71238898,4.71238898,     0000679P0000513
4.71238898,4.71238898,4.71238898,4.71238898,6.283185307,         0000679P0000514
6.283185307,6.283185307,6.283185307,6.283185307,6.283185307,     0000679P0000515
6.283185307,6.283185307,1.,1.,1.,1.,1.,1.,1.,1.,0.997739829,     0000679P0000516
6.75015599E-14,0.,0.99824701,0.224399475,0.,0.998754189,         0000679P0000517
0.448798951,0.,0.999219669,0.673198426,0.,0.999601673,           0000679P0000518
0.897597901,0.,0.999867218,1.121997376,0.,1.,1.346396852,0.,1.,  0000679P0000519
1.570796327,0.,4.71238898,6.283185307,0.,0.,1.;                  0000679P0000520
110,1.,1.570796327,0.,-3.330669074E-16,1.570796327,0.;           0000681P0000521
126,7,7,1,0,1,0,3.141592654,3.141592654,3.141592654,3.141592654, 0000683P0000522
3.141592654,3.141592654,3.141592654,3.141592654,4.71238898,      0000683P0000523
4.71238898,4.71238898,4.71238898,4.71238898,4.71238898,          0000683P0000524
4.71238898,4.71238898,1.,1.,1.,1.,1.,1.,1.,1.,2.280511186E-15,   0000683P0000525
1.570796327,0.,2.280344347E-15,1.346396852,0.,1.327820326E-04,   0000683P0000526
1.121997376,0.,3.983268347E-04,0.897597901,0.,7.803311327E-04,   0000683P0000527
0.673198426,0.,1.245810559E-03,0.448798951,0.,1.752989634E-03,   0000683P0000528
0.224399475,0.,2.260170768E-03,2.664535259E-15,0.,3.141592654,   0000683P0000529
4.71238898,0.,0.,1.;                                             0000683P0000530
102,4,687,689,693,695;                                           0000685P0000531
110,7.,298.65,-18.5,7.,1.35,-18.5;                               0000687P0000532
104,0.36960037,0.,0.444444444,0.,-0.,-1.,0.,-1.776356839E-15,    0000689P0000533
-1.5,1.644878415,0.;                                             0000689P0000534
124,0.911921505,0.,-0.410364677,7.,-0.410364677,0.,-0.911921505, 0000691P0000535
1.35,0.,1.,0.,-17.;                                              0000691P0000536
110,8.5,0.675,-17.,8.5,299.325,-17.;                             0000693P0000537
104,0.36960037,0.,0.444444444,0.,-0.,-1.,0.,-1.644878415,        0000695P0000538
3.552713679E-15,0.,-1.5;                                         0000695P0000539
124,-0.911921505,0.,-0.410364677,7.,-0.410364677,0.,0.911921505, 0000697P0000540
298.65,0.,1.,0.,-17.;                                            0000697P0000541
144,701,1,2,703,715,727;                                         0000699P0000542
108,-1.,-0.,-0.,-8.5,0,8.5,-100.,-17.,0.;                        0000701P0000543
142,0,701,0,705,2;                                               0000703P0000544
102,4,707,709,711,713;                                           0000705P0000545
110,8.5,299.325,-17.,8.5,0.675,-17.;                             0000707P0000546
110,8.5,0.675,-17.,8.5,0.675,17.;                                0000709P0000547
110,8.5,0.675,17.,8.5,299.325,17.;                               0000711P0000548
110,8.5,299.325,17.,8.5,299.325,-17.;                            0000713P0000549
142,0,701,0,717,2;                                               0000715P0000550
102,4,719,721,723,725;                                           0000717P0000551
110,8.5,257.5,3.5,8.5,257.5,-3.5;                                0000719P0000552
110,8.5,257.5,-3.5,8.5,264.5,-3.5;                               0000721P0000553
110,8.5,264.5,-3.5,8.5,264.5,3.5;                                0000723P0000554
110,8.5,264.5,3.5,8.5,257.5,3.5;                                 0000725P0000555
142,0,701,0,729,2;                                               0000727P0000556
102,4,731,733,735,737;                                           0000729P0000557
110,8.5,42.5,3.5,8.5,35.5,3.5;                                   0000731P0000558
110,8.5,35.5,3.5,8.5,35.5,-3.5;                                  0000733P0000559
110,8.5,35.5,-3.5,8.5,42.5,-3.5;                                 0000735P0000560
110,8.5,42.5,-3.5,8.5,42.5,3.5;                                  0000737P0000561
144,741,1,0,749;                                                 0000739P0000562
120,745,747,0.,6.283185307;                                      0000741P0000563
124,0.,0.,1.,-15.,0.,1.,0.,261.,1.,0.,0.,0.;                     0000743P0000564
110,0.,0.,1.,0.,0.,0.;                                           0000745P0000565
110,3.5,0.,5.,3.5,0.,6.5;                                        0000747P0000566
142,0,741,751,761,3;                                             0000749P0000567
102,4,753,755,757,759;                                           0000751P0000568
110,-5.921189465E-16,1.998401444E-15,0.,1.,2.331468352E-15,0.;   0000753P0000569
110,1.,1.776356839E-15,0.,1.,6.283185307,0.;                     0000755P0000570
110,1.,6.283185307,0.,5.921189465E-16,6.283185307,0.;            0000757P0000571
110,1.972152263E-31,6.283185307,0.,-9.300982661E-16,             0000759P0000572
1.776356839E-15,0.;                                              0000759P0000573
102,4,763,765,769,771;                                           0000761P0000574
110,-10.,261.,3.5,-8.5,261.,3.5;                                 0000763P0000575
100,0.,0.,0.,3.5,0.,3.5,0.;                                      0000765P0000576
124,0.,0.,1.,-8.5,0.,-1.,0.,261.,1.,0.,0.,0.;                    0000767P0000577
110,-8.5,261.,3.5,-10.,261.,3.5;                                 0000769P0000578
100,0.,0.,0.,3.5,0.,3.5,0.;                                      0000771P0000579
124,0.,0.,-1.,-10.,0.,1.,-0.,261.,1.,0.,-0.,0.;                  0000773P0000580
144,777,1,0,785;                                                 0000775P0000581
120,781,783,0.,6.283185307;                                      0000777P0000582
124,0.,0.,1.,-15.,0.,1.,0.,39.,1.,0.,0.,0.;                      0000779P0000583
110,0.,0.,1.,0.,0.,0.;                                           0000781P0000584
110,3.5,0.,5.,3.5,0.,6.5;                                        0000783P0000585
142,0,777,787,797,3;                                             0000785P0000586
102,4,789,791,793,795;                                           0000787P0000587
110,-5.921189465E-16,1.998401444E-15,0.,1.,2.331468352E-15,0.;   0000789P0000588
110,1.,1.776356839E-15,0.,1.,6.283185307,0.;                     0000791P0000589
110,1.,6.283185307,0.,5.921189465E-16,6.283185307,0.;            0000793P0000590
110,1.972152263E-31,6.283185307,0.,-9.300982661E-16,             0000795P0000591
1.776356839E-15,0.;                                              0000795P0000592
102,4,799,801,805,807;                                           0000797P0000593
110,-10.,39.,3.5,-8.5,39.,3.5;                                   0000799P0000594
100,0.,0.,0.,3.5,0.,3.5,0.;                                      0000801P0000595
124,0.,0.,1.,-8.5,0.,-1.,0.,39.,1.,0.,0.,0.;                     0000803P0000596
110,-8.5,39.,3.5,-10.,39.,3.5;                                   0000805P0000597
100,0.,0.,0.,3.5,0.,3.5,0.;                                      0000807P0000598
124,0.,0.,-1.,-10.,0.,1.,-0.,39.,1.,0.,-0.,0.;                   0000809P0000599
S      1G      4D    810P    599                                        T0000001
