                                                                        S0000001
,,31HOpen CASCADE IGES processor 8.0,13HFilename.iges,                  G0000001
16HOpen CASCADE 8.0,31HOpen CASCADE IGES processor 8.0,32,308,15,308,15,G0000002
,1.,2,2HMM,1,0.01,15H20261008.064912,1.19048E-07,1375.,4Hroot,,11,0,    G0000003
15H20261008.064912,;                                                    G0000004
     402       1       0       0       0       0       0       000000000D0000001
     402       0       0       2       1                               0D0000002
     144       3       0       0       0       0       0       000020000D0000003
     144       0       0       1       0                               0D0000004
     108       4       0       0       0       0       0       000010000D0000005
     108       0       0       1       0                               0D0000006
     142       5       0       0       0       0       0       000010500D0000007
     142       0       0       1       0                               0D0000008
     102       6       0       0       0       0       0       000010000D0000009
     102       0       0       1       0                               0D0000010
     110       7       0       0       0       0       0       000010000D0000011
     110       0       0       1       0                               0D0000012
     110       8       0       0       0       0       0       000010000D0000013
     110       0       0       1       0                               0D0000014
     110       9       0       0       0       0       0       000010000D0000015
     110       0       0       1       0                               0D0000016
     110      10       0       0       0       0       0       000010000D0000017
     110       0       0       1       0                               0D0000018
     144      11       0       0       0       0       0       000020000D0000019
     144       0       0       1       0                               0D0000020
     120      12       0       0       0       0      23       000010000D0000021
     120       0       0       1       0                               0D0000022
     124      13       0       0       0       0       0       000000000D0000023
     124       0       0       1       0                               0D0000024
     110      14       0       0       0       0       0       000010000D0000025
     110       0       0       1       0                               0D0000026
     110      15       0       0       0       0       0       000010000D0000027
     110       0       0       1       0                               0D0000028
     142      16       0       0       0       0       0       000010500D0000029
     142       0       0       1       0                               0D0000030
     102      17       0       0       0       0       0       000010000D0000031
     102       0       0       1       0                               0D0000032
     110      18       0       0       0       0       0       000010000D0000033
     110       0       0       1       0                               0D0000034
     110      19       0       0       0       0       0       000010000D0000035
     110       0       0       1       0                               0D0000036
     110      20       0       0       0       0       0       000010000D0000037
     110       0       0       1       0                               0D0000038
     110      21       0       0       0       0       0       000010000D0000039
     110       0       0       1       0                               0D0000040
     102      22       0       0       0       0       0       000010000D0000041
     102       0       0       1       0                               0D0000042
     100      23       0       0       0       0      45       000010000D0000043
     100       0       0       1       0                               0D0000044
     124      24       0       0       0       0       0       000000000D0000045
     124       0       0       1       0                               0D0000046
     110      25       0       0       0       0       0       000010000D0000047
     110       0       0       1       0                               0D0000048
     100      26       0       0       0       0      51       000010000D0000049
     100       0       0       1       0                               0D0000050
     124      27       0       0       0       0       0       000000000D0000051
     124       0       0       1       0                               0D0000052
     110      28       0       0       0       0       0       000010000D0000053
     110       0       0       1       0                               0D0000054
     144      29       0       0       0       0       0       000020000D0000055
     144       0       0       1       0                               0D0000056
     108      30       0       0       0       0       0       000010000D0000057
     108       0       0       1       0                               0D0000058
     142      31       0       0       0       0       0       000010500D0000059
     142       0       0       1       0                               0D0000060
     102      32       0       0       0       0       0       000010000D0000061
     102       0       0       1       0                               0D0000062
     110      33       0       0       0       0       0       000010000D0000063
     110       0       0       1       0                               0D0000064
     100      34       0       0       0       0      67       000010000D0000065
     100       0       0       1       0                               0D0000066
     124      35       0       0       0       0       0       000000000D0000067
     124       0       0       2       0                               0D0000068
     110      37       0       0       0       0       0       000010000D0000069
     110       0       0       1       0                               0D0000070
     100      38       0       0       0       0      73       000010000D0000071
     100       0       0       1       0                               0D0000072
     124      39       0       0       0       0       0       000000000D0000073
     124       0       0       2       0                               0D0000074
     110      41       0       0       0       0       0       000010000D0000075
     110       0       0       1       0                               0D0000076
     100      42       0       0       0       0      79       000010000D0000077
     100       0       0       1       0                               0D0000078
     124      43       0       0       0       0       0       000000000D0000079
     124       0       0       2       0                               0D0000080
     110      45       0       0       0       0       0       000010000D0000081
     110       0       0       1       0                               0D0000082
     100      46       0       0       0       0      85       000010000D0000083
     100       0       0       1       0                               0D0000084
     124      47       0       0       0       0       0       000000000D0000085
     124       0       0       2       0                               0D0000086
     142      49       0       0       0       0       0       000010500D0000087
     142       0       0       1       0                               0D0000088
     102      50       0       0       0       0       0       000010000D0000089
     102       0       0       1       0                               0D0000090
     110      51       0       0       0       0       0       000010000D0000091
     110       0       0       1       0                               0D0000092
     100      52       0       0       0       0      95       000010000D0000093
     100       0       0       1       0                               0D0000094
     124      53       0       0       0       0       0       000000000D0000095
     124       0       0       1       0                               0D0000096
     110      54       0       0       0       0       0       000010000D0000097
     110       0       0       1       0                               0D0000098
     100      55       0       0       0       0     101       000010000D0000099
     100       0       0       1       0                               0D0000100
     124      56       0       0       0       0       0       000000000D0000101
     124       0       0       1       0                               0D0000102
     110      57       0       0       0       0       0       000010000D0000103
     110       0       0       1       0                               0D0000104
     100      58       0       0       0       0     107       000010000D0000105
     100       0       0       1       0                               0D0000106
     124      59       0       0       0       0       0       000000000D0000107
     124       0       0       1       0                               0D0000108
     110      60       0       0       0       0       0       000010000D0000109
     110       0       0       1       0                               0D0000110
     100      61       0       0       0       0     113       000010000D0000111
     100       0       0       1       0                               0D0000112
     124      62       0       0       0       0       0       000000000D0000113
     124       0       0       1       0                               0D0000114
     144      63       0       0       0       0       0       000020000D0000115
     144       0       0       1       0                               0D0000116
     120      64       0       0       0       0     119       000010000D0000117
     120       0       0       1       0                               0D0000118
     124      65       0       0       0       0       0       000000000D0000119
     124       0       0       1       0                               0D0000120
     110      66       0       0       0       0       0       000010000D0000121
     110       0       0       1       0                               0D0000122
     110      67       0       0       0       0       0       000010000D0000123
     110       0       0       1       0                               0D0000124
     142      68       0       0       0       0       0       000010500D0000125
     142       0       0       1       0                               0D0000126
     102      69       0       0       0       0       0       000010000D0000127
     102       0       0       1       0                               0D0000128
     110      70       0       0       0       0       0       000010000D0000129
     110       0       0       1       0                               0D0000130
     110      71       0       0       0       0       0       000010000D0000131
     110       0       0       1       0                               0D0000132
     110      72       0       0       0       0       0       000010000D0000133
     110       0       0       1       0                               0D0000134
     110      73       0       0       0       0       0       000010000D0000135
     110       0       0       1       0                               0D0000136
     102      74       0       0       0       0       0       000010000D0000137
     102       0       0       1       0                               0D0000138
     100      75       0       0       0       0     141       000010000D0000139
     100       0       0       1       0                               0D0000140
     124      76       0       0       0       0       0       000000000D0000141
     124       0       0       1       0                               0D0000142
     110      77       0       0       0       0       0       000010000D0000143
     110       0       0       1       0                               0D0000144
     100      78       0       0       0       0     147       000010000D0000145
     100       0       0       1       0                               0D0000146
     124      79       0       0       0       0       0       000000000D0000147
     124       0       0       1       0                               0D0000148
     110      80       0       0       0       0       0       000010000D0000149
     110       0       0       1       0                               0D0000150
     144      81       0       0       0       0       0       000020000D0000151
     144       0       0       1       0                               0D0000152
     108      82       0       0       0       0       0       000010000D0000153
     108       0       0       1       0                               0D0000154
     142      83       0       0       0       0       0       000010500D0000155
     142       0       0       1       0                               0D0000156
     102      84       0       0       0       0       0       000010000D0000157
     102       0       0       1       0                               0D0000158
     100      85       0       0       0       0     161       000010000D0000159
     100       0       0       1       0                               0D0000160
     124      86       0       0       0       0       0       000000000D0000161
     124       0       0       2       0                               0D0000162
     110      88       0       0       0       0       0       000010000D0000163
     110       0       0       1       0                               0D0000164
     100      89       0       0       0       0     167       000010000D0000165
     100       0       0       1       0                               0D0000166
     124      90       0       0       0       0       0       000000000D0000167
     124       0       0       2       0                               0D0000168
     110      92       0       0       0       0       0       000010000D0000169
     110       0       0       1       0                               0D0000170
     100      93       0       0       0       0     173       000010000D0000171
     100       0       0       1       0                               0D0000172
     124      94       0       0       0       0       0       000000000D0000173
     124       0       0       2       0                               0D0000174
     110      96       0       0       0       0       0       000010000D0000175
     110       0       0       1       0                               0D0000176
     100      97       0       0       0       0     179       000010000D0000177
     100       0       0       1       0                               0D0000178
     124      98       0       0       0       0       0       000000000D0000179
     124       0       0       2       0                               0D0000180
     110     100       0       0       0       0       0       000010000D0000181
     110       0       0       1       0                               0D0000182
     142     101       0       0       0       0       0       000010500D0000183
     142       0       0       1       0                               0D0000184
     102     102       0       0       0       0       0       000010000D0000185
     102       0       0       1       0                               0D0000186
     110     103       0       0       0       0       0       000010000D0000187
     110       0       0       1       0                               0D0000188
     100     104       0       0       0       0     191       000010000D0000189
     100       0       0       1       0                               0D0000190
     124     105       0       0       0       0       0       000000000D0000191
     124       0       0       1       0                               0D0000192
     110     106       0       0       0       0       0       000010000D0000193
     110       0       0       1       0                               0D0000194
     100     107       0       0       0       0     197       000010000D0000195
     100       0       0       1       0                               0D0000196
     124     108       0       0       0       0       0       000000000D0000197
     124       0       0       1       0                               0D0000198
     110     109       0       0       0       0       0       000010000D0000199
     110       0       0       1       0                               0D0000200
     100     110       0       0       0       0     203       000010000D0000201
     100       0       0       1       0                               0D0000202
     124     111       0       0       0       0       0       000000000D0000203
     124       0       0       1       0                               0D0000204
     110     112       0       0       0       0       0       000010000D0000205
     110       0       0       1       0                               0D0000206
     100     113       0       0       0       0     209       000010000D0000207
     100       0       0       1       0                               0D0000208
     124     114       0       0       0       0       0       000000000D0000209
     124       0       0       1       0                               0D0000210
     144     115       0       0       0       0       0       000020000D0000211
     144       0       0       1       0                               0D0000212
     108     116       0       0       0       0       0       000010000D0000213
     108       0       0       1       0                               0D0000214
     142     117       0       0       0       0       0       000010500D0000215
     142       0       0       1       0                               0D0000216
     102     118       0       0       0       0       0       000010000D0000217
     102       0       0       1       0                               0D0000218
     110     119       0       0       0       0       0       000010000D0000219
     110       0       0       1       0                               0D0000220
     110     120       0       0       0       0       0       000010000D0000221
     110       0       0       1       0                               0D0000222
     110     121       0       0       0       0       0       000010000D0000223
     110       0       0       1       0                               0D0000224
     110     122       0       0       0       0       0       000010000D0000225
     110       0       0       1       0                               0D0000226
     142     123       0       0       0       0       0       000010500D0000227
     142       0       0       1       0                               0D0000228
     100     124       0       0       0       0     231       000010000D0000229
     100       0       0       1       0                               0D0000230
     124     125       0       0       0       0       0       000000000D0000231
     124       0       0       1       0                               0D0000232
     142     126       0       0       0       0       0       000010500D0000233
     142       0       0       1       0                               0D0000234
     100     127       0       0       0       0     237       000010000D0000235
     100       0       0       1       0                               0D0000236
     124     128       0       0       0       0       0       000000000D0000237
     124       0       0       1       0                               0D0000238
     142     129       0       0       0       0       0       000010500D0000239
     142       0       0       1       0                               0D0000240
     100     130       0       0       0       0     243       000010000D0000241
     100       0       0       1       0                               0D0000242
     124     131       0       0       0       0       0       000000000D0000243
     124       0       0       1       0                               0D0000244
     142     132       0       0       0       0       0       000010500D0000245
     142       0       0       1       0                               0D0000246
     100     133       0       0       0       0     249       000010000D0000247
     100       0       0       1       0                               0D0000248
     124     134       0       0       0       0       0       000000000D0000249
     124       0       0       1       0                               0D0000250
     142     135       0       0       0       0       0       000010500D0000251
     142       0       0       1       0                               0D0000252
     100     136       0       0       0       0     255       000010000D0000253
     100       0       0       1       0                               0D0000254
     124     137       0       0       0       0       0       000000000D0000255
     124       0       0       1       0                               0D0000256
     142     138       0       0       0       0       0       000010500D0000257
     142       0       0       1       0                               0D0000258
     100     139       0       0       0       0     261       000010000D0000259
     100       0       0       1       0                               0D0000260
     124     140       0       0       0       0       0       000000000D0000261
     124       0       0       1       0                               0D0000262
     144     141       0       0       0       0       0       000020000D0000263
     144       0       0       1       0                               0D0000264
     120     142       0       0       0       0     267       000010000D0000265
     120       0       0       1       0                               0D0000266
     124     143       0       0       0       0       0       000000000D0000267
     124       0       0       1       0                               0D0000268
     110     144       0       0       0       0       0       000010000D0000269
     110       0       0       1       0                               0D0000270
     110     145       0       0       0       0       0       000010000D0000271
     110       0       0       1       0                               0D0000272
     142     146       0       0       0       0       0       000010500D0000273
     142       0       0       1       0                               0D0000274
     102     147       0       0       0       0       0       000010000D0000275
     102       0       0       1       0                               0D0000276
     110     148       0       0       0       0       0       000010000D0000277
     110       0       0       1       0                               0D0000278
     110     149       0       0       0       0       0       000010000D0000279
     110       0       0       1       0                               0D0000280
     110     150       0       0       0       0       0       000010000D0000281
     110       0       0       1       0                               0D0000282
     110     151       0       0       0       0       0       000010000D0000283
     110       0       0       1       0                               0D0000284
     102     152       0       0       0       0       0       000010000D0000285
     102       0       0       1       0                               0D0000286
     100     153       0       0       0       0     289       000010000D0000287
     100       0       0       1       0                               0D0000288
     124     154       0       0       0       0       0       000000000D0000289
     124       0       0       1       0                               0D0000290
     110     155       0       0       0       0       0       000010000D0000291
     110       0       0       1       0                               0D0000292
     100     156       0       0       0       0     295       000010000D0000293
     100       0       0       1       0                               0D0000294
     124     157       0       0       0       0       0       000000000D0000295
     124       0       0       1       0                               0D0000296
     110     158       0       0       0       0       0       000010000D0000297
     110       0       0       1       0                               0D0000298
     144     159       0       0       0       0       0       000020000D0000299
     144       0       0       1       0                               0D0000300
     108     160       0       0       0       0       0       000010000D0000301
     108       0       0       1       0                               0D0000302
     142     161       0       0       0       0       0       000010500D0000303
     142       0       0       1       0                               0D0000304
     102     162       0       0       0       0       0       000010000D0000305
     102       0       0       1       0                               0D0000306
     110     163       0       0       0       0       0       000010000D0000307
     110       0       0       1       0                               0D0000308
     110     164       0       0       0       0       0       000010000D0000309
     110       0       0       1       0                               0D0000310
     110     165       0       0       0       0       0       000010000D0000311
     110       0       0       1       0                               0D0000312
     110     166       0       0       0       0       0       000010000D0000313
     110       0       0       1       0                               0D0000314
     144     167       0       0       0       0       0       000020000D0000315
     144       0       0       1       0                               0D0000316
     120     168       0       0       0       0     319       000010000D0000317
     120       0       0       1       0                               0D0000318
     124     169       0       0       0       0       0       000000000D0000319
     124       0       0       1       0                               0D0000320
     110     170       0       0       0       0       0       000010000D0000321
     110       0       0       1       0                               0D0000322
     110     171       0       0       0       0       0       000010000D0000323
     110       0       0       1       0                               0D0000324
     142     172       0       0       0       0       0       000010500D0000325
     142       0       0       1       0                               0D0000326
     102     173       0       0       0       0       0       000010000D0000327
     102       0       0       1       0                               0D0000328
     110     174       0       0       0       0       0       000010000D0000329
     110       0       0       1       0                               0D0000330
     110     175       0       0       0       0       0       000010000D0000331
     110       0       0       1       0                               0D0000332
     110     176       0       0       0       0       0       000010000D0000333
     110       0       0       1       0                               0D0000334
     110     177       0       0       0       0       0       000010000D0000335
     110       0       0       1       0                               0D0000336
     102     178       0       0       0       0       0       000010000D0000337
     102       0       0       1       0                               0D0000338
     100     179       0       0       0       0     341       000010000D0000339
     100       0       0       1       0                               0D0000340
     124     180       0       0       0       0       0       000000000D0000341
     124       0       0       1       0                               0D0000342
     110     181       0       0       0       0       0       000010000D0000343
     110       0       0       1       0                               0D0000344
     100     182       0       0       0       0     347       000010000D0000345
     100       0       0       1       0                               0D0000346
     124     183       0       0       0       0       0       000000000D0000347
     124       0       0       1       0                               0D0000348
     110     184       0       0       0       0       0       000010000D0000349
     110       0       0       1       0                               0D0000350
     144     185       0       0       0       0       0       000020000D0000351
     144       0       0       1       0                               0D0000352
     108     186       0       0       0       0       0       000010000D0000353
     108       0       0       1       0                               0D0000354
     142     187       0       0       0       0       0       000010500D0000355
     142       0       0       1       0                               0D0000356
     102     188       0       0       0       0       0       000010000D0000357
     102       0       0       1       0                               0D0000358
     110     189       0       0       0       0       0       000010000D0000359
     110       0       0       1       0                               0D0000360
     110     190       0       0       0       0       0       000010000D0000361
     110       0       0       1       0                               0D0000362
     110     191       0       0       0       0       0       000010000D0000363
     110       0       0       1       0                               0D0000364
     110     192       0       0       0       0       0       000010000D0000365
     110       0       0       1       0                               0D0000366
     142     193       0       0       0       0       0       000010500D0000367
     142       0       0       1       0                               0D0000368
     100     194       0       0       0       0     371       000010000D0000369
     100       0       0       1       0                               0D0000370
     124     195       0       0       0       0       0       000000000D0000371
     124       0       0       1       0                               0D0000372
     142     196       0       0       0       0       0       000010500D0000373
     142       0       0       1       0                               0D0000374
     100     197       0       0       0       0     377       000010000D0000375
     100       0       0       1       0                               0D0000376
     124     198       0       0       0       0       0       000000000D0000377
     124       0       0       1       0                               0D0000378
     142     199       0       0       0       0       0       000010500D0000379
     142       0       0       1       0                               0D0000380
     100     200       0       0       0       0     383       000010000D0000381
     100       0       0       1       0                               0D0000382
     124     201       0       0       0       0       0       000000000D0000383
     124       0       0       1       0                               0D0000384
     142     202       0       0       0       0       0       000010500D0000385
     142       0       0       1       0                               0D0000386
     100     203       0       0       0       0     389       000010000D0000387
     100       0       0       1       0                               0D0000388
     124     204       0       0       0       0       0       000000000D0000389
     124       0       0       1       0                               0D0000390
     142     205       0       0       0       0       0       000010500D0000391
     142       0       0       1       0                               0D0000392
     100     206       0       0       0       0     395       000010000D0000393
     100       0       0       1       0                               0D0000394
     124     207       0       0       0       0       0       000000000D0000395
     124       0       0       1       0                               0D0000396
     142     208       0       0       0       0       0       000010500D0000397
     142       0       0       1       0                               0D0000398
     100     209       0       0       0       0     401       000010000D0000399
     100       0       0       1       0                               0D0000400
     124     210       0       0       0       0       0       000000000D0000401
     124       0       0       1       0                               0D0000402
     144     211       0       0       0       0       0       000020000D0000403
     144       0       0       1       0                               0D0000404
     108     212       0       0       0       0       0       000010000D0000405
     108       0       0       1       0                               0D0000406
     142     213       0       0       0       0       0       000010500D0000407
     142       0       0       1       0                               0D0000408
     102     214       0       0       0       0       0       000010000D0000409
     102       0       0       1       0                               0D0000410
     110     215       0       0       0       0       0       000010000D0000411
     110       0       0       1       0                               0D0000412
     110     216       0       0       0       0       0       000010000D0000413
     110       0       0       1       0                               0D0000414
     110     217       0       0       0       0       0       000010000D0000415
     110       0       0       1       0                               0D0000416
     110     218       0       0       0       0       0       000010000D0000417
     110       0       0       1       0                               0D0000418
     144     219       0       0       0       0       0       000020000D0000419
     144       0       0       1       0                               0D0000420
     120     220       0       0       0       0     423       000010000D0000421
     120       0       0       1       0                               0D0000422
     124     221       0       0       0       0       0       000000000D0000423
     124       0       0       2       1                               0D0000424
     110     223       0       0       0       0       0       000010000D0000425
     110       0       0       1       0                               0D0000426
     110     224       0       0       0       0       0       000010000D0000427
     110       0       0       1       0                               0D0000428
     142     225       0       0       0       0       0       000010500D0000429
     142       0       0       1       0                               0D0000430
     102     226       0       0       0       0       0       000010000D0000431
     102       0       0       1       0                               0D0000432
     110     227       0       0       0       0       0       000010000D0000433
     110       0       0       1       0                               0D0000434
     110     228       0       0       0       0       0       000010000D0000435
     110       0       0       1       0                               0D0000436
     110     229       0       0       0       0       0       000010000D0000437
     110       0       0       1       0                               0D0000438
     110     230       0       0       0       0       0       000010000D0000439
     110       0       0       2       0                               0D0000440
     102     232       0       0       0       0       0       000010000D0000441
     102       0       0       1       0                               0D0000442
     110     233       0       0       0       0       0       000010000D0000443
     110       0       0       1       0                               0D0000444
     100     234       0       0       0       0     447       000010000D0000445
     100       0       0       1       0                               0D0000446
     124     235       0       0       0       0       0       000000000D0000447
     124       0       0       2       0                               0D0000448
     110     237       0       0       0       0       0       000010000D0000449
     110       0       0       1       0                               0D0000450
     100     238       0       0       0       0     453       000010000D0000451
     100       0       0       1       0                               0D0000452
     124     239       0       0       0       0       0       000000000D0000453
     124       0       0       2       0                               0D0000454
     144     241       0       0       0       0       0       000020000D0000455
     144       0       0       1       0                               0D0000456
     108     242       0       0       0       0       0       000010000D0000457
     108       0       0       1       0                               0D0000458
     142     243       0       0       0       0       0       000010500D0000459
     142       0       0       1       0                               0D0000460
     102     244       0       0       0       0       0       000010000D0000461
     102       0       0       1       0                               0D0000462
     110     245       0       0       0       0       0       000010000D0000463
     110       0       0       1       0                               0D0000464
     110     246       0       0       0       0       0       000010000D0000465
     110       0       0       1       0                               0D0000466
     110     247       0       0       0       0       0       000010000D0000467
     110       0       0       1       0                               0D0000468
     110     248       0       0       0       0       0       000010000D0000469
     110       0       0       1       0                               0D0000470
     142     249       0       0       0       0       0       000010500D0000471
     142       0       0       1       0                               0D0000472
     100     250       0       0       0       0     475       000010000D0000473
     100       0       0       1       0                               0D0000474
     124     251       0       0       0       0       0       000000000D0000475
     124       0       0       1       0                               0D0000476
     142     252       0       0       0       0       0       000010500D0000477
     142       0       0       1       0                               0D0000478
     100     253       0       0       0       0     481       000010000D0000479
     100       0       0       1       0                               0D0000480
     124     254       0       0       0       0       0       000000000D0000481
     124       0       0       1       0                               0D0000482
     142     255       0       0       0       0       0       000010500D0000483
     142       0       0       1       0                               0D0000484
     100     256       0       0       0       0     487       000010000D0000485
     100       0       0       1       0                               0D0000486
     124     257       0       0       0       0       0       000000000D0000487
     124       0       0       1       0                               0D0000488
     142     258       0       0       0       0       0       000010500D0000489
     142       0       0       1       0                               0D0000490
     100     259       0       0       0       0     493       000010000D0000491
     100       0       0       1       0                               0D0000492
     124     260       0       0       0       0       0       000000000D0000493
     124       0       0       1       0                               0D0000494
     142     261       0       0       0       0       0       000010500D0000495
     142       0       0       1       0                               0D0000496
     100     262       0       0       0       0     499       000010000D0000497
     100       0       0       1       0                               0D0000498
     124     263       0       0       0       0       0       000000000D0000499
     124       0       0       1       0                               0D0000500
     142     264       0       0       0       0       0       000010500D0000501
     142       0       0       1       0                               0D0000502
     100     265       0       0       0       0     505       000010000D0000503
     100       0       0       1       0                               0D0000504
     124     266       0       0       0       0       0       000000000D0000505
     124       0       0       1       0                               0D0000506
     144     267       0       0       0       0       0       000020000D0000507
     144       0       0       1       0                               0D0000508
     120     268       0       0       0       0     511       000010000D0000509
     120       0       0       1       0                               0D0000510
     124     269       0       0       0       0       0       000000000D0000511
     124       0       0       2       1                               0D0000512
     110     271       0       0       0       0       0       000010000D0000513
     110       0       0       1       0                               0D0000514
     110     272       0       0       0       0       0       000010000D0000515
     110       0       0       1       0                               0D0000516
     142     273       0       0       0       0       0       000010500D0000517
     142       0       0       1       0                               0D0000518
     102     274       0       0       0       0       0       000010000D0000519
     102       0       0       1       0                               0D0000520
     110     275       0       0       0       0       0       000010000D0000521
     110       0       0       1       0                               0D0000522
     110     276       0       0       0       0       0       000010000D0000523
     110       0       0       1       0                               0D0000524
     110     277       0       0       0       0       0       000010000D0000525
     110       0       0       1       0                               0D0000526
     110     278       0       0       0       0       0       000010000D0000527
     110       0       0       2       0                               0D0000528
     102     280       0       0       0       0       0       000010000D0000529
     102       0       0       1       0                               0D0000530
     110     281       0       0       0       0       0       000010000D0000531
     110       0       0       1       0                               0D0000532
     100     282       0       0       0       0     535       000010000D0000533
     100       0       0       1       0                               0D0000534
     124     283       0       0       0       0       0       000000000D0000535
     124       0       0       2       0                               0D0000536
     110     285       0       0       0       0       0       000010000D0000537
     110       0       0       1       0                               0D0000538
     100     286       0       0       0       0     541       000010000D0000539
     100       0       0       1       0                               0D0000540
     124     287       0       0       0       0       0       000000000D0000541
     124       0       0       2       0                               0D0000542
     144     289       0       0       0       0       0       000020000D0000543
     144       0       0       1       0                               0D0000544
     108     290       0       0       0       0       0       000010000D0000545
     108       0       0       1       0                               0D0000546
     142     291       0       0       0       0       0       000010500D0000547
     142       0       0       1       0                               0D0000548
     102     292       0       0       0       0       0       000010000D0000549
     102       0       0       1       0                               0D0000550
     110     293       0       0       0       0       0       000010000D0000551
     110       0       0       1       0                               0D0000552
     110     294       0       0       0       0       0       000010000D0000553
     110       0       0       1       0                               0D0000554
     110     295       0       0       0       0       0       000010000D0000555
     110       0       0       1       0                               0D0000556
     110     296       0       0       0       0       0       000010000D0000557
     110       0       0       1       0                               0D0000558
     144     297       0       0       0       0       0       000020000D0000559
     144       0       0       1       0                               0D0000560
     120     298       0       0       0       0     563       000010000D0000561
     120       0       0       1       0                               0D0000562
     124     299       0       0       0       0       0       000000000D0000563
     124       0       0       2       1                               0D0000564
     110     301       0       0       0       0       0       000010000D0000565
     110       0       0       1       0                               0D0000566
     110     302       0       0       0       0       0       000010000D0000567
     110       0       0       1       0                               0D0000568
     142     303       0       0       0       0       0       000010500D0000569
     142       0       0       1       0                               0D0000570
     102     304       0       0       0       0       0       000010000D0000571
     102       0       0       1       0                               0D0000572
     110     305       0       0       0       0       0       000010000D0000573
     110       0       0       1       0                               0D0000574
     110     306       0       0       0       0       0       000010000D0000575
     110       0       0       1       0                               0D0000576
     110     307       0       0       0       0       0       000010000D0000577
     110       0       0       1       0                               0D0000578
     110     308       0       0       0       0       0       000010000D0000579
     110       0       0       2       0                               0D0000580
     102     310       0       0       0       0       0       000010000D0000581
     102       0       0       1       0                               0D0000582
     110     311       0       0       0       0       0       000010000D0000583
     110       0       0       1       0                               0D0000584
     100     312       0       0       0       0     587       000010000D0000585
     100       0       0       1       0                               0D0000586
     124     313       0       0       0       0       0       000000000D0000587
     124       0       0       2       0                               0D0000588
     110     315       0       0       0       0       0       000010000D0000589
     110       0       0       1       0                               0D0000590
     100     316       0       0       0       0     593       000010000D0000591
     100       0       0       1       0                               0D0000592
     124     317       0       0       0       0       0       000000000D0000593
     124       0       0       2       0                               0D0000594
     144     319       0       0       0       0       0       000020000D0000595
     144       0       0       1       0                               0D0000596
     108     320       0       0       0       0       0       000010000D0000597
     108       0       0       1       0                               0D0000598
     142     321       0       0       0       0       0       000010500D0000599
     142       0       0       1       0                               0D0000600
     102     322       0       0       0       0       0       000010000D0000601
     102       0       0       1       0                               0D0000602
     110     323       0       0       0       0       0       000010000D0000603
     110       0       0       1       0                               0D0000604
     110     324       0       0       0       0       0       000010000D0000605
     110       0       0       1       0                               0D0000606
     110     325       0       0       0       0       0       000010000D0000607
     110       0       0       1       0                               0D0000608
     110     326       0       0       0       0       0       000010000D0000609
     110       0       0       1       0                               0D0000610
     142     327       0       0       0       0       0       000010500D0000611
     142       0       0       1       0                               0D0000612
     100     328       0       0       0       0     615       000010000D0000613
     100       0       0       1       0                               0D0000614
     124     329       0       0       0       0       0       000000000D0000615
     124       0       0       1       0                               0D0000616
     142     330       0       0       0       0       0       000010500D0000617
     142       0       0       1       0                               0D0000618
     100     331       0       0       0       0     621       000010000D0000619
     100       0       0       1       0                               0D0000620
     124     332       0       0       0       0       0       000000000D0000621
     124       0       0       1       0                               0D0000622
     142     333       0       0       0       0       0       000010500D0000623
     142       0       0       1       0                               0D0000624
     100     334       0       0       0       0     627       000010000D0000625
     100       0       0       1       0                               0D0000626
     124     335       0       0       0       0       0       000000000D0000627
     124       0       0       1       0                               0D0000628
     142     336       0       0       0       0       0       000010500D0000629
     142       0       0       1       0                               0D0000630
     100     337       0       0       0       0     633       000010000D0000631
     100       0       0       1       0                               0D0000632
     124     338       0       0       0       0       0       000000000D0000633
     124       0       0       1       0                               0D0000634
     142     339       0       0       0       0       0       000010500D0000635
     142       0       0       1       0                               0D0000636
     100     340       0       0       0       0     639       000010000D0000637
     100       0       0       1       0                               0D0000638
     124     341       0       0       0       0       0       000000000D0000639
     124       0       0       1       0                               0D0000640
     142     342       0       0       0       0       0       000010500D0000641
     142       0       0       1       0                               0D0000642
     100     343       0       0       0       0     645       000010000D0000643
     100       0       0       1       0                               0D0000644
     124     344       0       0       0       0       0       000000000D0000645
     124       0       0       1       0                               0D0000646
     144     345       0       0       0       0       0       000020000D0000647
     144       0       0       1       0                               0D0000648
     120     346       0       0       0       0     651       000010000D0000649
     120       0       0       1       0                               0D0000650
     124     347       0       0       0       0       0       000000000D0000651
     124       0       0       2       1                               0D0000652
     110     349       0       0       0       0       0       000010000D0000653
     110       0       0       1       0                               0D0000654
     110     350       0       0       0       0       0       000010000D0000655
     110       0       0       1       0                               0D0000656
     142     351       0       0       0       0       0       000010500D0000657
     142       0       0       1       0                               0D0000658
     102     352       0       0       0       0       0       000010000D0000659
     102       0       0       1       0                               0D0000660
     110     353       0       0       0       0       0       000010000D0000661
     110       0       0       1       0                               0D0000662
     110     354       0       0       0       0       0       000010000D0000663
     110       0       0       1       0                               0D0000664
     110     355       0       0       0       0       0       000010000D0000665
     110       0       0       1       0                               0D0000666
     110     356       0       0       0       0       0       000010000D0000667
     110       0       0       2       0                               0D0000668
     102     358       0       0       0       0       0       000010000D0000669
     102       0       0       1       0                               0D0000670
     110     359       0       0       0       0       0       000010000D0000671
     110       0       0       1       0                               0D0000672
     100     360       0       0       0       0     675       000010000D0000673
     100       0       0       1       0                               0D0000674
     124     361       0       0       0       0       0       000000000D0000675
     124       0       0       2       0                               0D0000676
     110     363       0       0       0       0       0       000010000D0000677
     110       0       0       1       0                               0D0000678
     100     364       0       0       0       0     681       000010000D0000679
     100       0       0       1       0                               0D0000680
     124     365       0       0       0       0       0       000000000D0000681
     124       0       0       2       0                               0D0000682
     144     367       0       0       0       0       0       000020000D0000683
     144       0       0       1       0                               0D0000684
     120     368       0       0       0       0     687       000010000D0000685
     120       0       0       1       0                               0D0000686
     124     369       0       0       0       0       0       000000000D0000687
     124       0       0       1       1                               0D0000688
     110     370       0       0       0       0       0       000010000D0000689
     110       0       0       1       0                               0D0000690
     110     371       0       0       0       0       0       000010000D0000691
     110       0       0       1       0                               0D0000692
     142     372       0       0       0       0       0       000010500D0000693
     142       0       0       1       0                               0D0000694
     102     373       0       0       0       0       0       000010000D0000695
     102       0       0       1       0                               0D0000696
     110     374       0       0       0       0       0       000010000D0000697
     110       0       0       1       0                               0D0000698
     110     375       0       0       0       0       0       000010000D0000699
     110       0       0       1       0                               0D0000700
     110     376       0       0       0       0       0       000010000D0000701
     110       0       0       1       0                               0D0000702
     110     377       0       0       0       0       0       000010000D0000703
     110       0       0       2       0                               0D0000704
     102     379       0       0       0       0       0       000010000D0000705
     102       0       0       1       0                               0D0000706
     110     380       0       0       0       0       0       000010000D0000707
     110       0       0       1       0                               0D0000708
     100     381       0       0       0       0     711       000010000D0000709
     100       0       0       1       0                               0D0000710
     124     382       0       0       0       0       0       000000000D0000711
     124       0       0       1       0                               0D0000712
     110     383       0       0       0       0       0       000010000D0000713
     110       0       0       1       0                               0D0000714
     100     384       0       0       0       0     717       000010000D0000715
     100       0       0       1       0                               0D0000716
     124     385       0       0       0       0       0       000000000D0000717
     124       0       0       1       0                               0D0000718
     144     386       0       0       0       0       0       000020000D0000719
     144       0       0       1       0                               0D0000720
     120     387       0       0       0       0     723       000010000D0000721
     120       0       0       1       0                               0D0000722
     124     388       0       0       0       0       0       000000000D0000723
     124       0       0       1       1                               0D0000724
     110     389       0       0       0       0       0       000010000D0000725
     110       0       0       1       0                               0D0000726
     110     390       0       0       0       0       0       000010000D0000727
     110       0       0       1       0                               0D0000728
     142     391       0       0       0       0       0       000010500D0000729
     142       0       0       1       0                               0D0000730
     102     392       0       0       0       0       0       000010000D0000731
     102       0       0       1       0                               0D0000732
     110     393       0       0       0       0       0       000010000D0000733
     110       0       0       1       0                               0D0000734
     110     394       0       0       0       0       0       000010000D0000735
     110       0       0       1       0                               0D0000736
     110     395       0       0       0       0       0       000010000D0000737
     110       0       0       1       0                               0D0000738
     110     396       0       0       0       0       0       000010000D0000739
     110       0       0       2       0                               0D0000740
     102     398       0       0       0       0       0       000010000D0000741
     102       0       0       1       0                               0D0000742
     110     399       0       0       0       0       0       000010000D0000743
     110       0       0       1       0                               0D0000744
     100     400       0       0       0       0     747       000010000D0000745
     100       0       0       1       0                               0D0000746
     124     401       0       0       0       0       0       000000000D0000747
     124       0       0       1       0                               0D0000748
     110     402       0       0       0       0       0       000010000D0000749
     110       0       0       1       0                               0D0000750
     100     403       0       0       0       0     753       000010000D0000751
     100       0       0       1       0                               0D0000752
     124     404       0       0       0       0       0       000000000D0000753
     124       0       0       1       0                               0D0000754
     144     405       0       0       0       0       0       000020000D0000755
     144       0       0       1       0                               0D0000756
     120     406       0       0       0       0     759       000010000D0000757
     120       0       0       1       0                               0D0000758
     124     407       0       0       0       0       0       000000000D0000759
     124       0       0       1       1                               0D0000760
     110     408       0       0       0       0       0       000010000D0000761
     110       0       0       1       0                               0D0000762
     110     409       0       0       0       0       0       000010000D0000763
     110       0       0       1       0                               0D0000764
     142     410       0       0       0       0       0       000010500D0000765
     142       0       0       1       0                               0D0000766
     102     411       0       0       0       0       0       000010000D0000767
     102       0       0       1       0                               0D0000768
     110     412       0       0       0       0       0       000010000D0000769
     110       0       0       1       0                               0D0000770
     110     413       0       0       0       0       0       000010000D0000771
     110       0       0       1       0                               0D0000772
     110     414       0       0       0       0       0       000010000D0000773
     110       0       0       1       0                               0D0000774
     110     415       0       0       0       0       0       000010000D0000775
     110       0       0       2       0                               0D0000776
     102     417       0       0       0       0       0       000010000D0000777
     102       0       0       1       0                               0D0000778
     110     418       0       0       0       0       0       000010000D0000779
     110       0       0       1       0                               0D0000780
     100     419       0       0       0       0     783       000010000D0000781
     100       0       0       1       0                               0D0000782
     124     420       0       0       0       0       0       000000000D0000783
     124       0       0       1       0                               0D0000784
     110     421       0       0       0       0       0       000010000D0000785
     110       0       0       1       0                               0D0000786
     100     422       0       0       0       0     789       000010000D0000787
     100       0       0       1       0                               0D0000788
     124     423       0       0       0       0       0       000000000D0000789
     124       0       0       1       0                               0D0000790
     144     424       0       0       0       0       0       000020000D0000791
     144       0       0       1       0                               0D0000792
     120     425       0       0       0       0     795       000010000D0000793
     120       0       0       1       0                               0D0000794
     124     426       0       0       0       0       0       000000000D0000795
     124       0       0       1       1                               0D0000796
     110     427       0       0       0       0       0       000010000D0000797
     110       0       0       1       0                               0D0000798
     110     428       0       0       0       0       0       000010000D0000799
     110       0       0       1       0                               0D0000800
     142     429       0       0       0       0       0       000010500D0000801
     142       0       0       1       0                               0D0000802
     102     430       0       0       0       0       0       000010000D0000803
     102       0       0       1       0                               0D0000804
     110     431       0       0       0       0       0       000010000D0000805
     110       0       0       1       0                               0D0000806
     110     432       0       0       0       0       0       000010000D0000807
     110       0       0       1       0                               0D0000808
     110     433       0       0       0       0       0       000010000D0000809
     110       0       0       1       0                               0D0000810
     110     434       0       0       0       0       0       000010000D0000811
     110       0       0       2       0                               0D0000812
     102     436       0       0       0       0       0       000010000D0000813
     102       0       0       1       0                               0D0000814
     110     437       0       0       0       0       0       000010000D0000815
     110       0       0       1       0                               0D0000816
     100     438       0       0       0       0     819       000010000D0000817
     100       0       0       1       0                               0D0000818
     124     439       0       0       0       0       0       000000000D0000819
     124       0       0       1       0                               0D0000820
     110     440       0       0       0       0       0       000010000D0000821
     110       0       0       1       0                               0D0000822
     100     441       0       0       0       0     825       000010000D0000823
     100       0       0       1       0                               0D0000824
     124     442       0       0       0       0       0       000000000D0000825
     124       0       0       1       0                               0D0000826
     144     443       0       0       0       0       0       000020000D0000827
     144       0       0       1       0                               0D0000828
     120     444       0       0       0       0     831       000010000D0000829
     120       0       0       1       0                               0D0000830
     124     445       0       0       0       0       0       000000000D0000831
     124       0       0       1       1                               0D0000832
     110     446       0       0       0       0       0       000010000D0000833
     110       0       0       1       0                               0D0000834
     110     447       0       0       0       0       0       000010000D0000835
     110       0       0       1       0                               0D0000836
     142     448       0       0       0       0       0       000010500D0000837
     142       0       0       1       0                               0D0000838
     102     449       0       0       0       0       0       000010000D0000839
     102       0       0       1       0                               0D0000840
     110     450       0       0       0       0       0       000010000D0000841
     110       0       0       1       0                               0D0000842
     110     451       0       0       0       0       0       000010000D0000843
     110       0       0       1       0                               0D0000844
     110     452       0       0       0       0       0       000010000D0000845
     110       0       0       1       0                               0D0000846
     110     453       0       0       0       0       0       000010000D0000847
     110       0       0       2       0                               0D0000848
     102     455       0       0       0       0       0       000010000D0000849
     102       0       0       1       0                               0D0000850
     110     456       0       0       0       0       0       000010000D0000851
     110       0       0       1       0                               0D0000852
     100     457       0       0       0       0     855       000010000D0000853
     100       0       0       1       0                               0D0000854
     124     458       0       0       0       0       0       000000000D0000855
     124       0       0       1       0                               0D0000856
     110     459       0       0       0       0       0       000010000D0000857
     110       0       0       1       0                               0D0000858
     100     460       0       0       0       0     861       000010000D0000859
     100       0       0       1       0                               0D0000860
     124     461       0       0       0       0       0       000000000D0000861
     124       0       0       1       0                               0D0000862
     144     462       0       0       0       0       0       000020000D0000863
     144       0       0       1       0                               0D0000864
     120     463       0       0       0       0     867       000010000D0000865
     120       0       0       1       0                               0D0000866
     124     464       0       0       0       0       0       000000000D0000867
     124       0       0       1       1                               0D0000868
     110     465       0       0       0       0       0       000010000D0000869
     110       0       0       1       0                               0D0000870
     110     466       0       0       0       0       0       000010000D0000871
     110       0       0       1       0                               0D0000872
     142     467       0       0       0       0       0       000010500D0000873
     142       0       0       1       0                               0D0000874
     102     468       0       0       0       0       0       000010000D0000875
     102       0       0       1       0                               0D0000876
     110     469       0       0       0       0       0       000010000D0000877
     110       0       0       1       0                               0D0000878
     110     470       0       0       0       0       0       000010000D0000879
     110       0       0       1       0                               0D0000880
     110     471       0       0       0       0       0       000010000D0000881
     110       0       0       1       0                               0D0000882
     110     472       0       0       0       0       0       000010000D0000883
     110       0       0       2       0                               0D0000884
     102     474       0       0       0       0       0       000010000D0000885
     102       0       0       1       0                               0D0000886
     110     475       0       0       0       0       0       000010000D0000887
     110       0       0       1       0                               0D0000888
     100     476       0       0       0       0     891       000010000D0000889
     100       0       0       1       0                               0D0000890
     124     477       0       0       0       0       0       000000000D0000891
     124       0       0       1       0                               0D0000892
     110     478       0       0       0       0       0       000010000D0000893
     110       0       0       1       0                               0D0000894
     100     479       0       0       0       0     897       000010000D0000895
     100       0       0       1       0                               0D0000896
     124     480       0       0       0       0       0       000000000D0000897
     124       0       0       1       0                               0D0000898
     144     481       0       0       0       0       0       000020000D0000899
     144       0       0       1       0                               0D0000900
     120     482       0       0       0       0     903       000010000D0000901
     120       0       0       1       0                               0D0000902
     124     483       0       0       0       0       0       000000000D0000903
     124       0       0       1       1                               0D0000904
     110     484       0       0       0       0       0       000010000D0000905
     110       0       0       1       0                               0D0000906
     110     485       0       0       0       0       0       000010000D0000907
     110       0       0       1       0                               0D0000908
     142     486       0       0       0       0       0       000010500D0000909
     142       0       0       1       0                               0D0000910
     102     487       0       0       0       0       0       000010000D0000911
     102       0       0       1       0                               0D0000912
     110     488       0       0       0       0       0       000010000D0000913
     110       0       0       1       0                               0D0000914
     110     489       0       0       0       0       0       000010000D0000915
     110       0       0       1       0                               0D0000916
     110     490       0       0       0       0       0       000010000D0000917
     110       0       0       1       0                               0D0000918
     110     491       0       0       0       0       0       000010000D0000919
     110       0       0       2       0                               0D0000920
     102     493       0       0       0       0       0       000010000D0000921
     102       0       0       1       0                               0D0000922
     110     494       0       0       0       0       0       000010000D0000923
     110       0       0       1       0                               0D0000924
     100     495       0       0       0       0     927       000010000D0000925
     100       0       0       1       0                               0D0000926
     124     496       0       0       0       0       0       000000000D0000927
     124       0       0       1       0                               0D0000928
     110     497       0       0       0       0       0       000010000D0000929
     110       0       0       1       0                               0D0000930
     100     498       0       0       0       0     933       000010000D0000931
     100       0       0       1       0                               0D0000932
     124     499       0       0       0       0       0       000000000D0000933
     124       0       0       1       0                               0D0000934
     144     500       0       0       0       0       0       000020000D0000935
     144       0       0       1       0                               0D0000936
     120     501       0       0       0       0     939       000010000D0000937
     120       0       0       1       0                               0D0000938
     124     502       0       0       0       0       0       000000000D0000939
     124       0       0       1       1                               0D0000940
     110     503       0       0       0       0       0       000010000D0000941
     110       0       0       1       0                               0D0000942
     110     504       0       0       0       0       0       000010000D0000943
     110       0       0       1       0                               0D0000944
     142     505       0       0       0       0       0       000010500D0000945
     142       0       0       1       0                               0D0000946
     102     506       0       0       0       0       0       000010000D0000947
     102       0       0       1       0                               0D0000948
     110     507       0       0       0       0       0       000010000D0000949
     110       0       0       1       0                               0D0000950
     110     508       0       0       0       0       0       000010000D0000951
     110       0       0       1       0                               0D0000952
     110     509       0       0       0       0       0       000010000D0000953
     110       0       0       1       0                               0D0000954
     110     510       0       0       0       0       0       000010000D0000955
     110       0       0       2       0                               0D0000956
     102     512       0       0       0       0       0       000010000D0000957
     102       0       0       1       0                               0D0000958
     110     513       0       0       0       0       0       000010000D0000959
     110       0       0       1       0                               0D0000960
     100     514       0       0       0       0     963       000010000D0000961
     100       0       0       1       0                               0D0000962
     124     515       0       0       0       0       0       000000000D0000963
     124       0       0       1       0                               0D0000964
     110     516       0       0       0       0       0       000010000D0000965
     110       0       0       1       0                               0D0000966
     100     517       0       0       0       0     969       000010000D0000967
     100       0       0       1       0                               0D0000968
     124     518       0       0       0       0       0       000000000D0000969
     124       0       0       1       0                               0D0000970
     144     519       0       0       0       0       0       000020000D0000971
     144       0       0       1       0                               0D0000972
     120     520       0       0       0       0     975       000010000D0000973
     120       0       0       1       0                               0D0000974
     124     521       0       0       0       0       0       000000000D0000975
     124       0       0       1       1                               0D0000976
     110     522       0       0       0       0       0       000010000D0000977
     110       0       0       1       0                               0D0000978
     110     523       0       0       0       0       0       000010000D0000979
     110       0       0       1       0                               0D0000980
     142     524       0       0       0       0       0       000010500D0000981
     142       0       0       1       0                               0D0000982
     102     525       0       0       0       0       0       000010000D0000983
     102       0       0       1       0                               0D0000984
     110     526       0       0       0       0       0       000010000D0000985
     110       0       0       1       0                               0D0000986
     110     527       0       0       0       0       0       000010000D0000987
     110       0       0       1       0                               0D0000988
     110     528       0       0       0       0       0       000010000D0000989
     110       0       0       1       0                               0D0000990
     110     529       0       0       0       0       0       000010000D0000991
     110       0       0       2       0                               0D0000992
     102     531       0       0       0       0       0       000010000D0000993
     102       0       0       1       0                               0D0000994
     110     532       0       0       0       0       0       000010000D0000995
     110       0       0       1       0                               0D0000996
     100     533       0       0       0       0     999       000010000D0000997
     100       0       0       1       0                               0D0000998
     124     534       0       0       0       0       0       000000000D0000999
     124       0       0       1       0                               0D0001000
     110     535       0       0       0       0       0       000010000D0001001
     110       0       0       1       0                               0D0001002
     100     536       0       0       0       0    1005       000010000D0001003
     100       0       0       1       0                               0D0001004
     124     537       0       0       0       0       0       000000000D0001005
     124       0       0       1       0                               0D0001006
     144     538       0       0       0       0       0       000020000D0001007
     144       0       0       1       0                               0D0001008
     120     539       0       0       0       0    1011       000010000D0001009
     120       0       0       1       0                               0D0001010
     124     540       0       0       0       0       0       000000000D0001011
     124       0       0       1       1                               0D0001012
     110     541       0       0       0       0       0       000010000D0001013
     110       0       0       1       0                               0D0001014
     110     542       0       0       0       0       0       000010000D0001015
     110       0       0       1       0                               0D0001016
     142     543       0       0       0       0       0       000010500D0001017
     142       0       0       1       0                               0D0001018
     102     544       0       0       0       0       0       000010000D0001019
     102       0       0       1       0                               0D0001020
     110     545       0       0       0       0       0       000010000D0001021
     110       0       0       1       0                               0D0001022
     110     546       0       0       0       0       0       000010000D0001023
     110       0       0       1       0                               0D0001024
     110     547       0       0       0       0       0       000010000D0001025
     110       0       0       1       0                               0D0001026
     110     548       0       0       0       0       0       000010000D0001027
     110       0       0       2       0                               0D0001028
     102     550       0       0       0       0       0       000010000D0001029
     102       0       0       1       0                               0D0001030
     110     551       0       0       0       0       0       000010000D0001031
     110       0       0       1       0                               0D0001032
     100     552       0       0       0       0    1035       000010000D0001033
     100       0       0       1       0                               0D0001034
     124     553       0       0       0       0       0       000000000D0001035
     124       0       0       1       0                               0D0001036
     110     554       0       0       0       0       0       000010000D0001037
     110       0       0       1       0                               0D0001038
     100     555       0       0       0       0    1041       000010000D0001039
     100       0       0       1       0                               0D0001040
     124     556       0       0       0       0       0       000000000D0001041
     124       0       0       1       0                               0D0001042
     144     557       0       0       0       0       0       000020000D0001043
     144       0       0       1       0                               0D0001044
     120     558       0       0       0       0    1047       000010000D0001045
     120       0       0       1       0                               0D0001046
     124     559       0       0       0       0       0       000000000D0001047
     124       0       0       1       1                               0D0001048
     110     560       0       0       0       0       0       000010000D0001049
     110       0       0       1       0                               0D0001050
     110     561       0       0       0       0       0       000010000D0001051
     110       0       0       1       0                               0D0001052
     142     562       0       0       0       0       0       000010500D0001053
     142       0       0       1       0                               0D0001054
     102     563       0       0       0       0       0       000010000D0001055
     102       0       0       1       0                               0D0001056
     110     564       0       0       0       0       0       000010000D0001057
     110       0       0       1       0                               0D0001058
     110     565       0       0       0       0       0       000010000D0001059
     110       0       0       1       0                               0D0001060
     110     566       0       0       0       0       0       000010000D0001061
     110       0       0       1       0                               0D0001062
     110     567       0       0       0       0       0       000010000D0001063
     110       0       0       2       0                               0D0001064
     102     569       0       0       0       0       0       000010000D0001065
     102       0       0       1       0                               0D0001066
     110     570       0       0       0       0       0       000010000D0001067
     110       0       0       1       0                               0D0001068
     100     571       0       0       0       0    1071       000010000D0001069
     100       0       0       1       0                               0D0001070
     124     572       0       0       0       0       0       000000000D0001071
     124       0       0       1       0                               0D0001072
     110     573       0       0       0       0       0       000010000D0001073
     110       0       0       1       0                               0D0001074
     100     574       0       0       0       0    1077       000010000D0001075
     100       0       0       1       0                               0D0001076
     124     575       0       0       0       0       0       000000000D0001077
     124       0       0       1       0                               0D0001078
     144     576       0       0       0       0       0       000020000D0001079
     144       0       0       1       0                               0D0001080
     120     577       0       0       0       0    1083       000010000D0001081
     120       0       0       1       0                               0D0001082
     124     578       0       0       0       0       0       000000000D0001083
     124       0       0       1       1                               0D0001084
     110     579       0       0       0       0       0       000010000D0001085
     110       0       0       1       0                               0D0001086
     110     580       0       0       0       0       0       000010000D0001087
     110       0       0       1       0                               0D0001088
     142     581       0       0       0       0       0       000010500D0001089
     142       0       0       1       0                               0D0001090
     102     582       0       0       0       0       0       000010000D0001091
     102       0       0       1       0                               0D0001092
     110     583       0       0       0       0       0       000010000D0001093
     110       0       0       1       0                               0D0001094
     110     584       0       0       0       0       0       000010000D0001095
     110       0       0       1       0                               0D0001096
     110     585       0       0       0       0       0       000010000D0001097
     110       0       0       1       0                               0D0001098
     110     586       0       0       0       0       0       000010000D0001099
     110       0       0       2       0                               0D0001100
     102     588       0       0       0       0       0       000010000D0001101
     102       0       0       1       0                               0D0001102
     110     589       0       0       0       0       0       000010000D0001103
     110       0       0       1       0                               0D0001104
     100     590       0       0       0       0    1107       000010000D0001105
     100       0       0       1       0                               0D0001106
     124     591       0       0       0       0       0       000000000D0001107
     124       0       0       1       0                               0D0001108
     110     592       0       0       0       0       0       000010000D0001109
     110       0       0       1       0                               0D0001110
     100     593       0       0       0       0    1113       000010000D0001111
     100       0       0       1       0                               0D0001112
     124     594       0       0       0       0       0       000000000D0001113
     124       0       0       1       0                               0D0001114
402,30,3,19,55,115,151,211,263,299,315,351,403,419,455,507,543,  0000001P0000001
559,595,647,683,719,755,791,827,863,899,935,971,1007,1043,1079;  0000001P0000002
144,5,1,0,7;                                                     0000003P0000003
108,1.,0.,0.,20.,0,20.,-140.,-17.,0.;                            0000005P0000004
142,0,5,0,9,2;                                                   0000007P0000005
102,4,11,13,15,17;                                               0000009P0000006
110,20.,1.375E+03,17.,20.,0.,17.;                                0000011P0000007
110,20.,0.,17.,20.,0.,-17.;                                      0000013P0000008
110,20.,0.,-17.,20.,1.375E+03,-17.;                              0000015P0000009
110,20.,1.375E+03,-17.,20.,1.375E+03,17.;                        0000017P0000010
144,21,1,0,29;                                                   0000019P0000011
120,25,27,4.71238898,6.283185307;                                0000021P0000012
124,1.,0.,0.,17.,0.,0.,-1.,-140.,0.,1.,0.,17.;                   0000023P0000013
110,0.,0.,1.,0.,0.,0.;                                           0000025P0000014
110,3.,0.,-1.515E+03,3.,0.,-140.;                                0000027P0000015
142,0,21,31,41,3;                                                0000029P0000016
102,4,33,35,37,39;                                               0000031P0000017
110,1.,4.71238898,0.,1.,6.283185307,0.;                          0000033P0000018
110,1.,6.283185307,0.,-1.110223025E-16,6.283185307,0.;           0000035P0000019
110,0.,6.283185307,0.,-2.536631635E-19,4.71238898,0.;            0000037P0000020
110,-1.110223025E-16,4.71238898,0.,1.,4.71238898,0.;             0000039P0000021
102,4,43,47,49,53;                                               0000041P0000022
100,0.,0.,0.,0.,-3.,3.,0.;                                       0000043P0000023
124,1.,0.,0.,17.,0.,0.,1.,0.,0.,-1.,0.,17.;                      0000045P0000024
110,20.,0.,17.,20.,1.375E+03,17.;                                0000047P0000025
100,0.,0.,0.,3.,0.,0.,3.;                                        0000049P0000026
124,1.,0.,0.,17.,0.,0.,-1.,1.375E+03,0.,1.,0.,17.;               0000051P0000027
110,17.,1.375E+03,20.,17.,0.,20.;                                0000053P0000028
144,57,1,1,59,87;                                                0000055P0000029
108,0.,1.,0.,1.375E+03,0,-9.98E+03,1.375E+03,-1.E+04,0.;         0000057P0000030
142,0,57,0,61,2;                                                 0000059P0000031
102,8,63,65,69,71,75,77,81,83;                                   0000061P0000032
110,18.5,1.375E+03,-17.,18.5,1.375E+03,17.;                      0000063P0000033
100,0.,0.,0.,1.5,0.,-1.421085472E-14,1.5;                        0000065P0000034
124,1.,4.736951572E-15,0.,17.,0.,0.,-1.,1.375E+03,               0000067P0000035
-4.736951572E-15,1.,0.,17.;                                      0000067P0000036
110,17.,1.375E+03,18.5,-17.,1.375E+03,18.5;                      0000069P0000037
100,0.,0.,0.,1.5,0.,-1.421085472E-14,1.5;                        0000071P0000038
124,4.736951572E-15,-1.,0.,-17.,0.,0.,-1.,1.375E+03,1.,          0000073P0000039
4.736951572E-15,0.,17.;                                          0000073P0000040
110,-18.5,1.375E+03,17.,-18.5,1.375E+03,-17.;                    0000075P0000041
100,0.,0.,0.,1.5,0.,-1.421085472E-14,1.5;                        0000077P0000042
124,-1.,-4.736951572E-15,0.,-17.,0.,-0.,-1.,1.375E+03,           0000079P0000043
4.736951572E-15,-1.,0.,-17.;                                     0000079P0000044
110,-17.,1.375E+03,-18.5,17.,1.375E+03,-18.5;                    0000081P0000045
100,0.,0.,0.,1.5,0.,-1.421085472E-14,1.5;                        0000083P0000046
124,-4.736951572E-15,1.,0.,17.,-0.,0.,-1.,1.375E+03,-1.,         0000085P0000047
-4.736951572E-15,0.,-17.;                                        0000085P0000048
142,0,57,0,89,2;                                                 0000087P0000049
102,8,91,93,97,99,103,105,109,111;                               0000089P0000050
110,20.,1.375E+03,17.,20.,1.375E+03,-17.;                        0000091P0000051
100,0.,0.,0.,0.,-3.,3.,0.;                                       0000093P0000052
124,0.,-1.,0.,17.,0.,-0.,1.,1.375E+03,-1.,-0.,0.,-17.;           0000095P0000053
110,17.,1.375E+03,-20.,-17.,1.375E+03,-20.;                      0000097P0000054
100,0.,0.,0.,0.,-3.,3.,0.;                                       0000099P0000055
124,-1.,0.,0.,-17.,0.,0.,1.,1.375E+03,0.,1.,0.,-17.;             0000101P0000056
110,-20.,1.375E+03,-17.,-20.,1.375E+03,17.;                      0000103P0000057
100,0.,0.,0.,0.,-3.,3.,0.;                                       0000105P0000058
124,0.,1.,0.,-17.,0.,0.,1.,1.375E+03,1.,0.,0.,17.;               0000107P0000059
110,-17.,1.375E+03,20.,17.,1.375E+03,20.;                        0000109P0000060
100,0.,0.,0.,0.,-3.,3.,0.;                                       0000111P0000061
124,1.,0.,0.,17.,0.,0.,1.,1.375E+03,0.,-1.,0.,17.;               0000113P0000062
144,117,1,0,125;                                                 0000115P0000063
120,121,123,4.71238898,6.283185307;                              0000117P0000064
124,0.,1.,0.,17.,0.,0.,-1.,-140.,-1.,0.,0.,-17.;                 0000119P0000065
110,0.,0.,1.,0.,0.,0.;                                           0000121P0000066
110,3.,0.,-1.515E+03,3.,0.,-140.;                                0000123P0000067
142,0,117,127,137,3;                                             0000125P0000068
102,4,129,131,133,135;                                           0000127P0000069
110,1.,4.71238898,0.,1.,6.283185307,0.;                          0000129P0000070
110,1.,6.283185307,0.,-1.110223025E-16,6.283185307,0.;           0000131P0000071
110,0.,6.283185307,0.,-2.536631635E-19,4.71238898,0.;            0000133P0000072
110,-1.110223025E-16,4.71238898,0.,1.,4.71238898,0.;             0000135P0000073
102,4,139,143,145,149;                                           0000137P0000074
100,0.,0.,0.,0.,-3.,3.,0.;                                       0000139P0000075
124,0.,-1.,0.,17.,0.,-0.,1.,0.,-1.,-0.,0.,-17.;                  0000141P0000076
110,17.,0.,-20.,17.,1.375E+03,-20.;                              0000143P0000077
100,0.,0.,0.,3.,0.,0.,3.;                                        0000145P0000078
124,0.,1.,0.,17.,0.,0.,-1.,1.375E+03,-1.,0.,0.,-17.;             0000147P0000079
110,20.,1.375E+03,-17.,20.,0.,-17.;                              0000149P0000080
144,153,1,1,155,183;                                             0000151P0000081
108,0.,-1.,0.,0.,0,-9.98E+03,0.,1.E+04,0.;                       0000153P0000082
142,0,153,0,157,2;                                               0000155P0000083
102,8,159,163,165,169,171,175,177,181;                           0000157P0000084
100,0.,0.,0.,-1.421085472E-14,-1.5,1.5,0.;                       0000159P0000085
124,1.,-4.736951572E-15,0.,17.,0.,-0.,1.,0.,-4.736951572E-15,    0000161P0000086
-1.,0.,17.;                                                      0000161P0000087
110,18.5,0.,17.,18.5,0.,-17.;                                    0000163P0000088
100,0.,0.,0.,-1.421085472E-14,-1.5,1.5,0.;                       0000165P0000089
124,-4.736951572E-15,-1.,0.,17.,-0.,0.,1.,0.,-1.,                0000167P0000090
4.736951572E-15,0.,-17.;                                         0000167P0000091
110,17.,0.,-18.5,-17.,0.,-18.5;                                  0000169P0000092
100,0.,0.,0.,-1.421085472E-14,-1.5,1.5,0.;                       0000171P0000093
124,-1.,4.736951572E-15,0.,-17.,0.,0.,1.,0.,4.736951572E-15,1.,  0000173P0000094
0.,-17.;                                                         0000173P0000095
110,-18.5,0.,-17.,-18.5,0.,17.;                                  0000175P0000096
100,0.,0.,0.,-1.421085472E-14,-1.5,1.5,0.;                       0000177P0000097
124,4.736951572E-15,1.,0.,-17.,0.,0.,1.,0.,1.,-4.736951572E-15,  0000179P0000098
0.,17.;                                                          0000179P0000099
110,-17.,0.,18.5,17.,0.,18.5;                                    0000181P0000100
142,0,153,0,185,2;                                               0000183P0000101
102,8,187,189,193,195,199,201,205,207;                           0000185P0000102
110,20.,0.,-17.,20.,0.,17.;                                      0000187P0000103
100,0.,0.,0.,3.,0.,0.,3.;                                        0000189P0000104
124,1.,0.,0.,17.,0.,0.,-1.,0.,0.,1.,0.,17.;                      0000191P0000105
110,17.,0.,20.,-17.,0.,20.;                                      0000193P0000106
100,0.,0.,0.,3.,0.,0.,3.;                                        0000195P0000107
124,0.,-1.,0.,-17.,0.,0.,-1.,0.,1.,0.,0.,17.;                    0000197P0000108
110,-20.,0.,17.,-20.,0.,-17.;                                    0000199P0000109
100,0.,0.,0.,3.,0.,0.,3.;                                        0000201P0000110
124,-1.,-0.,0.,-17.,0.,-0.,-1.,0.,0.,-1.,0.,-17.;                0000203P0000111
110,-17.,0.,-20.,17.,0.,-20.;                                    0000205P0000112
100,0.,0.,0.,3.,0.,0.,3.;                                        0000207P0000113
124,0.,1.,0.,17.,0.,0.,-1.,0.,-1.,0.,0.,-17.;                    0000209P0000114
144,213,1,6,215,227,233,239,245,251,257;                         0000211P0000115
108,0.,-0.,1.,20.,0,17.,-140.,20.,0.;                            0000213P0000116
142,0,213,0,217,2;                                               0000215P0000117
102,4,219,221,223,225;                                           0000217P0000118
110,-17.,1.375E+03,20.,-17.,0.,20.;                              0000219P0000119
110,-17.,0.,20.,17.,0.,20.;                                      0000221P0000120
110,17.,0.,20.,17.,1.375E+03,20.;                                0000223P0000121
110,17.,1.375E+03,20.,-17.,1.375E+03,20.;                        0000225P0000122
142,0,213,0,229,2;                                               0000227P0000123
100,0.,0.,0.,4.5,0.,4.5,0.;                                      0000229P0000124
124,1.,0.,-0.,0.,0.,-1.,-0.,1.15E+03,0.,0.,-1.,20.;              0000231P0000125
142,0,213,0,235,2;                                               0000233P0000126
100,0.,0.,0.,4.5,0.,4.5,0.;                                      0000235P0000127
124,1.,0.,-0.,0.,0.,-1.,-0.,1.05E+03,0.,0.,-1.,20.;              0000237P0000128
142,0,213,0,241,2;                                               0000239P0000129
100,0.,0.,0.,4.5,0.,4.5,0.;                                      0000241P0000130
124,1.,0.,-0.,0.,0.,-1.,-0.,650.,0.,0.,-1.,20.;                  0000243P0000131
142,0,213,0,247,2;                                               0000245P0000132
100,0.,0.,0.,4.5,0.,4.5,0.;                                      0000247P0000133
124,1.,0.,-0.,0.,0.,-1.,-0.,550.,0.,0.,-1.,20.;                  0000249P0000134
142,0,213,0,253,2;                                               0000251P0000135
100,0.,0.,0.,4.5,0.,4.5,0.;                                      0000253P0000136
124,1.,0.,-0.,0.,0.,-1.,-0.,150.,0.,0.,-1.,20.;                  0000255P0000137
142,0,213,0,259,2;                                               0000257P0000138
100,0.,0.,0.,4.5,0.,4.5,0.;                                      0000259P0000139
124,1.,0.,-0.,0.,0.,-1.,-0.,50.,0.,0.,-1.,20.;                   0000261P0000140
144,265,1,0,273;                                                 0000263P0000141
120,269,271,4.71238898,6.283185307;                              0000265P0000142
124,0.,-1.,0.,-17.,0.,0.,-1.,-140.,1.,0.,0.,17.;                 0000267P0000143
110,0.,0.,1.,0.,0.,0.;                                           0000269P0000144
110,3.,0.,-1.515E+03,3.,0.,-140.;                                0000271P0000145
142,0,265,275,285,3;                                             0000273P0000146
102,4,277,279,281,283;                                           0000275P0000147
110,1.,4.71238898,0.,1.,6.283185307,0.;                          0000277P0000148
110,1.,6.283185307,0.,-1.110223025E-16,6.283185307,0.;           0000279P0000149
110,0.,6.283185307,0.,-2.536631635E-19,4.71238898,0.;            0000281P0000150
110,-1.110223025E-16,4.71238898,0.,1.,4.71238898,0.;             0000283P0000151
102,4,287,291,293,297;                                           0000285P0000152
100,0.,0.,0.,0.,-3.,3.,0.;                                       0000287P0000153
124,0.,1.,0.,-17.,0.,0.,1.,0.,1.,0.,0.,17.;                      0000289P0000154
110,-17.,0.,20.,-17.,1.375E+03,20.;                              0000291P0000155
100,0.,0.,0.,3.,0.,0.,3.;                                        0000293P0000156
124,0.,-1.,0.,-17.,0.,0.,-1.,1.375E+03,1.,0.,0.,17.;             0000295P0000157
110,-20.,1.375E+03,17.,-20.,0.,17.;                              0000297P0000158
144,301,1,0,303;                                                 0000299P0000159
108,-1.,0.,0.,20.,0,-20.,-140.,17.,0.;                           0000301P0000160
142,0,301,0,305,2;                                               0000303P0000161
102,4,307,309,311,313;                                           0000305P0000162
110,-20.,1.375E+03,-17.,-20.,0.,-17.;                            0000307P0000163
110,-20.,0.,-17.,-20.,0.,17.;                                    0000309P0000164
110,-20.,0.,17.,-20.,1.375E+03,17.;                              0000311P0000165
110,-20.,1.375E+03,17.,-20.,1.375E+03,-17.;                      0000313P0000166
144,317,1,0,325;                                                 0000315P0000167
120,321,323,4.71238898,6.283185307;                              0000317P0000168
124,-1.,-0.,0.,-17.,0.,-0.,-1.,-140.,0.,-1.,0.,-17.;             0000319P0000169
110,0.,0.,1.,0.,0.,0.;                                           0000321P0000170
110,3.,0.,-1.515E+03,3.,0.,-140.;                                0000323P0000171
142,0,317,327,337,3;                                             0000325P0000172
102,4,329,331,333,335;                                           0000327P0000173
110,1.,4.71238898,0.,1.,6.283185307,0.;                          0000329P0000174
110,1.,6.283185307,0.,-1.110223025E-16,6.283185307,0.;           0000331P0000175
110,0.,6.283185307,0.,-2.536631635E-19,4.71238898,0.;            0000333P0000176
110,-1.110223025E-16,4.71238898,0.,1.,4.71238898,0.;             0000335P0000177
102,4,339,343,345,349;                                           0000337P0000178
100,0.,0.,0.,0.,-3.,3.,0.;                                       0000339P0000179
124,-1.,0.,0.,-17.,0.,0.,1.,0.,0.,1.,0.,-17.;                    0000341P0000180
110,-20.,0.,-17.,-20.,1.375E+03,-17.;                            0000343P0000181
100,0.,0.,0.,3.,0.,0.,3.;                                        0000345P0000182
124,-1.,-0.,0.,-17.,0.,-0.,-1.,1.375E+03,0.,-1.,0.,-17.;         0000347P0000183
110,-17.,1.375E+03,-20.,-17.,0.,-20.;                            0000349P0000184
144,353,1,6,355,367,373,379,385,391,397;                         0000351P0000185
108,0.,0.,-1.,20.,0,-17.,-140.,-20.,0.;                          0000353P0000186
142,0,353,0,357,2;                                               0000355P0000187
102,4,359,361,363,365;                                           0000357P0000188
110,17.,1.375E+03,-20.,17.,0.,-20.;                              0000359P0000189
110,17.,0.,-20.,-17.,0.,-20.;                                    0000361P0000190
110,-17.,0.,-20.,-17.,1.375E+03,-20.;                            0000363P0000191
110,-17.,1.375E+03,-20.,17.,1.375E+03,-20.;                      0000365P0000192
142,0,353,0,369,2;                                               0000367P0000193
100,0.,0.,0.,4.5,0.,4.5,0.;                                      0000369P0000194
124,1.,0.,0.,0.,0.,1.,0.,1.15E+03,0.,0.,1.,-20.;                 0000371P0000195
142,0,353,0,375,2;                                               0000373P0000196
100,0.,0.,0.,4.5,0.,4.5,0.;                                      0000375P0000197
124,1.,0.,0.,0.,0.,1.,0.,1.05E+03,0.,0.,1.,-20.;                 0000377P0000198
142,0,353,0,381,2;                                               0000379P0000199
100,0.,0.,0.,4.5,0.,4.5,0.;                                      0000381P0000200
124,1.,0.,0.,0.,0.,1.,0.,650.,0.,0.,1.,-20.;                     0000383P0000201
142,0,353,0,387,2;                                               0000385P0000202
100,0.,0.,0.,4.5,0.,4.5,0.;                                      0000387P0000203
124,1.,0.,0.,0.,0.,1.,0.,550.,0.,0.,1.,-20.;                     0000389P0000204
142,0,353,0,393,2;                                               0000391P0000205
100,0.,0.,0.,4.5,0.,4.5,0.;                                      0000393P0000206
124,1.,0.,0.,0.,0.,1.,0.,150.,0.,0.,1.,-20.;                     0000395P0000207
142,0,353,0,399,2;                                               0000397P0000208
100,0.,0.,0.,4.5,0.,4.5,0.;                                      0000399P0000209
124,1.,0.,0.,0.,0.,1.,0.,50.,0.,0.,1.,-20.;                      0000401P0000210
144,405,1,0,407;                                                 0000403P0000211
108,-1.,-0.,-0.,-18.5,0,18.5,-140.,-17.,0.;                      0000405P0000212
142,0,405,0,409,2;                                               0000407P0000213
102,4,411,413,415,417;                                           0000409P0000214
110,18.5,0.,-17.,18.5,0.,17.;                                    0000411P0000215
110,18.5,0.,17.,18.5,1.375E+03,17.;                              0000413P0000216
110,18.5,1.375E+03,17.,18.5,1.375E+03,-17.;                      0000415P0000217
110,18.5,1.375E+03,-17.,18.5,0.,-17.;                            0000417P0000218
144,421,1,0,429;                                                 0000419P0000219
120,425,427,0.,1.570796327;                                      0000421P0000220
124,-4.736951572E-15,-1.,0.,17.,-0.,0.,-1.,-140.,-1.,            0000423P0000221
4.736951572E-15,0.,-17.;                                         0000423P0000222
110,0.,0.,1.,0.,0.,0.;                                           0000425P0000223
110,1.5,0.,-1.515E+03,1.5,0.,-140.;                              0000427P0000224
142,0,421,431,441,3;                                             0000429P0000225
102,4,433,435,437,439;                                           0000431P0000226
110,-1.110223025E-16,1.998401444E-15,0.,1.,3.073097332E-13,0.;   0000433P0000227
110,1.,3.073097332E-13,0.,1.,1.570796327,0.;                     0000435P0000228
110,1.,1.570796327,0.,-1.110223025E-16,1.570796327,0.;           0000437P0000229
110,-7.609894905E-19,1.570796327,0.,-1.014652654E-18,            0000439P0000230
1.776356839E-15,0.;                                              0000439P0000231
102,4,443,445,449,451;                                           0000441P0000232
110,17.,1.375E+03,-18.5,17.,0.,-18.5;                            0000443P0000233
100,0.,0.,0.,1.5,0.,-1.421085472E-14,1.5;                        0000445P0000234
124,-4.736951572E-15,1.,0.,17.,-0.,0.,-1.,0.,-1.,                0000447P0000235
-4.736951572E-15,0.,-17.;                                        0000447P0000236
110,18.5,0.,-17.,18.5,1.375E+03,-17.;                            0000449P0000237
100,0.,0.,0.,-1.421085472E-14,-1.5,1.5,0.;                       0000451P0000238
124,-4.736951572E-15,-1.,0.,17.,-0.,0.,1.,1.375E+03,-1.,         0000453P0000239
4.736951572E-15,0.,-17.;                                         0000453P0000240
144,457,1,6,459,471,477,483,489,495,501;                         0000455P0000241
108,-0.,-0.,1.,-18.5,0,-17.,-140.,-18.5,0.;                      0000457P0000242
142,0,457,0,461,2;                                               0000459P0000243
102,4,463,465,467,469;                                           0000461P0000244
110,-17.,1.375E+03,-18.5,-17.,0.,-18.5;                          0000463P0000245
110,-17.,0.,-18.5,17.,0.,-18.5;                                  0000465P0000246
110,17.,0.,-18.5,17.,1.375E+03,-18.5;                            0000467P0000247
110,17.,1.375E+03,-18.5,-17.,1.375E+03,-18.5;                    0000469P0000248
142,0,457,0,473,2;                                               0000471P0000249
100,0.,0.,0.,4.5,0.,4.5,0.;                                      0000473P0000250
124,1.,0.,-0.,0.,0.,-1.,-0.,1.15E+03,0.,0.,-1.,-18.5;            0000475P0000251
142,0,457,0,479,2;                                               0000477P0000252
100,0.,0.,0.,4.5,0.,4.5,0.;                                      0000479P0000253
124,1.,0.,-0.,0.,0.,-1.,-0.,1.05E+03,0.,0.,-1.,-18.5;            0000481P0000254
142,0,457,0,485,2;                                               0000483P0000255
100,0.,0.,0.,4.5,0.,4.5,0.;                                      0000485P0000256
124,1.,0.,-0.,0.,0.,-1.,-0.,650.,0.,0.,-1.,-18.5;                0000487P0000257
142,0,457,0,491,2;                                               0000489P0000258
100,0.,0.,0.,4.5,0.,4.5,0.;                                      0000491P0000259
124,1.,0.,-0.,0.,0.,-1.,-0.,550.,0.,0.,-1.,-18.5;                0000493P0000260
142,0,457,0,497,2;                                               0000495P0000261
100,0.,0.,0.,4.5,0.,4.5,0.;                                      0000497P0000262
124,1.,0.,-0.,0.,0.,-1.,-0.,150.,0.,0.,-1.,-18.5;                0000499P0000263
142,0,457,0,503,2;                                               0000501P0000264
100,0.,0.,0.,4.5,0.,4.5,0.;                                      0000503P0000265
124,1.,0.,-0.,0.,0.,-1.,-0.,50.,0.,0.,-1.,-18.5;                 0000505P0000266
144,509,1,0,517;                                                 0000507P0000267
120,513,515,0.,1.570796327;                                      0000509P0000268
124,-1.,4.736951572E-15,0.,-17.,0.,0.,-1.,-140.,4.736951572E-15, 0000511P0000269
1.,0.,-17.;                                                      0000511P0000270
110,0.,0.,1.,0.,0.,0.;                                           0000513P0000271
110,1.5,0.,-1.515E+03,1.5,0.,-140.;                              0000515P0000272
142,0,509,519,529,3;                                             0000517P0000273
102,4,521,523,525,527;                                           0000519P0000274
110,-1.110223025E-16,1.998401444E-15,0.,1.,3.073097332E-13,0.;   0000521P0000275
110,1.,3.073097332E-13,0.,1.,1.570796327,0.;                     0000523P0000276
110,1.,1.570796327,0.,-1.110223025E-16,1.570796327,0.;           0000525P0000277
110,-7.609894905E-19,1.570796327,0.,-1.014652654E-18,            0000527P0000278
1.776356839E-15,0.;                                              0000527P0000279
102,4,531,533,537,539;                                           0000529P0000280
110,-18.5,1.375E+03,-17.,-18.5,0.,-17.;                          0000531P0000281
100,0.,0.,0.,1.5,0.,-1.421085472E-14,1.5;                        0000533P0000282
124,-1.,-4.736951572E-15,0.,-17.,0.,-0.,-1.,0.,4.736951572E-15,  0000535P0000283
-1.,0.,-17.;                                                     0000535P0000284
110,-17.,0.,-18.5,-17.,1.375E+03,-18.5;                          0000537P0000285
100,0.,0.,0.,-1.421085472E-14,-1.5,1.5,0.;                       0000539P0000286
124,-1.,4.736951572E-15,0.,-17.,0.,0.,1.,1.375E+03,              0000541P0000287
4.736951572E-15,1.,0.,-17.;                                      0000541P0000288
144,545,1,0,547;                                                 0000543P0000289
108,1.,-0.,-0.,-18.5,0,-18.5,-140.,17.,0.;                       0000545P0000290
142,0,545,0,549,2;                                               0000547P0000291
102,4,551,553,555,557;                                           0000549P0000292
110,-18.5,0.,17.,-18.5,0.,-17.;                                  0000551P0000293
110,-18.5,0.,-17.,-18.5,1.375E+03,-17.;                          0000553P0000294
110,-18.5,1.375E+03,-17.,-18.5,1.375E+03,17.;                    0000555P0000295
110,-18.5,1.375E+03,17.,-18.5,0.,17.;                            0000557P0000296
144,561,1,0,569;                                                 0000559P0000297
120,565,567,0.,1.570796327;                                      0000561P0000298
124,4.736951572E-15,1.,0.,-17.,0.,0.,-1.,-140.,1.,               0000563P0000299
-4.736951572E-15,0.,17.;                                         0000563P0000300
110,0.,0.,1.,0.,0.,0.;                                           0000565P0000301
110,1.5,0.,-1.515E+03,1.5,0.,-140.;                              0000567P0000302
142,0,561,571,581,3;                                             0000569P0000303
102,4,573,575,577,579;                                           0000571P0000304
110,-1.110223025E-16,1.998401444E-15,0.,1.,3.073097332E-13,0.;   0000573P0000305
110,1.,3.073097332E-13,0.,1.,1.570796327,0.;                     0000575P0000306
110,1.,1.570796327,0.,-1.110223025E-16,1.570796327,0.;           0000577P0000307
110,-7.609894905E-19,1.570796327,0.,-1.014652654E-18,            0000579P0000308
1.776356839E-15,0.;                                              0000579P0000309
102,4,583,585,589,591;                                           0000581P0000310
110,-17.,1.375E+03,18.5,-17.,0.,18.5;                            0000583P0000311
100,0.,0.,0.,1.5,0.,-1.421085472E-14,1.5;                        0000585P0000312
124,4.736951572E-15,-1.,0.,-17.,0.,0.,-1.,0.,1.,4.736951572E-15, 0000587P0000313
0.,17.;                                                          0000587P0000314
110,-18.5,0.,17.,-18.5,1.375E+03,17.;                            0000589P0000315
100,0.,0.,0.,-1.421085472E-14,-1.5,1.5,0.;                       0000591P0000316
124,4.736951572E-15,1.,0.,-17.,0.,0.,1.,1.375E+03,1.,            0000593P0000317
-4.736951572E-15,0.,17.;                                         0000593P0000318
144,597,1,6,599,611,617,623,629,635,641;                         0000595P0000319
108,-0.,0.,-1.,-18.5,0,17.,-140.,18.5,0.;                        0000597P0000320
142,0,597,0,601,2;                                               0000599P0000321
102,4,603,605,607,609;                                           0000601P0000322
110,17.,1.375E+03,18.5,17.,0.,18.5;                              0000603P0000323
110,17.,0.,18.5,-17.,0.,18.5;                                    0000605P0000324
110,-17.,0.,18.5,-17.,1.375E+03,18.5;                            0000607P0000325
110,-17.,1.375E+03,18.5,17.,1.375E+03,18.5;                      0000609P0000326
142,0,597,0,613,2;                                               0000611P0000327
100,0.,0.,0.,4.5,0.,4.5,0.;                                      0000613P0000328
124,1.,0.,0.,0.,0.,1.,0.,1.15E+03,0.,0.,1.,18.5;                 0000615P0000329
142,0,597,0,619,2;                                               0000617P0000330
100,0.,0.,0.,4.5,0.,4.5,0.;                                      0000619P0000331
124,1.,0.,0.,0.,0.,1.,0.,1.05E+03,0.,0.,1.,18.5;                 0000621P0000332
142,0,597,0,625,2;                                               0000623P0000333
100,0.,0.,0.,4.5,0.,4.5,0.;                                      0000625P0000334
124,1.,0.,0.,0.,0.,1.,0.,650.,0.,0.,1.,18.5;                     0000627P0000335
142,0,597,0,631,2;                                               0000629P0000336
100,0.,0.,0.,4.5,0.,4.5,0.;                                      0000631P0000337
124,1.,0.,0.,0.,0.,1.,0.,550.,0.,0.,1.,18.5;                     0000633P0000338
142,0,597,0,637,2;                                               0000635P0000339
100,0.,0.,0.,4.5,0.,4.5,0.;                                      0000637P0000340
124,1.,0.,0.,0.,0.,1.,0.,150.,0.,0.,1.,18.5;                     0000639P0000341
142,0,597,0,643,2;                                               0000641P0000342
100,0.,0.,0.,4.5,0.,4.5,0.;                                      0000643P0000343
124,1.,0.,0.,0.,0.,1.,0.,50.,0.,0.,1.,18.5;                      0000645P0000344
144,649,1,0,657;                                                 0000647P0000345
120,653,655,0.,1.570796327;                                      0000649P0000346
124,1.,-4.736951572E-15,0.,17.,0.,-0.,-1.,-140.,                 0000651P0000347
-4.736951572E-15,-1.,0.,17.;                                     0000651P0000348
110,0.,0.,1.,0.,0.,0.;                                           0000653P0000349
110,1.5,0.,-1.515E+03,1.5,0.,-140.;                              0000655P0000350
142,0,649,659,669,3;                                             0000657P0000351
102,4,661,663,665,667;                                           0000659P0000352
110,-1.110223025E-16,1.998401444E-15,0.,1.,3.073097332E-13,0.;   0000661P0000353
110,1.,3.073097332E-13,0.,1.,1.570796327,0.;                     0000663P0000354
110,1.,1.570796327,0.,-1.110223025E-16,1.570796327,0.;           0000665P0000355
110,-7.609894905E-19,1.570796327,0.,-1.014652654E-18,            0000667P0000356
1.776356839E-15,0.;                                              0000667P0000357
102,4,671,673,677,679;                                           0000669P0000358
110,18.5,1.375E+03,17.,18.5,0.,17.;                              0000671P0000359
100,0.,0.,0.,1.5,0.,-1.421085472E-14,1.5;                        0000673P0000360
124,1.,4.736951572E-15,0.,17.,0.,0.,-1.,0.,-4.736951572E-15,1.,  0000675P0000361
0.,17.;                                                          0000675P0000362
110,17.,0.,18.5,17.,1.375E+03,18.5;                              0000677P0000363
100,0.,0.,0.,-1.421085472E-14,-1.5,1.5,0.;                       0000679P0000364
124,1.,-4.736951572E-15,0.,17.,0.,-0.,1.,1.375E+03,              0000681P0000365
-4.736951572E-15,-1.,0.,17.;                                     0000681P0000366
144,685,1,0,693;                                                 0000683P0000367
120,689,691,0.,6.283185307;                                      0000685P0000368
124,1.,0.,0.,0.,0.,-1.,0.,1.15E+03,0.,0.,1.,-30.;                0000687P0000369
110,0.,0.,1.,0.,0.,0.;                                           0000689P0000370
110,4.5,0.,48.5,4.5,0.,50.;                                      0000691P0000371
142,0,685,695,705,3;                                             0000693P0000372
102,4,697,699,701,703;                                           0000695P0000373
110,9.473903143E-15,1.887379142E-15,0.,1.,2.220446049E-15,0.;    0000697P0000374
110,1.,1.776356839E-15,0.,1.,6.283185307,0.;                     0000699P0000375
110,1.,6.283185307,0.,9.473903143E-15,6.283185307,0.;            0000701P0000376
110,1.972152263E-31,6.283185307,0.,-9.300982661E-16,             0000703P0000377
1.776356839E-15,0.;                                              0000703P0000378
102,4,707,709,713,715;                                           0000705P0000379
110,4.5,1.15E+03,18.5,4.5,1.15E+03,20.;                          0000707P0000380
100,0.,0.,0.,4.5,0.,4.5,0.;                                      0000709P0000381
124,1.,0.,0.,0.,0.,1.,0.,1.15E+03,0.,0.,1.,20.;                  0000711P0000382
110,4.5,1.15E+03,20.,4.5,1.15E+03,18.5;                          0000713P0000383
100,0.,0.,0.,4.5,0.,4.5,0.;                                      0000715P0000384
124,1.,0.,-0.,0.,0.,-1.,-0.,1.15E+03,0.,0.,-1.,18.5;             0000717P0000385
144,721,1,0,729;                                                 0000719P0000386
120,725,727,0.,6.283185307;                                      0000721P0000387
124,1.,0.,0.,0.,0.,-1.,0.,1.05E+03,0.,0.,1.,-30.;                0000723P0000388
110,0.,0.,1.,0.,0.,0.;                                           0000725P0000389
110,4.5,0.,48.5,4.5,0.,50.;                                      0000727P0000390
142,0,721,731,741,3;                                             0000729P0000391
102,4,733,735,737,739;                                           0000731P0000392
110,9.473903143E-15,1.887379142E-15,0.,1.,2.220446049E-15,0.;    0000733P0000393
110,1.,1.776356839E-15,0.,1.,6.283185307,0.;                     0000735P0000394
110,1.,6.283185307,0.,9.473903143E-15,6.283185307,0.;            0000737P0000395
110,1.972152263E-31,6.283185307,0.,-9.300982661E-16,             0000739P0000396
1.776356839E-15,0.;                                              0000739P0000397
102,4,743,745,749,751;                                           0000741P0000398
110,4.5,1.05E+03,18.5,4.5,1.05E+03,20.;                          0000743P0000399
100,0.,0.,0.,4.5,0.,4.5,0.;                                      0000745P0000400
124,1.,0.,0.,0.,0.,1.,0.,1.05E+03,0.,0.,1.,20.;                  0000747P0000401
110,4.5,1.05E+03,20.,4.5,1.05E+03,18.5;                          0000749P0000402
100,0.,0.,0.,4.5,0.,4.5,0.;                                      0000751P0000403
124,1.,0.,-0.,0.,0.,-1.,-0.,1.05E+03,0.,0.,-1.,18.5;             0000753P0000404
144,757,1,0,765;                                                 0000755P0000405
120,761,763,0.,6.283185307;                                      0000757P0000406
124,1.,0.,0.,0.,0.,-1.,0.,650.,0.,0.,1.,-30.;                    0000759P0000407
110,0.,0.,1.,0.,0.,0.;                                           0000761P0000408
110,4.5,0.,48.5,4.5,0.,50.;                                      0000763P0000409
142,0,757,767,777,3;                                             0000765P0000410
102,4,769,771,773,775;                                           0000767P0000411
110,9.473903143E-15,1.887379142E-15,0.,1.,2.220446049E-15,0.;    0000769P0000412
110,1.,1.776356839E-15,0.,1.,6.283185307,0.;                     0000771P0000413
110,1.,6.283185307,0.,9.473903143E-15,6.283185307,0.;            0000773P0000414
110,1.972152263E-31,6.283185307,0.,-9.300982661E-16,             0000775P0000415
1.776356839E-15,0.;                                              0000775P0000416
102,4,779,781,785,787;                                           0000777P0000417
110,4.5,650.,18.5,4.5,650.,20.;                                  0000779P0000418
100,0.,0.,0.,4.5,0.,4.5,0.;                                      0000781P0000419
124,1.,0.,0.,0.,0.,1.,0.,650.,0.,0.,1.,20.;                      0000783P0000420
110,4.5,650.,20.,4.5,650.,18.5;                                  0000785P0000421
100,0.,0.,0.,4.5,0.,4.5,0.;                                      0000787P0000422
124,1.,0.,-0.,0.,0.,-1.,-0.,650.,0.,0.,-1.,18.5;                 0000789P0000423
144,793,1,0,801;                                                 0000791P0000424
120,797,799,0.,6.283185307;                                      0000793P0000425
124,1.,0.,0.,0.,0.,-1.,0.,550.,0.,0.,1.,-30.;                    0000795P0000426
110,0.,0.,1.,0.,0.,0.;                                           0000797P0000427
110,4.5,0.,48.5,4.5,0.,50.;                                      0000799P0000428
142,0,793,803,813,3;                                             0000801P0000429
102,4,805,807,809,811;                                           0000803P0000430
110,9.473903143E-15,1.887379142E-15,0.,1.,2.220446049E-15,0.;    0000805P0000431
110,1.,1.776356839E-15,0.,1.,6.283185307,0.;                     0000807P0000432
110,1.,6.283185307,0.,9.473903143E-15,6.283185307,0.;            0000809P0000433
110,1.972152263E-31,6.283185307,0.,-9.300982661E-16,             0000811P0000434
1.776356839E-15,0.;                                              0000811P0000435
102,4,815,817,821,823;                                           0000813P0000436
110,4.5,550.,18.5,4.5,550.,20.;                                  0000815P0000437
100,0.,0.,0.,4.5,0.,4.5,0.;                                      0000817P0000438
124,1.,0.,0.,0.,0.,1.,0.,550.,0.,0.,1.,20.;                      0000819P0000439
110,4.5,550.,20.,4.5,550.,18.5;                                  0000821P0000440
100,0.,0.,0.,4.5,0.,4.5,0.;                                      0000823P0000441
124,1.,0.,-0.,0.,0.,-1.,-0.,550.,0.,0.,-1.,18.5;                 0000825P0000442
144,829,1,0,837;                                                 0000827P0000443
120,833,835,0.,6.283185307;                                      0000829P0000444
124,1.,0.,0.,0.,0.,-1.,0.,150.,0.,0.,1.,-30.;                    0000831P0000445
110,0.,0.,1.,0.,0.,0.;                                           0000833P0000446
110,4.5,0.,48.5,4.5,0.,50.;                                      0000835P0000447
142,0,829,839,849,3;                                             0000837P0000448
102,4,841,843,845,847;                                           0000839P0000449
110,9.473903143E-15,1.887379142E-15,0.,1.,2.220446049E-15,0.;    0000841P0000450
110,1.,1.776356839E-15,0.,1.,6.283185307,0.;                     0000843P0000451
110,1.,6.283185307,0.,9.473903143E-15,6.283185307,0.;            0000845P0000452
110,1.972152263E-31,6.283185307,0.,-9.300982661E-16,             0000847P0000453
1.776356839E-15,0.;                                              0000847P0000454
102,4,851,853,857,859;                                           0000849P0000455
110,4.5,150.,18.5,4.5,150.,20.;                                  0000851P0000456
100,0.,0.,0.,4.5,0.,4.5,0.;                                      0000853P0000457
124,1.,0.,0.,0.,0.,1.,0.,150.,0.,0.,1.,20.;                      0000855P0000458
110,4.5,150.,20.,4.5,150.,18.5;                                  0000857P0000459
100,0.,0.,0.,4.5,0.,4.5,0.;                                      0000859P0000460
124,1.,0.,-0.,0.,0.,-1.,-0.,150.,0.,0.,-1.,18.5;                 0000861P0000461
144,865,1,0,873;                                                 0000863P0000462
120,869,871,0.,6.283185307;                                      0000865P0000463
124,1.,0.,0.,0.,0.,-1.,0.,50.,0.,0.,1.,-30.;                     0000867P0000464
110,0.,0.,1.,0.,0.,0.;                                           0000869P0000465
110,4.5,0.,48.5,4.5,0.,50.;                                      0000871P0000466
142,0,865,875,885,3;                                             0000873P0000467
102,4,877,879,881,883;                                           0000875P0000468
110,9.473903143E-15,1.887379142E-15,0.,1.,2.220446049E-15,0.;    0000877P0000469
110,1.,1.776356839E-15,0.,1.,6.283185307,0.;                     0000879P0000470
110,1.,6.283185307,0.,9.473903143E-15,6.283185307,0.;            0000881P0000471
110,1.972152263E-31,6.283185307,0.,-9.300982661E-16,             0000883P0000472
1.776356839E-15,0.;                                              0000883P0000473
102,4,887,889,893,895;                                           0000885P0000474
110,4.5,50.,18.5,4.5,50.,20.;                                    0000887P0000475
100,0.,0.,0.,4.5,0.,4.5,0.;                                      0000889P0000476
124,1.,0.,0.,0.,0.,1.,0.,50.,0.,0.,1.,20.;                       0000891P0000477
110,4.5,50.,20.,4.5,50.,18.5;                                    0000893P0000478
100,0.,0.,0.,4.5,0.,4.5,0.;                                      0000895P0000479
124,1.,0.,-0.,0.,0.,-1.,-0.,50.,0.,0.,-1.,18.5;                  0000897P0000480
144,901,1,0,909;                                                 0000899P0000481
120,905,907,0.,6.283185307;                                      0000901P0000482
124,1.,0.,0.,0.,0.,-1.,0.,1.15E+03,0.,0.,1.,-30.;                0000903P0000483
110,0.,0.,1.,0.,0.,0.;                                           0000905P0000484
110,4.5,0.,10.,4.5,0.,11.5;                                      0000907P0000485
142,0,901,911,921,3;                                             0000909P0000486
102,4,913,915,917,919;                                           0000911P0000487
110,0.,2.220446049E-15,0.,1.,2.553512957E-15,0.;                 0000913P0000488
110,1.,1.776356839E-15,0.,1.,6.283185307,0.;                     0000915P0000489
110,1.,6.283185307,0.,1.184237893E-15,6.283185307,0.;            0000917P0000490
110,1.972152263E-31,6.283185307,0.,-9.300982661E-16,             0000919P0000491
1.776356839E-15,0.;                                              0000919P0000492
102,4,923,925,929,931;                                           0000921P0000493
110,4.5,1.15E+03,-20.,4.5,1.15E+03,-18.5;                        0000923P0000494
100,0.,0.,0.,4.5,0.,4.5,0.;                                      0000925P0000495
124,1.,0.,0.,0.,0.,1.,0.,1.15E+03,0.,0.,1.,-18.5;                0000927P0000496
110,4.5,1.15E+03,-18.5,4.5,1.15E+03,-20.;                        0000929P0000497
100,0.,0.,0.,4.5,0.,4.5,0.;                                      0000931P0000498
124,1.,0.,-0.,0.,0.,-1.,-0.,1.15E+03,0.,0.,-1.,-20.;             0000933P0000499
144,937,1,0,945;                                                 0000935P0000500
120,941,943,0.,6.283185307;                                      0000937P0000501
124,1.,0.,0.,0.,0.,-1.,0.,1.05E+03,0.,0.,1.,-30.;                0000939P0000502
110,0.,0.,1.,0.,0.,0.;                                           0000941P0000503
110,4.5,0.,10.,4.5,0.,11.5;                                      0000943P0000504
142,0,937,947,957,3;                                             0000945P0000505
102,4,949,951,953,955;                                           0000947P0000506
110,0.,2.220446049E-15,0.,1.,2.553512957E-15,0.;                 0000949P0000507
110,1.,1.776356839E-15,0.,1.,6.283185307,0.;                     0000951P0000508
110,1.,6.283185307,0.,1.184237893E-15,6.283185307,0.;            0000953P0000509
110,1.972152263E-31,6.283185307,0.,-9.300982661E-16,             0000955P0000510
1.776356839E-15,0.;                                              0000955P0000511
102,4,959,961,965,967;                                           0000957P0000512
110,4.5,1.05E+03,-20.,4.5,1.05E+03,-18.5;                        0000959P0000513
100,0.,0.,0.,4.5,0.,4.5,0.;                                      0000961P0000514
124,1.,0.,0.,0.,0.,1.,0.,1.05E+03,0.,0.,1.,-18.5;                0000963P0000515
110,4.5,1.05E+03,-18.5,4.5,1.05E+03,-20.;                        0000965P0000516
100,0.,0.,0.,4.5,0.,4.5,0.;                                      0000967P0000517
124,1.,0.,-0.,0.,0.,-1.,-0.,1.05E+03,0.,0.,-1.,-20.;             0000969P0000518
144,973,1,0,981;                                                 0000971P0000519
120,977,979,0.,6.283185307;                                      0000973P0000520
124,1.,0.,0.,0.,0.,-1.,0.,650.,0.,0.,1.,-30.;                    0000975P0000521
110,0.,0.,1.,0.,0.,0.;                                           0000977P0000522
110,4.5,0.,10.,4.5,0.,11.5;                                      0000979P0000523
142,0,973,983,993,3;                                             0000981P0000524
102,4,985,987,989,991;                                           0000983P0000525
110,0.,2.220446049E-15,0.,1.,2.553512957E-15,0.;                 0000985P0000526
110,1.,1.776356839E-15,0.,1.,6.283185307,0.;                     0000987P0000527
110,1.,6.283185307,0.,1.184237893E-15,6.283185307,0.;            0000989P0000528
110,1.972152263E-31,6.283185307,0.,-9.300982661E-16,             0000991P0000529
1.776356839E-15,0.;                                              0000991P0000530
102,4,995,997,1001,1003;                                         0000993P0000531
110,4.5,650.,-20.,4.5,650.,-18.5;                                0000995P0000532
100,0.,0.,0.,4.5,0.,4.5,0.;                                      0000997P0000533
124,1.,0.,0.,0.,0.,1.,0.,650.,0.,0.,1.,-18.5;                    0000999P0000534
110,4.5,650.,-18.5,4.5,650.,-20.;                                0001001P0000535
100,0.,0.,0.,4.5,0.,4.5,0.;                                      0001003P0000536
124,1.,0.,-0.,0.,0.,-1.,-0.,650.,0.,0.,-1.,-20.;                 0001005P0000537
144,1009,1,0,1017;                                               0001007P0000538
120,1013,1015,0.,6.283185307;                                    0001009P0000539
124,1.,0.,0.,0.,0.,-1.,0.,550.,0.,0.,1.,-30.;                    0001011P0000540
110,0.,0.,1.,0.,0.,0.;                                           0001013P0000541
110,4.5,0.,10.,4.5,0.,11.5;                                      0001015P0000542
142,0,1009,1019,1029,3;                                          0001017P0000543
102,4,1021,1023,1025,1027;                                       0001019P0000544
110,0.,2.220446049E-15,0.,1.,2.553512957E-15,0.;                 0001021P0000545
110,1.,1.776356839E-15,0.,1.,6.283185307,0.;                     0001023P0000546
110,1.,6.283185307,0.,1.184237893E-15,6.283185307,0.;            0001025P0000547
110,1.972152263E-31,6.283185307,0.,-9.300982661E-16,             0001027P0000548
1.776356839E-15,0.;                                              0001027P0000549
102,4,1031,1033,1037,1039;                                       0001029P0000550
110,4.5,550.,-20.,4.5,550.,-18.5;                                0001031P0000551
100,0.,0.,0.,4.5,0.,4.5,0.;                                      0001033P0000552
124,1.,0.,0.,0.,0.,1.,0.,550.,0.,0.,1.,-18.5;                    0001035P0000553
110,4.5,550.,-18.5,4.5,550.,-20.;                                0001037P0000554
100,0.,0.,0.,4.5,0.,4.5,0.;                                      0001039P0000555
124,1.,0.,-0.,0.,0.,-1.,-0.,550.,0.,0.,-1.,-20.;                 0001041P0000556
144,1045,1,0,1053;                                               0001043P0000557
120,1049,1051,0.,6.283185307;                                    0001045P0000558
124,1.,0.,0.,0.,0.,-1.,0.,150.,0.,0.,1.,-30.;                    0001047P0000559
110,0.,0.,1.,0.,0.,0.;                                           0001049P0000560
110,4.5,0.,10.,4.5,0.,11.5;                                      0001051P0000561
142,0,1045,1055,1065,3;                                          0001053P0000562
102,4,1057,1059,1061,1063;                                       0001055P0000563
110,0.,2.220446049E-15,0.,1.,2.553512957E-15,0.;                 0001057P0000564
110,1.,1.776356839E-15,0.,1.,6.283185307,0.;                     0001059P0000565
110,1.,6.283185307,0.,1.184237893E-15,6.283185307,0.;            0001061P0000566
110,1.972152263E-31,6.283185307,0.,-9.300982661E-16,             0001063P0000567
1.776356839E-15,0.;                                              0001063P0000568
102,4,1067,1069,1073,1075;                                       0001065P0000569
110,4.5,150.,-20.,4.5,150.,-18.5;                                0001067P0000570
100,0.,0.,0.,4.5,0.,4.5,0.;                                      0001069P0000571
124,1.,0.,0.,0.,0.,1.,0.,150.,0.,0.,1.,-18.5;                    0001071P0000572
110,4.5,150.,-18.5,4.5,150.,-20.;                                0001073P0000573
100,0.,0.,0.,4.5,0.,4.5,0.;                                      0001075P0000574
124,1.,0.,-0.,0.,0.,-1.,-0.,150.,0.,0.,-1.,-20.;                 0001077P0000575
144,1081,1,0,1089;                                               0001079P0000576
120,1085,1087,0.,6.283185307;                                    0001081P0000577
124,1.,0.,0.,0.,0.,-1.,0.,50.,0.,0.,1.,-30.;                     0001083P0000578
110,0.,0.,1.,0.,0.,0.;                                           0001085P0000579
110,4.5,0.,10.,4.5,0.,11.5;                                      0001087P0000580
142,0,1081,1091,1101,3;                                          0001089P0000581
102,4,1093,1095,1097,1099;                                       0001091P0000582
110,0.,2.220446049E-15,0.,1.,2.553512957E-15,0.;                 0001093P0000583
110,1.,1.776356839E-15,0.,1.,6.283185307,0.;                     0001095P0000584
110,1.,6.283185307,0.,1.184237893E-15,6.283185307,0.;            0001097P0000585
110,1.972152263E-31,6.283185307,0.,-9.300982661E-16,             0001099P0000586
1.776356839E-15,0.;                                              0001099P0000587
102,4,1103,1105,1109,1111;                                       0001101P0000588
110,4.5,50.,-20.,4.5,50.,-18.5;                                  0001103P0000589
100,0.,0.,0.,4.5,0.,4.5,0.;                                      0001105P0000590
124,1.,0.,0.,0.,0.,1.,0.,50.,0.,0.,1.,-18.5;                     0001107P0000591
110,4.5,50.,-18.5,4.5,50.,-20.;                                  0001109P0000592
100,0.,0.,0.,4.5,0.,4.5,0.;                                      0001111P0000593
124,1.,0.,-0.,0.,0.,-1.,-0.,50.,0.,0.,-1.,-20.;                  0001113P0000594
S      1G      4D   1114P    594                                        T0000001
